{
    "type": "FeatureCollection",
    "features": [
        {
            "type": "Feature",
            "geometry": {
                "type": "Polygon",
                "coordinates": [
                    [
                        [
                            174.7757518,
                            -41.3161948,
                            0
                        ],
                        [
                            174.7757543,
                            -41.3161649,
                            0
                        ],
                        [
                            174.7757814,
                            -41.3161661,
                            0
                        ],
                        [
                            174.7757853,
                            -41.3161186,
                            0
                        ],
                        [
                            174.7756094,
                            -41.3161106,
                            0
                        ],
                        [
                            174.7756073,
                            -41.3161585,
                            0
                        ],
                        [
                            174.7756254,
                            -41.3161593,
                            0
                        ],
                        [
                            174.775623,
                            -41.316189,
                            0
                        ],
                        [
                            174.7757518,
                            -41.3161948,
                            0
                        ]
                    ]
                ]
            },
            "properties": {
                "name": "11",
                "stroke": "#000000",
                
                "stroke-width": 1
                
                
            }
        },
        {
            "type": "Feature",
            "geometry": {
                "type": "Polygon",
                "coordinates": [
                    [
                        [
                            174.7757587,
                            -41.316631,
                            0
                        ],
                        [
                            174.7757616,
                            -41.3165865,
                            0
                        ],
                        [
                            174.7757349,
                            -41.3165859,
                            0
                        ],
                        [
                            174.7757359,
                            -41.3165593,
                            0
                        ],
                        [
                            174.7756031,
                            -41.3165566,
                            0
                        ],
                        [
                            174.7756022,
                            -41.3165818,
                            0
                        ],
                        [
                            174.7755782,
                            -41.3165813,
                            0
                        ],
                        [
                            174.7755765,
                            -41.3166273,
                            0
                        ],
                        [
                            174.7757587,
                            -41.316631,
                            0
                        ]
                    ]
                ]
            },
            "properties": {
                "name": "2",
                "stroke": "#000000",
                
                "stroke-width": 1
                
                
            }
        },
        {
            "type": "Feature",
            "geometry": {
                "type": "Polygon",
                "coordinates": [
                    [
                        [
                            174.7757536,
                            -41.3167776,
                            0
                        ],
                        [
                            174.7757561,
                            -41.3167345,
                            0
                        ],
                        [
                            174.7757285,
                            -41.3167336,
                            0
                        ],
                        [
                            174.7757301,
                            -41.3167066,
                            0
                        ],
                        [
                            174.7757173,
                            -41.3167063,
                            0
                        ],
                        [
                            174.775597,
                            -41.316701,
                            0
                        ],
                        [
                            174.7755953,
                            -41.3167297,
                            0
                        ],
                        [
                            174.7755728,
                            -41.316729,
                            0
                        ],
                        [
                            174.7755705,
                            -41.3167698,
                            0
                        ],
                        [
                            174.7755742,
                            -41.3167699,
                            0
                        ],
                        [
                            174.7755741,
                            -41.3167716,
                            0
                        ],
                        [
                            174.7757511,
                            -41.3167774,
                            0
                        ],
                        [
                            174.7757536,
                            -41.3167776,
                            0
                        ]
                    ]
                ]
            },
            "properties": {
                "name": "4",
                "stroke": "#000000",
                
                "stroke-width": 1
                
                
            }
        },
        {
            "type": "Feature",
            "geometry": {
                "type": "Polygon",
                "coordinates": [
                    [
                        [
                            174.7757359,
                            -41.3165593,
                            0
                        ],
                        [
                            174.7757328,
                            -41.3165285,
                            0
                        ],
                        [
                            174.7757634,
                            -41.3165291,
                            0
                        ],
                        [
                            174.775765,
                            -41.3164812,
                            0
                        ],
                        [
                            174.7755889,
                            -41.3164773,
                            0
                        ],
                        [
                            174.7755872,
                            -41.3165248,
                            0
                        ],
                        [
                            174.7756041,
                            -41.3165252,
                            0
                        ],
                        [
                            174.7756031,
                            -41.3165566,
                            0
                        ],
                        [
                            174.7757359,
                            -41.3165593,
                            0
                        ]
                    ]
                ]
            },
            "properties": {
                "name": "1",
                "stroke": "#000000",
                
                "stroke-width": 1
                
                
            }
        },
        {
            "type": "Feature",
            "geometry": {
                "type": "Polygon",
                "coordinates": [
                    [
                        [
                            174.7757145,
                            -41.3168583,
                            0
                        ],
                        [
                            174.775717,
                            -41.316823,
                            0
                        ],
                        [
                            174.7757484,
                            -41.3168239,
                            0
                        ],
                        [
                            174.7757511,
                            -41.3167774,
                            0
                        ],
                        [
                            174.7755741,
                            -41.3167716,
                            0
                        ],
                        [
                            174.7755714,
                            -41.3168178,
                            0
                        ],
                        [
                            174.775593,
                            -41.3168185,
                            0
                        ],
                        [
                            174.7755909,
                            -41.3168541,
                            0
                        ],
                        [
                            174.7757145,
                            -41.3168583,
                            0
                        ]
                    ]
                ]
            },
            "properties": {
                "name": "5",
                "stroke": "#000000",
                
                "stroke-width": 1
                
                
            }
        },
        {
            "type": "Feature",
            "geometry": {
                "type": "Polygon",
                "coordinates": [
                    [
                        [
                            174.777421,
                            -41.318168,
                            0
                        ],
                        [
                            174.7772849,
                            -41.3181656,
                            0
                        ],
                        [
                            174.7772827,
                            -41.318235,
                            0
                        ],
                        [
                            174.7770632,
                            -41.318231,
                            0
                        ],
                        [
                            174.7770623,
                            -41.3182618,
                            0
                        ],
                        [
                            174.7770718,
                            -41.318262,
                            0
                        ],
                        [
                            174.7770698,
                            -41.3183273,
                            0
                        ],
                        [
                            174.7771302,
                            -41.3183284,
                            0
                        ],
                        [
                            174.7771298,
                            -41.3183382,
                            0
                        ],
                        [
                            174.7772752,
                            -41.3183408,
                            0
                        ],
                        [
                            174.777274,
                            -41.3183755,
                            0
                        ],
                        [
                            174.7773293,
                            -41.3183765,
                            0
                        ],
                        [
                            174.7773303,
                            -41.3183426,
                            0
                        ],
                        [
                            174.777416,
                            -41.3183441,
                            0
                        ],
                        [
                            174.7774182,
                            -41.3182778,
                            0
                        ],
                        [
                            174.777435,
                            -41.3182781,
                            0
                        ],
                        [
                            174.7774378,
                            -41.3181896,
                            0
                        ],
                        [
                            174.7774203,
                            -41.3181892,
                            0
                        ],
                        [
                            174.777421,
                            -41.318168,
                            0
                        ]
                    ]
                ]
            },
            "properties": {
                "name": "Kitchen",
                "stroke": "#000000",
                
                "stroke-width": 1
                
                
            }
        },
        {
            "type": "Feature",
            "geometry": {
                "type": "Polygon",
                "coordinates": [
                    [
                        [
                            174.7755583,
                            -41.3173616,
                            0
                        ],
                        [
                            174.7755578,
                            -41.317376,
                            0
                        ],
                        [
                            174.7755446,
                            -41.3173758,
                            0
                        ],
                        [
                            174.775544,
                            -41.3173981,
                            0
                        ],
                        [
                            174.7755563,
                            -41.3173983,
                            0
                        ],
                        [
                            174.775556,
                            -41.317412,
                            0
                        ],
                        [
                            174.7755791,
                            -41.3174124,
                            0
                        ],
                        [
                            174.7755781,
                            -41.317447,
                            0
                        ],
                        [
                            174.7757035,
                            -41.3174489,
                            0
                        ],
                        [
                            174.7757044,
                            -41.3174154,
                            0
                        ],
                        [
                            174.7757353,
                            -41.3174159,
                            0
                        ],
                        [
                            174.7757367,
                            -41.3173643,
                            0
                        ],
                        [
                            174.7755583,
                            -41.3173616,
                            0
                        ]
                    ]
                ]
            },
            "properties": {
                "name": "21",
                "stroke": "#000000",
                
                "stroke-width": 1
                
                
            }
        },
        {
            "type": "Feature",
            "geometry": {
                "type": "Polygon",
                "coordinates": [
                    [
                        [
                            174.7757806,
                            -41.3162631,
                            0
                        ],
                        [
                            174.7757806,
                            -41.3162211,
                            0
                        ],
                        [
                            174.7757535,
                            -41.3162202,
                            0
                        ],
                        [
                            174.7757551,
                            -41.3161962,
                            0
                        ],
                        [
                            174.7756222,
                            -41.3161913,
                            0
                        ],
                        [
                            174.7756207,
                            -41.3162149,
                            0
                        ],
                        [
                            174.7755981,
                            -41.3162141,
                            0
                        ],
                        [
                            174.7755954,
                            -41.3162563,
                            0
                        ],
                        [
                            174.7757806,
                            -41.3162631,
                            0
                        ]
                    ]
                ]
            },
            "properties": {
                "name": "12",
                "stroke": "#000000",
                
                "stroke-width": 1
                
                
            }
        },
        {
            "type": "Feature",
            "geometry": {
                "type": "Polygon",
                "coordinates": [
                    [
                        [
                            174.7757173,
                            -41.3167063,
                            0
                        ],
                        [
                            174.7757208,
                            -41.3166772,
                            0
                        ],
                        [
                            174.7757486,
                            -41.316678,
                            0
                        ],
                        [
                            174.775751,
                            -41.3166364,
                            0
                        ],
                        [
                            174.7755667,
                            -41.3166307,
                            0
                        ],
                        [
                            174.7755644,
                            -41.3166727,
                            0
                        ],
                        [
                            174.7755849,
                            -41.3166733,
                            0
                        ],
                        [
                            174.7755834,
                            -41.3167006,
                            0
                        ],
                        [
                            174.775597,
                            -41.316701,
                            0
                        ],
                        [
                            174.7757173,
                            -41.3167063,
                            0
                        ]
                    ]
                ]
            },
            "properties": {
                "name": "3",
                "stroke": "#000000",
                
                "stroke-width": 1
                
                
            }
        },
        {
            "type": "Feature",
            "geometry": {
                "type": "Polygon",
                "coordinates": [
                    [
                        [
                            174.7757348,
                            -41.3164133,
                            0
                        ],
                        [
                            174.7757365,
                            -41.3163874,
                            0
                        ],
                        [
                            174.7757618,
                            -41.3163884,
                            0
                        ],
                        [
                            174.7757646,
                            -41.3163463,
                            0
                        ],
                        [
                            174.7755811,
                            -41.3163394,
                            0
                        ],
                        [
                            174.7755778,
                            -41.316381,
                            0
                        ],
                        [
                            174.7756001,
                            -41.3163818,
                            0
                        ],
                        [
                            174.7755985,
                            -41.3164083,
                            0
                        ],
                        [
                            174.7757348,
                            -41.3164133,
                            0
                        ]
                    ]
                ]
            },
            "properties": {
                "name": "14",
                "stroke": "#000000",
                
                "stroke-width": 1
                
                
            }
        },
        {
            "type": "Feature",
            "geometry": {
                "type": "Polygon",
                "coordinates": [
                    [
                        [
                            174.7757401,
                            -41.3163431,
                            0
                        ],
                        [
                            174.7757424,
                            -41.3163128,
                            0
                        ],
                        [
                            174.7757707,
                            -41.3163141,
                            0
                        ],
                        [
                            174.7757744,
                            -41.3162665,
                            0
                        ],
                        [
                            174.775599,
                            -41.3162586,
                            0
                        ],
                        [
                            174.7755969,
                            -41.3163062,
                            0
                        ],
                        [
                            174.7756161,
                            -41.3163071,
                            0
                        ],
                        [
                            174.7756136,
                            -41.3163376,
                            0
                        ],
                        [
                            174.7757401,
                            -41.3163431,
                            0
                        ]
                    ]
                ]
            },
            "properties": {
                "name": "13",
                "stroke": "#000000",
                
                "stroke-width": 1
                
                
            }
        },
        {
            "type": "Feature",
            "geometry": {
                "type": "Polygon",
                "coordinates": [
                    [
                        [
                            174.776177513877,
                            -41.3173079130067,
                            0
                        ],
                        [
                            174.776105813877,
                            -41.3173048130061,
                            0
                        ],
                        [
                            174.776104413877,
                            -41.3173233130099,
                            0
                        ],
                        [
                            174.776060313877,
                            -41.3173213130095,
                            0
                        ],
                        [
                            174.776058713877,
                            -41.3173424130139,
                            0
                        ],
                        [
                            174.776017813877,
                            -41.3173406130135,
                            0
                        ],
                        [
                            174.77601911075,
                            -41.3174226643331,
                            0
                        ],
                        [
                            174.776049613877,
                            -41.3174241130307,
                            0
                        ],
                        [
                            174.776048713877,
                            -41.317434913033,
                            0
                        ],
                        [
                            174.776130113877,
                            -41.3174385130337,
                            0
                        ],
                        [
                            174.776131413877,
                            -41.3174209130301,
                            0
                        ],
                        [
                            174.776168813877,
                            -41.3174225130304,
                            0
                        ],
                        [
                            174.776177513877,
                            -41.3173079130067,
                            0
                        ]
                    ]
                ]
            },
            "properties": {
                "name": "35",
                "stroke": "#000000",
                
                "stroke-width": 1
                
                
            }
        },
        {
            "type": "Feature",
            "geometry": {
                "type": "Polygon",
                "coordinates": [
                    [
                        [
                            174.7758447,
                            -41.3174547,
                            0
                        ],
                        [
                            174.7758916,
                            -41.3174556,
                            0
                        ],
                        [
                            174.7758912,
                            -41.317464,
                            0
                        ],
                        [
                            174.7759653,
                            -41.3174654,
                            0
                        ],
                        [
                            174.775966,
                            -41.3174433,
                            0
                        ],
                        [
                            174.7760053,
                            -41.317444,
                            0
                        ],
                        [
                            174.7760053,
                            -41.3173718512195,
                            0
                        ],
                        [
                            174.7759668,
                            -41.3173711,
                            0
                        ],
                        [
                            174.7759674,
                            -41.3173552,
                            0
                        ],
                        [
                            174.7758482,
                            -41.3173528,
                            0
                        ],
                        [
                            174.7758447,
                            -41.3174547,
                            0
                        ]
                    ]
                ]
            },
            "properties": {
                "name": "36",
                "stroke": "#000000",
                
                "stroke-width": 1
                
                
            }
        },
        {
            "type": "Feature",
            "geometry": {
                "type": "Polygon",
                "coordinates": [
                    [
                        [
                            174.7779258,
                            -41.3165627,
                            0
                        ],
                        [
                            174.7777358,
                            -41.3165574,
                            0
                        ],
                        [
                            174.7777294,
                            -41.3166881,
                            0
                        ],
                        [
                            174.7774734,
                            -41.316681,
                            0
                        ],
                        [
                            174.7774665,
                            -41.3168215,
                            0
                        ],
                        [
                            174.7776984,
                            -41.316828,
                            0
                        ],
                        [
                            174.7776977,
                            -41.3168417,
                            0
                        ],
                        [
                            174.7777777,
                            -41.3168439,
                            0
                        ],
                        [
                            174.7777783,
                            -41.3168307,
                            0
                        ],
                        [
                            174.7779119,
                            -41.3168344,
                            0
                        ],
                        [
                            174.7779152,
                            -41.3167679,
                            0
                        ],
                        [
                            174.777913,
                            -41.3167679,
                            0
                        ],
                        [
                            174.7779198,
                            -41.3166294,
                            0
                        ],
                        [
                            174.7779225,
                            -41.3166295,
                            0
                        ],
                        [
                            174.7779258,
                            -41.3165627,
                            0
                        ]
                    ]
                ]
            },
            "properties": {
                "name": "Childcare",
                "stroke": "#000000",
                
                "stroke-width": 1
                
                
            }
        },
        {
            "type": "Feature",
            "geometry": {
                "type": "Polygon",
                "coordinates": [
                    [
                        [
                            174.7772045,
                            -41.3165619,
                            0
                        ],
                        [
                            174.7770203,
                            -41.3165558,
                            0
                        ],
                        [
                            174.7770073,
                            -41.3168184,
                            0
                        ],
                        [
                            174.7770887,
                            -41.3168202,
                            0
                        ],
                        [
                            174.7770879,
                            -41.3168104,
                            0
                        ],
                        [
                            174.7771939,
                            -41.3168123,
                            0
                        ],
                        [
                            174.7772045,
                            -41.3165619,
                            0
                        ]
                    ]
                ]
            },
            "properties": {
                "name": "Childcare II",
                "stroke": "#000000",
                
                "stroke-width": 1
                
                
            }
        },
        {
            "type": "Feature",
            "geometry": {
                "type": "Polygon",
                "coordinates": [
                    [
                        [
                            174.776836653912,
                            -41.3170659197239,
                            0
                        ],
                        [
                            174.7768399,
                            -41.3169771,
                            0
                        ],
                        [
                            174.7768632,
                            -41.3169776,
                            0
                        ],
                        [
                            174.7768667,
                            -41.3168865,
                            0
                        ],
                        [
                            174.7768423,
                            -41.3168859,
                            0
                        ],
                        [
                            174.7768467,
                            -41.3167753,
                            0
                        ],
                        [
                            174.7768736,
                            -41.3167759,
                            0
                        ],
                        [
                            174.7768772,
                            -41.3166855,
                            0
                        ],
                        [
                            174.776858,
                            -41.3166851,
                            0
                        ],
                        [
                            174.776865,
                            -41.3165175,
                            0
                        ],
                        [
                            174.776654,
                            -41.3165125,
                            0
                        ],
                        [
                            174.7766468,
                            -41.3166838,
                            0
                        ],
                        [
                            174.7766312,
                            -41.3166835,
                            0
                        ],
                        [
                            174.7766278,
                            -41.3167686,
                            0
                        ],
                        [
                            174.7766491,
                            -41.3167691,
                            0
                        ],
                        [
                            174.7766444,
                            -41.3168912,
                            0
                        ],
                        [
                            174.776619,
                            -41.3168906,
                            0
                        ],
                        [
                            174.776616,
                            -41.3169682,
                            0
                        ],
                        [
                            174.776638,
                            -41.3169686,
                            0
                        ],
                        [
                            174.776633469786,
                            -41.3170916708615,
                            0
                        ],
                        [
                            174.776705980696,
                            -41.3170916708615,
                            0
                        ],
                        [
                            174.77670526529,
                            -41.3171131505001,
                            0
                        ],
                        [
                            174.776758204991,
                            -41.317113687494,
                            0
                        ],
                        [
                            174.776764643606,
                            -41.3170701912092,
                            0
                        ],
                        [
                            174.776836653912,
                            -41.3170659197239,
                            0
                        ]
                    ]
                ]
            },
            "properties": {
                "name": "Block E",
                "stroke": "#000000",
                
                "stroke-width": 1
                
                
            }
        },
        {
            "type": "Feature",
            "geometry": {
                "type": "Polygon",
                "coordinates": [
                    [
                        [
                            174.7762286,
                            -41.3170906,
                            0
                        ],
                        [
                            174.7761491,
                            -41.317088,
                            0
                        ],
                        [
                            174.7761465,
                            -41.3171328,
                            0
                        ],
                        [
                            174.7761123,
                            -41.3171317,
                            0
                        ],
                        [
                            174.7761099,
                            -41.3171726,
                            0
                        ],
                        [
                            174.7761066,
                            -41.3172302,
                            0
                        ],
                        [
                            174.7762203,
                            -41.3172339,
                            0
                        ],
                        [
                            174.7762286,
                            -41.3170906,
                            0
                        ]
                    ]
                ]
            },
            "properties": {
                "name": "36",
                "stroke": "#000000",
                
                "stroke-width": 1
                
                
            }
        },
        {
            "type": "Feature",
            "geometry": {
                "type": "Polygon",
                "coordinates": [
                    [
                        [
                            174.7760996,
                            -41.3171715,
                            0
                        ],
                        [
                            174.7761085,
                            -41.3170259,
                            0
                        ],
                        [
                            174.7759736,
                            -41.3170213,
                            0
                        ],
                        [
                            174.7759647,
                            -41.3171668,
                            0
                        ],
                        [
                            174.7759991,
                            -41.317168,
                            0
                        ],
                        [
                            174.776064,
                            -41.3171703,
                            0
                        ],
                        [
                            174.7760996,
                            -41.3171715,
                            0
                        ]
                    ]
                ]
            },
            "properties": {
                "name": "37",
                "stroke": "#000000",
                
                "stroke-width": 1
                
                
            }
        },
        {
            "type": "Feature",
            "geometry": {
                "type": "Polygon",
                "coordinates": [
                    [
                        [
                            174.7761788,
                            -41.3178733,
                            0
                        ],
                        [
                            174.7761583,
                            -41.3178731,
                            0
                        ],
                        [
                            174.7761589,
                            -41.3178442000064,
                            0
                        ],
                        [
                            174.77606765,
                            -41.3178445000057,
                            0
                        ],
                        [
                            174.776067,
                            -41.3178718,
                            0
                        ],
                        [
                            174.7760329,
                            -41.3178713,
                            0
                        ],
                        [
                            174.7760318,
                            -41.3179199,
                            0
                        ],
                        [
                            174.7760438,
                            -41.31792,
                            0
                        ],
                        [
                            174.7760427,
                            -41.3179619,
                            0
                        ],
                        [
                            174.7761766,
                            -41.3179637,
                            0
                        ],
                        [
                            174.7761788,
                            -41.3178733,
                            0
                        ]
                    ]
                ]
            },
            "properties": {
                "stroke": "#000000",
                
                "stroke-width": 1
                
                
            }
        },
        {
            "type": "Feature",
            "geometry": {
                "type": "Polygon",
                "coordinates": [
                    [
                        [
                            174.7761852,
                            -41.317729,
                            0
                        ],
                        [
                            174.7760504,
                            -41.3177272,
                            0
                        ],
                        [
                            174.7760495,
                            -41.3177641,
                            0
                        ],
                        [
                            174.7760359,
                            -41.317764,
                            0
                        ],
                        [
                            174.7760347,
                            -41.3178168,
                            0
                        ],
                        [
                            174.7760683,
                            -41.3178172,
                            0
                        ],
                        [
                            174.77606765,
                            -41.3178445000057,
                            0
                        ],
                        [
                            174.7761589,
                            -41.3178442000064,
                            0
                        ],
                        [
                            174.7761595,
                            -41.3178153,
                            0
                        ],
                        [
                            174.7761832,
                            -41.3178157,
                            0
                        ],
                        [
                            174.7761852,
                            -41.317729,
                            0
                        ]
                    ]
                ]
            },
            "properties": {
                "name": "32",
                "stroke": "#000000",
                
                "stroke-width": 1
                
                
            }
        },
        {
            "type": "Feature",
            "geometry": {
                "type": "Polygon",
                "coordinates": [
                    [
                        [
                            174.7761878,
                            -41.3176295,
                            0
                        ],
                        [
                            174.7761698,
                            -41.3176296,
                            0
                        ],
                        [
                            174.77616995,
                            -41.3176013500061,
                            0
                        ],
                        [
                            174.7760755,
                            -41.3175980000054,
                            0
                        ],
                        [
                            174.7760754,
                            -41.3176245,
                            0
                        ],
                        [
                            174.7760478,
                            -41.3176244,
                            0
                        ],
                        [
                            174.7760475,
                            -41.3176834,
                            0
                        ],
                        [
                            174.7760554,
                            -41.3176833,
                            0
                        ],
                        [
                            174.7760553,
                            -41.3177174,
                            0
                        ],
                        [
                            174.7761874,
                            -41.3177178,
                            0
                        ],
                        [
                            174.7761878,
                            -41.3176295,
                            0
                        ]
                    ]
                ]
            },
            "properties": {
                "name": "33",
                "stroke": "#000000",
                
                "stroke-width": 1
                
                
            }
        },
        {
            "type": "Feature",
            "geometry": {
                "type": "Polygon",
                "coordinates": [
                    [
                        [
                            174.7761932,
                            -41.3174843,
                            0
                        ],
                        [
                            174.7760664,
                            -41.3174839,
                            0
                        ],
                        [
                            174.7760662,
                            -41.3175116,
                            0
                        ],
                        [
                            174.776048,
                            -41.3175115,
                            0
                        ],
                        [
                            174.7760475,
                            -41.3175714,
                            0
                        ],
                        [
                            174.7760756,
                            -41.3175715,
                            0
                        ],
                        [
                            174.7760755,
                            -41.3175980000054,
                            0
                        ],
                        [
                            174.77616995,
                            -41.3176013500061,
                            0
                        ],
                        [
                            174.7761701,
                            -41.3175731,
                            0
                        ],
                        [
                            174.7761927,
                            -41.3175732,
                            0
                        ],
                        [
                            174.7761932,
                            -41.3174843,
                            0
                        ]
                    ]
                ]
            },
            "properties": {
                "name": "34",
                "stroke": "#000000",
                
                "stroke-width": 1
                
                
            }
        },
        {
            "type": "Feature",
            "geometry": {
                "type": "Polygon",
                "coordinates": [
                    [
                        [
                            174.7759471,
                            -41.3177962,
                            0
                        ],
                        [
                            174.775901410456,
                            -41.317795,
                            0
                        ],
                        [
                            174.7757767,
                            -41.317795,
                            0
                        ],
                        [
                            174.7757625,
                            -41.3177947,
                            0
                        ],
                        [
                            174.7757607,
                            -41.3178497,
                            0
                        ],
                        [
                            174.7757837,
                            -41.3178502,
                            0
                        ],
                        [
                            174.77578285,
                            -41.317875600005,
                            0
                        ],
                        [
                            174.7759444,
                            -41.3178772500504,
                            0
                        ],
                        [
                            174.7759471,
                            -41.3177962,
                            0
                        ]
                    ]
                ]
            },
            "properties": {
                "name": "29",
                "stroke": "#000000",
                
                "stroke-width": 1
                
                
            }
        },
        {
            "type": "Feature",
            "geometry": {
                "type": "Polygon",
                "coordinates": [
                    [
                        [
                            174.7759444,
                            -41.3178772500504,
                            0
                        ],
                        [
                            174.77578285,
                            -41.317875600005,
                            0
                        ],
                        [
                            174.775782,
                            -41.317901,
                            0
                        ],
                        [
                            174.775762,
                            -41.3179006,
                            0
                        ],
                        [
                            174.7757617,
                            -41.3179128,
                            0
                        ],
                        [
                            174.7757495,
                            -41.3179126,
                            0
                        ],
                        [
                            174.7757484,
                            -41.3179427,
                            0
                        ],
                        [
                            174.7757613,
                            -41.317943,
                            0
                        ],
                        [
                            174.7757608,
                            -41.3179548,
                            0
                        ],
                        [
                            174.7759417,
                            -41.3179583,
                            0
                        ],
                        [
                            174.7759444,
                            -41.3178772500504,
                            0
                        ]
                    ]
                ]
            },
            "properties": {
                "name": "30",
                "stroke": "#000000",
                
                "stroke-width": 1
                
                
            }
        },
        {
            "type": "Feature",
            "geometry": {
                "type": "Polygon",
                "coordinates": [
                    [
                        [
                            174.7756803,
                            -41.317465,
                            0
                        ],
                        [
                            174.7755619,
                            -41.3174615,
                            0
                        ],
                        [
                            174.7755601,
                            -41.3174961,
                            0
                        ],
                        [
                            174.7755428,
                            -41.3174955,
                            0
                        ],
                        [
                            174.775539836696,
                            -41.317550751275,
                            0
                        ],
                        [
                            174.7756428,
                            -41.3175539,
                            0
                        ],
                        [
                            174.7756755,
                            -41.3175549,
                            0
                        ],
                        [
                            174.7756803,
                            -41.317465,
                            0
                        ]
                    ]
                ]
            },
            "properties": {
                "name": "22",
                "stroke": "#000000",
                
                "stroke-width": 1
                
                
            }
        },
        {
            "type": "Feature",
            "geometry": {
                "type": "Polygon",
                "coordinates": [
                    [
                        [
                            174.7756796,
                            -41.3175782,
                            0
                        ],
                        [
                            174.7756415,
                            -41.3175769,
                            0
                        ],
                        [
                            174.7756428,
                            -41.3175539,
                            0
                        ],
                        [
                            174.775539836696,
                            -41.317550751275,
                            0
                        ],
                        [
                            174.7755397,
                            -41.3175533,
                            0
                        ],
                        [
                            174.775545,
                            -41.3175535,
                            0
                        ],
                        [
                            174.7755441,
                            -41.3175688,
                            0
                        ],
                        [
                            174.7755333,
                            -41.3175685,
                            0
                        ],
                        [
                            174.7755314,
                            -41.3176062,
                            0
                        ],
                        [
                            174.7755152,
                            -41.3176057,
                            0
                        ],
                        [
                            174.7755121,
                            -41.3176614,
                            0
                        ],
                        [
                            174.7756611,
                            -41.3176658,
                            0
                        ],
                        [
                            174.7756627,
                            -41.3176359,
                            0
                        ],
                        [
                            174.7756765,
                            -41.3176363,
                            0
                        ],
                        [
                            174.7756796,
                            -41.3175782,
                            0
                        ]
                    ]
                ]
            },
            "properties": {
                "name": "23",
                "stroke": "#000000",
                
                "stroke-width": 1
                
                
            }
        },
        {
            "type": "Feature",
            "geometry": {
                "type": "Polygon",
                "coordinates": [
                    [
                        [
                            174.7756733,
                            -41.3177186,
                            0
                        ],
                        [
                            174.7756582,
                            -41.3177184,
                            0
                        ],
                        [
                            174.7756588,
                            -41.3176829,
                            0
                        ],
                        [
                            174.7755151,
                            -41.3176816,
                            0
                        ],
                        [
                            174.7755143,
                            -41.3177312,
                            0
                        ],
                        [
                            174.7755226,
                            -41.3177314,
                            0
                        ],
                        [
                            174.7755219,
                            -41.3177708,
                            0
                        ],
                        [
                            174.7755387,
                            -41.3177711,
                            0
                        ],
                        [
                            174.77553825,
                            -41.317799100006,
                            0
                        ],
                        [
                            174.7756306138,
                            -41.317799100006,
                            0
                        ],
                        [
                            174.775631,
                            -41.3177764,
                            0
                        ],
                        [
                            174.7756724,
                            -41.3177768,
                            0
                        ],
                        [
                            174.7756733,
                            -41.3177186,
                            0
                        ]
                    ]
                ]
            },
            "properties": {
                "name": "24",
                "stroke": "#000000",
                
                "stroke-width": 1
                
                
            }
        },
        {
            "type": "Feature",
            "geometry": {
                "type": "Polygon",
                "coordinates": [
                    [
                        [
                            174.7756633,
                            -41.3178296,
                            0
                        ],
                        [
                            174.7756301,
                            -41.3178293,
                            0
                        ],
                        [
                            174.7756306138,
                            -41.317799100006,
                            0
                        ],
                        [
                            174.77553825,
                            -41.317799100006,
                            0
                        ],
                        [
                            174.7755378,
                            -41.3178271,
                            0
                        ],
                        [
                            174.7755174,
                            -41.3178268,
                            0
                        ],
                        [
                            174.7755167,
                            -41.3178791,
                            0
                        ],
                        [
                            174.775509,
                            -41.317879,
                            0
                        ],
                        [
                            174.7755084,
                            -41.3179184,
                            0
                        ],
                        [
                            174.7756473,
                            -41.3179197,
                            0
                        ],
                        [
                            174.7756477,
                            -41.3178941,
                            0
                        ],
                        [
                            174.7756623,
                            -41.3178942,
                            0
                        ],
                        [
                            174.7756633,
                            -41.3178296,
                            0
                        ]
                    ]
                ]
            },
            "properties": {
                "name": "25",
                "stroke": "#000000",
                
                "stroke-width": 1
                
                
            }
        },
        {
            "type": "Feature",
            "geometry": {
                "type": "Polygon",
                "coordinates": [
                    [
                        [
                            174.7757693,
                            -41.3168602,
                            0
                        ],
                        [
                            174.7757145,
                            -41.3168583,
                            0
                        ],
                        [
                            174.7755909,
                            -41.3168541,
                            0
                        ],
                        [
                            174.7755844,
                            -41.3168538,
                            0
                        ],
                        [
                            174.7755821,
                            -41.3168942,
                            0
                        ],
                        [
                            174.7756057,
                            -41.316895,
                            0
                        ],
                        [
                            174.775604,
                            -41.3169235500063,
                            0
                        ],
                        [
                            174.775738,
                            -41.3169274,
                            0
                        ],
                        [
                            174.7757396,
                            -41.3169014,
                            0
                        ],
                        [
                            174.7757668,
                            -41.3169024,
                            0
                        ],
                        [
                            174.775767,
                            -41.3168997,
                            0
                        ],
                        [
                            174.7757693,
                            -41.3168602,
                            0
                        ]
                    ]
                ]
            },
            "properties": {
                "name": "6",
                "stroke": "#000000",
                
                "stroke-width": 1
                
                
            }
        },
        {
            "type": "Feature",
            "geometry": {
                "type": "Polygon",
                "coordinates": [
                    [
                        [
                            174.7757645,
                            -41.3169568,
                            0
                        ],
                        [
                            174.7757363,
                            -41.3169558,
                            0
                        ],
                        [
                            174.775738,
                            -41.3169274,
                            0
                        ],
                        [
                            174.775604,
                            -41.3169235500063,
                            0
                        ],
                        [
                            174.7756023,
                            -41.3169521,
                            0
                        ],
                        [
                            174.7755782,
                            -41.3169513,
                            0
                        ],
                        [
                            174.7755758,
                            -41.3169916,
                            0
                        ],
                        [
                            174.7755813,
                            -41.3169919,
                            0
                        ],
                        [
                            174.775581,
                            -41.3169976,
                            0
                        ],
                        [
                            174.7755993,
                            -41.3169983,
                            0
                        ],
                        [
                            174.7757359,
                            -41.3170027,
                            0
                        ],
                        [
                            174.7757617,
                            -41.3170036,
                            0
                        ],
                        [
                            174.7757645,
                            -41.3169568,
                            0
                        ]
                    ]
                ]
            },
            "properties": {
                "name": "7",
                "stroke": "#000000",
                
                "stroke-width": 1
                
                
            }
        },
        {
            "type": "Feature",
            "geometry": {
                "type": "Polygon",
                "coordinates": [
                    [
                        [
                            174.7757616,
                            -41.3170313,
                            0
                        ],
                        [
                            174.7757342,
                            -41.3170304,
                            0
                        ],
                        [
                            174.7757359,
                            -41.3170027,
                            0
                        ],
                        [
                            174.7755993,
                            -41.3169983,
                            0
                        ],
                        [
                            174.7755976,
                            -41.3170264,
                            0
                        ],
                        [
                            174.775577,
                            -41.3170256,
                            0
                        ],
                        [
                            174.7755745,
                            -41.317066,
                            0
                        ],
                        [
                            174.7755785,
                            -41.3170661,
                            0
                        ],
                        [
                            174.7755781,
                            -41.3170714,
                            0
                        ],
                        [
                            174.7755871,
                            -41.3170718,
                            0
                        ],
                        [
                            174.775758897433,
                            -41.3170773337324,
                            0
                        ],
                        [
                            174.7757616,
                            -41.3170313,
                            0
                        ]
                    ]
                ]
            },
            "properties": {
                "name": "8",
                "stroke": "#000000",
                
                "stroke-width": 1
                
                
            }
        },
        {
            "type": "Feature",
            "geometry": {
                "type": "Polygon",
                "coordinates": [
                    [
                        [
                            174.7757709,
                            -41.3170828,
                            0
                        ],
                        [
                            174.7757586,
                            -41.3170824,
                            0
                        ],
                        [
                            174.775758897433,
                            -41.3170773337324,
                            0
                        ],
                        [
                            174.7755871,
                            -41.3170718,
                            0
                        ],
                        [
                            174.7755842,
                            -41.3171182,
                            0
                        ],
                        [
                            174.775607,
                            -41.317119,
                            0
                        ],
                        [
                            174.775605297244,
                            -41.3171462914014,
                            0
                        ],
                        [
                            174.7757309,
                            -41.3171503,
                            0
                        ],
                        [
                            174.7757403,
                            -41.3171506,
                            0
                        ],
                        [
                            174.7757416,
                            -41.3171233,
                            0
                        ],
                        [
                            174.7757685,
                            -41.3171243,
                            0
                        ],
                        [
                            174.7757709,
                            -41.3170828,
                            0
                        ]
                    ]
                ]
            },
            "properties": {
                "name": "9",
                "stroke": "#000000",
                
                "stroke-width": 1
                
                
            }
        },
        {
            "type": "Feature",
            "geometry": {
                "type": "Polygon",
                "coordinates": [
                    [
                        [
                            174.7757592,
                            -41.3171811,
                            0
                        ],
                        [
                            174.7757293,
                            -41.3171802,
                            0
                        ],
                        [
                            174.7757309,
                            -41.3171503,
                            0
                        ],
                        [
                            174.775605297244,
                            -41.3171462914014,
                            0
                        ],
                        [
                            174.7756034,
                            -41.3171767,
                            0
                        ],
                        [
                            174.7755854,
                            -41.3171761,
                            0
                        ],
                        [
                            174.7755847,
                            -41.3171866,
                            0
                        ],
                        [
                            174.7755818,
                            -41.3171865,
                            0
                        ],
                        [
                            174.7755796,
                            -41.3172232,
                            0
                        ],
                        [
                            174.7757574,
                            -41.3172295,
                            0
                        ],
                        [
                            174.7757592,
                            -41.3171811,
                            0
                        ]
                    ]
                ]
            },
            "properties": {
                "name": "10",
                "stroke": "#000000",
                
                "stroke-width": 1
                
                
            }
        },
        {
            "type": "Feature",
            "geometry": {
                "type": "Polygon",
                "coordinates": [
                    [
                        [
                            174.7765058,
                            -41.31734,
                            0
                        ],
                        [
                            174.7763087,
                            -41.3173311,
                            0
                        ],
                        [
                            174.7762983,
                            -41.3174606,
                            0
                        ],
                        [
                            174.7763926,
                            -41.3174649,
                            0
                        ],
                        [
                            174.7763912,
                            -41.3174831,
                            0
                        ],
                        [
                            174.7764939,
                            -41.3174877,
                            0
                        ],
                        [
                            174.7765058,
                            -41.31734,
                            0
                        ]
                    ]
                ]
            },
            "properties": {
                "name": "Pool",
                "stroke": "#000000",
                
                "stroke-width": 1
                
                
            }
        },
        {
            "type": "Feature",
            "geometry": {
                "type": "Polygon",
                "coordinates": [
                    [
                        [
                            174.7771101,
                            -41.3173925,
                            0
                        ],
                        [
                            174.7770711,
                            -41.3173918,
                            0
                        ],
                        [
                            174.7770718,
                            -41.3173679,
                            0
                        ],
                        [
                            174.777104,
                            -41.3173437,
                            0
                        ],
                        [
                            174.7771049,
                            -41.3173318,
                            0
                        ],
                        [
                            174.7770319,
                            -41.3173288,
                            0
                        ],
                        [
                            174.7770289,
                            -41.3173699,
                            0
                        ],
                        [
                            174.7770021,
                            -41.317387,
                            0
                        ],
                        [
                            174.7770048,
                            -41.3174495,
                            0
                        ],
                        [
                            174.7770208,
                            -41.3174616,
                            0
                        ],
                        [
                            174.7770196,
                            -41.3175073,
                            0
                        ],
                        [
                            174.7770915,
                            -41.3175083,
                            0
                        ],
                        [
                            174.7770919,
                            -41.3174908,
                            0
                        ],
                        [
                            174.7770651,
                            -41.3174777,
                            0
                        ],
                        [
                            174.7770658,
                            -41.3174539,
                            0
                        ],
                        [
                            174.7771082,
                            -41.3174546,
                            0
                        ],
                        [
                            174.7771101,
                            -41.3173925,
                            0
                        ]
                    ]
                ]
            },
            "properties": {
                "name": "Foyer",
                "stroke": "#000000",
                
                "stroke-width": 1
                
                
            }
        },
        {
            "type": "Feature",
            "geometry": {
                "type": "Polygon",
                "coordinates": [
                    [
                        [
                            174.7771278,
                            -41.3171802,
                            0
                        ],
                        [
                            174.7769167,
                            -41.3171744,
                            0
                        ],
                        [
                            174.7769175,
                            -41.3171569,
                            0
                        ],
                        [
                            174.7767962,
                            -41.3171535,
                            0
                        ],
                        [
                            174.7767952,
                            -41.3171717,
                            0
                        ],
                        [
                            174.7766479,
                            -41.3171675,
                            0
                        ],
                        [
                            174.776649,
                            -41.3171473,
                            0
                        ],
                        [
                            174.7765287,
                            -41.3171437,
                            0
                        ],
                        [
                            174.7765279,
                            -41.3171581,
                            0
                        ],
                        [
                            174.7763049,
                            -41.3171513,
                            0
                        ],
                        [
                            174.7762964,
                            -41.3173098,
                            0
                        ],
                        [
                            174.7765244,
                            -41.3173168,
                            0
                        ],
                        [
                            174.7765238,
                            -41.3173284,
                            0
                        ],
                        [
                            174.7766371,
                            -41.3173318,
                            0
                        ],
                        [
                            174.7766379,
                            -41.3173158,
                            0
                        ],
                        [
                            174.7768004,
                            -41.3173205,
                            0
                        ],
                        [
                            174.7767995,
                            -41.3173395,
                            0
                        ],
                        [
                            174.7769027,
                            -41.3173424,
                            0
                        ],
                        [
                            174.7769035,
                            -41.317326,
                            0
                        ],
                        [
                            174.7770319,
                            -41.3173288,
                            0
                        ],
                        [
                            174.7771049,
                            -41.3173318,
                            0
                        ],
                        [
                            174.7771205,
                            -41.3173319,
                            0
                        ],
                        [
                            174.7771278,
                            -41.3171802,
                            0
                        ]
                    ]
                ]
            },
            "properties": {
                "name": "Block D",
                "stroke": "#000000",
                
                "stroke-width": 1
                
                
            }
        },
        {
            "type": "Feature",
            "geometry": {
                "type": "Polygon",
                "coordinates": [
                    [
                        [
                            174.7771118,
                            -41.317511,
                            0
                        ],
                        [
                            174.7770915,
                            -41.3175083,
                            0
                        ],
                        [
                            174.7770196,
                            -41.3175073,
                            0
                        ],
                        [
                            174.7769006,
                            -41.3175052,
                            0
                        ],
                        [
                            174.7769014,
                            -41.3174877,
                            0
                        ],
                        [
                            174.7767801,
                            -41.3174843,
                            0
                        ],
                        [
                            174.7767792,
                            -41.3175025,
                            0
                        ],
                        [
                            174.7766319,
                            -41.3174983,
                            0
                        ],
                        [
                            174.7766329,
                            -41.3174781,
                            0
                        ],
                        [
                            174.7765126,
                            -41.3174745,
                            0
                        ],
                        [
                            174.7765119,
                            -41.317489,
                            0
                        ],
                        [
                            174.7764939,
                            -41.3174877,
                            0
                        ],
                        [
                            174.7763912,
                            -41.3174831,
                            0
                        ],
                        [
                            174.7762889,
                            -41.3174822,
                            0
                        ],
                        [
                            174.7762803,
                            -41.3176407,
                            0
                        ],
                        [
                            174.7765083,
                            -41.3176476,
                            0
                        ],
                        [
                            174.7765077,
                            -41.3176593,
                            0
                        ],
                        [
                            174.776621,
                            -41.3176626,
                            0
                        ],
                        [
                            174.7766219,
                            -41.3176466,
                            0
                        ],
                        [
                            174.7767843,
                            -41.3176513,
                            0
                        ],
                        [
                            174.7767834,
                            -41.3176704,
                            0
                        ],
                        [
                            174.7768866,
                            -41.3176733,
                            0
                        ],
                        [
                            174.7768874,
                            -41.3176568,
                            0
                        ],
                        [
                            174.7771044,
                            -41.3176627,
                            0
                        ],
                        [
                            174.7771118,
                            -41.317511,
                            0
                        ]
                    ]
                ]
            },
            "properties": {
                "name": "Block C",
                "stroke": "#000000",
                
                "stroke-width": 1
                
                
            }
        },
        {
            "type": "Feature",
            "geometry": {
                "type": "Polygon",
                "coordinates": [
                    [
                        [
                            174.7770973,
                            -41.3178201,
                            0
                        ],
                        [
                            174.7771074,
                            -41.3177078,
                            0
                        ],
                        [
                            174.7770808,
                            -41.3176794,
                            0
                        ],
                        [
                            174.7770128,
                            -41.3176751,
                            0
                        ],
                        [
                            174.7769652,
                            -41.3176756,
                            0
                        ],
                        [
                            174.7769397,
                            -41.3176897,
                            0
                        ],
                        [
                            174.7769357,
                            -41.3177753,
                            0
                        ],
                        [
                            174.7769619,
                            -41.3177979,
                            0
                        ],
                        [
                            174.7770035,
                            -41.3177984,
                            0
                        ],
                        [
                            174.7770008,
                            -41.3178362,
                            0
                        ],
                        [
                            174.7768794,
                            -41.3178302,
                            0
                        ],
                        [
                            174.7768801,
                            -41.3178151,
                            0
                        ],
                        [
                            174.7767694,
                            -41.3178105,
                            0
                        ],
                        [
                            174.7767681,
                            -41.3178261,
                            0
                        ],
                        [
                            174.7766085,
                            -41.3178221,
                            0
                        ],
                        [
                            174.7766085,
                            -41.317806,
                            0
                        ],
                        [
                            174.7765012,
                            -41.3178035,
                            0
                        ],
                        [
                            174.7765005,
                            -41.3178201,
                            0
                        ],
                        [
                            174.7762786,
                            -41.3178146,
                            0
                        ],
                        [
                            174.7762685,
                            -41.3179646,
                            0
                        ],
                        [
                            174.7764905,
                            -41.3179712,
                            0
                        ],
                        [
                            174.7764885,
                            -41.3179858,
                            0
                        ],
                        [
                            174.7766018,
                            -41.3179898,
                            0
                        ],
                        [
                            174.7766038,
                            -41.3179727,
                            0
                        ],
                        [
                            174.7767466,
                            -41.3179777,
                            0
                        ],
                        [
                            174.7769875,
                            -41.3179851,
                            0
                        ],
                        [
                            174.777080700824,
                            -41.3179851,
                            0
                        ],
                        [
                            174.7770839,
                            -41.3179805,
                            0
                        ],
                        [
                            174.7770973,
                            -41.3178201,
                            0
                        ]
                    ]
                ]
            },
            "properties": {
                "name": "Block B",
                "stroke": "#000000",
                
                "stroke-width": 1
                
                
            }
        },
        {
            "type": "Feature",
            "geometry": {
                "type": "Polygon",
                "coordinates": [
                    [
                        [
                            174.7770639,
                            -41.3180565,
                            0
                        ],
                        [
                            174.7770232,
                            -41.3180561,
                            0
                        ],
                        [
                            174.7770232,
                            -41.3180337,
                            0
                        ],
                        [
                            174.777067,
                            -41.3180048,
                            0
                        ],
                        [
                            174.777080700824,
                            -41.3179851,
                            0
                        ],
                        [
                            174.7769875,
                            -41.3179851,
                            0
                        ],
                        [
                            174.7769845,
                            -41.3180343,
                            0
                        ],
                        [
                            174.77696,
                            -41.3180496,
                            0
                        ],
                        [
                            174.776957,
                            -41.3181113,
                            0
                        ],
                        [
                            174.7769798,
                            -41.3181286,
                            0
                        ],
                        [
                            174.7769778,
                            -41.3181684,
                            0
                        ],
                        [
                            174.77705685,
                            -41.3181698500004,
                            0
                        ],
                        [
                            174.7770577,
                            -41.318163,
                            0
                        ],
                        [
                            174.7770164,
                            -41.3181316,
                            0
                        ],
                        [
                            174.7770199,
                            -41.3181089,
                            0
                        ],
                        [
                            174.7770608,
                            -41.3181102,
                            0
                        ],
                        [
                            174.7770639,
                            -41.3180565,
                            0
                        ]
                    ]
                ]
            },
            "properties": {
                "name": "Hall",
                "stroke": "#000000",
                
                "stroke-width": 1
                
                
            }
        },
        {
            "type": "Feature",
            "geometry": {
                "type": "Polygon",
                "coordinates": [
                    [
                        [
                            174.7768699,
                            -41.3180487,
                            0
                        ],
                        [
                            174.7768499,
                            -41.318032,
                            0
                        ],
                        [
                            174.7768529,
                            -41.3179964,
                            0
                        ],
                        [
                            174.7767684,
                            -41.3179936,
                            0
                        ],
                        [
                            174.7767678,
                            -41.3180291,
                            0
                        ],
                        [
                            174.776746,
                            -41.3180433,
                            0
                        ],
                        [
                            174.7767434,
                            -41.3181039,
                            0
                        ],
                        [
                            174.776761,
                            -41.3181184,
                            0
                        ],
                        [
                            174.7767588,
                            -41.3181545,
                            0
                        ],
                        [
                            174.7767524,
                            -41.3181543,
                            0
                        ],
                        [
                            174.7767517,
                            -41.3181673,
                            0
                        ],
                        [
                            174.7768518,
                            -41.3181701,
                            0
                        ],
                        [
                            174.7768525,
                            -41.3181574,
                            0
                        ],
                        [
                            174.7768434,
                            -41.3181571,
                            0
                        ],
                        [
                            174.7768442,
                            -41.3181216,
                            0
                        ],
                        [
                            174.7768655,
                            -41.318108,
                            0
                        ],
                        [
                            174.7768699,
                            -41.3180487,
                            0
                        ]
                    ]
                ]
            },
            "properties": {
                "stroke": "#000000",
                
                "stroke-width": 1
                
                
            }
        },
        {
            "type": "Feature",
            "geometry": {
                "type": "Polygon",
                "coordinates": [
                    [
                        [
                            174.7770644,
                            -41.318177,
                            0
                        ],
                        [
                            174.777056,
                            -41.3181767,
                            0
                        ],
                        [
                            174.77705685,
                            -41.3181698500004,
                            0
                        ],
                        [
                            174.7769778,
                            -41.3181684,
                            0
                        ],
                        [
                            174.7768952,
                            -41.3181657,
                            0
                        ],
                        [
                            174.7768949,
                            -41.3181715,
                            0
                        ],
                        [
                            174.7768518,
                            -41.3181701,
                            0
                        ],
                        [
                            174.7767517,
                            -41.3181673,
                            0
                        ],
                        [
                            174.776719,
                            -41.3181662,
                            0
                        ],
                        [
                            174.7767194,
                            -41.3181599,
                            0
                        ],
                        [
                            174.7766269,
                            -41.3181569,
                            0
                        ],
                        [
                            174.7766265,
                            -41.3181627,
                            0
                        ],
                        [
                            174.7765824,
                            -41.3181612,
                            0
                        ],
                        [
                            174.7765833,
                            -41.3181461,
                            0
                        ],
                        [
                            174.7764791,
                            -41.3181427,
                            0
                        ],
                        [
                            174.7764782,
                            -41.3181586,
                            0
                        ],
                        [
                            174.7764065,
                            -41.3181563,
                            0
                        ],
                        [
                            174.7764068,
                            -41.3181513,
                            0
                        ],
                        [
                            174.7763551,
                            -41.3181496,
                            0
                        ],
                        [
                            174.7763549,
                            -41.3181545,
                            0
                        ],
                        [
                            174.7762566,
                            -41.3181513,
                            0
                        ],
                        [
                            174.7762511,
                            -41.3182474,
                            0
                        ],
                        [
                            174.7762157,
                            -41.3182463,
                            0
                        ],
                        [
                            174.7762134,
                            -41.3182877,
                            0
                        ],
                        [
                            174.7762488,
                            -41.3182889,
                            0
                        ],
                        [
                            174.7762484,
                            -41.3182962,
                            0
                        ],
                        [
                            174.7764694,
                            -41.3183033,
                            0
                        ],
                        [
                            174.7764686,
                            -41.3183181,
                            0
                        ],
                        [
                            174.7765724,
                            -41.3183215,
                            0
                        ],
                        [
                            174.7765732,
                            -41.3183067,
                            0
                        ],
                        [
                            174.7767391,
                            -41.318312,
                            0
                        ],
                        [
                            174.7767382,
                            -41.3183275,
                            0
                        ],
                        [
                            174.7768421,
                            -41.3183309,
                            0
                        ],
                        [
                            174.776843,
                            -41.3183147,
                            0
                        ],
                        [
                            174.7770562,
                            -41.3183216,
                            0
                        ],
                        [
                            174.7770644,
                            -41.318177,
                            0
                        ]
                    ]
                ]
            },
            "properties": {
                "name": "Block A",
                "stroke": "#000000",
                
                "stroke-width": 1
                
                
            }
        },
        {
            "type": "Feature",
            "geometry": {
                "type": "Polygon",
                "coordinates": [
                    [
                        [
                            174.7759537,
                            -41.3175626,
                            0
                        ],
                        [
                            174.7757769,
                            -41.3175592,
                            0
                        ],
                        [
                            174.7757766,
                            -41.3175694,
                            0
                        ],
                        [
                            174.7757641,
                            -41.3175692,
                            0
                        ],
                        [
                            174.7757632,
                            -41.3175973,
                            0
                        ],
                        [
                            174.7757719,
                            -41.3175975,
                            0
                        ],
                        [
                            174.775771480237,
                            -41.3176156897363,
                            0
                        ],
                        [
                            174.7759519,
                            -41.317616,
                            0
                        ],
                        [
                            174.7759537,
                            -41.3175626,
                            0
                        ]
                    ]
                ]
            },
            "properties": {
                "name": "26",
                "stroke": "#000000",
                
                "stroke-width": 1
                
                
            }
        },
        {
            "type": "Feature",
            "geometry": {
                "type": "Polygon",
                "coordinates": [
                    [
                        [
                            174.7759509,
                            -41.3176688,
                            0
                        ],
                        [
                            174.77592,
                            -41.3176682,
                            0
                        ],
                        [
                            174.775921781311,
                            -41.3176159482056,
                            0
                        ],
                        [
                            174.775791834829,
                            -41.3176157247396,
                            0
                        ],
                        [
                            174.7757901,
                            -41.3176664,
                            0
                        ],
                        [
                            174.775772,
                            -41.3176662,
                            0
                        ],
                        [
                            174.775770302739,
                            -41.3177205123547,
                            0
                        ],
                        [
                            174.775904,
                            -41.3177207,
                            0
                        ],
                        [
                            174.7759491,
                            -41.3177215,
                            0
                        ],
                        [
                            174.7759509,
                            -41.3176688,
                            0
                        ]
                    ]
                ]
            },
            "properties": {
                "name": "27",
                "stroke": "#000000",
                
                "stroke-width": 1
                
                
            }
        },
        {
            "type": "Feature",
            "geometry": {
                "type": "Polygon",
                "coordinates": [
                    [
                        [
                            174.775904,
                            -41.3177207,
                            0
                        ],
                        [
                            174.775770302739,
                            -41.3177205123547,
                            0
                        ],
                        [
                            174.7757703,
                            -41.3177206,
                            0
                        ],
                        [
                            174.7757615,
                            -41.3177205,
                            0
                        ],
                        [
                            174.7757603,
                            -41.3177586,
                            0
                        ],
                        [
                            174.775778,
                            -41.3177589,
                            0
                        ],
                        [
                            174.7757767,
                            -41.317795,
                            0
                        ],
                        [
                            174.775901410456,
                            -41.317795,
                            0
                        ],
                        [
                            174.775904,
                            -41.3177207,
                            0
                        ]
                    ]
                ]
            },
            "properties": {
                "name": "28",
                "stroke": "#000000",
                
                "stroke-width": 1
                
                
            }
        },
        {
            "type": "Feature",
            "geometry": {
                "type": "Polygon",
                "coordinates": [
                    [
                        [
                            174.777712653442,
                            -41.3175695298266,
                            0
                        ],
                        [
                            174.777466625099,
                            -41.3175610823564,
                            0
                        ],
                        [
                            174.777477994605,
                            -41.3173742930318,
                            0
                        ],
                        [
                            174.777724022948,
                            -41.3173827405262,
                            0
                        ],
                        [
                            174.777712653442,
                            -41.3175695298266,
                            0
                        ]
                    ]
                ]
            },
            "properties": {
                "name": "Courtyard",
                "stroke": "#000000",
                
                "stroke-width": 1
                
                
            }
        },
        {
            "type": "Feature",
            "geometry": {
                "type": "Polygon",
                "coordinates": [
                    [
                        [
                            174.7778354,
                            -41.3176448,
                            0
                        ],
                        [
                            174.7778645,
                            -41.3176454,
                            0
                        ],
                        [
                            174.7778683,
                            -41.3175302,
                            0
                        ],
                        [
                            174.7778826,
                            -41.3175304,
                            0
                        ],
                        [
                            174.7778857,
                            -41.3174375,
                            0
                        ],
                        [
                            174.7778773,
                            -41.3174373,
                            0
                        ],
                        [
                            174.7778816,
                            -41.3173078,
                            0
                        ],
                        [
                            174.7778903,
                            -41.317308,
                            0
                        ],
                        [
                            174.7778923,
                            -41.3172451,
                            0
                        ],
                        [
                            174.7777137,
                            -41.3172417,
                            0
                        ],
                        [
                            174.7777125,
                            -41.3172803,
                            0
                        ],
                        [
                            174.7776468,
                            -41.3172792,
                            0
                        ],
                        [
                            174.7776482,
                            -41.3172355,
                            0
                        ],
                        [
                            174.7775407,
                            -41.3172334,
                            0
                        ],
                        [
                            174.7775394,
                            -41.3172755,
                            0
                        ],
                        [
                            174.7774451,
                            -41.3172737,
                            0
                        ],
                        [
                            174.7774466,
                            -41.317228,
                            0
                        ],
                        [
                            174.7773302,
                            -41.3172258,
                            0
                        ],
                        [
                            174.7773172,
                            -41.3176193,
                            0
                        ],
                        [
                            174.7773405,
                            -41.3176198,
                            0
                        ],
                        [
                            174.777338529349,
                            -41.3176791513691,
                            0
                        ],
                        [
                            174.7774492,
                            -41.3176798,
                            0
                        ],
                        [
                            174.7775198,
                            -41.317681,
                            0
                        ],
                        [
                            174.7775185,
                            -41.3177232,
                            0
                        ],
                        [
                            174.7776235,
                            -41.3177253,
                            0
                        ],
                        [
                            174.7776247,
                            -41.3176869,
                            0
                        ],
                        [
                            174.7776975,
                            -41.3176882,
                            0
                        ],
                        [
                            174.7776961,
                            -41.3177304,
                            0
                        ],
                        [
                            174.7778672,
                            -41.3177336,
                            0
                        ],
                        [
                            174.7778693,
                            -41.3176714,
                            0
                        ],
                        [
                            174.7778346,
                            -41.3176707,
                            0
                        ],
                        [
                            174.7778354,
                            -41.3176448,
                            0
                        ]
                    ]
                ]
            },
            "properties": {
                "name": "Hospital",
                "stroke": "#000000",
                
                "stroke-width": 1
                
                
            }
        },
        {
            "type": "Feature",
            "geometry": {
                "type": "Polygon",
                "coordinates": [
                    [
                        [
                            174.7778349,
                            -41.3180979,
                            0
                        ],
                        [
                            174.7778463,
                            -41.3180982,
                            0
                        ],
                        [
                            174.7778482,
                            -41.3180412,
                            0
                        ],
                        [
                            174.7777419,
                            -41.3180392,
                            0
                        ],
                        [
                            174.7777405,
                            -41.3180792,
                            0
                        ],
                        [
                            174.777706,
                            -41.3180785,
                            0
                        ],
                        [
                            174.7777072,
                            -41.3180411,
                            0
                        ],
                        [
                            174.7776123,
                            -41.3180393,
                            0
                        ],
                        [
                            174.7776112,
                            -41.3180714,
                            0
                        ],
                        [
                            174.7775561,
                            -41.3180704,
                            0
                        ],
                        [
                            174.7775574,
                            -41.3180305,
                            0
                        ],
                        [
                            174.7774592,
                            -41.3180287,
                            0
                        ],
                        [
                            174.777458,
                            -41.3180672,
                            0
                        ],
                        [
                            174.7774306,
                            -41.3180666,
                            0
                        ],
                        [
                            174.7774314,
                            -41.3180405,
                            0
                        ],
                        [
                            174.7774497,
                            -41.3180409,
                            0
                        ],
                        [
                            174.777451413066,
                            -41.3179906500886,
                            0
                        ],
                        [
                            174.77729685,
                            -41.3179906500886,
                            0
                        ],
                        [
                            174.7772933,
                            -41.3180981,
                            0
                        ],
                        [
                            174.7773148,
                            -41.3180986,
                            0
                        ],
                        [
                            174.7773144,
                            -41.3181658,
                            0
                        ],
                        [
                            174.777421,
                            -41.318168,
                            0
                        ],
                        [
                            174.777425,
                            -41.3181604,
                            0
                        ],
                        [
                            174.7774604,
                            -41.3181611,
                            0
                        ],
                        [
                            174.7774579,
                            -41.3182004,
                            0
                        ],
                        [
                            174.777544,
                            -41.3182028,
                            0
                        ],
                        [
                            174.7775465,
                            -41.318167,
                            0
                        ],
                        [
                            174.7776062,
                            -41.3181682,
                            0
                        ],
                        [
                            174.7776049,
                            -41.318206,
                            0
                        ],
                        [
                            174.7777009,
                            -41.3182077,
                            0
                        ],
                        [
                            174.7777019,
                            -41.3181751,
                            0
                        ],
                        [
                            174.7778323,
                            -41.3181774,
                            0
                        ],
                        [
                            174.7778349,
                            -41.3180979,
                            0
                        ]
                    ]
                ]
            },
            "properties": {
                "name": "Dementia A",
                "stroke": "#000000",
                
                "stroke-width": 1
                
                
            }
        },
        {
            "type": "Feature",
            "geometry": {
                "type": "Polygon",
                "coordinates": [
                    [
                        [
                            174.7778461,
                            -41.3178575,
                            0
                        ],
                        [
                            174.7778607,
                            -41.3178579,
                            0
                        ],
                        [
                            174.7778626,
                            -41.3178011,
                            0
                        ],
                        [
                            174.7777523,
                            -41.317799,
                            0
                        ],
                        [
                            174.7777511,
                            -41.317836,
                            0
                        ],
                        [
                            174.7777196,
                            -41.3178355,
                            0
                        ],
                        [
                            174.777721,
                            -41.317797,
                            0
                        ],
                        [
                            174.7776264,
                            -41.3177954,
                            0
                        ],
                        [
                            174.7776253,
                            -41.3178289,
                            0
                        ],
                        [
                            174.7775703,
                            -41.317828,
                            0
                        ],
                        [
                            174.7775714,
                            -41.317794,
                            0
                        ],
                        [
                            174.7774749,
                            -41.3177922,
                            0
                        ],
                        [
                            174.7774736,
                            -41.3178303,
                            0
                        ],
                        [
                            174.7774426,
                            -41.3178298,
                            0
                        ],
                        [
                            174.7774437,
                            -41.3177971,
                            0
                        ],
                        [
                            174.7774592,
                            -41.3177974,
                            0
                        ],
                        [
                            174.777462,
                            -41.3177134,
                            0
                        ],
                        [
                            174.7774481,
                            -41.3177131,
                            0
                        ],
                        [
                            174.7774492,
                            -41.3176798,
                            0
                        ],
                        [
                            174.777338529349,
                            -41.3176791513691,
                            0
                        ],
                        [
                            174.777290344372,
                            -41.3176788689613,
                            0
                        ],
                        [
                            174.7772831,
                            -41.3177932,
                            0
                        ],
                        [
                            174.777282,
                            -41.31783,
                            0
                        ],
                        [
                            174.777332,
                            -41.3178309,
                            0
                        ],
                        [
                            174.7773303,
                            -41.3178837,
                            0
                        ],
                        [
                            174.7773004,
                            -41.3178832,
                            0
                        ],
                        [
                            174.77729685,
                            -41.3179906500886,
                            0
                        ],
                        [
                            174.777451413066,
                            -41.3179906500886,
                            0
                        ],
                        [
                            174.7774527,
                            -41.3179529,
                            0
                        ],
                        [
                            174.7774343,
                            -41.3179526,
                            0
                        ],
                        [
                            174.7774353,
                            -41.3179242,
                            0
                        ],
                        [
                            174.7774665,
                            -41.3179248,
                            0
                        ],
                        [
                            174.7774654,
                            -41.3179595,
                            0
                        ],
                        [
                            174.7775635,
                            -41.3179614,
                            0
                        ],
                        [
                            174.7775646,
                            -41.3179298,
                            0
                        ],
                        [
                            174.7776216,
                            -41.3179308,
                            0
                        ],
                        [
                            174.7776204,
                            -41.3179669,
                            0
                        ],
                        [
                            174.7777157,
                            -41.3179687,
                            0
                        ],
                        [
                            174.7777169,
                            -41.3179327,
                            0
                        ],
                        [
                            174.7778436,
                            -41.3179351,
                            0
                        ],
                        [
                            174.7778461,
                            -41.3178575,
                            0
                        ]
                    ]
                ]
            },
            "properties": {
                "name": "Dementia B",
                "stroke": "#000000",
                
                "stroke-width": 1
                
                
            }
        },
        {
            "type": "Feature",
            "geometry": {
                "type": "Polygon",
                "coordinates": [
                    [
                        [
                            174.7767032,
                            -41.3162516,
                            0
                        ],
                        [
                            174.7766763,
                            -41.3162545,
                            0
                        ],
                        [
                            174.7766702,
                            -41.3162207,
                            0
                        ],
                        [
                            174.7766016,
                            -41.3162269,
                            0
                        ],
                        [
                            174.7765952,
                            -41.3161929,
                            0
                        ],
                        [
                            174.7765272,
                            -41.316198,
                            0
                        ],
                        [
                            174.7765384,
                            -41.3162821,
                            0
                        ],
                        [
                            174.7765728,
                            -41.3162789,
                            0
                        ],
                        [
                            174.7765784,
                            -41.3163097500073,
                            0
                        ],
                        [
                            174.7767113,
                            -41.3162967500156,
                            0
                        ],
                        [
                            174.7767032,
                            -41.3162516,
                            0
                        ]
                    ]
                ]
            },
            "properties": {
                "name": "60",
                "stroke": "#000000",
                
                "stroke-width": 1
                
                
            }
        },
        {
            "type": "Feature",
            "geometry": {
                "type": "Polygon",
                "coordinates": [
                    [
                        [
                            174.7766927,
                            -41.3163442,
                            0
                        ],
                        [
                            174.7767194,
                            -41.3163419,
                            0
                        ],
                        [
                            174.7767113,
                            -41.3162967500156,
                            0
                        ],
                        [
                            174.7765784,
                            -41.3163097500073,
                            0
                        ],
                        [
                            174.776584,
                            -41.3163406,
                            0
                        ],
                        [
                            174.77655,
                            -41.3163441,
                            0
                        ],
                        [
                            174.7765664,
                            -41.3164281,
                            0
                        ],
                        [
                            174.776638,
                            -41.3164206,
                            0
                        ],
                        [
                            174.7766302,
                            -41.3163852,
                            0
                        ],
                        [
                            174.7766993,
                            -41.316378,
                            0
                        ],
                        [
                            174.7766927,
                            -41.3163442,
                            0
                        ]
                    ]
                ]
            },
            "properties": {
                "name": "61",
                "stroke": "#000000",
                
                "stroke-width": 1
                
                
            }
        },
        {
            "type": "Feature",
            "geometry": {
                "type": "Polygon",
                "coordinates": [
                    [
                        [
                            174.7764799,
                            -41.3163518,
                            0
                        ],
                        [
                            174.7764478,
                            -41.3163549,
                            0
                        ],
                        [
                            174.7764418,
                            -41.3163230500078,
                            0
                        ],
                        [
                            174.7763121,
                            -41.3163375000151,
                            0
                        ],
                        [
                            174.7763194,
                            -41.3163819,
                            0
                        ],
                        [
                            174.7763246,
                            -41.3163815,
                            0
                        ],
                        [
                            174.7763295,
                            -41.3164149,
                            0
                        ],
                        [
                            174.7764203,
                            -41.3164057,
                            0
                        ],
                        [
                            174.7764268,
                            -41.3164408,
                            0
                        ],
                        [
                            174.7764942,
                            -41.3164344,
                            0
                        ],
                        [
                            174.7764799,
                            -41.3163518,
                            0
                        ]
                    ]
                ]
            },
            "properties": {
                "name": "58",
                "stroke": "#000000",
                
                "stroke-width": 1
                
                
            }
        },
        {
            "type": "Feature",
            "geometry": {
                "type": "Polygon",
                "coordinates": [
                    [
                        [
                            174.7764547,
                            -41.3162067,
                            0
                        ],
                        [
                            174.7763871,
                            -41.3162131,
                            0
                        ],
                        [
                            174.7763935,
                            -41.3162477,
                            0
                        ],
                        [
                            174.7763245,
                            -41.3162545,
                            0
                        ],
                        [
                            174.7763301,
                            -41.3162901,
                            0
                        ],
                        [
                            174.7763048,
                            -41.3162931,
                            0
                        ],
                        [
                            174.7763121,
                            -41.3163375000151,
                            0
                        ],
                        [
                            174.7764418,
                            -41.3163230500078,
                            0
                        ],
                        [
                            174.7764358,
                            -41.3162912,
                            0
                        ],
                        [
                            174.7764687,
                            -41.3162874,
                            0
                        ],
                        [
                            174.7764547,
                            -41.3162067,
                            0
                        ]
                    ]
                ]
            },
            "properties": {
                "name": "59",
                "stroke": "#000000",
                
                "stroke-width": 1
                
                
            }
        },
        {
            "type": "Feature",
            "geometry": {
                "type": "Polygon",
                "coordinates": [
                    [
                        [
                            174.7761239,
                            -41.3161494,
                            0
                        ],
                        [
                            174.7761187,
                            -41.3161492,
                            0
                        ],
                        [
                            174.7761197,
                            -41.3161172,
                            0
                        ],
                        [
                            174.7760986,
                            -41.3161166,
                            0
                        ],
                        [
                            174.7760984,
                            -41.3161144,
                            0
                        ],
                        [
                            174.7759617,
                            -41.3161097,
                            0
                        ],
                        [
                            174.7759581,
                            -41.3161604,
                            0
                        ],
                        [
                            174.775932,
                            -41.31616,
                            0
                        ],
                        [
                            174.77593095,
                            -41.3161890000065,
                            0
                        ],
                        [
                            174.77612175,
                            -41.3161948000158,
                            0
                        ],
                        [
                            174.7761239,
                            -41.3161494,
                            0
                        ]
                    ]
                ]
            },
            "properties": {
                "name": "50",
                "stroke": "#000000",
                
                "stroke-width": 1
                
                
            }
        },
        {
            "type": "Feature",
            "geometry": {
                "type": "Polygon",
                "coordinates": [
                    [
                        [
                            174.7761134,
                            -41.3162402,
                            0
                        ],
                        [
                            174.7761196,
                            -41.3162402,
                            0
                        ],
                        [
                            174.77612175,
                            -41.3161948000158,
                            0
                        ],
                        [
                            174.77593095,
                            -41.3161890000065,
                            0
                        ],
                        [
                            174.7759299,
                            -41.316218,
                            0
                        ],
                        [
                            174.775956,
                            -41.316219,
                            0
                        ],
                        [
                            174.7759536,
                            -41.3162687,
                            0
                        ],
                        [
                            174.776096959402,
                            -41.3162754068722,
                            0
                        ],
                        [
                            174.776097,
                            -41.3162742,
                            0
                        ],
                        [
                            174.7761125,
                            -41.3162743,
                            0
                        ],
                        [
                            174.7761134,
                            -41.3162402,
                            0
                        ]
                    ]
                ]
            },
            "properties": {
                "name": "49",
                "stroke": "#000000",
                
                "stroke-width": 1
                
                
            }
        },
        {
            "type": "Feature",
            "geometry": {
                "type": "Polygon",
                "coordinates": [
                    [
                        [
                            174.7761011,
                            -41.3163069,
                            0
                        ],
                        [
                            174.7760959,
                            -41.3163069,
                            0
                        ],
                        [
                            174.776096959402,
                            -41.3162754068722,
                            0
                        ],
                        [
                            174.7759536,
                            -41.3162687,
                            0
                        ],
                        [
                            174.7759365,
                            -41.3162679,
                            0
                        ],
                        [
                            174.7759341,
                            -41.3163188,
                            0
                        ],
                        [
                            174.7759102,
                            -41.3163176,
                            0
                        ],
                        [
                            174.7759086,
                            -41.3163468000065,
                            0
                        ],
                        [
                            174.77609875,
                            -41.3163522500158,
                            0
                        ],
                        [
                            174.7761011,
                            -41.3163069,
                            0
                        ]
                    ]
                ]
            },
            "properties": {
                "name": "48",
                "stroke": "#000000",
                
                "stroke-width": 1
                
                
            }
        },
        {
            "type": "Feature",
            "geometry": {
                "type": "Polygon",
                "coordinates": [
                    [
                        [
                            174.7760917,
                            -41.3163978,
                            0
                        ],
                        [
                            174.7760964,
                            -41.3163976,
                            0
                        ],
                        [
                            174.77609875,
                            -41.3163522500158,
                            0
                        ],
                        [
                            174.7759086,
                            -41.3163468000065,
                            0
                        ],
                        [
                            174.775907,
                            -41.316376,
                            0
                        ],
                        [
                            174.7759313,
                            -41.3163771,
                            0
                        ],
                        [
                            174.7759309,
                            -41.316392,
                            0
                        ],
                        [
                            174.7759336,
                            -41.3163922,
                            0
                        ],
                        [
                            174.7759317,
                            -41.3164283,
                            0
                        ],
                        [
                            174.7760065,
                            -41.3164305,
                            0
                        ],
                        [
                            174.7760067,
                            -41.3164343,
                            0
                        ],
                        [
                            174.7760208,
                            -41.3164347,
                            0
                        ],
                        [
                            174.7760208,
                            -41.3164309,
                            0
                        ],
                        [
                            174.7760707,
                            -41.3164325,
                            0
                        ],
                        [
                            174.7760703,
                            -41.3164294,
                            0
                        ],
                        [
                            174.7760907,
                            -41.3164301,
                            0
                        ],
                        [
                            174.7760917,
                            -41.3163978,
                            0
                        ]
                    ]
                ]
            },
            "properties": {
                "name": "47",
                "stroke": "#000000",
                
                "stroke-width": 1
                
                
            }
        },
        {
            "type": "Feature",
            "geometry": {
                "type": "Polygon",
                "coordinates": [
                    [
                        [
                            174.7761042,
                            -41.3164439,
                            0
                        ],
                        [
                            174.7760831,
                            -41.3164432,
                            0
                        ],
                        [
                            174.7760829,
                            -41.316441,
                            0
                        ],
                        [
                            174.7759463,
                            -41.3164356,
                            0
                        ],
                        [
                            174.7759423,
                            -41.3164863,
                            0
                        ],
                        [
                            174.7759162,
                            -41.3164857,
                            0
                        ],
                        [
                            174.77591485,
                            -41.3165147000065,
                            0
                        ],
                        [
                            174.77610555,
                            -41.3165215000158,
                            0
                        ],
                        [
                            174.7761082,
                            -41.3164761,
                            0
                        ],
                        [
                            174.776103,
                            -41.3164759,
                            0
                        ],
                        [
                            174.7761042,
                            -41.3164439,
                            0
                        ]
                    ]
                ]
            },
            "properties": {
                "name": "46",
                "stroke": "#000000",
                
                "stroke-width": 1
                
                
            }
        },
        {
            "type": "Feature",
            "geometry": {
                "type": "Polygon",
                "coordinates": [
                    [
                        [
                            174.7760967,
                            -41.3165669,
                            0
                        ],
                        [
                            174.7761029,
                            -41.3165669,
                            0
                        ],
                        [
                            174.77610555,
                            -41.3165215000158,
                            0
                        ],
                        [
                            174.77591485,
                            -41.3165147000065,
                            0
                        ],
                        [
                            174.7759135,
                            -41.3165437,
                            0
                        ],
                        [
                            174.7759395,
                            -41.3165449,
                            0
                        ],
                        [
                            174.7759366,
                            -41.3165945,
                            0
                        ],
                        [
                            174.776079942919,
                            -41.3166020443637,
                            0
                        ],
                        [
                            174.77608,
                            -41.3166008,
                            0
                        ],
                        [
                            174.7760955,
                            -41.316601,
                            0
                        ],
                        [
                            174.7760967,
                            -41.3165669,
                            0
                        ]
                    ]
                ]
            },
            "properties": {
                "name": "45",
                "stroke": "#000000",
                
                "stroke-width": 1
                
                
            }
        },
        {
            "type": "Feature",
            "geometry": {
                "type": "Polygon",
                "coordinates": [
                    [
                        [
                            174.776079942919,
                            -41.3166020443637,
                            0
                        ],
                        [
                            174.7759366,
                            -41.3165945,
                            0
                        ],
                        [
                            174.7759195,
                            -41.3165936,
                            0
                        ],
                        [
                            174.7759166,
                            -41.3166445,
                            0
                        ],
                        [
                            174.7758927,
                            -41.3166432,
                            0
                        ],
                        [
                            174.77589085,
                            -41.3166724000066,
                            0
                        ],
                        [
                            174.77608095,
                            -41.3166788500158,
                            0
                        ],
                        [
                            174.7760837,
                            -41.3166335,
                            0
                        ],
                        [
                            174.7760785,
                            -41.3166335,
                            0
                        ],
                        [
                            174.776079942919,
                            -41.3166020443637,
                            0
                        ]
                    ]
                ]
            },
            "properties": {
                "name": "44",
                "stroke": "#000000",
                
                "stroke-width": 1
                
                
            }
        },
        {
            "type": "Feature",
            "geometry": {
                "type": "Polygon",
                "coordinates": [
                    [
                        [
                            174.77608095,
                            -41.3166788500158,
                            0
                        ],
                        [
                            174.77589085,
                            -41.3166724000066,
                            0
                        ],
                        [
                            174.775889,
                            -41.3167016,
                            0
                        ],
                        [
                            174.7759133,
                            -41.3167028,
                            0
                        ],
                        [
                            174.7759128,
                            -41.3167177,
                            0
                        ],
                        [
                            174.7759154,
                            -41.3167179,
                            0
                        ],
                        [
                            174.7759132,
                            -41.316754,
                            0
                        ],
                        [
                            174.7759879,
                            -41.3167567,
                            0
                        ],
                        [
                            174.7759881,
                            -41.3167605,
                            0
                        ],
                        [
                            174.7760022,
                            -41.3167609,
                            0
                        ],
                        [
                            174.7760022,
                            -41.3167571,
                            0
                        ],
                        [
                            174.7760521,
                            -41.3167589,
                            0
                        ],
                        [
                            174.7760518,
                            -41.3167558,
                            0
                        ],
                        [
                            174.7760722,
                            -41.3167566,
                            0
                        ],
                        [
                            174.7760735,
                            -41.3167244,
                            0
                        ],
                        [
                            174.7760782,
                            -41.3167242,
                            0
                        ],
                        [
                            174.77608095,
                            -41.3166788500158,
                            0
                        ]
                    ]
                ]
            },
            "properties": {
                "name": "43",
                "stroke": "#000000",
                
                "stroke-width": 1
                
                
            }
        },
        {
            "type": "Feature",
            "geometry": {
                "type": "Polygon",
                "coordinates": [
                    [
                        [
                            174.7764773,
                            -41.3164663,
                            0
                        ],
                        [
                            174.7764025,
                            -41.3164641,
                            0
                        ],
                        [
                            174.7764023,
                            -41.3164603,
                            0
                        ],
                        [
                            174.7763882,
                            -41.3164599,
                            0
                        ],
                        [
                            174.7763882,
                            -41.3164637,
                            0
                        ],
                        [
                            174.7763383,
                            -41.3164622,
                            0
                        ],
                        [
                            174.7763387,
                            -41.3164653,
                            0
                        ],
                        [
                            174.7763183,
                            -41.3164646,
                            0
                        ],
                        [
                            174.7763173,
                            -41.3164969,
                            0
                        ],
                        [
                            174.7763126,
                            -41.3164971,
                            0
                        ],
                        [
                            174.7763103,
                            -41.3165424500158,
                            0
                        ],
                        [
                            174.77650045,
                            -41.3165478000065,
                            0
                        ],
                        [
                            174.776502,
                            -41.3165186,
                            0
                        ],
                        [
                            174.7764777,
                            -41.3165175,
                            0
                        ],
                        [
                            174.7764781,
                            -41.3165026,
                            0
                        ],
                        [
                            174.7764754,
                            -41.3165024,
                            0
                        ],
                        [
                            174.7764773,
                            -41.3164663,
                            0
                        ]
                    ]
                ]
            },
            "properties": {
                "name": "57",
                "stroke": "#000000",
                
                "stroke-width": 1
                
                
            }
        },
        {
            "type": "Feature",
            "geometry": {
                "type": "Polygon",
                "coordinates": [
                    [
                        [
                            174.77650045,
                            -41.3165478000065,
                            0
                        ],
                        [
                            174.7763103,
                            -41.3165424500158,
                            0
                        ],
                        [
                            174.776308,
                            -41.3165878,
                            0
                        ],
                        [
                            174.7763132,
                            -41.3165878,
                            0
                        ],
                        [
                            174.7763121,
                            -41.3166205,
                            0
                        ],
                        [
                            174.7764555,
                            -41.3166259,
                            0
                        ],
                        [
                            174.7764726,
                            -41.3166267,
                            0
                        ],
                        [
                            174.776475,
                            -41.3165758,
                            0
                        ],
                        [
                            174.7764989,
                            -41.316577,
                            0
                        ],
                        [
                            174.77650045,
                            -41.3165478000065,
                            0
                        ]
                    ]
                ]
            },
            "properties": {
                "name": "56",
                "stroke": "#000000",
                
                "stroke-width": 1
                
                
            }
        },
        {
            "type": "Feature",
            "geometry": {
                "type": "Polygon",
                "coordinates": [
                    [
                        [
                            174.7764555,
                            -41.3166259,
                            0
                        ],
                        [
                            174.7763121,
                            -41.3166205,
                            0
                        ],
                        [
                            174.7762966,
                            -41.3166204,
                            0
                        ],
                        [
                            174.7762957,
                            -41.3166545,
                            0
                        ],
                        [
                            174.7762895,
                            -41.3166545,
                            0
                        ],
                        [
                            174.77628735,
                            -41.3166999000158,
                            0
                        ],
                        [
                            174.77647815,
                            -41.3167056000065,
                            0
                        ],
                        [
                            174.7764792,
                            -41.3166766,
                            0
                        ],
                        [
                            174.7764531,
                            -41.3166756,
                            0
                        ],
                        [
                            174.7764555,
                            -41.3166259,
                            0
                        ]
                    ]
                ]
            },
            "properties": {
                "name": "55",
                "stroke": "#000000",
                
                "stroke-width": 1
                
                
            }
        },
        {
            "type": "Feature",
            "geometry": {
                "type": "Polygon",
                "coordinates": [
                    [
                        [
                            174.776451,
                            -41.3167342,
                            0
                        ],
                        [
                            174.7764771,
                            -41.3167346,
                            0
                        ],
                        [
                            174.77647815,
                            -41.3167056000065,
                            0
                        ],
                        [
                            174.77628735,
                            -41.3166999000158,
                            0
                        ],
                        [
                            174.7762852,
                            -41.3167453,
                            0
                        ],
                        [
                            174.7762904,
                            -41.3167455,
                            0
                        ],
                        [
                            174.7762895,
                            -41.3167775,
                            0
                        ],
                        [
                            174.7763106,
                            -41.3167781,
                            0
                        ],
                        [
                            174.7763108,
                            -41.3167803,
                            0
                        ],
                        [
                            174.7764475,
                            -41.3167849,
                            0
                        ],
                        [
                            174.776451,
                            -41.3167342,
                            0
                        ]
                    ]
                ]
            },
            "properties": {
                "name": "54",
                "stroke": "#000000",
                
                "stroke-width": 1
                
                
            }
        },
        {
            "type": "Feature",
            "geometry": {
                "type": "Polygon",
                "coordinates": [
                    [
                        [
                            174.7764815,
                            -41.3168579,
                            0
                        ],
                        [
                            174.776459,
                            -41.3168574,
                            0
                        ],
                        [
                            174.7764607,
                            -41.3168424,
                            0
                        ],
                        [
                            174.7764547,
                            -41.3168419,
                            0
                        ],
                        [
                            174.7764563,
                            -41.3168091,
                            0
                        ],
                        [
                            174.7763023,
                            -41.316806,
                            0
                        ],
                        [
                            174.7763008,
                            -41.3168376,
                            0
                        ],
                        [
                            174.7762923,
                            -41.3168376,
                            0
                        ],
                        [
                            174.77629075,
                            -41.3168829000157,
                            0
                        ],
                        [
                            174.77648075,
                            -41.3168874000067,
                            0
                        ],
                        [
                            174.7764815,
                            -41.3168579,
                            0
                        ]
                    ]
                ]
            },
            "properties": {
                "name": "53",
                "stroke": "#000000",
                
                "stroke-width": 1
                
                
            }
        },
        {
            "type": "Feature",
            "geometry": {
                "type": "Polygon",
                "coordinates": [
                    [
                        [
                            174.7764555,
                            -41.3169161,
                            0
                        ],
                        [
                            174.77648,
                            -41.3169169,
                            0
                        ],
                        [
                            174.77648075,
                            -41.3168874000067,
                            0
                        ],
                        [
                            174.77629075,
                            -41.3168829000157,
                            0
                        ],
                        [
                            174.7762892,
                            -41.3169282,
                            0
                        ],
                        [
                            174.7762947,
                            -41.3169285,
                            0
                        ],
                        [
                            174.7762934,
                            -41.3169615,
                            0
                        ],
                        [
                            174.7764515,
                            -41.3169677,
                            0
                        ],
                        [
                            174.7764515,
                            -41.3169323,
                            0
                        ],
                        [
                            174.776456,
                            -41.3169325,
                            0
                        ],
                        [
                            174.7764555,
                            -41.3169161,
                            0
                        ]
                    ]
                ]
            },
            "properties": {
                "name": "52",
                "stroke": "#000000",
                
                "stroke-width": 1
                
                
            }
        },
        {
            "type": "Feature",
            "geometry": {
                "type": "Polygon",
                "coordinates": [
                    [
                        [
                            174.7764613,
                            -41.3169681,
                            0
                        ],
                        [
                            174.7764515,
                            -41.3169677,
                            0
                        ],
                        [
                            174.7762934,
                            -41.3169615,
                            0
                        ],
                        [
                            174.776273,
                            -41.3169615,
                            0
                        ],
                        [
                            174.7762711,
                            -41.3170072,
                            0
                        ],
                        [
                            174.7762763,
                            -41.3170072,
                            0
                        ],
                        [
                            174.7762748,
                            -41.3170382,
                            0
                        ],
                        [
                            174.776295,
                            -41.3170388,
                            0
                        ],
                        [
                            174.776295,
                            -41.3170414,
                            0
                        ],
                        [
                            174.7764329,
                            -41.3170426,
                            0
                        ],
                        [
                            174.7764345,
                            -41.3170113,
                            0
                        ],
                        [
                            174.7764382,
                            -41.3170117,
                            0
                        ],
                        [
                            174.7764387,
                            -41.3169955,
                            0
                        ],
                        [
                            174.7764608,
                            -41.3169961,
                            0
                        ],
                        [
                            174.7764613,
                            -41.3169681,
                            0
                        ]
                    ]
                ]
            },
            "properties": {
                "name": "51",
                "stroke": "#000000",
                
                "stroke-width": 1
                
                
            }
        }
    ]
}