{
  "type": "FeatureCollection",
  "generator": "overpass-turbo",
  "timestamp": "2025-12-01T02:01:39Z",
  "features": [
    {
      "type": "Feature",
      "properties": {
        "id": "b_525848721",
        "LINZ2OSM:dataset": "kx_wellington_city_council",
        "LINZ2OSM:layer": "wcc_buildings",
        "LINZ2OSM:source_version": "2015-02-02",
        "attribution": "https://koordinates.com/publisher/wcc/",
        "building": "yes",
        "linz2osm:objectid": "41852.0",
        "source": "Wellington City Council - photo 1999, 0.15m"
      },
      "geometry": {
        "type": "Polygon",
        "coordinates": [
          [
            [
              174.7757403,
              -41.3181281
            ],
            [
              174.7757415,
              -41.318095
            ],
            [
              174.7756991,
              -41.3180943
            ],
            [
              174.7757009,
              -41.3180527
            ],
            [
              174.7756705,
              -41.3180515
            ],
            [
              174.775591,
              -41.3180473
            ],
            [
              174.7755918,
              -41.3180315
            ],
            [
              174.7755559,
              -41.3180304
            ],
            [
              174.7755552,
              -41.3180458
            ],
            [
              174.775517,
              -41.3180447
            ],
            [
              174.7755131,
              -41.3181189
            ],
            [
              174.7756956,
              -41.3181245
            ],
            [
              174.7756964,
              -41.3181273
            ],
            [
              174.7757403,
              -41.3181281
            ]
          ]
        ]
      },
      "id": "way/525848721"
    },
    {
      "type": "Feature",
      "properties": {
        "id": "b_525848743",
        "LINZ2OSM:dataset": "kx_wellington_city_council",
        "LINZ2OSM:layer": "wcc_buildings",
        "LINZ2OSM:source_version": "2015-02-02",
        "attribution": "https://koordinates.com/publisher/wcc/",
        "building": "yes",
        "linz2osm:objectid": "42860.0",
        "source": "Wellington City Council - photo 1999, 0.15m"
      },
      "geometry": {
        "type": "Polygon",
        "coordinates": [
          [
            [
              174.7758596,
              -41.318062
            ],
            [
              174.7758607,
              -41.3180435
            ],
            [
              174.7759131,
              -41.3180452
            ],
            [
              174.7759131,
              -41.3180437
            ],
            [
              174.7759433,
              -41.3180447
            ],
            [
              174.7759457,
              -41.3180004
            ],
            [
              174.7760186,
              -41.3180027
            ],
            [
              174.7760201,
              -41.3179743
            ],
            [
              174.7759454,
              -41.3179719
            ],
            [
              174.7759451,
              -41.3179728
            ],
            [
              174.7759104,
              -41.3179717
            ],
            [
              174.7759104,
              -41.3179703
            ],
            [
              174.7757917,
              -41.3179666
            ],
            [
              174.7757916,
              -41.3179681
            ],
            [
              174.7757616,
              -41.3179672
            ],
            [
              174.775759,
              -41.3180149
            ],
            [
              174.7757671,
              -41.3180151
            ],
            [
              174.7757656,
              -41.3180407
            ],
            [
              174.7758352,
              -41.3180429
            ],
            [
              174.7758343,
              -41.3180612
            ],
            [
              174.7758596,
              -41.318062
            ]
          ]
        ]
      },
      "id": "way/525848743"
    },
    {
      "type": "Feature",
      "properties": {
        "id": "b_525849007",
        "LINZ2OSM:dataset": "kx_wellington_city_council",
        "LINZ2OSM:layer": "wcc_buildings",
        "LINZ2OSM:source_version": "2015-02-02",
        "attribution": "https://koordinates.com/publisher/wcc/",
        "building": "terrace",
        "linz2osm:objectid": "45912.0",
        "source": "Wellington City Council - photo 1999, 0.15m"
      },
      "geometry": {
        "type": "Polygon",
        "coordinates": [
          [
            [
              174.7766865,
              -41.316153
            ],
            [
              174.7766957,
              -41.3159769
            ],
            [
              174.7765525,
              -41.3159712
            ],
            [
              174.7765404,
              -41.3161488
            ],
            [
              174.7766865,
              -41.316153
            ]
          ]
        ]
      },
      "id": "way/525849007"
    },
    {
      "type": "Feature",
      "properties": {
        "id": "b_525849263",
        "LINZ2OSM:dataset": "kx_wellington_city_council",
        "LINZ2OSM:layer": "wcc_buildings",
        "LINZ2OSM:source_version": "2015-02-02",
        "attribution": "https://koordinates.com/publisher/wcc/",
        "building": "yes",
        "linz2osm:objectid": "63651.0",
        "source": "Wellington City Council - photo 2002"
      },
      "geometry": {
        "type": "Polygon",
        "coordinates": [
          [
            [
              174.7757518,
              -41.3161948
            ],
            [
              174.7757543,
              -41.3161649
            ],
            [
              174.7757814,
              -41.3161661
            ],
            [
              174.7757853,
              -41.3161186
            ],
            [
              174.7756094,
              -41.3161106
            ],
            [
              174.7756073,
              -41.3161585
            ],
            [
              174.7756254,
              -41.3161593
            ],
            [
              174.775623,
              -41.316189
            ],
            [
              174.7757518,
              -41.3161948
            ]
          ]
        ]
      },
      "id": "way/525849263"
    },
    {
      "type": "Feature",
      "properties": {
        "id": "b_525849264",
        "LINZ2OSM:dataset": "kx_wellington_city_council",
        "LINZ2OSM:layer": "wcc_buildings",
        "LINZ2OSM:source_version": "2015-02-02",
        "attribution": "https://koordinates.com/publisher/wcc/",
        "building": "yes",
        "linz2osm:objectid": "63652.0",
        "source": "Wellington City Council - photo 2002"
      },
      "geometry": {
        "type": "Polygon",
        "coordinates": [
          [
            [
              174.7757587,
              -41.316631
            ],
            [
              174.7757616,
              -41.3165865
            ],
            [
              174.7757349,
              -41.3165859
            ],
            [
              174.7757359,
              -41.3165593
            ],
            [
              174.7756031,
              -41.3165566
            ],
            [
              174.7756022,
              -41.3165818
            ],
            [
              174.7755782,
              -41.3165813
            ],
            [
              174.7755765,
              -41.3166273
            ],
            [
              174.7757587,
              -41.316631
            ]
          ]
        ]
      },
      "id": "way/525849264"
    },
    {
      "type": "Feature",
      "properties": {
        "id": "b_525849265",
        "LINZ2OSM:dataset": "kx_wellington_city_council",
        "LINZ2OSM:layer": "wcc_buildings",
        "LINZ2OSM:source_version": "2015-02-02",
        "attribution": "https://koordinates.com/publisher/wcc/",
        "building": "yes",
        "linz2osm:objectid": "63653.0",
        "source": "Wellington City Council - photo 2002"
      },
      "geometry": {
        "type": "Polygon",
        "coordinates": [
          [
            [
              174.7757536,
              -41.3167776
            ],
            [
              174.7757561,
              -41.3167345
            ],
            [
              174.7757285,
              -41.3167336
            ],
            [
              174.7757301,
              -41.3167066
            ],
            [
              174.7757173,
              -41.3167063
            ],
            [
              174.775597,
              -41.316701
            ],
            [
              174.7755953,
              -41.3167297
            ],
            [
              174.7755728,
              -41.316729
            ],
            [
              174.7755705,
              -41.3167698
            ],
            [
              174.7755742,
              -41.3167699
            ],
            [
              174.7755741,
              -41.3167716
            ],
            [
              174.7757511,
              -41.3167774
            ],
            [
              174.7757536,
              -41.3167776
            ]
          ]
        ]
      },
      "id": "way/525849265"
    },
    {
      "type": "Feature",
      "properties": {
        "id": "b_525849268",
        "LINZ2OSM:dataset": "kx_wellington_city_council",
        "LINZ2OSM:layer": "wcc_buildings",
        "LINZ2OSM:source_version": "2015-02-02",
        "attribution": "https://koordinates.com/publisher/wcc/",
        "building": "yes",
        "linz2osm:objectid": "63698.0",
        "source": "Wellington City Council - photo 2002"
      },
      "geometry": {
        "type": "Polygon",
        "coordinates": [
          [
            [
              174.7757359,
              -41.3165593
            ],
            [
              174.7757328,
              -41.3165285
            ],
            [
              174.7757634,
              -41.3165291
            ],
            [
              174.775765,
              -41.3164812
            ],
            [
              174.7755889,
              -41.3164773
            ],
            [
              174.7755872,
              -41.3165248
            ],
            [
              174.7756041,
              -41.3165252
            ],
            [
              174.7756031,
              -41.3165566
            ],
            [
              174.7757359,
              -41.3165593
            ]
          ]
        ]
      },
      "id": "way/525849268"
    },
    {
      "type": "Feature",
      "properties": {
        "id": "b_525849277",
        "LINZ2OSM:dataset": "kx_wellington_city_council",
        "LINZ2OSM:layer": "wcc_buildings",
        "LINZ2OSM:source_version": "2015-02-02",
        "attribution": "https://koordinates.com/publisher/wcc/",
        "building": "yes",
        "linz2osm:objectid": "66121.0",
        "source": "Wellington City Council - photo 2002"
      },
      "geometry": {
        "type": "Polygon",
        "coordinates": [
          [
            [
              174.7757145,
              -41.3168583
            ],
            [
              174.775717,
              -41.316823
            ],
            [
              174.7757484,
              -41.3168239
            ],
            [
              174.7757511,
              -41.3167774
            ],
            [
              174.7755741,
              -41.3167716
            ],
            [
              174.7755714,
              -41.3168178
            ],
            [
              174.775593,
              -41.3168185
            ],
            [
              174.7755909,
              -41.3168541
            ],
            [
              174.7757145,
              -41.3168583
            ]
          ]
        ]
      },
      "id": "way/525849277"
    },
    {
      "type": "Feature",
      "properties": {
        "id": "b_525849299",
        "LINZ2OSM:dataset": "kx_wellington_city_council",
        "LINZ2OSM:layer": "wcc_buildings",
        "LINZ2OSM:source_version": "2015-02-02",
        "attribution": "https://koordinates.com/publisher/wcc/",
        "building": "yes",
        "linz2osm:objectid": "67371.0",
        "source": "Wellington City Council - photo 2006, 0.30m"
      },
      "geometry": {
        "type": "Polygon",
        "coordinates": [
          [
            [
              174.7761766,
              -41.3179637
            ],
            [
              174.7761788,
              -41.3178733
            ],
            [
              174.7761583,
              -41.3178731
            ],
            [
              174.7761595,
              -41.3178153
            ],
            [
              174.7761832,
              -41.3178157
            ],
            [
              174.7761852,
              -41.317729
            ],
            [
              174.7760504,
              -41.3177272
            ],
            [
              174.7760495,
              -41.3177641
            ],
            [
              174.7760359,
              -41.317764
            ],
            [
              174.7760347,
              -41.3178168
            ],
            [
              174.7760683,
              -41.3178172
            ],
            [
              174.776067,
              -41.3178718
            ],
            [
              174.7760329,
              -41.3178713
            ],
            [
              174.7760318,
              -41.3179199
            ],
            [
              174.7760438,
              -41.31792
            ],
            [
              174.7760427,
              -41.3179619
            ],
            [
              174.7761766,
              -41.3179637
            ]
          ]
        ]
      },
      "id": "way/525849299"
    },
    {
      "type": "Feature",
      "properties": {
        "id": "b_525849305",
        "LINZ2OSM:dataset": "kx_wellington_city_council",
        "LINZ2OSM:layer": "wcc_buildings",
        "LINZ2OSM:source_version": "2015-02-02",
        "attribution": "https://koordinates.com/publisher/wcc/",
        "building": "yes",
        "linz2osm:objectid": "67372.0",
        "source": "Wellington City Council - photo 2006, 0.30m"
      },
      "geometry": {
        "type": "Polygon",
        "coordinates": [
          [
            [
              174.7755151,
              -41.3176816
            ],
            [
              174.7755143,
              -41.3177312
            ],
            [
              174.7755226,
              -41.3177314
            ],
            [
              174.7755219,
              -41.3177708
            ],
            [
              174.7755387,
              -41.3177711
            ],
            [
              174.7755378,
              -41.3178271
            ],
            [
              174.7755174,
              -41.3178268
            ],
            [
              174.7755167,
              -41.3178791
            ],
            [
              174.775509,
              -41.317879
            ],
            [
              174.7755084,
              -41.3179184
            ],
            [
              174.7756473,
              -41.3179197
            ],
            [
              174.7756477,
              -41.3178941
            ],
            [
              174.7756623,
              -41.3178942
            ],
            [
              174.7756633,
              -41.3178296
            ],
            [
              174.7756301,
              -41.3178293
            ],
            [
              174.775631,
              -41.3177764
            ],
            [
              174.7756724,
              -41.3177768
            ],
            [
              174.7756733,
              -41.3177186
            ],
            [
              174.7756582,
              -41.3177184
            ],
            [
              174.7756588,
              -41.3176829
            ],
            [
              174.7755151,
              -41.3176816
            ]
          ]
        ]
      },
      "id": "way/525849305"
    },
    {
      "type": "Feature",
      "properties": {
        "id": "b_525849309",
        "LINZ2OSM:dataset": "kx_wellington_city_council",
        "LINZ2OSM:layer": "wcc_buildings",
        "LINZ2OSM:source_version": "2015-02-02",
        "attribution": "https://koordinates.com/publisher/wcc/",
        "building": "yes",
        "linz2osm:objectid": "67373.0",
        "source": "Wellington City Council - photo 2006, 0.30m"
      },
      "geometry": {
        "type": "Polygon",
        "coordinates": [
          [
            [
              174.7760553,
              -41.3177174
            ],
            [
              174.7761874,
              -41.3177178
            ],
            [
              174.7761878,
              -41.3176295
            ],
            [
              174.7761698,
              -41.3176296
            ],
            [
              174.7761701,
              -41.3175731
            ],
            [
              174.7761927,
              -41.3175732
            ],
            [
              174.7761932,
              -41.3174843
            ],
            [
              174.7760664,
              -41.3174839
            ],
            [
              174.7760662,
              -41.3175116
            ],
            [
              174.776048,
              -41.3175115
            ],
            [
              174.7760475,
              -41.3175714
            ],
            [
              174.7760756,
              -41.3175715
            ],
            [
              174.7760754,
              -41.3176245
            ],
            [
              174.7760478,
              -41.3176244
            ],
            [
              174.7760475,
              -41.3176834
            ],
            [
              174.7760554,
              -41.3176833
            ],
            [
              174.7760553,
              -41.3177174
            ]
          ]
        ]
      },
      "id": "way/525849309"
    },
    {
      "type": "Feature",
      "properties": {
        "id": "b_525849313",
        "LINZ2OSM:dataset": "kx_wellington_city_council",
        "LINZ2OSM:layer": "wcc_buildings",
        "LINZ2OSM:source_version": "2015-02-02",
        "attribution": "https://koordinates.com/publisher/wcc/",
        "building": "yes",
        "linz2osm:objectid": "67374.0",
        "source": "Wellington City Council - photo 2006, 0.30m"
      },
      "geometry": {
        "type": "Polygon",
        "coordinates": [
          [
            [
              174.7757769,
              -41.3175592
            ],
            [
              174.7757766,
              -41.3175694
            ],
            [
              174.7757641,
              -41.3175692
            ],
            [
              174.7757632,
              -41.3175973
            ],
            [
              174.7757719,
              -41.3175975
            ],
            [
              174.7757716,
              -41.3176105
            ],
            [
              174.775792,
              -41.3176109
            ],
            [
              174.7757901,
              -41.3176664
            ],
            [
              174.775772,
              -41.3176662
            ],
            [
              174.7757703,
              -41.3177206
            ],
            [
              174.7757615,
              -41.3177205
            ],
            [
              174.7757603,
              -41.3177586
            ],
            [
              174.775778,
              -41.3177589
            ],
            [
              174.7757767,
              -41.317795
            ],
            [
              174.7757625,
              -41.3177947
            ],
            [
              174.7757607,
              -41.3178497
            ],
            [
              174.7757837,
              -41.3178502
            ],
            [
              174.775782,
              -41.317901
            ],
            [
              174.775762,
              -41.3179006
            ],
            [
              174.7757617,
              -41.3179128
            ],
            [
              174.7757495,
              -41.3179126
            ],
            [
              174.7757484,
              -41.3179427
            ],
            [
              174.7757613,
              -41.317943
            ],
            [
              174.7757608,
              -41.3179548
            ],
            [
              174.7759417,
              -41.3179583
            ],
            [
              174.7759471,
              -41.3177962
            ],
            [
              174.7759014,
              -41.3177953
            ],
            [
              174.775904,
              -41.3177207
            ],
            [
              174.7759491,
              -41.3177215
            ],
            [
              174.7759509,
              -41.3176688
            ],
            [
              174.77592,
              -41.3176682
            ],
            [
              174.7759218,
              -41.3176154
            ],
            [
              174.7759519,
              -41.317616
            ],
            [
              174.7759537,
              -41.3175626
            ],
            [
              174.7757769,
              -41.3175592
            ]
          ]
        ]
      },
      "id": "way/525849313"
    },
    {
      "type": "Feature",
      "properties": {
        "id": "b_525849319",
        "LINZ2OSM:dataset": "kx_wellington_city_council",
        "LINZ2OSM:layer": "wcc_buildings",
        "LINZ2OSM:source_version": "2015-02-02",
        "attribution": "https://koordinates.com/publisher/wcc/",
        "building": "yes",
        "linz2osm:objectid": "67375.0",
        "source": "Wellington City Council - photo 2006, 0.30m"
      },
      "geometry": {
        "type": "Polygon",
        "coordinates": [
          [
            [
              174.7755619,
              -41.3174615
            ],
            [
              174.7755601,
              -41.3174961
            ],
            [
              174.7755428,
              -41.3174955
            ],
            [
              174.7755397,
              -41.3175533
            ],
            [
              174.775545,
              -41.3175535
            ],
            [
              174.7755441,
              -41.3175688
            ],
            [
              174.7755333,
              -41.3175685
            ],
            [
              174.7755314,
              -41.3176062
            ],
            [
              174.7755152,
              -41.3176057
            ],
            [
              174.7755121,
              -41.3176614
            ],
            [
              174.7756611,
              -41.3176658
            ],
            [
              174.7756627,
              -41.3176359
            ],
            [
              174.7756765,
              -41.3176363
            ],
            [
              174.7756796,
              -41.3175782
            ],
            [
              174.7756415,
              -41.3175769
            ],
            [
              174.7756428,
              -41.3175539
            ],
            [
              174.7756755,
              -41.3175549
            ],
            [
              174.7756803,
              -41.317465
            ],
            [
              174.7755619,
              -41.3174615
            ]
          ]
        ]
      },
      "id": "way/525849319"
    },
    {
      "type": "Feature",
      "properties": {
        "id": "b_525849342",
        "LINZ2OSM:dataset": "kx_wellington_city_council",
        "LINZ2OSM:layer": "wcc_buildings",
        "LINZ2OSM:source_version": "2015-02-02",
        "attribution": "https://koordinates.com/publisher/wcc/",
        "building": "yes",
        "linz2osm:objectid": "67279.0",
        "source": "Wellington City Council - photo 2006, 0.30m"
      },
      "geometry": {
        "type": "Polygon",
        "coordinates": [
          [
            [
              174.777421,
              -41.318168
            ],
            [
              174.7772849,
              -41.3181656
            ],
            [
              174.7772827,
              -41.318235
            ],
            [
              174.7770632,
              -41.318231
            ],
            [
              174.7770623,
              -41.3182618
            ],
            [
              174.7770718,
              -41.318262
            ],
            [
              174.7770698,
              -41.3183273
            ],
            [
              174.7771302,
              -41.3183284
            ],
            [
              174.7771298,
              -41.3183382
            ],
            [
              174.7772752,
              -41.3183408
            ],
            [
              174.777274,
              -41.3183755
            ],
            [
              174.7773293,
              -41.3183765
            ],
            [
              174.7773303,
              -41.3183426
            ],
            [
              174.777416,
              -41.3183441
            ],
            [
              174.7774182,
              -41.3182778
            ],
            [
              174.777435,
              -41.3182781
            ],
            [
              174.7774378,
              -41.3181896
            ],
            [
              174.7774203,
              -41.3181892
            ],
            [
              174.777421,
              -41.318168
            ]
          ]
        ]
      },
      "id": "way/525849342"
    },
    {
      "type": "Feature",
      "properties": {
        "id": "b_525849351",
        "LINZ2OSM:dataset": "kx_wellington_city_council",
        "LINZ2OSM:layer": "wcc_buildings",
        "LINZ2OSM:source_version": "2015-02-02",
        "attribution": "https://koordinates.com/publisher/wcc/",
        "building": "yes",
        "linz2osm:objectid": "67281.0",
        "source": "Wellington City Council - photo 2006, 0.30m"
      },
      "geometry": {
        "type": "Polygon",
        "coordinates": [
          [
            [
              174.7755583,
              -41.3173616
            ],
            [
              174.7755578,
              -41.317376
            ],
            [
              174.7755446,
              -41.3173758
            ],
            [
              174.775544,
              -41.3173981
            ],
            [
              174.7755563,
              -41.3173983
            ],
            [
              174.775556,
              -41.317412
            ],
            [
              174.7755791,
              -41.3174124
            ],
            [
              174.7755781,
              -41.317447
            ],
            [
              174.7757035,
              -41.3174489
            ],
            [
              174.7757044,
              -41.3174154
            ],
            [
              174.7757353,
              -41.3174159
            ],
            [
              174.7757367,
              -41.3173643
            ],
            [
              174.7755583,
              -41.3173616
            ]
          ]
        ]
      },
      "id": "way/525849351"
    },
    {
      "type": "Feature",
      "properties": {
        "id": "b_525849371",
        "LINZ2OSM:dataset": "kx_wellington_city_council",
        "LINZ2OSM:layer": "wcc_buildings",
        "LINZ2OSM:source_version": "2015-02-02",
        "attribution": "https://koordinates.com/publisher/wcc/",
        "building": "yes",
        "linz2osm:objectid": "67828.0",
        "source": "Wellington City Council - photo 2002"
      },
      "geometry": {
        "type": "Polygon",
        "coordinates": [
          [
            [
              174.7757806,
              -41.3162631
            ],
            [
              174.7757806,
              -41.3162211
            ],
            [
              174.7757535,
              -41.3162202
            ],
            [
              174.7757551,
              -41.3161962
            ],
            [
              174.7756222,
              -41.3161913
            ],
            [
              174.7756207,
              -41.3162149
            ],
            [
              174.7755981,
              -41.3162141
            ],
            [
              174.7755954,
              -41.3162563
            ],
            [
              174.7757806,
              -41.3162631
            ]
          ]
        ]
      },
      "id": "way/525849371"
    },
    {
      "type": "Feature",
      "properties": {
        "id": "b_525849375",
        "LINZ2OSM:dataset": "kx_wellington_city_council",
        "LINZ2OSM:layer": "wcc_buildings",
        "LINZ2OSM:source_version": "2015-02-02",
        "attribution": "https://koordinates.com/publisher/wcc/",
        "building": "yes",
        "linz2osm:objectid": "67829.0",
        "source": "Wellington City Council - photo 2002"
      },
      "geometry": {
        "type": "Polygon",
        "coordinates": [
          [
            [
              174.7757173,
              -41.3167063
            ],
            [
              174.7757208,
              -41.3166772
            ],
            [
              174.7757486,
              -41.316678
            ],
            [
              174.775751,
              -41.3166364
            ],
            [
              174.7755667,
              -41.3166307
            ],
            [
              174.7755644,
              -41.3166727
            ],
            [
              174.7755849,
              -41.3166733
            ],
            [
              174.7755834,
              -41.3167006
            ],
            [
              174.775597,
              -41.316701
            ],
            [
              174.7757173,
              -41.3167063
            ]
          ]
        ]
      },
      "id": "way/525849375"
    },
    {
      "type": "Feature",
      "properties": {
        "id": "b_525849416",
        "LINZ2OSM:dataset": "kx_wellington_city_council",
        "LINZ2OSM:layer": "wcc_buildings",
        "LINZ2OSM:source_version": "2015-02-02",
        "attribution": "https://koordinates.com/publisher/wcc/",
        "building": "yes",
        "linz2osm:objectid": "68104.0",
        "source": "Wellington City Council - photo 2002"
      },
      "geometry": {
        "type": "Polygon",
        "coordinates": [
          [
            [
              174.7757348,
              -41.3164133
            ],
            [
              174.7757365,
              -41.3163874
            ],
            [
              174.7757618,
              -41.3163884
            ],
            [
              174.7757646,
              -41.3163463
            ],
            [
              174.7755811,
              -41.3163394
            ],
            [
              174.7755778,
              -41.316381
            ],
            [
              174.7756001,
              -41.3163818
            ],
            [
              174.7755985,
              -41.3164083
            ],
            [
              174.7757348,
              -41.3164133
            ]
          ]
        ]
      },
      "id": "way/525849416"
    },
    {
      "type": "Feature",
      "properties": {
        "id": "b_525849420",
        "LINZ2OSM:dataset": "kx_wellington_city_council",
        "LINZ2OSM:layer": "wcc_buildings",
        "LINZ2OSM:source_version": "2015-02-02",
        "attribution": "https://koordinates.com/publisher/wcc/",
        "building": "yes",
        "linz2osm:objectid": "68105.0",
        "source": "Wellington City Council - photo 2002"
      },
      "geometry": {
        "type": "Polygon",
        "coordinates": [
          [
            [
              174.7757401,
              -41.3163431
            ],
            [
              174.7757424,
              -41.3163128
            ],
            [
              174.7757707,
              -41.3163141
            ],
            [
              174.7757744,
              -41.3162665
            ],
            [
              174.775599,
              -41.3162586
            ],
            [
              174.7755969,
              -41.3163062
            ],
            [
              174.7756161,
              -41.3163071
            ],
            [
              174.7756136,
              -41.3163376
            ],
            [
              174.7757401,
              -41.3163431
            ]
          ]
        ]
      },
      "id": "way/525849420"
    },
    {
      "type": "Feature",
      "properties": {
        "id": "b_525849500",
        "LINZ2OSM:dataset": "kx_wellington_city_council",
        "LINZ2OSM:layer": "wcc_buildings",
        "LINZ2OSM:source_version": "2015-02-02",
        "attribution": "https://koordinates.com/publisher/wcc/",
        "building": "yes",
        "linz2osm:objectid": "74046.0",
        "source": "Wellington City Council - photo 2006, 0.30m"
      },
      "geometry": {
        "type": "Polygon",
        "coordinates": [
          [
            [
              174.7761769,
              -41.3173214
            ],
            [
              174.7761052,
              -41.3173183
            ],
            [
              174.7761038,
              -41.3173368
            ],
            [
              174.7760597,
              -41.3173348
            ],
            [
              174.7760581,
              -41.3173559
            ],
            [
              174.7760172,
              -41.3173541
            ],
            [
              174.7760111,
              -41.3174358
            ],
            [
              174.776049,
              -41.3174376
            ],
            [
              174.7760481,
              -41.3174484
            ],
            [
              174.7761295,
              -41.317452
            ],
            [
              174.7761308,
              -41.3174344
            ],
            [
              174.7761682,
              -41.317436
            ],
            [
              174.7761769,
              -41.3173214
            ]
          ]
        ]
      },
      "id": "way/525849500"
    },
    {
      "type": "Feature",
      "properties": {
        "id": "b_525849504",
        "LINZ2OSM:dataset": "kx_wellington_city_council",
        "LINZ2OSM:layer": "wcc_buildings",
        "LINZ2OSM:source_version": "2015-02-02",
        "attribution": "https://koordinates.com/publisher/wcc/",
        "building": "yes",
        "linz2osm:objectid": "74218.0",
        "source": "Wellington City Council - photo 2006, 0.30m"
      },
      "geometry": {
        "type": "Polygon",
        "coordinates": [
          [
            [
              174.7758447,
              -41.3174547
            ],
            [
              174.7758916,
              -41.3174556
            ],
            [
              174.7758912,
              -41.317464
            ],
            [
              174.7759653,
              -41.3174654
            ],
            [
              174.775966,
              -41.3174433
            ],
            [
              174.7760053,
              -41.317444
            ],
            [
              174.7760078,
              -41.3173719
            ],
            [
              174.7759668,
              -41.3173711
            ],
            [
              174.7759674,
              -41.3173552
            ],
            [
              174.7758482,
              -41.3173528
            ],
            [
              174.7758447,
              -41.3174547
            ]
          ]
        ]
      },
      "id": "way/525849504"
    },
    {
      "type": "Feature",
      "properties": {
        "id": "b_525849520",
        "LINZ2OSM:dataset": "kx_wellington_city_council",
        "LINZ2OSM:layer": "wcc_buildings",
        "LINZ2OSM:source_version": "2015-02-02",
        "attribution": "https://koordinates.com/publisher/wcc/",
        "building": "yes",
        "linz2osm:objectid": "75011.0",
        "source": "Wellington City Council - photo 2006, 0.30m"
      },
      "geometry": {
        "type": "Polygon",
        "coordinates": [
          [
            [
              174.7760708,
              -41.318055
            ],
            [
              174.7760719,
              -41.3180079
            ],
            [
              174.7760055,
              -41.3180071
            ],
            [
              174.7760043,
              -41.3180542
            ],
            [
              174.7760708,
              -41.318055
            ]
          ]
        ]
      },
      "id": "way/525849520"
    },
    {
      "type": "Feature",
      "properties": {
        "id": "b_525849791",
        "LINZ2OSM:dataset": "kx_wellington_city_council",
        "LINZ2OSM:layer": "wcc_buildings",
        "LINZ2OSM:source_version": "2015-02-02",
        "attribution": "https://koordinates.com/publisher/wcc/",
        "building": "yes",
        "linz2osm:objectid": "90120.0",
        "source": "Wellington City Council - photo 2009, 0.30m"
      },
      "geometry": {
        "type": "Polygon",
        "coordinates": [
          [
            [
              174.7770254,
              -41.3160971
            ],
            [
              174.7770071,
              -41.3160964
            ],
            [
              174.7770094,
              -41.3160637
            ],
            [
              174.7768757,
              -41.3160584
            ],
            [
              174.7768732,
              -41.3160935
            ],
            [
              174.7768829,
              -41.3160939
            ],
            [
              174.7768826,
              -41.3161016
            ],
            [
              174.7770255,
              -41.3161068
            ],
            [
              174.7770254,
              -41.3160971
            ]
          ]
        ]
      },
      "id": "way/525849791"
    },
    {
      "type": "Feature",
      "properties": {
        "id": "b_525849792",
        "LINZ2OSM:dataset": "kx_wellington_city_council",
        "LINZ2OSM:layer": "wcc_buildings",
        "LINZ2OSM:source_version": "2015-02-02",
        "attribution": "https://koordinates.com/publisher/wcc/",
        "building": "yes",
        "linz2osm:objectid": "90111.0",
        "source": "Wellington City Council - photo 2009, 0.30m"
      },
      "geometry": {
        "type": "Polygon",
        "coordinates": [
          [
            [
              174.7773496,
              -41.3163371
            ],
            [
              174.7772163,
              -41.3163327
            ],
            [
              174.7772153,
              -41.3163327
            ],
            [
              174.7772139,
              -41.3163563
            ],
            [
              174.7773483,
              -41.3163607
            ],
            [
              174.7773496,
              -41.3163371
            ]
          ]
        ]
      },
      "id": "way/525849792"
    },
    {
      "type": "Feature",
      "properties": {
        "id": "b_525849793",
        "LINZ2OSM:dataset": "kx_wellington_city_council",
        "LINZ2OSM:layer": "wcc_buildings",
        "LINZ2OSM:source_version": "2015-02-02",
        "attribution": "https://koordinates.com/publisher/wcc/",
        "building": "yes",
        "linz2osm:objectid": "90112.0",
        "source": "Wellington City Council - photo 2009, 0.30m"
      },
      "geometry": {
        "type": "Polygon",
        "coordinates": [
          [
            [
              174.7773513,
              -41.3162959
            ],
            [
              174.7772191,
              -41.316293
            ],
            [
              174.7772182,
              -41.3162929
            ],
            [
              174.7772163,
              -41.3163327
            ],
            [
              174.7773496,
              -41.3163371
            ],
            [
              174.7773513,
              -41.3162959
            ]
          ]
        ]
      },
      "id": "way/525849793"
    },
    {
      "type": "Feature",
      "properties": {
        "id": "b_525849794",
        "LINZ2OSM:dataset": "kx_wellington_city_council",
        "LINZ2OSM:layer": "wcc_buildings",
        "LINZ2OSM:source_version": "2015-02-02",
        "attribution": "https://koordinates.com/publisher/wcc/",
        "building": "yes",
        "linz2osm:objectid": "90113.0",
        "source": "Wellington City Council - photo 2009, 0.30m"
      },
      "geometry": {
        "type": "Polygon",
        "coordinates": [
          [
            [
              174.7773407,
              -41.3162561
            ],
            [
              174.7772404,
              -41.3162542
            ],
            [
              174.7772277,
              -41.3162539
            ],
            [
              174.7772272,
              -41.3162638
            ],
            [
              174.7772203,
              -41.3162637
            ],
            [
              174.7772191,
              -41.316293
            ],
            [
              174.7773513,
              -41.3162959
            ],
            [
              174.777352,
              -41.3162771
            ],
            [
              174.7773565,
              -41.3162772
            ],
            [
              174.7773569,
              -41.3162679
            ],
            [
              174.7773402,
              -41.3162675
            ],
            [
              174.7773407,
              -41.3162561
            ]
          ]
        ]
      },
      "id": "way/525849794"
    },
    {
      "type": "Feature",
      "properties": {
        "id": "b_525849795",
        "LINZ2OSM:dataset": "kx_wellington_city_council",
        "LINZ2OSM:layer": "wcc_buildings",
        "LINZ2OSM:source_version": "2015-02-02",
        "attribution": "https://koordinates.com/publisher/wcc/",
        "building": "yes",
        "linz2osm:objectid": "90114.0",
        "source": "Wellington City Council - photo 2009, 0.30m"
      },
      "geometry": {
        "type": "Polygon",
        "coordinates": [
          [
            [
              174.7773612,
              -41.3162159
            ],
            [
              174.7773602,
              -41.3162158
            ],
            [
              174.777249,
              -41.316212
            ],
            [
              174.7772484,
              -41.316223
            ],
            [
              174.7772418,
              -41.3162228
            ],
            [
              174.7772404,
              -41.3162542
            ],
            [
              174.7773407,
              -41.3162561
            ],
            [
              174.7773704,
              -41.3162567
            ],
            [
              174.7773714,
              -41.3162361
            ],
            [
              174.7773749,
              -41.3162362
            ],
            [
              174.7773753,
              -41.3162283
            ],
            [
              174.7773606,
              -41.3162279
            ],
            [
              174.7773612,
              -41.3162159
            ]
          ]
        ]
      },
      "id": "way/525849795"
    },
    {
      "type": "Feature",
      "properties": {
        "id": "b_525849796",
        "LINZ2OSM:dataset": "kx_wellington_city_council",
        "LINZ2OSM:layer": "wcc_buildings",
        "LINZ2OSM:source_version": "2015-02-02",
        "attribution": "https://koordinates.com/publisher/wcc/",
        "building": "yes",
        "linz2osm:objectid": "90115.0",
        "source": "Wellington City Council - photo 2009, 0.30m"
      },
      "geometry": {
        "type": "Polygon",
        "coordinates": [
          [
            [
              174.7773797,
              -41.3161952
            ],
            [
              174.7773739,
              -41.316195
            ],
            [
              174.777375,
              -41.3161765
            ],
            [
              174.7773584,
              -41.3161759
            ],
            [
              174.7772443,
              -41.3161716
            ],
            [
              174.7772424,
              -41.3162027
            ],
            [
              174.7772496,
              -41.316203
            ],
            [
              174.777249,
              -41.316212
            ],
            [
              174.7773602,
              -41.3162158
            ],
            [
              174.7773609,
              -41.3162044
            ],
            [
              174.7773791,
              -41.3162051
            ],
            [
              174.7773797,
              -41.3161952
            ]
          ]
        ]
      },
      "id": "way/525849796"
    },
    {
      "type": "Feature",
      "properties": {
        "id": "b_525849797",
        "building": "yes",
        "building:levels": "3",
        "height": "5",
        "source": "Wellington City Council - photo 2009, 0.30m"
      },
      "geometry": {
        "type": "Polygon",
        "coordinates": [
          [
            [
              174.7773468,
              -41.3161347
            ],
            [
              174.7772356,
              -41.3161309
            ],
            [
              174.777235,
              -41.3161416
            ],
            [
              174.7772285,
              -41.3161414
            ],
            [
              174.7772267,
              -41.3161711
            ],
            [
              174.7772443,
              -41.3161716
            ],
            [
              174.7773584,
              -41.3161759
            ],
            [
              174.7773597,
              -41.3161545
            ],
            [
              174.7773633,
              -41.3161546
            ],
            [
              174.7773638,
              -41.3161466
            ],
            [
              174.7773463,
              -41.316146
            ],
            [
              174.7773468,
              -41.3161347
            ]
          ]
        ]
      },
      "id": "way/525849797"
    },
    {
      "type": "Feature",
      "properties": {
        "id": "b_525849798",
        "LINZ2OSM:dataset": "kx_wellington_city_council",
        "LINZ2OSM:layer": "wcc_buildings",
        "LINZ2OSM:source_version": "2015-02-02",
        "attribution": "https://koordinates.com/publisher/wcc/",
        "building": "yes",
        "linz2osm:objectid": "90117.0",
        "source": "Wellington City Council - photo 2009, 0.30m"
      },
      "geometry": {
        "type": "Polygon",
        "coordinates": [
          [
            [
              174.7773638,
              -41.3161134
            ],
            [
              174.7773614,
              -41.3161134
            ],
            [
              174.777363,
              -41.3160937
            ],
            [
              174.777249,
              -41.3160907
            ],
            [
              174.7772306,
              -41.3160909
            ],
            [
              174.7772293,
              -41.3161205
            ],
            [
              174.7772371,
              -41.3161209
            ],
            [
              174.7772356,
              -41.3161309
            ],
            [
              174.7773468,
              -41.3161347
            ],
            [
              174.777347,
              -41.3161236
            ],
            [
              174.7773628,
              -41.3161235
            ],
            [
              174.7773638,
              -41.3161134
            ]
          ]
        ]
      },
      "id": "way/525849798"
    },
    {
      "type": "Feature",
      "properties": {
        "id": "b_525849799",
        "LINZ2OSM:dataset": "kx_wellington_city_council",
        "LINZ2OSM:layer": "wcc_buildings",
        "LINZ2OSM:source_version": "2015-02-02",
        "attribution": "https://koordinates.com/publisher/wcc/",
        "building": "yes",
        "linz2osm:objectid": "90118.0",
        "source": "Wellington City Council - photo 2009, 0.30m"
      },
      "geometry": {
        "type": "Polygon",
        "coordinates": [
          [
            [
              174.7773694,
              -41.3160536
            ],
            [
              174.7772577,
              -41.3160498
            ],
            [
              174.7772571,
              -41.3160611
            ],
            [
              174.7772506,
              -41.3160609
            ],
            [
              174.777249,
              -41.3160907
            ],
            [
              174.777363,
              -41.3160937
            ],
            [
              174.7773804,
              -41.3160943
            ],
            [
              174.7773821,
              -41.3160662
            ],
            [
              174.7773687,
              -41.3160658
            ],
            [
              174.7773694,
              -41.3160536
            ]
          ]
        ]
      },
      "id": "way/525849799"
    },
    {
      "type": "Feature",
      "properties": {
        "id": "b_525849801",
        "LINZ2OSM:dataset": "kx_wellington_city_council",
        "LINZ2OSM:layer": "wcc_buildings",
        "LINZ2OSM:source_version": "2015-02-02",
        "attribution": "https://koordinates.com/publisher/wcc/",
        "building": "yes",
        "linz2osm:objectid": "90121.0",
        "source": "Wellington City Council - photo 2009, 0.30m"
      },
      "geometry": {
        "type": "Polygon",
        "coordinates": [
          [
            [
              174.7770255,
              -41.3161068
            ],
            [
              174.7768826,
              -41.3161016
            ],
            [
              174.776882,
              -41.3161106
            ],
            [
              174.7768728,
              -41.3161103
            ],
            [
              174.7768708,
              -41.3161411
            ],
            [
              174.7770031,
              -41.316146
            ],
            [
              174.7770051,
              -41.3161149
            ],
            [
              174.7770249,
              -41.3161156
            ],
            [
              174.7770255,
              -41.3161068
            ]
          ]
        ]
      },
      "id": "way/525849801"
    },
    {
      "type": "Feature",
      "properties": {
        "id": "b_525849802",
        "LINZ2OSM:dataset": "kx_wellington_city_council",
        "LINZ2OSM:layer": "wcc_buildings",
        "LINZ2OSM:source_version": "2015-02-02",
        "attribution": "https://koordinates.com/publisher/wcc/",
        "building": "yes",
        "linz2osm:objectid": "90122.0",
        "source": "Wellington City Council - photo 2009, 0.30m"
      },
      "geometry": {
        "type": "Polygon",
        "coordinates": [
          [
            [
              174.7770211,
              -41.3161784
            ],
            [
              174.7770027,
              -41.3161778
            ],
            [
              174.7770046,
              -41.3161461
            ],
            [
              174.7770031,
              -41.316146
            ],
            [
              174.7768708,
              -41.3161411
            ],
            [
              174.7768688,
              -41.3161745
            ],
            [
              174.776878,
              -41.3161748
            ],
            [
              174.7768777,
              -41.3161826
            ],
            [
              174.7770202,
              -41.3161873
            ],
            [
              174.7770211,
              -41.3161784
            ]
          ]
        ]
      },
      "id": "way/525849802"
    },
    {
      "type": "Feature",
      "properties": {
        "id": "b_525849803",
        "LINZ2OSM:dataset": "kx_wellington_city_council",
        "LINZ2OSM:layer": "wcc_buildings",
        "LINZ2OSM:source_version": "2015-02-02",
        "attribution": "https://koordinates.com/publisher/wcc/",
        "building": "yes",
        "linz2osm:objectid": "90123.0",
        "source": "Wellington City Council - photo 2009, 0.30m"
      },
      "geometry": {
        "type": "Polygon",
        "coordinates": [
          [
            [
              174.7770202,
              -41.3161873
            ],
            [
              174.7768777,
              -41.3161826
            ],
            [
              174.7768772,
              -41.3161916
            ],
            [
              174.7768685,
              -41.3161913
            ],
            [
              174.7768667,
              -41.3162227
            ],
            [
              174.7770008,
              -41.3162269
            ],
            [
              174.7770017,
              -41.3161966
            ],
            [
              174.7770197,
              -41.3161972
            ],
            [
              174.7770202,
              -41.3161873
            ]
          ]
        ]
      },
      "id": "way/525849803"
    },
    {
      "type": "Feature",
      "properties": {
        "id": "b_525849804",
        "LINZ2OSM:dataset": "kx_wellington_city_council",
        "LINZ2OSM:layer": "wcc_buildings",
        "LINZ2OSM:source_version": "2015-02-02",
        "attribution": "https://koordinates.com/publisher/wcc/",
        "building": "yes",
        "linz2osm:objectid": "90124.0",
        "source": "Wellington City Council - photo 2009, 0.30m"
      },
      "geometry": {
        "type": "Polygon",
        "coordinates": [
          [
            [
              174.7770176,
              -41.3162591
            ],
            [
              174.7769993,
              -41.3162586
            ],
            [
              174.7770008,
              -41.3162269
            ],
            [
              174.7768667,
              -41.3162227
            ],
            [
              174.7768652,
              -41.3162552
            ],
            [
              174.7768739,
              -41.3162555
            ],
            [
              174.7768734,
              -41.3162639
            ],
            [
              174.7770171,
              -41.3162685
            ],
            [
              174.7770176,
              -41.3162591
            ]
          ]
        ]
      },
      "id": "way/525849804"
    },
    {
      "type": "Feature",
      "properties": {
        "id": "b_525849805",
        "LINZ2OSM:dataset": "kx_wellington_city_council",
        "LINZ2OSM:layer": "wcc_buildings",
        "LINZ2OSM:source_version": "2015-02-02",
        "attribution": "https://koordinates.com/publisher/wcc/",
        "building": "yes",
        "linz2osm:objectid": "90125.0",
        "source": "Wellington City Council - photo 2009, 0.30m"
      },
      "geometry": {
        "type": "Polygon",
        "coordinates": [
          [
            [
              174.7770171,
              -41.3162685
            ],
            [
              174.7768734,
              -41.3162639
            ],
            [
              174.7768729,
              -41.3162727
            ],
            [
              174.7768637,
              -41.3162724
            ],
            [
              174.776862,
              -41.3163029
            ],
            [
              174.7769967,
              -41.3163074
            ],
            [
              174.7769969,
              -41.3162768
            ],
            [
              174.7770166,
              -41.3162774
            ],
            [
              174.7770171,
              -41.3162685
            ]
          ]
        ]
      },
      "id": "way/525849805"
    },
    {
      "type": "Feature",
      "properties": {
        "id": "b_525849806",
        "LINZ2OSM:dataset": "kx_wellington_city_council",
        "LINZ2OSM:layer": "wcc_buildings",
        "LINZ2OSM:source_version": "2015-02-02",
        "attribution": "https://koordinates.com/publisher/wcc/",
        "building": "yes",
        "linz2osm:objectid": "90126.0",
        "source": "Wellington City Council - photo 2009, 0.30m"
      },
      "geometry": {
        "type": "Polygon",
        "coordinates": [
          [
            [
              174.7770136,
              -41.3163397
            ],
            [
              174.7769947,
              -41.3163391
            ],
            [
              174.7769967,
              -41.3163074
            ],
            [
              174.776862,
              -41.3163029
            ],
            [
              174.7768605,
              -41.3163358
            ],
            [
              174.7768693,
              -41.3163361
            ],
            [
              174.7768687,
              -41.3163459
            ],
            [
              174.7769814,
              -41.3163499
            ],
            [
              174.7769808,
              -41.3163585
            ],
            [
              174.7770123,
              -41.3163597
            ],
            [
              174.7770136,
              -41.3163397
            ]
          ]
        ]
      },
      "id": "way/525849806"
    },
    {
      "type": "Feature",
      "properties": {
        "id": "b_525849821",
        "LINZ2OSM:dataset": "kx_wellington_city_council",
        "LINZ2OSM:layer": "wcc_buildings",
        "LINZ2OSM:source_version": "2015-02-02",
        "attribution": "https://koordinates.com/publisher/wcc/",
        "building": "yes",
        "linz2osm:objectid": "90149.0",
        "source": "Wellington City Council - photo 2002"
      },
      "geometry": {
        "type": "Polygon",
        "coordinates": [
          [
            [
              174.7757574,
              -41.3172295
            ],
            [
              174.7757592,
              -41.3171811
            ],
            [
              174.7757293,
              -41.3171802
            ],
            [
              174.7757309,
              -41.3171503
            ],
            [
              174.7757403,
              -41.3171506
            ],
            [
              174.7757416,
              -41.3171233
            ],
            [
              174.7757685,
              -41.3171243
            ],
            [
              174.7757709,
              -41.3170828
            ],
            [
              174.7757586,
              -41.3170824
            ],
            [
              174.7757616,
              -41.3170313
            ],
            [
              174.7757342,
              -41.3170304
            ],
            [
              174.7757359,
              -41.3170027
            ],
            [
              174.7757617,
              -41.3170036
            ],
            [
              174.7757645,
              -41.3169568
            ],
            [
              174.7757363,
              -41.3169558
            ],
            [
              174.775738,
              -41.3169274
            ],
            [
              174.7757396,
              -41.3169014
            ],
            [
              174.7757668,
              -41.3169024
            ],
            [
              174.775767,
              -41.3168997
            ],
            [
              174.7757693,
              -41.3168602
            ],
            [
              174.7757145,
              -41.3168583
            ],
            [
              174.7755909,
              -41.3168541
            ],
            [
              174.7755844,
              -41.3168538
            ],
            [
              174.7755821,
              -41.3168942
            ],
            [
              174.7756057,
              -41.316895
            ],
            [
              174.7756023,
              -41.3169521
            ],
            [
              174.7755782,
              -41.3169513
            ],
            [
              174.7755758,
              -41.3169916
            ],
            [
              174.7755813,
              -41.3169919
            ],
            [
              174.775581,
              -41.3169976
            ],
            [
              174.7755993,
              -41.3169983
            ],
            [
              174.7755976,
              -41.3170264
            ],
            [
              174.775577,
              -41.3170256
            ],
            [
              174.7755745,
              -41.317066
            ],
            [
              174.7755785,
              -41.3170661
            ],
            [
              174.7755781,
              -41.3170714
            ],
            [
              174.7755871,
              -41.3170718
            ],
            [
              174.7755842,
              -41.3171182
            ],
            [
              174.775607,
              -41.317119
            ],
            [
              174.7756034,
              -41.3171767
            ],
            [
              174.7755854,
              -41.3171761
            ],
            [
              174.7755847,
              -41.3171866
            ],
            [
              174.7755818,
              -41.3171865
            ],
            [
              174.7755796,
              -41.3172232
            ],
            [
              174.7757574,
              -41.3172295
            ]
          ]
        ]
      },
      "id": "way/525849821"
    },
    {
      "type": "Feature",
      "properties": {
        "id": "b_525849822",
        "LINZ2OSM:dataset": "kx_wellington_city_council",
        "LINZ2OSM:layer": "wcc_buildings",
        "LINZ2OSM:source_version": "2015-02-02",
        "attribution": "https://koordinates.com/publisher/wcc/",
        "building": "garage",
        "linz2osm:objectid": "90150.0",
        "source": "Wellington City Council - photo 2009, 0.30m"
      },
      "geometry": {
        "type": "Polygon",
        "coordinates": [
          [
            [
              174.7757955,
              -41.3169
            ],
            [
              174.775767,
              -41.3168997
            ],
            [
              174.7757668,
              -41.3169024
            ],
            [
              174.7757396,
              -41.3169014
            ],
            [
              174.775738,
              -41.3169274
            ],
            [
              174.7757949,
              -41.3169282
            ],
            [
              174.7757955,
              -41.3169
            ]
          ]
        ]
      },
      "id": "way/525849822"
    },
    {
      "type": "Feature",
      "properties": {
        "id": "b_525849824",
        "LINZ2OSM:dataset": "kx_wellington_city_council",
        "LINZ2OSM:layer": "wcc_buildings",
        "LINZ2OSM:source_version": "2015-02-02",
        "attribution": "https://koordinates.com/publisher/wcc/",
        "building": "yes",
        "linz2osm:objectid": "90289.0",
        "source": "Wellington City Council - photo 2009, 0.30m"
      },
      "geometry": {
        "type": "Polygon",
        "coordinates": [
          [
            [
              174.7770639,
              -41.3180565
            ],
            [
              174.7770232,
              -41.3180561
            ],
            [
              174.7770232,
              -41.3180337
            ],
            [
              174.777067,
              -41.3180048
            ],
            [
              174.7770839,
              -41.3179805
            ],
            [
              174.7770973,
              -41.3178201
            ],
            [
              174.7771074,
              -41.3177078
            ],
            [
              174.7770808,
              -41.3176794
            ],
            [
              174.7770128,
              -41.3176751
            ],
            [
              174.7769652,
              -41.3176756
            ],
            [
              174.7769397,
              -41.3176897
            ],
            [
              174.7769357,
              -41.3177753
            ],
            [
              174.7769619,
              -41.3177979
            ],
            [
              174.7770035,
              -41.3177984
            ],
            [
              174.7770008,
              -41.3178362
            ],
            [
              174.7768794,
              -41.3178302
            ],
            [
              174.7768801,
              -41.3178151
            ],
            [
              174.7767694,
              -41.3178105
            ],
            [
              174.7767681,
              -41.3178261
            ],
            [
              174.7766085,
              -41.3178221
            ],
            [
              174.7766085,
              -41.317806
            ],
            [
              174.7765012,
              -41.3178035
            ],
            [
              174.7765005,
              -41.3178201
            ],
            [
              174.7762786,
              -41.3178146
            ],
            [
              174.7762685,
              -41.3179646
            ],
            [
              174.7764905,
              -41.3179712
            ],
            [
              174.7764885,
              -41.3179858
            ],
            [
              174.7766018,
              -41.3179898
            ],
            [
              174.7766038,
              -41.3179727
            ],
            [
              174.7767466,
              -41.3179777
            ],
            [
              174.7769875,
              -41.3179851
            ],
            [
              174.7769845,
              -41.3180343
            ],
            [
              174.77696,
              -41.3180496
            ],
            [
              174.776957,
              -41.3181113
            ],
            [
              174.7769798,
              -41.3181286
            ],
            [
              174.7769778,
              -41.3181684
            ],
            [
              174.7768952,
              -41.3181657
            ],
            [
              174.7768949,
              -41.3181715
            ],
            [
              174.7768518,
              -41.3181701
            ],
            [
              174.7768525,
              -41.3181574
            ],
            [
              174.7768434,
              -41.3181571
            ],
            [
              174.7768442,
              -41.3181216
            ],
            [
              174.7768655,
              -41.318108
            ],
            [
              174.7768699,
              -41.3180487
            ],
            [
              174.7768499,
              -41.318032
            ],
            [
              174.7768529,
              -41.3179964
            ],
            [
              174.7767684,
              -41.3179936
            ],
            [
              174.7767678,
              -41.3180291
            ],
            [
              174.776746,
              -41.3180433
            ],
            [
              174.7767434,
              -41.3181039
            ],
            [
              174.776761,
              -41.3181184
            ],
            [
              174.7767588,
              -41.3181545
            ],
            [
              174.7767524,
              -41.3181543
            ],
            [
              174.7767517,
              -41.3181673
            ],
            [
              174.776719,
              -41.3181662
            ],
            [
              174.7767194,
              -41.3181599
            ],
            [
              174.7766269,
              -41.3181569
            ],
            [
              174.7766265,
              -41.3181627
            ],
            [
              174.7765824,
              -41.3181612
            ],
            [
              174.7765833,
              -41.3181461
            ],
            [
              174.7764791,
              -41.3181427
            ],
            [
              174.7764782,
              -41.3181586
            ],
            [
              174.7764065,
              -41.3181563
            ],
            [
              174.7764068,
              -41.3181513
            ],
            [
              174.7763551,
              -41.3181496
            ],
            [
              174.7763549,
              -41.3181545
            ],
            [
              174.7762566,
              -41.3181513
            ],
            [
              174.7762511,
              -41.3182474
            ],
            [
              174.7762157,
              -41.3182463
            ],
            [
              174.7762134,
              -41.3182877
            ],
            [
              174.7762488,
              -41.3182889
            ],
            [
              174.7762484,
              -41.3182962
            ],
            [
              174.7764694,
              -41.3183033
            ],
            [
              174.7764686,
              -41.3183181
            ],
            [
              174.7765724,
              -41.3183215
            ],
            [
              174.7765732,
              -41.3183067
            ],
            [
              174.7767391,
              -41.318312
            ],
            [
              174.7767382,
              -41.3183275
            ],
            [
              174.7768421,
              -41.3183309
            ],
            [
              174.776843,
              -41.3183147
            ],
            [
              174.7770562,
              -41.3183216
            ],
            [
              174.7770644,
              -41.318177
            ],
            [
              174.777056,
              -41.3181767
            ],
            [
              174.7770577,
              -41.318163
            ],
            [
              174.7770164,
              -41.3181316
            ],
            [
              174.7770199,
              -41.3181089
            ],
            [
              174.7770608,
              -41.3181102
            ],
            [
              174.7770639,
              -41.3180565
            ]
          ]
        ]
      },
      "id": "way/525849824"
    },
    {
      "type": "Feature",
      "properties": {
        "id": "b_553203568",
        "LINZ2OSM:dataset": "kx_wellington_city_council",
        "LINZ2OSM:layer": "wcc_buildings",
        "LINZ2OSM:source_version": "2015-02-02",
        "attribution": "https://koordinates.com/publisher/wcc/",
        "building": "yes",
        "linz2osm:objectid": "42462.0",
        "source": "Wellington City Council - photo 1999, 0.15m"
      },
      "geometry": {
        "type": "Polygon",
        "coordinates": [
          [
            [
              174.7779445,
              -41.3163984
            ],
            [
              174.7779467,
              -41.3163445
            ],
            [
              174.7777452,
              -41.3163394
            ],
            [
              174.7777441,
              -41.3163667
            ],
            [
              174.7777225,
              -41.3163661
            ],
            [
              174.7777234,
              -41.3163421
            ],
            [
              174.7776926,
              -41.3163413
            ],
            [
              174.7776908,
              -41.3163782
            ],
            [
              174.7777207,
              -41.316379
            ],
            [
              174.7777204,
              -41.3163876
            ],
            [
              174.7777421,
              -41.3163882
            ],
            [
              174.7777417,
              -41.3163933
            ],
            [
              174.7779445,
              -41.3163984
            ]
          ]
        ]
      },
      "id": "way/553203568"
    },
    {
      "type": "Feature",
      "properties": {
        "id": "b_553204165",
        "LINZ2OSM:dataset": "kx_wellington_city_council",
        "LINZ2OSM:layer": "wcc_buildings",
        "LINZ2OSM:source_version": "2015-02-02",
        "attribution": "https://koordinates.com/publisher/wcc/",
        "building": "yes",
        "linz2osm:objectid": "60155.0",
        "source": "Wellington City Council - photo 2006, 0.30m"
      },
      "geometry": {
        "type": "Polygon",
        "coordinates": [
          [
            [
              174.777765,
              -41.3179568
            ],
            [
              174.77776,
              -41.3180276
            ],
            [
              174.7777865,
              -41.3180286
            ],
            [
              174.7777914,
              -41.3179579
            ],
            [
              174.777765,
              -41.3179568
            ]
          ]
        ]
      },
      "id": "way/553204165"
    },
    {
      "type": "Feature",
      "properties": {
        "id": "b_553204178",
        "LINZ2OSM:dataset": "kx_wellington_city_council",
        "LINZ2OSM:layer": "wcc_buildings",
        "LINZ2OSM:source_version": "2015-02-02",
        "attribution": "https://koordinates.com/publisher/wcc/",
        "building": "yes",
        "linz2osm:objectid": "67282.0",
        "source": "Wellington City Council - photo 2006, 0.30m"
      },
      "geometry": {
        "type": "Polygon",
        "coordinates": [
          [
            [
              174.7773091,
              -41.3170197
            ],
            [
              174.7773435,
              -41.3170913
            ],
            [
              174.7773935,
              -41.3170778
            ],
            [
              174.7773591,
              -41.3170062
            ],
            [
              174.7773091,
              -41.3170197
            ]
          ]
        ]
      },
      "id": "way/553204178"
    },
    {
      "type": "Feature",
      "properties": {
        "id": "b_553204213",
        "LINZ2OSM:dataset": "kx_wellington_city_council",
        "LINZ2OSM:layer": "wcc_buildings",
        "LINZ2OSM:source_version": "2015-02-02",
        "attribution": "https://koordinates.com/publisher/wcc/",
        "building": "yes",
        "linz2osm:objectid": "70226.0",
        "source": "Wellington City Council - photo 2006, 0.30m"
      },
      "geometry": {
        "type": "Polygon",
        "coordinates": [
          [
            [
              174.7774579,
              -41.3182004
            ],
            [
              174.777544,
              -41.3182028
            ],
            [
              174.7775465,
              -41.318167
            ],
            [
              174.7776062,
              -41.3181682
            ],
            [
              174.7776049,
              -41.318206
            ],
            [
              174.7777009,
              -41.3182077
            ],
            [
              174.7777019,
              -41.3181751
            ],
            [
              174.7778323,
              -41.3181774
            ],
            [
              174.7778349,
              -41.3180979
            ],
            [
              174.7778463,
              -41.3180982
            ],
            [
              174.7778482,
              -41.3180412
            ],
            [
              174.7777419,
              -41.3180392
            ],
            [
              174.7777405,
              -41.3180792
            ],
            [
              174.777706,
              -41.3180785
            ],
            [
              174.7777072,
              -41.3180411
            ],
            [
              174.7776123,
              -41.3180393
            ],
            [
              174.7776112,
              -41.3180714
            ],
            [
              174.7775561,
              -41.3180704
            ],
            [
              174.7775574,
              -41.3180305
            ],
            [
              174.7774592,
              -41.3180287
            ],
            [
              174.777458,
              -41.3180672
            ],
            [
              174.7774306,
              -41.3180666
            ],
            [
              174.7774314,
              -41.3180405
            ],
            [
              174.7774497,
              -41.3180409
            ],
            [
              174.7774527,
              -41.3179529
            ],
            [
              174.7774343,
              -41.3179526
            ],
            [
              174.7774353,
              -41.3179242
            ],
            [
              174.7774665,
              -41.3179248
            ],
            [
              174.7774654,
              -41.3179595
            ],
            [
              174.7775635,
              -41.3179614
            ],
            [
              174.7775646,
              -41.3179298
            ],
            [
              174.7776216,
              -41.3179308
            ],
            [
              174.7776204,
              -41.3179669
            ],
            [
              174.7777157,
              -41.3179687
            ],
            [
              174.7777169,
              -41.3179327
            ],
            [
              174.7778436,
              -41.3179351
            ],
            [
              174.7778461,
              -41.3178575
            ],
            [
              174.7778607,
              -41.3178579
            ],
            [
              174.7778626,
              -41.3178011
            ],
            [
              174.7777523,
              -41.317799
            ],
            [
              174.7777511,
              -41.317836
            ],
            [
              174.7777196,
              -41.3178355
            ],
            [
              174.777721,
              -41.317797
            ],
            [
              174.7776264,
              -41.3177954
            ],
            [
              174.7776253,
              -41.3178289
            ],
            [
              174.7775703,
              -41.317828
            ],
            [
              174.7775714,
              -41.317794
            ],
            [
              174.7774749,
              -41.3177922
            ],
            [
              174.7774736,
              -41.3178303
            ],
            [
              174.7774426,
              -41.3178298
            ],
            [
              174.7774437,
              -41.3177971
            ],
            [
              174.7774592,
              -41.3177974
            ],
            [
              174.777462,
              -41.3177134
            ],
            [
              174.7774481,
              -41.3177131
            ],
            [
              174.7774492,
              -41.3176798
            ],
            [
              174.7775198,
              -41.317681
            ],
            [
              174.7775185,
              -41.3177232
            ],
            [
              174.7776235,
              -41.3177253
            ],
            [
              174.7776247,
              -41.3176869
            ],
            [
              174.7776975,
              -41.3176882
            ],
            [
              174.7776961,
              -41.3177304
            ],
            [
              174.7778672,
              -41.3177336
            ],
            [
              174.7778693,
              -41.3176714
            ],
            [
              174.7778346,
              -41.3176707
            ],
            [
              174.7778354,
              -41.3176448
            ],
            [
              174.7778645,
              -41.3176454
            ],
            [
              174.7778683,
              -41.3175302
            ],
            [
              174.7778826,
              -41.3175304
            ],
            [
              174.7778857,
              -41.3174375
            ],
            [
              174.7778773,
              -41.3174373
            ],
            [
              174.7778816,
              -41.3173078
            ],
            [
              174.7778903,
              -41.317308
            ],
            [
              174.7778923,
              -41.3172451
            ],
            [
              174.7777137,
              -41.3172417
            ],
            [
              174.7777125,
              -41.3172803
            ],
            [
              174.7776468,
              -41.3172792
            ],
            [
              174.7776482,
              -41.3172355
            ],
            [
              174.7775407,
              -41.3172334
            ],
            [
              174.7775394,
              -41.3172755
            ],
            [
              174.7774451,
              -41.3172737
            ],
            [
              174.7774466,
              -41.317228
            ],
            [
              174.7773302,
              -41.3172258
            ],
            [
              174.7773172,
              -41.3176193
            ],
            [
              174.7773405,
              -41.3176198
            ],
            [
              174.7773388,
              -41.317671
            ],
            [
              174.7772909,
              -41.3176701
            ],
            [
              174.7772831,
              -41.3177932
            ],
            [
              174.777282,
              -41.31783
            ],
            [
              174.777332,
              -41.3178309
            ],
            [
              174.7773303,
              -41.3178837
            ],
            [
              174.7773004,
              -41.3178832
            ],
            [
              174.7772933,
              -41.3180981
            ],
            [
              174.7773148,
              -41.3180986
            ],
            [
              174.7773144,
              -41.3181658
            ],
            [
              174.777421,
              -41.318168
            ],
            [
              174.777425,
              -41.3181604
            ],
            [
              174.7774604,
              -41.3181611
            ],
            [
              174.7774579,
              -41.3182004
            ]
          ]
        ]
      },
      "id": "way/553204213"
    },
    {
      "type": "Feature",
      "properties": {
        "id": "b_553204361",
        "LINZ2OSM:dataset": "kx_wellington_city_council",
        "LINZ2OSM:layer": "wcc_buildings",
        "LINZ2OSM:source_version": "2015-02-02",
        "attribution": "https://koordinates.com/publisher/wcc/",
        "building": "yes",
        "linz2osm:objectid": "90105.0",
        "source": "Wellington City Council - photo 2009, 0.30m"
      },
      "geometry": {
        "type": "Polygon",
        "coordinates": [
          [
            [
              174.7776151,
              -41.3160989
            ],
            [
              174.7774856,
              -41.3160961
            ],
            [
              174.777467,
              -41.3160956
            ],
            [
              174.7774656,
              -41.3161248
            ],
            [
              174.7774789,
              -41.3161252
            ],
            [
              174.7774784,
              -41.3161356
            ],
            [
              174.777479,
              -41.3161356
            ],
            [
              174.7775906,
              -41.316139
            ],
            [
              174.7775911,
              -41.3161282
            ],
            [
              174.7775979,
              -41.3161284
            ],
            [
              174.777598,
              -41.3161263
            ],
            [
              174.7776139,
              -41.3161267
            ],
            [
              174.7776151,
              -41.3160989
            ]
          ]
        ]
      },
      "id": "way/553204361"
    },
    {
      "type": "Feature",
      "properties": {
        "id": "b_553204362",
        "LINZ2OSM:dataset": "kx_wellington_city_council",
        "LINZ2OSM:layer": "wcc_buildings",
        "LINZ2OSM:source_version": "2015-02-02",
        "attribution": "https://koordinates.com/publisher/wcc/",
        "building": "yes",
        "linz2osm:objectid": "90108.0",
        "source": "Wellington City Council - photo 2009, 0.30m"
      },
      "geometry": {
        "type": "Polygon",
        "coordinates": [
          [
            [
              174.777605,
              -41.3162196
            ],
            [
              174.7776041,
              -41.3162196
            ],
            [
              174.7774922,
              -41.316217
            ],
            [
              174.7774916,
              -41.316217
            ],
            [
              174.7774912,
              -41.3162285
            ],
            [
              174.7774777,
              -41.3162282
            ],
            [
              174.7774765,
              -41.3162572
            ],
            [
              174.7774783,
              -41.3162572
            ],
            [
              174.7776117,
              -41.3162603
            ],
            [
              174.777613,
              -41.3162604
            ],
            [
              174.7776131,
              -41.3162576
            ],
            [
              174.7776268,
              -41.3162579
            ],
            [
              174.7776278,
              -41.3162333
            ],
            [
              174.7776135,
              -41.316233
            ],
            [
              174.7776137,
              -41.3162295
            ],
            [
              174.7776046,
              -41.3162293
            ],
            [
              174.777605,
              -41.3162196
            ]
          ]
        ]
      },
      "id": "way/553204362"
    },
    {
      "type": "Feature",
      "properties": {
        "id": "b_553204363",
        "LINZ2OSM:dataset": "kx_wellington_city_council",
        "LINZ2OSM:layer": "wcc_buildings",
        "LINZ2OSM:source_version": "2015-02-02",
        "attribution": "https://koordinates.com/publisher/wcc/",
        "building": "yes",
        "linz2osm:objectid": "90109.0",
        "source": "Wellington City Council - photo 2009, 0.30m"
      },
      "geometry": {
        "type": "Polygon",
        "coordinates": [
          [
            [
              174.7776117,
              -41.3162603
            ],
            [
              174.7774783,
              -41.3162572
            ],
            [
              174.7774763,
              -41.3162973
            ],
            [
              174.7776093,
              -41.3163006
            ],
            [
              174.7776117,
              -41.3162603
            ]
          ]
        ]
      },
      "id": "way/553204363"
    },
    {
      "type": "Feature",
      "properties": {
        "id": "b_553204364",
        "LINZ2OSM:dataset": "kx_wellington_city_council",
        "LINZ2OSM:layer": "wcc_buildings",
        "LINZ2OSM:source_version": "2015-02-02",
        "attribution": "https://koordinates.com/publisher/wcc/",
        "building": "yes",
        "linz2osm:objectid": "90110.0",
        "source": "Wellington City Council - photo 2009, 0.30m"
      },
      "geometry": {
        "type": "Polygon",
        "coordinates": [
          [
            [
              174.7776093,
              -41.3163006
            ],
            [
              174.7774763,
              -41.3162973
            ],
            [
              174.7774746,
              -41.3162973
            ],
            [
              174.7774736,
              -41.3163207
            ],
            [
              174.7776083,
              -41.316324
            ],
            [
              174.7776093,
              -41.3163006
            ]
          ]
        ]
      },
      "id": "way/553204364"
    },
    {
      "type": "Feature",
      "properties": {
        "id": "b_553204388",
        "LINZ2OSM:dataset": "kx_wellington_city_council",
        "LINZ2OSM:layer": "wcc_buildings",
        "LINZ2OSM:source_version": "2015-02-02",
        "attribution": "https://koordinates.com/publisher/wcc/",
        "building": "yes",
        "linz2osm:objectid": "90106.0",
        "source": "Wellington City Council - photo 2009, 0.30m"
      },
      "geometry": {
        "type": "Polygon",
        "coordinates": [
          [
            [
              174.7775906,
              -41.316139
            ],
            [
              174.777479,
              -41.3161356
            ],
            [
              174.7774784,
              -41.316147
            ],
            [
              174.7774642,
              -41.3161465
            ],
            [
              174.7774625,
              -41.3161753
            ],
            [
              174.7774806,
              -41.3161758
            ],
            [
              174.777612,
              -41.3161793
            ],
            [
              174.7776134,
              -41.3161516
            ],
            [
              174.7775994,
              -41.3161512
            ],
            [
              174.7775995,
              -41.3161484
            ],
            [
              174.7775901,
              -41.3161481
            ],
            [
              174.7775906,
              -41.316139
            ]
          ]
        ]
      },
      "id": "way/553204388"
    },
    {
      "type": "Feature",
      "properties": {
        "id": "b_553204389",
        "LINZ2OSM:dataset": "kx_wellington_city_council",
        "LINZ2OSM:layer": "wcc_buildings",
        "LINZ2OSM:source_version": "2015-02-02",
        "attribution": "https://koordinates.com/publisher/wcc/",
        "building": "yes",
        "linz2osm:objectid": "90107.0",
        "source": "Wellington City Council - photo 2009, 0.30m"
      },
      "geometry": {
        "type": "Polygon",
        "coordinates": [
          [
            [
              174.7776308,
              -41.3161839
            ],
            [
              174.7776119,
              -41.3161834
            ],
            [
              174.777612,
              -41.3161793
            ],
            [
              174.7774806,
              -41.3161758
            ],
            [
              174.7774792,
              -41.316206
            ],
            [
              174.7774926,
              -41.3162063
            ],
            [
              174.7774922,
              -41.316217
            ],
            [
              174.7776041,
              -41.3162196
            ],
            [
              174.7776045,
              -41.3162103
            ],
            [
              174.7776112,
              -41.3162105
            ],
            [
              174.7776114,
              -41.316207
            ],
            [
              174.7776297,
              -41.3162075
            ],
            [
              174.7776308,
              -41.3161839
            ]
          ]
        ]
      },
      "id": "way/553204389"
    },
    {
      "type": "Feature",
      "properties": {
        "id": "b_553204390",
        "LINZ2OSM:dataset": "kx_wellington_city_council",
        "LINZ2OSM:layer": "wcc_buildings",
        "LINZ2OSM:source_version": "2015-02-02",
        "attribution": "https://koordinates.com/publisher/wcc/",
        "building": "yes",
        "linz2osm:objectid": "90098.0",
        "source": "Wellington City Council - photo 2009, 0.30m"
      },
      "geometry": {
        "type": "Polygon",
        "coordinates": [
          [
            [
              174.7779058,
              -41.3160669
            ],
            [
              174.7777871,
              -41.3160643
            ],
            [
              174.777768,
              -41.3160637
            ],
            [
              174.777766,
              -41.3161031
            ],
            [
              174.7779056,
              -41.3161092
            ],
            [
              174.7779058,
              -41.3160669
            ]
          ]
        ]
      },
      "id": "way/553204390"
    },
    {
      "type": "Feature",
      "properties": {
        "id": "b_553204391",
        "LINZ2OSM:dataset": "kx_wellington_city_council",
        "LINZ2OSM:layer": "wcc_buildings",
        "LINZ2OSM:source_version": "2015-02-02",
        "attribution": "https://koordinates.com/publisher/wcc/",
        "building": "yes",
        "linz2osm:objectid": "90099.0",
        "source": "Wellington City Council - photo 2009, 0.30m"
      },
      "geometry": {
        "type": "Polygon",
        "coordinates": [
          [
            [
              174.7779056,
              -41.3161092
            ],
            [
              174.777766,
              -41.3161031
            ],
            [
              174.777765,
              -41.3161436
            ],
            [
              174.7777827,
              -41.3161442
            ],
            [
              174.7779034,
              -41.3161482
            ],
            [
              174.7779056,
              -41.3161092
            ]
          ]
        ]
      },
      "id": "way/553204391"
    },
    {
      "type": "Feature",
      "properties": {
        "id": "b_553204392",
        "LINZ2OSM:dataset": "kx_wellington_city_council",
        "LINZ2OSM:layer": "wcc_buildings",
        "LINZ2OSM:source_version": "2015-02-02",
        "attribution": "https://koordinates.com/publisher/wcc/",
        "building": "yes",
        "linz2osm:objectid": "90100.0",
        "source": "Wellington City Council - photo 2009, 0.30m"
      },
      "geometry": {
        "type": "Polygon",
        "coordinates": [
          [
            [
              174.7779189,
              -41.3161487
            ],
            [
              174.7779034,
              -41.3161482
            ],
            [
              174.7777827,
              -41.3161442
            ],
            [
              174.7777806,
              -41.3161851
            ],
            [
              174.7779167,
              -41.3161903
            ],
            [
              174.7779189,
              -41.3161487
            ]
          ]
        ]
      },
      "id": "way/553204392"
    },
    {
      "type": "Feature",
      "properties": {
        "id": "b_553204393",
        "LINZ2OSM:dataset": "kx_wellington_city_council",
        "LINZ2OSM:layer": "wcc_buildings",
        "LINZ2OSM:source_version": "2015-02-02",
        "attribution": "https://koordinates.com/publisher/wcc/",
        "building": "yes",
        "linz2osm:objectid": "90101.0",
        "source": "Wellington City Council - photo 2009, 0.30m"
      },
      "geometry": {
        "type": "Polygon",
        "coordinates": [
          [
            [
              174.777896,
              -41.3162286
            ],
            [
              174.7777788,
              -41.3162258
            ],
            [
              174.7777587,
              -41.3162253
            ],
            [
              174.777757,
              -41.3162656
            ],
            [
              174.7778943,
              -41.3162683
            ],
            [
              174.777896,
              -41.3162286
            ]
          ]
        ]
      },
      "id": "way/553204393"
    },
    {
      "type": "Feature",
      "properties": {
        "id": "b_553204394",
        "LINZ2OSM:dataset": "kx_wellington_city_council",
        "LINZ2OSM:layer": "wcc_buildings",
        "LINZ2OSM:source_version": "2015-02-02",
        "attribution": "https://koordinates.com/publisher/wcc/",
        "building": "yes",
        "linz2osm:objectid": "90102.0",
        "source": "Wellington City Council - photo 2009, 0.30m"
      },
      "geometry": {
        "type": "Polygon",
        "coordinates": [
          [
            [
              174.7778953,
              -41.3162683
            ],
            [
              174.7778943,
              -41.3162683
            ],
            [
              174.777757,
              -41.3162656
            ],
            [
              174.7777552,
              -41.3163052
            ],
            [
              174.777757,
              -41.3163052
            ],
            [
              174.777892,
              -41.3163087
            ],
            [
              174.7778935,
              -41.3163087
            ],
            [
              174.7778953,
              -41.3162683
            ]
          ]
        ]
      },
      "id": "way/553204394"
    },
    {
      "type": "Feature",
      "properties": {
        "id": "b_553204395",
        "LINZ2OSM:dataset": "kx_wellington_city_council",
        "LINZ2OSM:layer": "wcc_buildings",
        "LINZ2OSM:source_version": "2015-02-02",
        "attribution": "https://koordinates.com/publisher/wcc/",
        "building": "yes",
        "linz2osm:objectid": "90103.0",
        "source": "Wellington City Council - photo 2009, 0.30m"
      },
      "geometry": {
        "type": "Polygon",
        "coordinates": [
          [
            [
              174.777892,
              -41.3163087
            ],
            [
              174.777757,
              -41.3163052
            ],
            [
              174.7777556,
              -41.3163277
            ],
            [
              174.7778907,
              -41.3163321
            ],
            [
              174.777892,
              -41.3163087
            ]
          ]
        ]
      },
      "id": "way/553204395"
    },
    {
      "type": "Feature",
      "properties": {
        "id": "b_553204396",
        "LINZ2OSM:dataset": "kx_wellington_city_council",
        "LINZ2OSM:layer": "wcc_buildings",
        "LINZ2OSM:source_version": "2015-02-02",
        "attribution": "https://koordinates.com/publisher/wcc/",
        "building": "yes",
        "linz2osm:objectid": "90104.0",
        "source": "Wellington City Council - photo 2009, 0.30m"
      },
      "geometry": {
        "type": "Polygon",
        "coordinates": [
          [
            [
              174.7776134,
              -41.316057
            ],
            [
              174.777502,
              -41.3160543
            ],
            [
              174.7775012,
              -41.3160664
            ],
            [
              174.7774871,
              -41.316066
            ],
            [
              174.7774856,
              -41.3160961
            ],
            [
              174.7776151,
              -41.3160989
            ],
            [
              174.7776183,
              -41.316099
            ],
            [
              174.7776184,
              -41.3160964
            ],
            [
              174.7776348,
              -41.3160968
            ],
            [
              174.7776361,
              -41.3160716
            ],
            [
              174.7776227,
              -41.3160712
            ],
            [
              174.7776229,
              -41.3160683
            ],
            [
              174.7776129,
              -41.316068
            ],
            [
              174.7776134,
              -41.316057
            ]
          ]
        ]
      },
      "id": "way/553204396"
    },
    {
      "type": "Feature",
      "properties": {
        "id": "b_553204400",
        "LINZ2OSM:dataset": "kx_wellington_city_council",
        "LINZ2OSM:layer": "wcc_buildings",
        "LINZ2OSM:source_version": "2015-02-02",
        "attribution": "https://koordinates.com/publisher/wcc/",
        "building": "yes",
        "linz2osm:objectid": "90143.0",
        "source": "Wellington City Council - photo 2009, 0.30m"
      },
      "geometry": {
        "type": "Polygon",
        "coordinates": [
          [
            [
              174.7779193,
              -41.3161904
            ],
            [
              174.7779167,
              -41.3161903
            ],
            [
              174.7777806,
              -41.3161851
            ],
            [
              174.7777788,
              -41.3162258
            ],
            [
              174.777896,
              -41.3162286
            ],
            [
              174.7779173,
              -41.3162291
            ],
            [
              174.7779193,
              -41.3161904
            ]
          ]
        ]
      },
      "id": "way/553204400"
    },
    {
      "type": "Feature",
      "properties": {
        "id": "b_553204464",
        "LINZ2OSM:dataset": "kx_wellington_city_council",
        "LINZ2OSM:layer": "wcc_buildings",
        "LINZ2OSM:source_version": "2015-02-02",
        "attribution": "https://koordinates.com/publisher/wcc/",
        "building": "yes",
        "linz2osm:objectid": "95993.0",
        "source": "Wellington City Council - Photo 2012, +/- 0.3m"
      },
      "geometry": {
        "type": "Polygon",
        "coordinates": [
          [
            [
              174.7775809,
              -41.3184543
            ],
            [
              174.7775796,
              -41.3184543
            ],
            [
              174.7775832,
              -41.3184068
            ],
            [
              174.7775109,
              -41.3184037
            ],
            [
              174.7775051,
              -41.31848
            ],
            [
              174.7775787,
              -41.3184832
            ],
            [
              174.7775809,
              -41.3184543
            ]
          ]
        ]
      },
      "id": "way/553204464"
    },
    {
      "type": "Feature",
      "properties": {
        "id": "b_553204467",
        "LINZ2OSM:dataset": "kx_wellington_city_council",
        "LINZ2OSM:layer": "wcc_buildings",
        "LINZ2OSM:source_version": "2015-02-02",
        "attribution": "https://koordinates.com/publisher/wcc/",
        "building": "kindergarten",
        "linz2osm:objectid": "95992.0",
        "source": "Wellington City Council - Photo 2012, +/- 0.3m"
      },
      "geometry": {
        "type": "Polygon",
        "coordinates": [
          [
            [
              174.7779258,
              -41.3165627
            ],
            [
              174.7777358,
              -41.3165574
            ],
            [
              174.7777294,
              -41.3166881
            ],
            [
              174.7774734,
              -41.316681
            ],
            [
              174.7774665,
              -41.3168215
            ],
            [
              174.7776984,
              -41.316828
            ],
            [
              174.7776977,
              -41.3168417
            ],
            [
              174.7777777,
              -41.3168439
            ],
            [
              174.7777783,
              -41.3168307
            ],
            [
              174.7779119,
              -41.3168344
            ],
            [
              174.7779152,
              -41.3167679
            ],
            [
              174.777913,
              -41.3167679
            ],
            [
              174.7779198,
              -41.3166294
            ],
            [
              174.7779225,
              -41.3166295
            ],
            [
              174.7779258,
              -41.3165627
            ]
          ]
        ]
      },
      "id": "way/553204467"
    },
    {
      "type": "Feature",
      "properties": {
        "id": "b_553204479",
        "LINZ2OSM:dataset": "kx_wellington_city_council",
        "LINZ2OSM:layer": "wcc_buildings",
        "LINZ2OSM:source_version": "2015-02-02",
        "attribution": "https://koordinates.com/publisher/wcc/",
        "building": "shed",
        "linz2osm:objectid": "96036.0",
        "source": "Wellington City Council - Photo 2012, +/- 0.3m"
      },
      "geometry": {
        "type": "Polygon",
        "coordinates": [
          [
            [
              174.7777752,
              -41.3165412
            ],
            [
              174.7777451,
              -41.3165404
            ],
            [
              174.7777447,
              -41.3165508
            ],
            [
              174.7777748,
              -41.3165515
            ],
            [
              174.7777752,
              -41.3165412
            ]
          ]
        ]
      },
      "id": "way/553204479"
    },
    {
      "type": "Feature",
      "properties": {
        "id": "b_553204480",
        "LINZ2OSM:dataset": "kx_wellington_city_council",
        "LINZ2OSM:layer": "wcc_buildings",
        "LINZ2OSM:source_version": "2015-02-02",
        "attribution": "https://koordinates.com/publisher/wcc/",
        "building": "shed",
        "linz2osm:objectid": "96037.0",
        "source": "Wellington City Council - Photo 2012, +/- 0.3m"
      },
      "geometry": {
        "type": "Polygon",
        "coordinates": [
          [
            [
              174.7779237,
              -41.316532
            ],
            [
              174.7779098,
              -41.3165316
            ],
            [
              174.7779087,
              -41.3165537
            ],
            [
              174.7779226,
              -41.3165541
            ],
            [
              174.7779237,
              -41.316532
            ]
          ]
        ]
      },
      "id": "way/553204480"
    },
    {
      "type": "Feature",
      "properties": {
        "id": "b_643611752",
        "building": "yes"
      },
      "geometry": {
        "type": "Polygon",
        "coordinates": [
          [
            [
              174.7772045,
              -41.3165619
            ],
            [
              174.7770203,
              -41.3165558
            ],
            [
              174.7770073,
              -41.3168184
            ],
            [
              174.7770887,
              -41.3168202
            ],
            [
              174.7770879,
              -41.3168104
            ],
            [
              174.7771939,
              -41.3168123
            ],
            [
              174.7772045,
              -41.3165619
            ]
          ]
        ]
      },
      "id": "way/643611752"
    },
    {
      "type": "Feature",
      "properties": {
        "id": "b_878824386",
        "building": "yes"
      },
      "geometry": {
        "type": "Polygon",
        "coordinates": [
          [
            [
              174.7771278,
              -41.3171802
            ],
            [
              174.7769167,
              -41.3171744
            ],
            [
              174.7769175,
              -41.3171569
            ],
            [
              174.7767962,
              -41.3171535
            ],
            [
              174.7767952,
              -41.3171717
            ],
            [
              174.7766479,
              -41.3171675
            ],
            [
              174.776649,
              -41.3171473
            ],
            [
              174.7765287,
              -41.3171437
            ],
            [
              174.7765279,
              -41.3171581
            ],
            [
              174.7763049,
              -41.3171513
            ],
            [
              174.7762964,
              -41.3173098
            ],
            [
              174.7765244,
              -41.3173168
            ],
            [
              174.7765238,
              -41.3173284
            ],
            [
              174.7766371,
              -41.3173318
            ],
            [
              174.7766379,
              -41.3173158
            ],
            [
              174.7768004,
              -41.3173205
            ],
            [
              174.7767995,
              -41.3173395
            ],
            [
              174.7769027,
              -41.3173424
            ],
            [
              174.7769035,
              -41.317326
            ],
            [
              174.7770319,
              -41.3173288
            ],
            [
              174.7771049,
              -41.3173318
            ],
            [
              174.7771205,
              -41.3173319
            ],
            [
              174.7771278,
              -41.3171802
            ]
          ]
        ]
      },
      "id": "way/878824386"
    },
    {
      "type": "Feature",
      "properties": {
        "id": "b_878824387",
        "building": "yes"
      },
      "geometry": {
        "type": "Polygon",
        "coordinates": [
          [
            [
              174.7771118,
              -41.317511
            ],
            [
              174.7770915,
              -41.3175083
            ],
            [
              174.7770196,
              -41.3175073
            ],
            [
              174.7769006,
              -41.3175052
            ],
            [
              174.7769014,
              -41.3174877
            ],
            [
              174.7767801,
              -41.3174843
            ],
            [
              174.7767792,
              -41.3175025
            ],
            [
              174.7766319,
              -41.3174983
            ],
            [
              174.7766329,
              -41.3174781
            ],
            [
              174.7765126,
              -41.3174745
            ],
            [
              174.7765119,
              -41.317489
            ],
            [
              174.7764939,
              -41.3174877
            ],
            [
              174.7763912,
              -41.3174831
            ],
            [
              174.7762889,
              -41.3174822
            ],
            [
              174.7762803,
              -41.3176407
            ],
            [
              174.7765083,
              -41.3176476
            ],
            [
              174.7765077,
              -41.3176593
            ],
            [
              174.776621,
              -41.3176626
            ],
            [
              174.7766219,
              -41.3176466
            ],
            [
              174.7767843,
              -41.3176513
            ],
            [
              174.7767834,
              -41.3176704
            ],
            [
              174.7768866,
              -41.3176733
            ],
            [
              174.7768874,
              -41.3176568
            ],
            [
              174.7771044,
              -41.3176627
            ],
            [
              174.7771118,
              -41.317511
            ]
          ]
        ]
      },
      "id": "way/878824387"
    },
    {
      "type": "Feature",
      "properties": {
        "id": "b_878824388",
        "building": "yes"
      },
      "geometry": {
        "type": "Polygon",
        "coordinates": [
          [
            [
              174.7770319,
              -41.3173288
            ],
            [
              174.7770289,
              -41.3173699
            ],
            [
              174.7770021,
              -41.317387
            ],
            [
              174.7770048,
              -41.3174495
            ],
            [
              174.7770208,
              -41.3174616
            ],
            [
              174.7770196,
              -41.3175073
            ],
            [
              174.7770915,
              -41.3175083
            ],
            [
              174.7770919,
              -41.3174908
            ],
            [
              174.7770651,
              -41.3174777
            ],
            [
              174.7770658,
              -41.3174539
            ],
            [
              174.7771082,
              -41.3174546
            ],
            [
              174.7771101,
              -41.3173925
            ],
            [
              174.7770711,
              -41.3173918
            ],
            [
              174.7770718,
              -41.3173679
            ],
            [
              174.777104,
              -41.3173437
            ],
            [
              174.7771049,
              -41.3173318
            ],
            [
              174.7770319,
              -41.3173288
            ]
          ]
        ]
      },
      "id": "way/878824388"
    },
    {
      "type": "Feature",
      "properties": {
        "id": "b_878824389",
        "building": "yes"
      },
      "geometry": {
        "type": "Polygon",
        "coordinates": [
          [
            [
              174.7763087,
              -41.3173311
            ],
            [
              174.7762983,
              -41.3174606
            ],
            [
              174.7763926,
              -41.3174649
            ],
            [
              174.7763912,
              -41.3174831
            ],
            [
              174.7764939,
              -41.3174877
            ],
            [
              174.7765058,
              -41.31734
            ],
            [
              174.7763087,
              -41.3173311
            ]
          ]
        ]
      },
      "id": "way/878824389"
    },
    {
      "type": "Feature",
      "properties": {
        "id": "b_878824390",
        "building": "yes"
      },
      "geometry": {
        "type": "Polygon",
        "coordinates": [
          [
            [
              174.7768341,
              -41.3171358
            ],
            [
              174.7768399,
              -41.3169771
            ],
            [
              174.7768632,
              -41.3169776
            ],
            [
              174.7768667,
              -41.3168865
            ],
            [
              174.7768423,
              -41.3168859
            ],
            [
              174.7768467,
              -41.3167753
            ],
            [
              174.7768736,
              -41.3167759
            ],
            [
              174.7768772,
              -41.3166855
            ],
            [
              174.776858,
              -41.3166851
            ],
            [
              174.776865,
              -41.3165175
            ],
            [
              174.776654,
              -41.3165125
            ],
            [
              174.7766468,
              -41.3166838
            ],
            [
              174.7766312,
              -41.3166835
            ],
            [
              174.7766278,
              -41.3167686
            ],
            [
              174.7766491,
              -41.3167691
            ],
            [
              174.7766444,
              -41.3168912
            ],
            [
              174.776619,
              -41.3168906
            ],
            [
              174.776616,
              -41.3169682
            ],
            [
              174.776638,
              -41.3169686
            ],
            [
              174.776632,
              -41.3171316
            ],
            [
              174.7768341,
              -41.3171358
            ]
          ]
        ]
      },
      "id": "way/878824390"
    },
    {
      "type": "Feature",
      "properties": {
        "id": "b_878824395",
        "LINZ2OSM:dataset": "kx_wellington_city_council",
        "LINZ2OSM:layer": "wcc_buildings",
        "LINZ2OSM:source_version": "2015-02-02",
        "attribution": "https://koordinates.com/publisher/wcc/",
        "building": "terrace",
        "linz2osm:objectid": "41845.0",
        "source": "Wellington City Council - photo 1999, 0.15m"
      },
      "geometry": {
        "type": "Polygon",
        "coordinates": [
          [
            [
              174.7761369,
              -41.316091
            ],
            [
              174.7762805,
              -41.3160994
            ],
            [
              174.7762861,
              -41.3159647
            ],
            [
              174.7761424,
              -41.3159612
            ],
            [
              174.7761369,
              -41.316091
            ]
          ]
        ]
      },
      "id": "way/878824395"
    },
    {
      "type": "Feature",
      "properties": {
        "id": "b_1150367744",
        "building": "yes",
        "building:levels": "1"
      },
      "geometry": {
        "type": "Polygon",
        "coordinates": [
          [
            [
              174.77655,
              -41.3163441
            ],
            [
              174.7765664,
              -41.3164281
            ],
            [
              174.776638,
              -41.3164206
            ],
            [
              174.7766302,
              -41.3163852
            ],
            [
              174.7766993,
              -41.316378
            ],
            [
              174.7766927,
              -41.3163442
            ],
            [
              174.7767194,
              -41.3163419
            ],
            [
              174.7767032,
              -41.3162516
            ],
            [
              174.7766763,
              -41.3162545
            ],
            [
              174.7766702,
              -41.3162207
            ],
            [
              174.7766016,
              -41.3162269
            ],
            [
              174.7765952,
              -41.3161929
            ],
            [
              174.7765272,
              -41.316198
            ],
            [
              174.7765384,
              -41.3162821
            ],
            [
              174.7765728,
              -41.3162789
            ],
            [
              174.776584,
              -41.3163406
            ],
            [
              174.77655,
              -41.3163441
            ]
          ]
        ]
      },
      "id": "way/1150367744"
    },
    {
      "type": "Feature",
      "properties": {
        "id": "b_1150367745",
        "building": "yes",
        "building:levels": "1"
      },
      "geometry": {
        "type": "Polygon",
        "coordinates": [
          [
            [
              174.7764268,
              -41.3164408
            ],
            [
              174.7764942,
              -41.3164344
            ],
            [
              174.7764799,
              -41.3163518
            ],
            [
              174.7764478,
              -41.3163549
            ],
            [
              174.7764358,
              -41.3162912
            ],
            [
              174.7764687,
              -41.3162874
            ],
            [
              174.7764547,
              -41.3162067
            ],
            [
              174.7763871,
              -41.3162131
            ],
            [
              174.7763935,
              -41.3162477
            ],
            [
              174.7763245,
              -41.3162545
            ],
            [
              174.7763301,
              -41.3162901
            ],
            [
              174.7763048,
              -41.3162931
            ],
            [
              174.7763194,
              -41.3163819
            ],
            [
              174.7763246,
              -41.3163815
            ],
            [
              174.7763295,
              -41.3164149
            ],
            [
              174.7764203,
              -41.3164057
            ],
            [
              174.7764268,
              -41.3164408
            ]
          ]
        ]
      },
      "id": "way/1150367745"
    },
    {
      "type": "Feature",
      "properties": {
        "id": "b_1150367746",
        "building": "yes",
        "building:levels": "1"
      },
      "geometry": {
        "type": "Polygon",
        "coordinates": [
          [
            [
              174.7764475,
              -41.3167849
            ],
            [
              174.776451,
              -41.3167342
            ],
            [
              174.7764771,
              -41.3167346
            ],
            [
              174.7764792,
              -41.3166766
            ],
            [
              174.7764531,
              -41.3166756
            ],
            [
              174.7764555,
              -41.3166259
            ],
            [
              174.7764726,
              -41.3166267
            ],
            [
              174.776475,
              -41.3165758
            ],
            [
              174.7764989,
              -41.316577
            ],
            [
              174.776502,
              -41.3165186
            ],
            [
              174.7764777,
              -41.3165175
            ],
            [
              174.7764781,
              -41.3165026
            ],
            [
              174.7764754,
              -41.3165024
            ],
            [
              174.7764773,
              -41.3164663
            ],
            [
              174.7764025,
              -41.3164641
            ],
            [
              174.7764023,
              -41.3164603
            ],
            [
              174.7763882,
              -41.3164599
            ],
            [
              174.7763882,
              -41.3164637
            ],
            [
              174.7763383,
              -41.3164622
            ],
            [
              174.7763387,
              -41.3164653
            ],
            [
              174.7763183,
              -41.3164646
            ],
            [
              174.7763173,
              -41.3164969
            ],
            [
              174.7763126,
              -41.3164971
            ],
            [
              174.776308,
              -41.3165878
            ],
            [
              174.7763132,
              -41.3165878
            ],
            [
              174.7763121,
              -41.3166205
            ],
            [
              174.7762966,
              -41.3166204
            ],
            [
              174.7762957,
              -41.3166545
            ],
            [
              174.7762895,
              -41.3166545
            ],
            [
              174.7762852,
              -41.3167453
            ],
            [
              174.7762904,
              -41.3167455
            ],
            [
              174.7762895,
              -41.3167775
            ],
            [
              174.7763106,
              -41.3167781
            ],
            [
              174.7763108,
              -41.3167803
            ],
            [
              174.7764475,
              -41.3167849
            ]
          ]
        ]
      },
      "id": "way/1150367746"
    },
    {
      "type": "Feature",
      "properties": {
        "id": "b_1150367747",
        "building": "yes"
      },
      "geometry": {
        "type": "Polygon",
        "coordinates": [
          [
            [
              174.7764563,
              -41.3168091
            ],
            [
              174.7763023,
              -41.316806
            ],
            [
              174.7763008,
              -41.3168376
            ],
            [
              174.7762923,
              -41.3168376
            ],
            [
              174.7762892,
              -41.3169282
            ],
            [
              174.7762947,
              -41.3169285
            ],
            [
              174.7762934,
              -41.3169615
            ],
            [
              174.776273,
              -41.3169615
            ],
            [
              174.7762711,
              -41.3170072
            ],
            [
              174.7762763,
              -41.3170072
            ],
            [
              174.7762748,
              -41.3170382
            ],
            [
              174.776295,
              -41.3170388
            ],
            [
              174.776295,
              -41.3170414
            ],
            [
              174.7764329,
              -41.3170426
            ],
            [
              174.7764345,
              -41.3170113
            ],
            [
              174.7764382,
              -41.3170117
            ],
            [
              174.7764387,
              -41.3169955
            ],
            [
              174.7764608,
              -41.3169961
            ],
            [
              174.7764613,
              -41.3169681
            ],
            [
              174.7764515,
              -41.3169677
            ],
            [
              174.7764515,
              -41.3169323
            ],
            [
              174.776456,
              -41.3169325
            ],
            [
              174.7764555,
              -41.3169161
            ],
            [
              174.77648,
              -41.3169169
            ],
            [
              174.7764815,
              -41.3168579
            ],
            [
              174.776459,
              -41.3168574
            ],
            [
              174.7764607,
              -41.3168424
            ],
            [
              174.7764547,
              -41.3168419
            ],
            [
              174.7764563,
              -41.3168091
            ]
          ]
        ]
      },
      "id": "way/1150367747"
    },
    {
      "type": "Feature",
      "properties": {
        "id": "b_1150367748",
        "building": "yes",
        "building:levels": "1"
      },
      "geometry": {
        "type": "Polygon",
        "coordinates": [
          [
            [
              174.7762286,
              -41.3170906
            ],
            [
              174.7761491,
              -41.317088
            ],
            [
              174.7761465,
              -41.3171328
            ],
            [
              174.7761123,
              -41.3171317
            ],
            [
              174.7761099,
              -41.3171726
            ],
            [
              174.7761066,
              -41.3172302
            ],
            [
              174.7762203,
              -41.3172339
            ],
            [
              174.7762286,
              -41.3170906
            ]
          ]
        ]
      },
      "id": "way/1150367748"
    },
    {
      "type": "Feature",
      "properties": {
        "id": "b_1150367749",
        "building": "garage",
        "building:levels": "1"
      },
      "geometry": {
        "type": "Polygon",
        "coordinates": [
          [
            [
              174.7761066,
              -41.3172302
            ],
            [
              174.7761099,
              -41.3171726
            ],
            [
              174.7760996,
              -41.3171715
            ],
            [
              174.776064,
              -41.3171703
            ],
            [
              174.7760606,
              -41.3172286
            ],
            [
              174.7761066,
              -41.3172302
            ]
          ]
        ]
      },
      "id": "way/1150367749"
    },
    {
      "type": "Feature",
      "properties": {
        "id": "b_1150367750",
        "building": "garage",
        "building:levels": "1"
      },
      "geometry": {
        "type": "Polygon",
        "coordinates": [
          [
            [
              174.7760606,
              -41.3172286
            ],
            [
              174.776064,
              -41.3171703
            ],
            [
              174.7759991,
              -41.317168
            ],
            [
              174.7759955,
              -41.317226
            ],
            [
              174.7760606,
              -41.3172286
            ]
          ]
        ]
      },
      "id": "way/1150367750"
    },
    {
      "type": "Feature",
      "properties": {
        "id": "b_1150367751",
        "building": "yes",
        "building:levels": "1"
      },
      "geometry": {
        "type": "Polygon",
        "coordinates": [
          [
            [
              174.7760996,
              -41.3171715
            ],
            [
              174.7761085,
              -41.3170259
            ],
            [
              174.7759736,
              -41.3170213
            ],
            [
              174.7759647,
              -41.3171668
            ],
            [
              174.7759991,
              -41.317168
            ],
            [
              174.776064,
              -41.3171703
            ],
            [
              174.7760996,
              -41.3171715
            ]
          ]
        ]
      },
      "id": "way/1150367751"
    },
    {
      "type": "Feature",
      "properties": {
        "id": "b_1383913682",
        "building": "yes",
        "building:levels": "1"
      },
      "geometry": {
        "type": "Polygon",
        "coordinates": [
          [
            [
              174.7759617,
              -41.3161097
            ],
            [
              174.7759581,
              -41.3161604
            ],
            [
              174.775932,
              -41.31616
            ],
            [
              174.7759299,
              -41.316218
            ],
            [
              174.775956,
              -41.316219
            ],
            [
              174.7759536,
              -41.3162687
            ],
            [
              174.7759365,
              -41.3162679
            ],
            [
              174.7759341,
              -41.3163188
            ],
            [
              174.7759102,
              -41.3163176
            ],
            [
              174.775907,
              -41.316376
            ],
            [
              174.7759313,
              -41.3163771
            ],
            [
              174.7759309,
              -41.316392
            ],
            [
              174.7759336,
              -41.3163922
            ],
            [
              174.7759317,
              -41.3164283
            ],
            [
              174.7760065,
              -41.3164305
            ],
            [
              174.7760067,
              -41.3164343
            ],
            [
              174.7760208,
              -41.3164347
            ],
            [
              174.7760208,
              -41.3164309
            ],
            [
              174.7760707,
              -41.3164325
            ],
            [
              174.7760703,
              -41.3164294
            ],
            [
              174.7760907,
              -41.3164301
            ],
            [
              174.7760917,
              -41.3163978
            ],
            [
              174.7760964,
              -41.3163976
            ],
            [
              174.7761011,
              -41.3163069
            ],
            [
              174.7760959,
              -41.3163069
            ],
            [
              174.776097,
              -41.3162742
            ],
            [
              174.7761125,
              -41.3162743
            ],
            [
              174.7761134,
              -41.3162402
            ],
            [
              174.7761196,
              -41.3162402
            ],
            [
              174.7761239,
              -41.3161494
            ],
            [
              174.7761187,
              -41.3161492
            ],
            [
              174.7761197,
              -41.3161172
            ],
            [
              174.7760986,
              -41.3161166
            ],
            [
              174.7760984,
              -41.3161144
            ],
            [
              174.7759617,
              -41.3161097
            ]
          ]
        ]
      },
      "id": "way/1383913682"
    },
    {
      "type": "Feature",
      "properties": {
        "id": "b_1383913683",
        "building": "yes",
        "building:levels": "1"
      },
      "geometry": {
        "type": "Polygon",
        "coordinates": [
          [
            [
              174.7759463,
              -41.3164356
            ],
            [
              174.7759423,
              -41.3164863
            ],
            [
              174.7759162,
              -41.3164857
            ],
            [
              174.7759135,
              -41.3165437
            ],
            [
              174.7759395,
              -41.3165449
            ],
            [
              174.7759366,
              -41.3165945
            ],
            [
              174.7759195,
              -41.3165936
            ],
            [
              174.7759166,
              -41.3166445
            ],
            [
              174.7758927,
              -41.3166432
            ],
            [
              174.775889,
              -41.3167016
            ],
            [
              174.7759133,
              -41.3167028
            ],
            [
              174.7759128,
              -41.3167177
            ],
            [
              174.7759154,
              -41.3167179
            ],
            [
              174.7759132,
              -41.316754
            ],
            [
              174.7759879,
              -41.3167567
            ],
            [
              174.7759881,
              -41.3167605
            ],
            [
              174.7760022,
              -41.3167609
            ],
            [
              174.7760022,
              -41.3167571
            ],
            [
              174.7760521,
              -41.3167589
            ],
            [
              174.7760518,
              -41.3167558
            ],
            [
              174.7760722,
              -41.3167566
            ],
            [
              174.7760735,
              -41.3167244
            ],
            [
              174.7760782,
              -41.3167242
            ],
            [
              174.7760837,
              -41.3166335
            ],
            [
              174.7760785,
              -41.3166335
            ],
            [
              174.77608,
              -41.3166008
            ],
            [
              174.7760955,
              -41.316601
            ],
            [
              174.7760967,
              -41.3165669
            ],
            [
              174.7761029,
              -41.3165669
            ],
            [
              174.7761082,
              -41.3164761
            ],
            [
              174.776103,
              -41.3164759
            ],
            [
              174.7761042,
              -41.3164439
            ],
            [
              174.7760831,
              -41.3164432
            ],
            [
              174.7760829,
              -41.316441
            ],
            [
              174.7759463,
              -41.3164356
            ]
          ]
        ]
      },
      "id": "way/1383913683"
    }
  ]
}