{"type":"FeatureCollection","features":[{"type":"Feature","geometry":{"type":"Point","coordinates":[-111.8539,40.7542]},"properties":{"FacName":"100 SOUTH RECONSTRUCTION","FacStreet":"900 EAST TO UNIVERSITY STREET","FacCity":"SALT LAKE CITY","FacState":"UT","RegistryID":"110071075972","FacSNCFlg":"N","FacQtrsWithNC":0,"FacInspectionCount":0,"FacFormalActionCount":0,"PercentBelowLowincome3mile":26.36,"PercentPeopleOfColor":32.03,"AcsPopulationDensity":5085.45}},{"type":"Feature","geometry":{"type":"Point","coordinates":[-111.89801,40.7465]},"properties":{"FacName":"1050 WASHINGTON SITE","FacStreet":"1050 S WASHINGTON ST","FacCity":"SALT LAKE CITY","FacState":"UT","RegistryID":"110072065333","FacSNCFlg":"N","FacQtrsWithNC":0,"FacInspectionCount":0,"FacFormalActionCount":0,"PercentBelowLowincome3mile":27.63,"PercentPeopleOfColor":32.45,"AcsPopulationDensity":5175.19}},{"type":"Feature","geometry":{"type":"Point","coordinates":[-111.86,40.73254]},"properties":{"FacName":"1082 E BLAINE STREET","FacStreet":"1082 E BLAINE STREET","FacCity":"SALT LAKE CITY","FacState":"UT","RegistryID":"110070711644","FacSNCFlg":"N","FacQtrsWithNC":0,"FacInspectionCount":0,"FacFormalActionCount":0,"PercentBelowLowincome3mile":23.11,"PercentPeopleOfColor":28.85,"AcsPopulationDensity":5923.2}},{"type":"Feature","geometry":{"type":"Point","coordinates":[-111.8635,40.7243]},"properties":{"FacName":"10TH & ELM SUGARHOUSE","FacStreet":"2141 S. LINCOLN ST.","FacCity":"SALT LAKE CITY","FacState":"UT","RegistryID":"110071435417","FacSNCFlg":"N","FacQtrsWithNC":0,"FacInspectionCount":0,"FacFormalActionCount":0,"PercentBelowLowincome3mile":21.2,"PercentPeopleOfColor":25.89,"AcsPopulationDensity":5786.04}},{"type":"Feature","geometry":{"type":"Point","coordinates":[-111.7151,40.7951]},"properties":{"FacName":"1162 PINECREST CANYON","FacStreet":"1162 PINECREST CANYON","FacCity":"SALT LAKE CITY","FacState":"UT","RegistryID":"110071524834","FacSNCFlg":"N","FacQtrsWithNC":0,"FacInspectionCount":0,"FacFormalActionCount":0,"PercentBelowLowincome3mile":9.94,"PercentPeopleOfColor":9.12,"AcsPopulationDensity":22.16}},{"type":"Feature","geometry":{"type":"Point","coordinates":[-111.86534,40.75978]},"properties":{"FacName":"1200 EAST GREEN MEDIAN PROJECT","FacStreet":"1200 EAST GREEN MEDIAN PROJECT","FacCity":"SALT LAKE CITY","FacState":"UT","RegistryID":"110070705682","FacSNCFlg":"N","FacQtrsWithNC":0,"FacInspectionCount":0,"FacFormalActionCount":0,"PercentBelowLowincome3mile":27.26,"PercentPeopleOfColor":32.24,"AcsPopulationDensity":4941.78}},{"type":"Feature","geometry":{"type":"Point","coordinates":[-112.00587,40.744778]},"properties":{"FacName":"1201 ADMINISTRATION FACILITY","FacStreet":"1201 S 4800 W","FacCity":"SALT LAKE CITY","FacState":"UT","RegistryID":"110071180241","FacSNCFlg":"N","FacQtrsWithNC":0,"FacInspectionCount":0,"FacFormalActionCount":0,"PercentBelowLowincome3mile":27.47,"PercentPeopleOfColor":30.9,"AcsPopulationDensity":419.63}},{"type":"Feature","geometry":{"type":"Point","coordinates":[-111.85617,40.67432]},"properties":{"FacName":"1224 E. DEMOLITION","FacStreet":"1224 E. 4500 S.","FacCity":"SALT LAKE CITY","FacState":"UT","RegistryID":"110070705706","FacSNCFlg":"N","FacQtrsWithNC":0,"FacInspectionCount":0,"FacFormalActionCount":0,"PercentBelowLowincome3mile":23.67,"PercentPeopleOfColor":25.89,"AcsPopulationDensity":5340.43}},{"type":"Feature","geometry":{"type":"Point","coordinates":[-111.92972,40.77141]},"properties":{"FacName":"12600 SOUTH RIVERTON SUBSTATION","FacStreet":"1407 WEST NORTH TEMPLE","FacCity":"SALT LAKE CITY","FacState":"UT","RegistryID":"110071155826","FacSNCFlg":"N","FacQtrsWithNC":0,"FacInspectionCount":0,"FacFormalActionCount":0,"PercentBelowLowincome3mile":31.04,"PercentPeopleOfColor":25.51,"AcsPopulationDensity":2686.6}},{"type":"Feature","geometry":{"type":"Point","coordinates":[-111.8541,40.6773]},"properties":{"FacName":"1300 E; 4220 S TO 4500 S","FacStreet":"1300 E 4220 S","FacCity":"SALT LAKE CITY","FacState":"UT","RegistryID":"110071725464","FacSNCFlg":"N","FacQtrsWithNC":0,"FacInspectionCount":0,"FacFormalActionCount":0,"PercentBelowLowincome3mile":23.67,"PercentPeopleOfColor":25.77,"AcsPopulationDensity":5392.93}},{"type":"Feature","geometry":{"type":"Point","coordinates":[-111.895,40.7402]},"properties":{"FacName":"1345 JEFFERSON APARTMENTS","FacStreet":"1345 SOUTH JEFFERSON STREET","FacCity":"SALT LAKE CITY","FacState":"UT","RegistryID":"110071528184","FacSNCFlg":"N","FacQtrsWithNC":0,"FacInspectionCount":0,"FacFormalActionCount":0,"PercentBelowLowincome3mile":26.53,"PercentPeopleOfColor":31.83,"AcsPopulationDensity":5271.36}},{"type":"Feature","geometry":{"type":"Point","coordinates":[-111.83295,40.753486]},"properties":{"FacName":"1400 COURT WATER LINE","FacStreet":"1400 COURT UNIVERSITY VILLAGE DRIVE","FacCity":"SALT LAKE CITY","FacState":"UT","RegistryID":"110070710876","FacSNCFlg":"N","FacQtrsWithNC":0,"FacInspectionCount":0,"FacFormalActionCount":0,"PercentBelowLowincome3mile":24.79,"PercentPeopleOfColor":31.38,"AcsPopulationDensity":4229.03}},{"type":"Feature","geometry":{"type":"Point","coordinates":[-111.93917,40.737705]},"properties":{"FacName":"1500 S - 2700 WEST TO REDWOOD ROAD SEWER REPLACEMENT PROJECT","FacStreet":"1500 S - 2700 WEST TO REDWOOD RD","FacCity":"SALT LAKE CITY","FacState":"UT","RegistryID":"110070709541","FacSNCFlg":"N","FacQtrsWithNC":0,"FacInspectionCount":0,"FacFormalActionCount":0,"PercentBelowLowincome3mile":24.83,"PercentPeopleOfColor":33.59,"AcsPopulationDensity":2275.76}},{"type":"Feature","geometry":{"type":"Point","coordinates":[-111.9447,40.7378]},"properties":{"FacName":"1500 SOUTH RECONSTRUCT","FacStreet":"1500 S INDUSTRIAL ROAD","FacCity":"SALT LAKE CITY","FacState":"UT","RegistryID":"110070882627","FacSNCFlg":"N","FacQtrsWithNC":0,"FacInspectionCount":0,"FacFormalActionCount":0,"PercentBelowLowincome3mile":26.1,"PercentPeopleOfColor":35.42,"AcsPopulationDensity":2025.92}},{"type":"Feature","geometry":{"type":"Point","coordinates":[-111.8919,40.7363]},"properties":{"FacName":"1518 MAIN STREET APARTMENTS","FacStreet":"1518 SOUTH MAIN STREET","FacCity":"SALT LAKE CITY","FacState":"UT","RegistryID":"110071525197","FacSNCFlg":"N","FacQtrsWithNC":0,"FacInspectionCount":0,"FacFormalActionCount":0,"PercentBelowLowincome3mile":25.68,"PercentPeopleOfColor":31.11,"AcsPopulationDensity":5373.5}},{"type":"Feature","geometry":{"type":"Point","coordinates":[-111.4789,40.7494]},"properties":{"FacName":"1523 E. CRESCENT DRIVE NORTH - BROWN RESIDENCE","FacStreet":"1523 EAST CRESCENT DRIVE NORTH","FacCity":"SALT LAKE CITY","FacState":"UT","RegistryID":"110070832478","FacSNCFlg":"N","FacQtrsWithNC":0,"FacInspectionCount":0,"FacFormalActionCount":0,"PercentBelowLowincome3mile":14.69,"PercentPeopleOfColor":22.71,"AcsPopulationDensity":206.2}},{"type":"Feature","geometry":{"type":"Point","coordinates":[-111.9175,40.8003]},"properties":{"FacName":"1800 N SEWER REALIGNMENT PHASE 1","FacStreet":"1500 N 9TH WEST","FacCity":"SALT LAKE CITY","FacState":"UT","RegistryID":"110071252678","FacSNCFlg":"N","FacQtrsWithNC":0,"FacInspectionCount":0,"FacFormalActionCount":0,"PercentBelowLowincome3mile":35.41,"PercentPeopleOfColor":26.13,"AcsPopulationDensity":2134.86}},{"type":"Feature","geometry":{"type":"Point","coordinates":[-111.920839,40.807057]},"properties":{"FacName":"1800 N SEWER REALIGNMENT PHASE 3","FacStreet":"1800 WARM SPRINGS RD","FacCity":"SALT LAKE CITY","FacState":"UT","RegistryID":"110041243017","FacSNCFlg":"N","FacQtrsWithNC":0,"FacInspectionCount":0,"FacFormalActionCount":0,"PercentBelowLowincome3mile":35.95,"PercentPeopleOfColor":23.43,"AcsPopulationDensity":1716.39}},{"type":"Feature","geometry":{"type":"Point","coordinates":[-111.920806,40.799722]},"properties":{"FacName":"1800 NORTH","FacStreet":"924 W 1500 N","FacCity":"SALT LAKE CITY","FacState":"UT","RegistryID":"110071364657","FacSNCFlg":"N","FacQtrsWithNC":5,"FacInspectionCount":1,"FacFormalActionCount":1,"PercentBelowLowincome3mile":35.62,"PercentPeopleOfColor":25.89,"AcsPopulationDensity":2032.46}},{"type":"Feature","geometry":{"type":"Point","coordinates":[-111.91826,40.7802]},"properties":{"FacName":"1800 NORTH PIPELINE REALIGNMENT PROJECT","FacStreet":"1840 NORTH CHICAGO STREET","FacCity":"SALT LAKE CITY","FacState":"UT","RegistryID":"110071919577","FacSNCFlg":"N","FacQtrsWithNC":0,"FacInspectionCount":0,"FacFormalActionCount":0,"PercentBelowLowincome3mile":30.89,"PercentPeopleOfColor":27.43,"AcsPopulationDensity":3170.63}},{"type":"Feature","geometry":{"type":"Point","coordinates":[-111.847377,40.749114]},"properties":{"FacName":"1800 NORTH SEWER LINE REHAB PROJECT (SLRP)","FacStreet":"924 W 1500 N WARM SPRINGS ROAD","FacCity":"SALT LAKE CITY","FacState":"UT","RegistryID":"110071509065","FacSNCFlg":"N","FacQtrsWithNC":3,"FacInspectionCount":2,"FacFormalActionCount":0,"PercentBelowLowincome3mile":25.23,"PercentPeopleOfColor":31.16,"AcsPopulationDensity":5207.86}},{"type":"Feature","geometry":{"type":"Point","coordinates":[-111.9434,40.7294]},"properties":{"FacName":"1812 EMPIRE ROAD - STORM DRAIN\/ASPHALT REPAIR-REPLACEMENT","FacStreet":"1812 EMPIRE RD","FacCity":"SALT LAKE CITY","FacState":"UT","RegistryID":"110071252967","FacSNCFlg":"N","FacQtrsWithNC":0,"FacInspectionCount":0,"FacFormalActionCount":0,"PercentBelowLowincome3mile":25.79,"PercentPeopleOfColor":37.11,"AcsPopulationDensity":2429.07}},{"type":"Feature","geometry":{"type":"Point","coordinates":[-111.96202,40.707204]},"properties":{"FacName":"18F HILLSDALE WWPS DECOMMISSIONING & GRAVITY","FacStreet":"2918 SOUTH 2910 WEST","FacCity":"SALT LAKE CITY","FacState":"UT","RegistryID":"110070706883","FacSNCFlg":"N","FacQtrsWithNC":0,"FacInspectionCount":0,"FacFormalActionCount":0,"PercentBelowLowincome3mile":24.74,"PercentPeopleOfColor":43.64,"AcsPopulationDensity":3726.63}},{"type":"Feature","geometry":{"type":"Point","coordinates":[-111.859579,40.725425]},"properties":{"FacName":"2100 SOUTH CAPACITY UPGRADE PROJECT","FacStreet":"1300 E 2100 S","FacCity":"SALT LAKE CITY","FacState":"UT","RegistryID":"110071499606","FacSNCFlg":"N","FacQtrsWithNC":2,"FacInspectionCount":1,"FacFormalActionCount":0,"PercentBelowLowincome3mile":21.37,"PercentPeopleOfColor":26.17,"AcsPopulationDensity":5854.45}},{"type":"Feature","geometry":{"type":"Point","coordinates":[-111.84478,40.76439]},"properties":{"FacName":"260 SOUTH CENTRAL CAMPUS DRIVE","FacStreet":"260 SOUTH CENTRAL CAMPUS DRIVE","FacCity":"SALT LAKE CITY","FacState":"UT","RegistryID":"110070713334","FacSNCFlg":"N","FacQtrsWithNC":0,"FacInspectionCount":0,"FacFormalActionCount":0,"PercentBelowLowincome3mile":27.3,"PercentPeopleOfColor":32.72,"AcsPopulationDensity":4204.05}},{"type":"Feature","geometry":{"type":"Point","coordinates":[-112.00576,40.739]},"properties":{"FacName":"3-FORM","FacStreet":"1435 SOUTH 4800 WEST, SUITE 900","FacCity":"SALT LAKE CITY","FacState":"UT","RegistryID":"110042428487","FacSNCFlg":"N","FacQtrsWithNC":0,"FacInspectionCount":0,"FacFormalActionCount":0,"PercentBelowLowincome3mile":28.3,"PercentPeopleOfColor":39.48,"AcsPopulationDensity":858.95}},{"type":"Feature","geometry":{"type":"Point","coordinates":[-111.9195,40.776]},"properties":{"FacName":"300 NORTH RECONSTRUCTION","FacStreet":"300 NORTH 1000 WEST","FacCity":"SALT LAKE CITY","FacState":"UT","RegistryID":"110071782932","FacSNCFlg":"N","FacQtrsWithNC":0,"FacInspectionCount":0,"FacFormalActionCount":0,"PercentBelowLowincome3mile":30.39,"PercentPeopleOfColor":27.05,"AcsPopulationDensity":3303.3}},{"type":"Feature","geometry":{"type":"Point","coordinates":[-111.89967,40.74424]},"properties":{"FacName":"300 WEST TOWNE CENTER","FacStreet":"1120 SOUTH 300 WEST","FacCity":"SALT LAKE CITY","FacState":"UT","RegistryID":"110041242991","FacSNCFlg":"N","FacQtrsWithNC":0,"FacInspectionCount":0,"FacFormalActionCount":0,"PercentBelowLowincome3mile":27.49,"PercentPeopleOfColor":32.31,"AcsPopulationDensity":5118.43}},{"type":"Feature","geometry":{"type":"Point","coordinates":[-111.82498,40.76261]},"properties":{"FacName":"310 WAKARA LANDSCAPING PROJECT","FacStreet":"310 WAKARA WAY","FacCity":"SALT LAKE CITY","FacState":"UT","RegistryID":"110072074056","FacSNCFlg":"N","FacQtrsWithNC":0,"FacInspectionCount":0,"FacFormalActionCount":0,"PercentBelowLowincome3mile":26.36,"PercentPeopleOfColor":33.35,"AcsPopulationDensity":3279.57}},{"type":"Feature","geometry":{"type":"Point","coordinates":[-111.9561,40.8374]},"properties":{"FacName":"3253 N","FacStreet":"3253 N 2200 W","FacCity":"SALT LAKE CITY","FacState":"UT","RegistryID":"110071656767","FacSNCFlg":"N","FacQtrsWithNC":0,"FacInspectionCount":0,"FacFormalActionCount":0,"PercentBelowLowincome3mile":32.35,"PercentPeopleOfColor":18.19,"AcsPopulationDensity":668.02}},{"type":"Feature","geometry":{"type":"Point","coordinates":[-111.83409,40.69987]},"properties":{"FacName":"3300 S. 2000 E.","FacStreet":"3300 S. 2000 E.","FacCity":"SALT LAKE CITY","FacState":"UT","RegistryID":"110070713341","FacSNCFlg":"N","FacQtrsWithNC":0,"FacInspectionCount":0,"FacFormalActionCount":0,"PercentBelowLowincome3mile":21.52,"PercentPeopleOfColor":23.9,"AcsPopulationDensity":5179.87}},{"type":"Feature","geometry":{"type":"Point","coordinates":[-111.87256,40.68029]},"properties":{"FacName":"3390 SOUTH WATERLINE REPLACEMENT","FacStreet":"3390 SOUTH 660 EAST","FacCity":"SALT LAKE CITY","FacState":"UT","RegistryID":"110070869664","FacSNCFlg":"N","FacQtrsWithNC":0,"FacInspectionCount":0,"FacFormalActionCount":0,"PercentBelowLowincome3mile":22.94,"PercentPeopleOfColor":27.92,"AcsPopulationDensity":5484.16}},{"type":"Feature","geometry":{"type":"Point","coordinates":[-111.945092,40.733079]},"properties":{"FacName":"377352","FacStreet":"1917 WEST 1700 SOUTH","FacCity":"SALT LAKE CITY","FacState":"UT","RegistryID":"110071842649","FacSNCFlg":"N","FacQtrsWithNC":0,"FacInspectionCount":0,"FacFormalActionCount":0,"PercentBelowLowincome3mile":26.42,"PercentPeopleOfColor":36.98,"AcsPopulationDensity":2229.61}},{"type":"Feature","geometry":{"type":"Point","coordinates":[-111.81628,40.73071]},"properties":{"FacName":"380 - USI SUPERIOR","FacStreet":"895 W 2600 S","FacCity":"SALT LAKE CITY","FacState":"UT","RegistryID":"110002155890","FacSNCFlg":"N","FacQtrsWithNC":0,"FacInspectionCount":0,"FacFormalActionCount":0,"PercentBelowLowincome3mile":19.09,"PercentPeopleOfColor":23.35,"AcsPopulationDensity":3285.31}},{"type":"Feature","geometry":{"type":"Point","coordinates":[-111.95514,40.75064]},"properties":{"FacName":"3D STEEL CORP.","FacStreet":"841 SOUTH CHESTNUT ST.","FacCity":"SALT LAKE CITY","FacState":"UT","RegistryID":"110070344259","FacSNCFlg":"N","FacQtrsWithNC":0,"FacInspectionCount":2,"FacFormalActionCount":0,"PercentBelowLowincome3mile":28.53,"PercentPeopleOfColor":29.52,"AcsPopulationDensity":1590.77}},{"type":"Feature","geometry":{"type":"Point","coordinates":[-111.982193,40.747628]},"properties":{"FacName":"3FORM","FacStreet":"955 SOUTH 3800 WEST","FacCity":"SALT LAKE CITY","FacState":"UT","RegistryID":"110070516125","FacSNCFlg":"N","FacQtrsWithNC":0,"FacInspectionCount":1,"FacFormalActionCount":0,"PercentBelowLowincome3mile":26.09,"PercentPeopleOfColor":28.95,"AcsPopulationDensity":708.87}},{"type":"Feature","geometry":{"type":"Point","coordinates":[-111.95083,40.72139]},"properties":{"FacName":"3FORM","FacStreet":"2300 S 2300 W","FacCity":"SALT LAKE CITY","FacState":"UT","RegistryID":"110037148565","FacSNCFlg":"N","FacQtrsWithNC":0,"FacInspectionCount":1,"FacFormalActionCount":0,"PercentBelowLowincome3mile":24.11,"PercentPeopleOfColor":40.61,"AcsPopulationDensity":2779.98}},{"type":"Feature","geometry":{"type":"Point","coordinates":[-111.97599,40.772248]},"properties":{"FacName":"4000 W LIFT STATION UPGRADE","FacStreet":"130 N 3700 W","FacCity":"SALT LAKE CITY","FacState":"UT","RegistryID":"110070703776","FacSNCFlg":"N","FacQtrsWithNC":0,"FacInspectionCount":0,"FacFormalActionCount":0,"PercentBelowLowincome3mile":33.51,"PercentPeopleOfColor":19.46,"AcsPopulationDensity":889.98}},{"type":"Feature","geometry":{"type":"Point","coordinates":[-111.8269,40.7604]},"properties":{"FacName":"410 CHIPETA LIFE SCIENCE BUILDING","FacStreet":"410 CHIPETA WAY","FacCity":"SALT LAKE CITY","FacState":"UT","RegistryID":"110071339047","FacSNCFlg":"N","FacQtrsWithNC":0,"FacInspectionCount":0,"FacFormalActionCount":0,"PercentBelowLowincome3mile":26.02,"PercentPeopleOfColor":33.04,"AcsPopulationDensity":3511.11}},{"type":"Feature","geometry":{"type":"Point","coordinates":[-111.879034,40.72545]},"properties":{"FacName":"421 EAST TOWNHOMES","FacStreet":"421 EAST 2100 SOUTH","FacCity":"SALT LAKE CITY","FacState":"UT","RegistryID":"110070705400","FacSNCFlg":"N","FacQtrsWithNC":0,"FacInspectionCount":0,"FacFormalActionCount":0,"PercentBelowLowincome3mile":21.64,"PercentPeopleOfColor":26.81,"AcsPopulationDensity":5466.87}},{"type":"Feature","geometry":{"type":"Point","coordinates":[-111.81805,40.65933]},"properties":{"FacName":"422 CASTOR LANE","FacStreet":"422 NORTH CASTOR LANE","FacCity":"SALT LAKE CITY","FacState":"UT","RegistryID":"110071959484","FacSNCFlg":"N","FacQtrsWithNC":0,"FacInspectionCount":0,"FacFormalActionCount":0,"PercentBelowLowincome3mile":26.9,"PercentPeopleOfColor":29.33,"AcsPopulationDensity":3579.6}},{"type":"Feature","geometry":{"type":"Point","coordinates":[-111.87679,40.75986]},"properties":{"FacName":"426 APARTMENTS","FacStreet":"426 SOUTH 500 EAST","FacCity":"SALT LAKE CITY","FacState":"UT","RegistryID":"110070707645","FacSNCFlg":"N","FacQtrsWithNC":0,"FacInspectionCount":0,"FacFormalActionCount":0,"PercentBelowLowincome3mile":27.93,"PercentPeopleOfColor":31.8,"AcsPopulationDensity":5117.03}},{"type":"Feature","geometry":{"type":"Point","coordinates":[-112.00222,40.759722]},"properties":{"FacName":"4600 WEST DIVERSION I&I MITIGATION PROJECT","FacStreet":"4600 WEST: I-80 TO 700 SOUTH","FacCity":"SALT LAKE CITY","FacState":"UT","RegistryID":"110070708690","FacSNCFlg":"N","FacQtrsWithNC":0,"FacInspectionCount":0,"FacFormalActionCount":0,"PercentBelowLowincome3mile":33.51,"PercentPeopleOfColor":21.12,"AcsPopulationDensity":131.88}},{"type":"Feature","geometry":{"type":"Point","coordinates":[-111.880319,40.761007]},"properties":{"FacName":"4TH & 4TH APARTMENTS","FacStreet":"380 SOUTH 400 EAST","FacCity":"SALT LAKE CITY","FacState":"UT","RegistryID":"110070015473","FacSNCFlg":"N","FacQtrsWithNC":0,"FacInspectionCount":0,"FacFormalActionCount":0,"PercentBelowLowincome3mile":27.97,"PercentPeopleOfColor":31.46,"AcsPopulationDensity":5137.59}},{"type":"Feature","geometry":{"type":"Point","coordinates":[-111.87678,40.72547]},"properties":{"FacName":"500 EAST RECONSTRUCTION - 1700 S TO 2100 S","FacStreet":"500 EAST 2100 SOUTH","FacCity":"SALT LAKE CITY","FacState":"UT","RegistryID":"110070740854","FacSNCFlg":"N","FacQtrsWithNC":0,"FacInspectionCount":0,"FacFormalActionCount":0,"PercentBelowLowincome3mile":21.65,"PercentPeopleOfColor":26.84,"AcsPopulationDensity":5547.73}},{"type":"Feature","geometry":{"type":"Point","coordinates":[-111.82111,40.75899]},"properties":{"FacName":"515 COLOROW DR","FacStreet":"515 S  COLOROW DR","FacCity":"SALT LAKE CITY","FacState":"UT","RegistryID":"110071206633","FacSNCFlg":"N","FacQtrsWithNC":0,"FacInspectionCount":0,"FacFormalActionCount":0,"PercentBelowLowincome3mile":25.8,"PercentPeopleOfColor":34.31,"AcsPopulationDensity":3044.63}},{"type":"Feature","geometry":{"type":"Point","coordinates":[-112.017981,40.771613]},"properties":{"FacName":"5300 WEST LIFT STATION (SS17) CAPACITY UPGRADES","FacStreet":"5305 YEAGER RD","FacCity":"SALT LAKE CITY","FacState":"UT","RegistryID":"110071867649","FacSNCFlg":"N","FacQtrsWithNC":0,"FacInspectionCount":1,"FacFormalActionCount":0,"PercentBelowLowincome3mile":31.04,"PercentPeopleOfColor":15.54,"AcsPopulationDensity":94.65}},{"type":"Feature","geometry":{"type":"Point","coordinates":[-111.83105,40.756304]},"properties":{"FacName":"565 KOMAS DRIVE","FacStreet":"565 KOMAS DR","FacCity":"SALT LAKE CITY","FacState":"UT","RegistryID":"110071674349","FacSNCFlg":"N","FacQtrsWithNC":0,"FacInspectionCount":0,"FacFormalActionCount":0,"PercentBelowLowincome3mile":25.21,"PercentPeopleOfColor":32.03,"AcsPopulationDensity":4001.18}},{"type":"Feature","geometry":{"type":"Point","coordinates":[-111.87718,40.75988]},"properties":{"FacName":"5TH EAST APARTMENTS","FacStreet":"434 S 500 E","FacCity":"SALT LAKE CITY","FacState":"UT","RegistryID":"110070599153","FacSNCFlg":"N","FacQtrsWithNC":0,"FacInspectionCount":0,"FacFormalActionCount":0,"PercentBelowLowincome3mile":27.95,"PercentPeopleOfColor":31.77,"AcsPopulationDensity":5122.2}},{"type":"Feature","geometry":{"type":"Point","coordinates":[-111.9254,40.7823]},"properties":{"FacName":"600\/700 N RECONSTRUCT FROM REDWOOD RD TO 800 W","FacStreet":"600\/700 N FROM REDWOOD RD TO 800 W","FacCity":"SALT LAKE CITY","FacState":"UT","RegistryID":"110071943361","FacSNCFlg":"N","FacQtrsWithNC":0,"FacInspectionCount":0,"FacFormalActionCount":0,"PercentBelowLowincome3mile":32.12,"PercentPeopleOfColor":26.43,"AcsPopulationDensity":2566.05}},{"type":"Feature","geometry":{"type":"Point","coordinates":[-111.98326,40.75661]},"properties":{"FacName":"601 IRON ROSE","FacStreet":"601 S IRON ROSE PLACE","FacCity":"SALT LAKE CITY","FacState":"UT","RegistryID":"110070703865","FacSNCFlg":"N","FacQtrsWithNC":0,"FacInspectionCount":0,"FacFormalActionCount":0,"PercentBelowLowincome3mile":26.55,"PercentPeopleOfColor":21.1,"AcsPopulationDensity":560.78}},{"type":"Feature","geometry":{"type":"Point","coordinates":[-111.871,40.7417]},"properties":{"FacName":"700 EAST (SR-71) 2100 SOUTH TO 1300 SOUTH","FacStreet":"700 EAST 2100 SOUTH TO 1300 SOUTH","FacCity":"SALT LAKE CITY","FacState":"UT","RegistryID":"110071729502","FacSNCFlg":"N","FacQtrsWithNC":0,"FacInspectionCount":0,"FacFormalActionCount":0,"PercentBelowLowincome3mile":25.56,"PercentPeopleOfColor":31,"AcsPopulationDensity":5744.79}},{"type":"Feature","geometry":{"type":"Point","coordinates":[-112.0093,40.7548]},"properties":{"FacName":"700 S RECONSTRUCTION PHASE 7","FacStreet":"700 S. 5000 W","FacCity":"SALT LAKE CITY","FacState":"UT","RegistryID":"UTRC12324","FacSNCFlg":"N","FacQtrsWithNC":0,"FacInspectionCount":0,"FacFormalActionCount":0,"PercentBelowLowincome3mile":null,"PercentPeopleOfColor":null,"AcsPopulationDensity":null}},{"type":"Feature","geometry":{"type":"Point","coordinates":[-112.0233,40.75]},"properties":{"FacName":"700 SOUTH PSP","FacStreet":"700 S 6400 W","FacCity":"SALT LAKE CITY","FacState":"UT","RegistryID":"110071884647","FacSNCFlg":"N","FacQtrsWithNC":0,"FacInspectionCount":0,"FacFormalActionCount":0,"PercentBelowLowincome3mile":23.22,"PercentPeopleOfColor":35.19,"AcsPopulationDensity":206.13}},{"type":"Feature","geometry":{"type":"Point","coordinates":[-111.91114,40.72559]},"properties":{"FacName":"700 WEST 2100 SOUTH RECONSTRUCTION","FacStreet":"700 WEST 2100 SOUTH","FacCity":"SALT LAKE CITY","FacState":"UT","RegistryID":"110070818359","FacSNCFlg":"N","FacQtrsWithNC":0,"FacInspectionCount":0,"FacFormalActionCount":0,"PercentBelowLowincome3mile":21.43,"PercentPeopleOfColor":28.3,"AcsPopulationDensity":3889.66}},{"type":"Feature","geometry":{"type":"Point","coordinates":[-111.91125,40.785644]},"properties":{"FacName":"745 WARM SPRINGS RD. (LIFETIME)","FacStreet":"745 WARM SPRINGS RD.","FacCity":"SALT LAKE CITY","FacState":"UT","RegistryID":"110072104152","FacSNCFlg":"N","FacQtrsWithNC":0,"FacInspectionCount":0,"FacFormalActionCount":0,"PercentBelowLowincome3mile":31.34,"PercentPeopleOfColor":29.05,"AcsPopulationDensity":3230.96}},{"type":"Feature","geometry":{"type":"Point","coordinates":[-112.07653,40.45481]},"properties":{"FacName":"7825 W STEP MOUNTAIN RD","FacStreet":"7825 W STEP MOUNTAIN RD.","FacCity":"SALT LAKE CITY","FacState":"UT","RegistryID":"110072130971","FacSNCFlg":"N","FacQtrsWithNC":0,"FacInspectionCount":0,"FacFormalActionCount":0,"PercentBelowLowincome3mile":46.16,"PercentPeopleOfColor":39.31,"AcsPopulationDensity":132.37}},{"type":"Feature","geometry":{"type":"Point","coordinates":[-111.9122,40.7428]},"properties":{"FacName":"7TH WEST ESTATES","FacStreet":"1194 S. 700 W.","FacCity":"SALT LAKE CITY","FacState":"UT","RegistryID":"110071658167","FacSNCFlg":"N","FacQtrsWithNC":0,"FacInspectionCount":0,"FacFormalActionCount":0,"PercentBelowLowincome3mile":26.45,"PercentPeopleOfColor":28.33,"AcsPopulationDensity":4197.23}},{"type":"Feature","geometry":{"type":"Point","coordinates":[-111.911073,40.743248]},"properties":{"FacName":"7TH WEST ESTATES","FacStreet":"1194 S. 700 W.","FacCity":"SALT LAKE CITY","FacState":"UT","RegistryID":"110070710918","FacSNCFlg":"N","FacQtrsWithNC":0,"FacInspectionCount":0,"FacFormalActionCount":0,"PercentBelowLowincome3mile":26.68,"PercentPeopleOfColor":28.57,"AcsPopulationDensity":4318.21}},{"type":"Feature","geometry":{"type":"Point","coordinates":[-111.97211,40.750594]},"properties":{"FacName":"855 GLADIOLA","FacStreet":"855 SOUTH GLADIOLA","FacCity":"SALT LAKE CITY","FacState":"UT","RegistryID":"110070712404","FacSNCFlg":"N","FacQtrsWithNC":0,"FacInspectionCount":0,"FacFormalActionCount":0,"PercentBelowLowincome3mile":26.35,"PercentPeopleOfColor":26.82,"AcsPopulationDensity":987.17}},{"type":"Feature","geometry":{"type":"Point","coordinates":[-111.89477,40.74978]},"properties":{"FacName":"900 SOUTH APARTMENTS","FacStreet":"120 WEST 900 SOUTH","FacCity":"SALT LAKE CITY","FacState":"UT","RegistryID":"110071156364","FacSNCFlg":"N","FacQtrsWithNC":0,"FacInspectionCount":0,"FacFormalActionCount":0,"PercentBelowLowincome3mile":27.94,"PercentPeopleOfColor":32.01,"AcsPopulationDensity":5312.42}},{"type":"Feature","geometry":{"type":"Point","coordinates":[-111.86394,40.67335]},"properties":{"FacName":"900 SOUTH RECONSTRUCTION","FacStreet":"900 SOUTH 950 EAST","FacCity":"SALT LAKE CITY","FacState":"UT","RegistryID":"110070704173","FacSNCFlg":"N","FacQtrsWithNC":0,"FacInspectionCount":0,"FacFormalActionCount":0,"PercentBelowLowincome3mile":23.51,"PercentPeopleOfColor":26.76,"AcsPopulationDensity":5376.02}},{"type":"Feature","geometry":{"type":"Point","coordinates":[-111.9164,40.7299]},"properties":{"FacName":"900 W WHAREHOUSE","FacStreet":"1859 S 900 W","FacCity":"SALT LAKE CITY","FacState":"UT","RegistryID":"110071656069","FacSNCFlg":"N","FacQtrsWithNC":0,"FacInspectionCount":0,"FacFormalActionCount":0,"PercentBelowLowincome3mile":21.88,"PercentPeopleOfColor":28.13,"AcsPopulationDensity":3587.99}},{"type":"Feature","geometry":{"type":"Point","coordinates":[-111.89972,40.7273]},"properties":{"FacName":"@ 2100 SOUTH APARTMENTS","FacStreet":"1967 SOUTH 300 WEST","FacCity":"SALT LAKE CITY","FacState":"UT","RegistryID":"110070705565","FacSNCFlg":"N","FacQtrsWithNC":0,"FacInspectionCount":0,"FacFormalActionCount":0,"PercentBelowLowincome3mile":21.57,"PercentPeopleOfColor":26.93,"AcsPopulationDensity":4449.83}},{"type":"Feature","geometry":{"type":"Point","coordinates":[-111.89972,40.727098]},"properties":{"FacName":"@2100 APARTMENT LLC","FacStreet":"1977 S 300 W","FacCity":"SALT LAKE CITY","FacState":"UT","RegistryID":"110070706979","FacSNCFlg":"N","FacQtrsWithNC":0,"FacInspectionCount":0,"FacFormalActionCount":0,"PercentBelowLowincome3mile":21.5,"PercentPeopleOfColor":26.92,"AcsPopulationDensity":4435.21}},{"type":"Feature","geometry":{"type":"Point","coordinates":[-111.87668,40.71266]},"properties":{"FacName":"A APPLIANCE AND REFRIGERATION SERVICE","FacStreet":"501 EAST 2700 SOUTH","FacCity":"SALT LAKE CITY","FacState":"UT","RegistryID":"110001886040","FacSNCFlg":"N","FacQtrsWithNC":0,"FacInspectionCount":0,"FacFormalActionCount":0,"PercentBelowLowincome3mile":20.69,"PercentPeopleOfColor":25.68,"AcsPopulationDensity":5302.03}},{"type":"Feature","geometry":{"type":"Point","coordinates":[-111.81494,40.68438]},"properties":{"FacName":"A CLEAN IMPRESSION","FacStreet":"4020 SOUTH 2700 EAST","FacCity":"SALT LAKE CITY","FacState":"UT","RegistryID":"110005206464","FacSNCFlg":"N","FacQtrsWithNC":0,"FacInspectionCount":0,"FacFormalActionCount":0,"PercentBelowLowincome3mile":21.5,"PercentPeopleOfColor":23.48,"AcsPopulationDensity":3744.29}},{"type":"Feature","geometry":{"type":"Point","coordinates":[-111.8997,40.75926]},"properties":{"FacName":"A&Z OFFICE AND A&Z II","FacStreet":"444 S 300 W","FacCity":"SALT LAKE CITY","FacState":"UT","RegistryID":"110071074060","FacSNCFlg":"N","FacQtrsWithNC":0,"FacInspectionCount":0,"FacFormalActionCount":0,"PercentBelowLowincome3mile":28.5,"PercentPeopleOfColor":30.83,"AcsPopulationDensity":5002.45}},{"type":"Feature","geometry":{"type":"Point","coordinates":[-111.905285,40.758378]},"properties":{"FacName":"A-1 PIONEER MOVING\/STORAGE","FacStreet":"471 WEST 500 SOUTH","FacCity":"SALT LAKE CITY","FacState":"UT","RegistryID":"110030923482","FacSNCFlg":"N","FacQtrsWithNC":0,"FacInspectionCount":1,"FacFormalActionCount":0,"PercentBelowLowincome3mile":28.51,"PercentPeopleOfColor":30.9,"AcsPopulationDensity":4868.87}},{"type":"Feature","geometry":{"type":"Point","coordinates":[-112.02571,40.75587]},"properties":{"FacName":"A-1 RADIATOR REPAIR, INC.","FacStreet":"5630 WEST 700 SOUTH","FacCity":"SALT LAKE CITY","FacState":"UT","RegistryID":"110059673526","FacSNCFlg":"N","FacQtrsWithNC":0,"FacInspectionCount":0,"FacFormalActionCount":0,"PercentBelowLowincome3mile":29.88,"PercentPeopleOfColor":27.65,"AcsPopulationDensity":123.7}},{"type":"Feature","geometry":{"type":"Point","coordinates":[-111.897253,40.686662]},"properties":{"FacName":"A-BILITY ALIGNMENT & BRAKE SERVICE","FacStreet":"3908 S 210 W","FacCity":"SALT LAKE CITY","FacState":"UT","RegistryID":"110040834666","FacSNCFlg":"N","FacQtrsWithNC":0,"FacInspectionCount":0,"FacFormalActionCount":0,"PercentBelowLowincome3mile":23.27,"PercentPeopleOfColor":33.75,"AcsPopulationDensity":5298.71}},{"type":"Feature","geometry":{"type":"Point","coordinates":[-111.900446,40.751964]},"properties":{"FacName":"A. FISHER BREWERY COMPANY LLC","FacStreet":"320 WEST 800 SOUTH","FacCity":"SALT LAKE CITY","FacState":"UT","RegistryID":"110071916801","FacSNCFlg":"N","FacQtrsWithNC":0,"FacInspectionCount":0,"FacFormalActionCount":0,"PercentBelowLowincome3mile":28.41,"PercentPeopleOfColor":31.82,"AcsPopulationDensity":5155.12}},{"type":"Feature","geometry":{"type":"Point","coordinates":[-111.88635,40.67993]},"properties":{"FacName":"AA U-CART CONCRETE","FacStreet":"154 EAST GORDON LANE UNIT A","FacCity":"SALT LAKE CITY","FacState":"UT","RegistryID":"110064776602","FacSNCFlg":"N","FacQtrsWithNC":0,"FacInspectionCount":1,"FacFormalActionCount":0,"PercentBelowLowincome3mile":22.53,"PercentPeopleOfColor":31.25,"AcsPopulationDensity":5360.91}},{"type":"Feature","geometry":{"type":"Point","coordinates":[-111.94624,40.74662]},"properties":{"FacName":"AAA BARICADE","FacStreet":"1937 WEST BENDING RIVER COURT","FacCity":"SALT LAKE CITY","FacState":"UT","RegistryID":"110070598870","FacSNCFlg":"N","FacQtrsWithNC":0,"FacInspectionCount":0,"FacFormalActionCount":0,"PercentBelowLowincome3mile":28.22,"PercentPeopleOfColor":31.01,"AcsPopulationDensity":1882.28}},{"type":"Feature","geometry":{"type":"Point","coordinates":[-111.92323,40.67402]},"properties":{"FacName":"ABBOTT CRITICAL CARE SYSTEMS","FacStreet":"4455 SOUTH ATHERTON DRIVE","FacCity":"SALT LAKE CITY","FacState":"UT","RegistryID":"110001885201","FacSNCFlg":"N","FacQtrsWithNC":1,"FacInspectionCount":1,"FacFormalActionCount":0,"PercentBelowLowincome3mile":21.27,"PercentPeopleOfColor":39.05,"AcsPopulationDensity":5284.53}},{"type":"Feature","geometry":{"type":"Point","coordinates":[-111.939,40.7686]},"properties":{"FacName":"ABF DEMOLITION","FacStreet":"55 S REDWOOD RD","FacCity":"SALT LAKE CITY","FacState":"UT","RegistryID":"110071863869","FacSNCFlg":"N","FacQtrsWithNC":0,"FacInspectionCount":0,"FacFormalActionCount":0,"PercentBelowLowincome3mile":31.63,"PercentPeopleOfColor":25.02,"AcsPopulationDensity":2136.09}},{"type":"Feature","geometry":{"type":"Point","coordinates":[-112.031432,40.763837]},"properties":{"FacName":"ABF FREIGHT SYSTEM, INC.","FacStreet":"6070 WEST 150 SOUTH","FacCity":"SALT LAKE CITY","FacState":"UT","RegistryID":"110071405343","FacSNCFlg":"N","FacQtrsWithNC":0,"FacInspectionCount":0,"FacFormalActionCount":0,"PercentBelowLowincome3mile":29.45,"PercentPeopleOfColor":21.56,"AcsPopulationDensity":97.93}},{"type":"Feature","geometry":{"type":"Point","coordinates":[-111.93921,40.76908]},"properties":{"FacName":"ABF FREIGHT SYSTEMS INCORPORATED","FacStreet":"55 S REDWOOD RD","FacCity":"SALT LAKE CITY","FacState":"UT","RegistryID":"110002275546","FacSNCFlg":"N","FacQtrsWithNC":0,"FacInspectionCount":1,"FacFormalActionCount":1,"PercentBelowLowincome3mile":31.75,"PercentPeopleOfColor":25.07,"AcsPopulationDensity":2114.23}},{"type":"Feature","geometry":{"type":"Point","coordinates":[-112.037899,40.767255]},"properties":{"FacName":"ABF FREIGHT SYSTEMS, INC.","FacStreet":"6070 W 150 S","FacCity":"SALT LAKE CITY","FacState":"UT","RegistryID":"110071453574","FacSNCFlg":"N","FacQtrsWithNC":2,"FacInspectionCount":1,"FacFormalActionCount":0,"PercentBelowLowincome3mile":28.33,"PercentPeopleOfColor":18.49,"AcsPopulationDensity":83.63}},{"type":"Feature","geometry":{"type":"Point","coordinates":[-111.9721,40.75719]},"properties":{"FacName":"ACCUTECH MACHINE INC.","FacStreet":"552 GLADIOLA ST.","FacCity":"SALT LAKE CITY","FacState":"UT","RegistryID":"110070346190","FacSNCFlg":"N","FacQtrsWithNC":0,"FacInspectionCount":1,"FacFormalActionCount":0,"PercentBelowLowincome3mile":26.9,"PercentPeopleOfColor":21.77,"AcsPopulationDensity":918.58}},{"type":"Feature","geometry":{"type":"Point","coordinates":[-111.94673,40.74228]},"properties":{"FacName":"ACE INTERMOUNTAIN RECYCLE CENTER","FacStreet":"1240 S WALLACE ROAD","FacCity":"SALT LAKE CITY","FacState":"UT","RegistryID":"110071337960","FacSNCFlg":"N","FacQtrsWithNC":0,"FacInspectionCount":1,"FacFormalActionCount":0,"PercentBelowLowincome3mile":26.88,"PercentPeopleOfColor":32.8,"AcsPopulationDensity":1856.63}},{"type":"Feature","geometry":{"type":"Point","coordinates":[-111.94616,40.74162]},"properties":{"FacName":"ACME WRECKING & SALVAGING CO.","FacStreet":"1240 WALLACE RD.","FacCity":"SALT LAKE CITY","FacState":"UT","RegistryID":"110002264273","FacSNCFlg":"N","FacQtrsWithNC":0,"FacInspectionCount":0,"FacFormalActionCount":0,"PercentBelowLowincome3mile":26.79,"PercentPeopleOfColor":33.04,"AcsPopulationDensity":1874.3}},{"type":"Feature","geometry":{"type":"Point","coordinates":[-111.919478,40.846875]},"properties":{"FacName":"ADVANCED DRAINAGE SYSTEMS","FacStreet":"240 N 400 W","FacCity":"SALT LAKE CITY","FacState":"UT","RegistryID":"110071849857","FacSNCFlg":"N","FacQtrsWithNC":0,"FacInspectionCount":0,"FacFormalActionCount":0,"PercentBelowLowincome3mile":28.36,"PercentPeopleOfColor":14.91,"AcsPopulationDensity":1480.6}},{"type":"Feature","geometry":{"type":"Point","coordinates":[-111.89483,40.67799]},"properties":{"FacName":"ADVANCED FOAM PLASTICS","FacStreet":"111 WEST FIRECLAY AVENUE","FacCity":"SALT LAKE CITY","FacState":"UT","RegistryID":"110033180947","FacSNCFlg":"N","FacQtrsWithNC":0,"FacInspectionCount":0,"FacFormalActionCount":0,"PercentBelowLowincome3mile":22.5,"PercentPeopleOfColor":32.88,"AcsPopulationDensity":5303.88}},{"type":"Feature","geometry":{"type":"Point","coordinates":[-111.89688,40.744655]},"properties":{"FacName":"ADVANCED FOUR WHEEL DRIVE","FacStreet":"1102 S 200 W","FacCity":"SALT LAKE CITY","FacState":"UT","RegistryID":"110002262523","FacSNCFlg":"N","FacQtrsWithNC":0,"FacInspectionCount":0,"FacFormalActionCount":0,"PercentBelowLowincome3mile":27.29,"PercentPeopleOfColor":32.35,"AcsPopulationDensity":5194.77}},{"type":"Feature","geometry":{"type":"Point","coordinates":[-111.902636,40.715371]},"properties":{"FacName":"ADVANCED MATERIALS PROCESSING","FacStreet":"470 W LAWNDALE DR","FacCity":"SALT LAKE CITY","FacState":"UT","RegistryID":"110042402977","FacSNCFlg":"N","FacQtrsWithNC":0,"FacInspectionCount":1,"FacFormalActionCount":0,"PercentBelowLowincome3mile":21.82,"PercentPeopleOfColor":31.2,"AcsPopulationDensity":4279.02}},{"type":"Feature","geometry":{"type":"Point","coordinates":[-111.98314,40.72938]},"properties":{"FacName":"ADVANCED PRECISION MFG. INC.","FacStreet":"1844 S 3850 W","FacCity":"SALT LAKE CITY","FacState":"UT","RegistryID":"110070296638","FacSNCFlg":"N","FacQtrsWithNC":0,"FacInspectionCount":0,"FacFormalActionCount":0,"PercentBelowLowincome3mile":29.01,"PercentPeopleOfColor":40.73,"AcsPopulationDensity":1979.24}},{"type":"Feature","geometry":{"type":"Point","coordinates":[-111.891526,40.740291]},"properties":{"FacName":"ADVANCED SOLUTIONS PROPERTY MANAGEMENT","FacStreet":"1360 SOUTH MAIN STREET #305","FacCity":"SALT LAKE CITY","FacState":"UT","RegistryID":"110071537741","FacSNCFlg":"N","FacQtrsWithNC":null,"FacInspectionCount":1,"FacFormalActionCount":0,"PercentBelowLowincome3mile":26.29,"PercentPeopleOfColor":31.85,"AcsPopulationDensity":5383.16}},{"type":"Feature","geometry":{"type":"Point","coordinates":[-111.98222,40.74486]},"properties":{"FacName":"ADVANCED TECHNOLOGY RECYCLING","FacStreet":"1130 SOUTH 3800 WEST","FacCity":"SALT LAKE CITY","FacState":"UT","RegistryID":"110070633544","FacSNCFlg":"N","FacQtrsWithNC":0,"FacInspectionCount":0,"FacFormalActionCount":0,"PercentBelowLowincome3mile":27.74,"PercentPeopleOfColor":32.82,"AcsPopulationDensity":851.68}},{"type":"Feature","geometry":{"type":"Point","coordinates":[-111.876183,40.758701]},"properties":{"FacName":"ADVANCED TECHNOLOGY RECYCLING SLC","FacStreet":"1967 SOUTH 300 WEST","FacCity":"SALT LAKE CITY","FacState":"UT","RegistryID":"110071867106","FacSNCFlg":"N","FacQtrsWithNC":0,"FacInspectionCount":0,"FacFormalActionCount":0,"PercentBelowLowincome3mile":27.83,"PercentPeopleOfColor":31.83,"AcsPopulationDensity":5155.09}},{"type":"Feature","geometry":{"type":"Point","coordinates":[-111.950571,40.715281]},"properties":{"FacName":"ADVANTAGE UTAH","FacStreet":"2580 DECKER LAKE BOULEVARD STE 200","FacCity":"SALT LAKE CITY","FacState":"UT","RegistryID":"110071674383","FacSNCFlg":"N","FacQtrsWithNC":0,"FacInspectionCount":1,"FacFormalActionCount":0,"PercentBelowLowincome3mile":23.87,"PercentPeopleOfColor":41.65,"AcsPopulationDensity":3129.42}},{"type":"Feature","geometry":{"type":"Point","coordinates":[-111.95139,40.73313]},"properties":{"FacName":"AERO-SPACE TOOLING AND MACHINING","FacStreet":"2190 WEST 1700 SOUTH","FacCity":"SALT LAKE CITY","FacState":"UT","RegistryID":"110022570680","FacSNCFlg":"N","FacQtrsWithNC":0,"FacInspectionCount":0,"FacFormalActionCount":0,"PercentBelowLowincome3mile":26.79,"PercentPeopleOfColor":37.54,"AcsPopulationDensity":2158.52}},{"type":"Feature","geometry":{"type":"Point","coordinates":[-111.91119,40.69208]},"properties":{"FacName":"AET ENVIRONMENTAL","FacStreet":"3653 S 700 W","FacCity":"SALT LAKE CITY","FacState":"UT","RegistryID":"110031322183","FacSNCFlg":"N","FacQtrsWithNC":3,"FacInspectionCount":1,"FacFormalActionCount":2,"PercentBelowLowincome3mile":23.18,"PercentPeopleOfColor":37.15,"AcsPopulationDensity":5078.24}},{"type":"Feature","geometry":{"type":"Point","coordinates":[-112.00045,40.75476]},"properties":{"FacName":"AIR LIQUIDE INDUSTRIAL U.S. LP PRESSURE SWING ABSORBER","FacStreet":"4585 W 700 SOUTH","FacCity":"SALT LAKE CITY","FacState":"UT","RegistryID":"110037945864","FacSNCFlg":"N","FacQtrsWithNC":0,"FacInspectionCount":0,"FacFormalActionCount":0,"PercentBelowLowincome3mile":30.24,"PercentPeopleOfColor":27.8,"AcsPopulationDensity":153.94}},{"type":"Feature","geometry":{"type":"Point","coordinates":[-111.95802,40.74307]},"properties":{"FacName":"AIRGAS PIONEER ROAD","FacStreet":"1211 S PIONEER RD","FacCity":"SALT LAKE CITY","FacState":"UT","RegistryID":"110022524213","FacSNCFlg":"N","FacQtrsWithNC":null,"FacInspectionCount":0,"FacFormalActionCount":0,"PercentBelowLowincome3mile":26.81,"PercentPeopleOfColor":33.68,"AcsPopulationDensity":1572.38}},{"type":"Feature","geometry":{"type":"Point","coordinates":[-112.0133,40.77963]},"properties":{"FacName":"ALBANY ENGINEERED COMPOSITES","FacStreet":"505 NORTH BILLY MITCHEL ROAD","FacCity":"SALT LAKE CITY","FacState":"UT","RegistryID":"110071238639","FacSNCFlg":"N","FacQtrsWithNC":0,"FacInspectionCount":1,"FacFormalActionCount":0,"PercentBelowLowincome3mile":30.12,"PercentPeopleOfColor":13.42,"AcsPopulationDensity":90.77}},{"type":"Feature","geometry":{"type":"Point","coordinates":[-112.03351,40.77879]},"properties":{"FacName":"ALBANY ENGINEERED COMPOSITES - NORTH SITE - BUILDING STORAGE ADDITION","FacStreet":"5995 WEST AMELIA EARHART DRIVE","FacCity":"SALT LAKE CITY","FacState":"UT","RegistryID":"110005209899","FacSNCFlg":"N","FacQtrsWithNC":1,"FacInspectionCount":1,"FacFormalActionCount":0,"PercentBelowLowincome3mile":27.26,"PercentPeopleOfColor":14.45,"AcsPopulationDensity":76.17}},{"type":"Feature","geometry":{"type":"Point","coordinates":[-111.8923,40.7544]},"properties":{"FacName":"ALCHEMY BY LOTUS","FacStreet":"48 W 700 S","FacCity":"SALT LAKE CITY","FacState":"UT","RegistryID":"UTRC12283","FacSNCFlg":"N","FacQtrsWithNC":0,"FacInspectionCount":0,"FacFormalActionCount":0,"PercentBelowLowincome3mile":null,"PercentPeopleOfColor":null,"AcsPopulationDensity":null}},{"type":"Feature","geometry":{"type":"Point","coordinates":[-111.85897,40.68706]},"properties":{"FacName":"ALIRI USA, INC.","FacStreet":"1121 EAST 3900 SOUTH SUITE C-210","FacCity":"SALT LAKE CITY","FacState":"UT","RegistryID":"110042295860","FacSNCFlg":"N","FacQtrsWithNC":0,"FacInspectionCount":0,"FacFormalActionCount":0,"PercentBelowLowincome3mile":23.79,"PercentPeopleOfColor":27.4,"AcsPopulationDensity":5611.32}},{"type":"Feature","geometry":{"type":"Point","coordinates":[-111.945755,40.713684]},"properties":{"FacName":"ALL FILTERS LLC","FacStreet":"1991 W PARKWAY BOULEVARD","FacCity":"SALT LAKE CITY","FacState":"UT","RegistryID":"110070945218","FacSNCFlg":"N","FacQtrsWithNC":null,"FacInspectionCount":1,"FacFormalActionCount":0,"PercentBelowLowincome3mile":23.96,"PercentPeopleOfColor":41.93,"AcsPopulationDensity":3184.47}},{"type":"Feature","geometry":{"type":"Point","coordinates":[-111.90549,40.6969]},"properties":{"FacName":"ALL TRUCK & CAR","FacStreet":"3380 SOUTH 500 WEST","FacCity":"SALT LAKE CITY","FacState":"UT","RegistryID":"110030925195","FacSNCFlg":"N","FacQtrsWithNC":0,"FacInspectionCount":1,"FacFormalActionCount":1,"PercentBelowLowincome3mile":23.62,"PercentPeopleOfColor":35.32,"AcsPopulationDensity":5054.01}},{"type":"Feature","geometry":{"type":"Point","coordinates":[-111.7842,40.6227]},"properties":{"FacName":"ALLAK RESIDENCE","FacStreet":"7148 CITY VIEW DRIVE","FacCity":"SALT LAKE CITY","FacState":"UT","RegistryID":"110070831507","FacSNCFlg":"N","FacQtrsWithNC":0,"FacInspectionCount":0,"FacFormalActionCount":0,"PercentBelowLowincome3mile":29.4,"PercentPeopleOfColor":34.59,"AcsPopulationDensity":1456.1}},{"type":"Feature","geometry":{"type":"Point","coordinates":[-111.88827,40.68846]},"properties":{"FacName":"ALLIANCE LAUNDRY SYSTEMS DISTRIBUTION","FacStreet":"3838 S STATE ST","FacCity":"SALT LAKE CITY","FacState":"UT","RegistryID":"110072084698","FacSNCFlg":"N","FacQtrsWithNC":0,"FacInspectionCount":0,"FacFormalActionCount":0,"PercentBelowLowincome3mile":22.85,"PercentPeopleOfColor":32.08,"AcsPopulationDensity":5364.29}},{"type":"Feature","geometry":{"type":"Point","coordinates":[-111.971552,40.754497]},"properties":{"FacName":"ALLIED WASTE SERVICES OF SALT LAKE CITY","FacStreet":"675 S GLADIOLA STREET","FacCity":"SALT LAKE CITY","FacState":"UT","RegistryID":"110032603715","FacSNCFlg":"N","FacQtrsWithNC":0,"FacInspectionCount":1,"FacFormalActionCount":0,"PercentBelowLowincome3mile":26.24,"PercentPeopleOfColor":23.48,"AcsPopulationDensity":929.63}},{"type":"Feature","geometry":{"type":"Point","coordinates":[-111.892483,40.77154]},"properties":{"FacName":"ALMA LATTER-DAY SAINTS CHURCH-WELL 01- CL2 TREATMENT","FacStreet":"50 E NORTH TEMPLE STREET, 12TH FLOOR","FacCity":"SALT LAKE CITY","FacState":"UT","RegistryID":"110070771470","FacSNCFlg":"N","FacQtrsWithNC":8,"FacInspectionCount":0,"FacFormalActionCount":5,"PercentBelowLowincome3mile":29.72,"PercentPeopleOfColor":30.62,"AcsPopulationDensity":4658.1}},{"type":"Feature","geometry":{"type":"Point","coordinates":[-111.92949,40.76584]},"properties":{"FacName":"ALONZO REFINISHING","FacStreet":"154 NAVAJO STREET","FacCity":"SALT LAKE CITY","FacState":"UT","RegistryID":"110009509040","FacSNCFlg":"N","FacQtrsWithNC":0,"FacInspectionCount":0,"FacFormalActionCount":0,"PercentBelowLowincome3mile":30.38,"PercentPeopleOfColor":25.26,"AcsPopulationDensity":2848.51}},{"type":"Feature","geometry":{"type":"Point","coordinates":[-111.5934,40.4447]},"properties":{"FacName":"ALPHA INC","FacStreet":"4324 COMMERCIAL WAY","FacCity":"SALT LAKE CITY","FacState":"UT","RegistryID":"110071509560","FacSNCFlg":"N","FacQtrsWithNC":0,"FacInspectionCount":0,"FacFormalActionCount":0,"PercentBelowLowincome3mile":19.42,"PercentPeopleOfColor":16.69,"AcsPopulationDensity":25.2}},{"type":"Feature","geometry":{"type":"Point","coordinates":[-112.012276,40.728124]},"properties":{"FacName":"ALPHA PACKAGING","FacStreet":"2041 SOUTH 5070 WEST","FacCity":"SALT LAKE CITY","FacState":"UT","RegistryID":"110057525646","FacSNCFlg":"N","FacQtrsWithNC":0,"FacInspectionCount":0,"FacFormalActionCount":0,"PercentBelowLowincome3mile":28.65,"PercentPeopleOfColor":42.85,"AcsPopulationDensity":1750.08}},{"type":"Feature","geometry":{"type":"Point","coordinates":[-111.93742,40.80959]},"properties":{"FacName":"ALPHA TRANSPORT, INC.","FacStreet":"1655 WEST 1900 NORTH","FacCity":"SALT LAKE CITY","FacState":"UT","RegistryID":"110043713853","FacSNCFlg":"N","FacQtrsWithNC":0,"FacInspectionCount":0,"FacFormalActionCount":0,"PercentBelowLowincome3mile":37.68,"PercentPeopleOfColor":22.07,"AcsPopulationDensity":1271.32}},{"type":"Feature","geometry":{"type":"Point","coordinates":[-111.91832,40.67399]},"properties":{"FacName":"ALS GROUP USA, CORP.","FacStreet":"960 W LEVOY DR","FacCity":"SALT LAKE CITY","FacState":"UT","RegistryID":"110024213607","FacSNCFlg":"N","FacQtrsWithNC":0,"FacInspectionCount":1,"FacFormalActionCount":0,"PercentBelowLowincome3mile":21.31,"PercentPeopleOfColor":38.04,"AcsPopulationDensity":5210.31}},{"type":"Feature","geometry":{"type":"Point","coordinates":[-111.97135,40.73086]},"properties":{"FacName":"ALSCO, INC.","FacStreet":"3370 W 1820 S","FacCity":"SALT LAKE CITY","FacState":"UT","RegistryID":"110071934015","FacSNCFlg":"N","FacQtrsWithNC":0,"FacInspectionCount":0,"FacFormalActionCount":0,"PercentBelowLowincome3mile":28.57,"PercentPeopleOfColor":39.57,"AcsPopulationDensity":1986.6}},{"type":"Feature","geometry":{"type":"Point","coordinates":[-111.9444,40.7708]},"properties":{"FacName":"ALTA NORTH STATION","FacStreet":"1865 WEST NORTH TEMPLE","FacCity":"SALT LAKE CITY","FacState":"UT","RegistryID":"110071907137","FacSNCFlg":"N","FacQtrsWithNC":0,"FacInspectionCount":0,"FacFormalActionCount":0,"PercentBelowLowincome3mile":31.72,"PercentPeopleOfColor":24.05,"AcsPopulationDensity":1869.45}},{"type":"Feature","geometry":{"type":"Point","coordinates":[-111.8954,40.6998]},"properties":{"FacName":"ALTA PAINT AND COATINGS, INC.","FacStreet":"136 WEST 3300 SOUTH","FacCity":"SALT LAKE CITY","FacState":"UT","RegistryID":"110041685272","FacSNCFlg":"N","FacQtrsWithNC":0,"FacInspectionCount":0,"FacFormalActionCount":0,"PercentBelowLowincome3mile":23.83,"PercentPeopleOfColor":32.99,"AcsPopulationDensity":5041.26}},{"type":"Feature","geometry":{"type":"Point","coordinates":[-111.915161,40.76498]},"properties":{"FacName":"ALTA VUE APARTMENTS","FacStreet":"820 WEST 200 SOUTH","FacCity":"SALT LAKE CITY","FacState":"UT","RegistryID":"110071068776","FacSNCFlg":"N","FacQtrsWithNC":3,"FacInspectionCount":0,"FacFormalActionCount":0,"PercentBelowLowincome3mile":29.45,"PercentPeopleOfColor":27.82,"AcsPopulationDensity":3991.84}},{"type":"Feature","geometry":{"type":"Point","coordinates":[-111.92293,40.81676]},"properties":{"FacName":"ALTAVIEW CONCRETE","FacStreet":"1110 WEST 2300 NORTH","FacCity":"SALT LAKE CITY","FacState":"UT","RegistryID":"110071930902","FacSNCFlg":"N","FacQtrsWithNC":0,"FacInspectionCount":0,"FacFormalActionCount":0,"PercentBelowLowincome3mile":35.27,"PercentPeopleOfColor":21.04,"AcsPopulationDensity":1423.69}},{"type":"Feature","geometry":{"type":"Point","coordinates":[-111.96773,40.74508]},"properties":{"FacName":"ALTEC INDUSTRIES, INC.","FacStreet":"1111 SOUTH 3200 WEST","FacCity":"SALT LAKE CITY","FacState":"UT","RegistryID":"110063757661","FacSNCFlg":"N","FacQtrsWithNC":0,"FacInspectionCount":0,"FacFormalActionCount":0,"PercentBelowLowincome3mile":27.05,"PercentPeopleOfColor":31.62,"AcsPopulationDensity":1295.19}},{"type":"Feature","geometry":{"type":"Point","coordinates":[-111.9145,40.7698]},"properties":{"FacName":"ALTITUDE","FacStreet":"11 NORTH 800 WEST","FacCity":"SALT LAKE CITY","FacState":"UT","RegistryID":"110071157526","FacSNCFlg":"N","FacQtrsWithNC":7,"FacInspectionCount":0,"FacFormalActionCount":0,"PercentBelowLowincome3mile":30.13,"PercentPeopleOfColor":28.22,"AcsPopulationDensity":3899.87}},{"type":"Feature","geometry":{"type":"Point","coordinates":[-111.87137,40.69304]},"properties":{"FacName":"ALUMASTEEL","FacStreet":"3600 WEST 700 SOUTH","FacCity":"SALT LAKE CITY","FacState":"UT","RegistryID":"110041904561","FacSNCFlg":"N","FacQtrsWithNC":0,"FacInspectionCount":0,"FacFormalActionCount":0,"PercentBelowLowincome3mile":22.39,"PercentPeopleOfColor":28.02,"AcsPopulationDensity":5608.79}},{"type":"Feature","geometry":{"type":"Point","coordinates":[-112.039129,40.754787]},"properties":{"FacName":"ALUMASTEEL MFG. INC.","FacStreet":"3900 WEST 700 SOUTH","FacCity":"SALT LAKE CITY","FacState":"UT","RegistryID":"110069422299","FacSNCFlg":"N","FacQtrsWithNC":0,"FacInspectionCount":1,"FacFormalActionCount":0,"PercentBelowLowincome3mile":26.77,"PercentPeopleOfColor":30.14,"AcsPopulationDensity":128.36}},{"type":"Feature","geometry":{"type":"Point","coordinates":[-112.02729,40.756917]},"properties":{"FacName":"AMAZON.COM SERVICES LLC - DUT3","FacStreet":"620 SOUTH 5700 WEST LEGACY LOGISTICS CENTER","FacCity":"SALT LAKE CITY","FacState":"UT","RegistryID":"110070824378","FacSNCFlg":"N","FacQtrsWithNC":0,"FacInspectionCount":2,"FacFormalActionCount":0,"PercentBelowLowincome3mile":29.7,"PercentPeopleOfColor":27.25,"AcsPopulationDensity":120.2}},{"type":"Feature","geometry":{"type":"Point","coordinates":[-112.025144,40.786762]},"properties":{"FacName":"AMAZON.COM SERVICES LLC - SLC1","FacStreet":"777 NORTH 5600 WEST","FacCity":"SALT LAKE CITY","FacState":"UT","RegistryID":"110070435236","FacSNCFlg":"N","FacQtrsWithNC":0,"FacInspectionCount":2,"FacFormalActionCount":0,"PercentBelowLowincome3mile":27.04,"PercentPeopleOfColor":12.15,"AcsPopulationDensity":76.51}},{"type":"Feature","geometry":{"type":"Point","coordinates":[-111.91018,40.633224]},"properties":{"FacName":"AMAZON.COM SERVICES LLC - SUT1","FacStreet":"6338 WEST 700 NORTH","FacCity":"SALT LAKE CITY","FacState":"UT","RegistryID":"110071093276","FacSNCFlg":"N","FacQtrsWithNC":0,"FacInspectionCount":1,"FacFormalActionCount":0,"PercentBelowLowincome3mile":15.88,"PercentPeopleOfColor":25.61,"AcsPopulationDensity":5378.96}},{"type":"Feature","geometry":{"type":"Point","coordinates":[-111.84684,40.63166]},"properties":{"FacName":"AMAZON.COM SERVICES LLC SLC9","FacStreet":"808 N. 6550 W. SLC GLOBAL LOGISITICS CTR BUILDING 3","FacCity":"SALT LAKE CITY","FacState":"UT","RegistryID":"110070832045","FacSNCFlg":"N","FacQtrsWithNC":0,"FacInspectionCount":0,"FacFormalActionCount":0,"PercentBelowLowincome3mile":22.58,"PercentPeopleOfColor":27.2,"AcsPopulationDensity":4703.84}},{"type":"Feature","geometry":{"type":"Point","coordinates":[-111.97211,40.752491]},"properties":{"FacName":"AMAZON.COM SERVICES, LLC - SLC4","FacStreet":"770 SOUTH GLADIOLA STREET","FacCity":"SALT LAKE CITY","FacState":"UT","RegistryID":"110070633541","FacSNCFlg":"N","FacQtrsWithNC":0,"FacInspectionCount":2,"FacFormalActionCount":0,"PercentBelowLowincome3mile":26.22,"PercentPeopleOfColor":25.27,"AcsPopulationDensity":944.37}},{"type":"Feature","geometry":{"type":"Point","coordinates":[-112.036216,40.777148]},"properties":{"FacName":"AMAZON.COM SERVICES, LLC. - SLC3","FacStreet":"355 NORTH JOHN GLENN ROAD","FacCity":"SALT LAKE CITY","FacState":"UT","RegistryID":"110070633535","FacSNCFlg":"N","FacQtrsWithNC":0,"FacInspectionCount":0,"FacFormalActionCount":0,"PercentBelowLowincome3mile":27.06,"PercentPeopleOfColor":14.99,"AcsPopulationDensity":75.05}},{"type":"Feature","geometry":{"type":"Point","coordinates":[-112.02517,40.78365]},"properties":{"FacName":"AMBASSADOR DUCK CLUB","FacStreet":"3200 NORTH 5600 WEST","FacCity":"SALT LAKE CITY","FacState":"UT","RegistryID":"110045509277","FacSNCFlg":"N","FacQtrsWithNC":0,"FacInspectionCount":0,"FacFormalActionCount":0,"PercentBelowLowincome3mile":27.66,"PercentPeopleOfColor":12.92,"AcsPopulationDensity":78.96}},{"type":"Feature","geometry":{"type":"Point","coordinates":[-111.980714,40.783553]},"properties":{"FacName":"AMERICAN AIRLINES","FacStreet":"776 N TERMINAL DRIVE","FacCity":"SALT LAKE CITY","FacState":"UT","RegistryID":"110071063865","FacSNCFlg":"N","FacQtrsWithNC":null,"FacInspectionCount":1,"FacFormalActionCount":0,"PercentBelowLowincome3mile":37.95,"PercentPeopleOfColor":20.69,"AcsPopulationDensity":660.43}},{"type":"Feature","geometry":{"type":"Point","coordinates":[-111.908924,40.771594]},"properties":{"FacName":"AMERICAN BARREL COMPANY","FacStreet":"600 WEST NORTH TEMPLE","FacCity":"SALT LAKE CITY","FacState":"UT","RegistryID":"110000619947","FacSNCFlg":"N","FacQtrsWithNC":0,"FacInspectionCount":0,"FacFormalActionCount":0,"PercentBelowLowincome3mile":30.83,"PercentPeopleOfColor":30.82,"AcsPopulationDensity":4266.51}},{"type":"Feature","geometry":{"type":"Point","coordinates":[-111.99655,40.74892]},"properties":{"FacName":"AMERICAN DIAMOND TOOL, LLC","FacStreet":"925 S 4400 W","FacCity":"SALT LAKE CITY","FacState":"UT","RegistryID":"110070309037","FacSNCFlg":"N","FacQtrsWithNC":0,"FacInspectionCount":0,"FacFormalActionCount":0,"PercentBelowLowincome3mile":27.7,"PercentPeopleOfColor":33.21,"AcsPopulationDensity":239.43}},{"type":"Feature","geometry":{"type":"Point","coordinates":[-111.81499,40.677456]},"properties":{"FacName":"AMERICAN EXPRESS","FacStreet":"4315 S 2700 W","FacCity":"SALT LAKE CITY","FacState":"UT","RegistryID":"110002275984","FacSNCFlg":"N","FacQtrsWithNC":0,"FacInspectionCount":0,"FacFormalActionCount":0,"PercentBelowLowincome3mile":22.56,"PercentPeopleOfColor":24.83,"AcsPopulationDensity":3711.32}},{"type":"Feature","geometry":{"type":"Point","coordinates":[-111.8007,40.3552]},"properties":{"FacName":"AMERICAN FORK IHP","FacStreet":"PO BOX 45360","FacCity":"SALT LAKE CITY","FacState":"UT","RegistryID":"110071905382","FacSNCFlg":"N","FacQtrsWithNC":0,"FacInspectionCount":0,"FacFormalActionCount":0,"PercentBelowLowincome3mile":19.19,"PercentPeopleOfColor":23,"AcsPopulationDensity":2692.83}},{"type":"Feature","geometry":{"type":"Point","coordinates":[-111.899759,40.683908]},"properties":{"FacName":"AMERICAN STONE SALES, INC.","FacStreet":"4040 SOUTH 300 WEST","FacCity":"SALT LAKE CITY","FacState":"UT","RegistryID":"110070346077","FacSNCFlg":"N","FacQtrsWithNC":0,"FacInspectionCount":1,"FacFormalActionCount":0,"PercentBelowLowincome3mile":23.1,"PercentPeopleOfColor":34.45,"AcsPopulationDensity":5289.07}},{"type":"Feature","geometry":{"type":"Point","coordinates":[-111.9112,40.69656]},"properties":{"FacName":"AMERICAN WEST ANALYTICAL LABORATORIES (AWAL)","FacStreet":"3440 SOUTH 700 WEST","FacCity":"SALT LAKE CITY","FacState":"UT","RegistryID":"110064383019","FacSNCFlg":"N","FacQtrsWithNC":0,"FacInspectionCount":1,"FacFormalActionCount":0,"PercentBelowLowincome3mile":23.01,"PercentPeopleOfColor":36.51,"AcsPopulationDensity":4981.93}},{"type":"Feature","geometry":{"type":"Point","coordinates":[-111.95206,40.73124]},"properties":{"FacName":"AMERISOURCEBERGEN DRUG CORPORATION","FacStreet":"1765 FREMONT DRIVE","FacCity":"SALT LAKE CITY","FacState":"UT","RegistryID":"110070913452","FacSNCFlg":"N","FacQtrsWithNC":1,"FacInspectionCount":1,"FacFormalActionCount":0,"PercentBelowLowincome3mile":26.31,"PercentPeopleOfColor":37.99,"AcsPopulationDensity":2231.33}},{"type":"Feature","geometry":{"type":"Point","coordinates":[-111.9068,40.75193]},"properties":{"FacName":"AMERITECH COATINGS INCORPORATED - ALUMINIUM DROSS PROCESSING FACILITY","FacStreet":"534 WEST 800 SOUTH","FacCity":"SALT LAKE CITY","FacState":"UT","RegistryID":"110001882534","FacSNCFlg":"N","FacQtrsWithNC":2,"FacInspectionCount":1,"FacFormalActionCount":0,"PercentBelowLowincome3mile":28.52,"PercentPeopleOfColor":31.53,"AcsPopulationDensity":4871.22}},{"type":"Feature","geometry":{"type":"Point","coordinates":[-111.98023,40.72553]},"properties":{"FacName":"AMES CONSTRUCTION, INC.","FacStreet":"3737  2100 S FRWY","FacCity":"WEST VALLEY CITY","FacState":"UT","RegistryID":"110059854215","FacSNCFlg":"N","FacQtrsWithNC":0,"FacInspectionCount":1,"FacFormalActionCount":0,"PercentBelowLowincome3mile":28.27,"PercentPeopleOfColor":41.51,"AcsPopulationDensity":2373.98}},{"type":"Feature","geometry":{"type":"Point","coordinates":[-111.85663,40.73351]},"properties":{"FacName":"AMOCO CLOSED HWMF","FacStreet":"1700 NORTH 1200 WEST","FacCity":"SALT LAKE CITY","FacState":"UT","RegistryID":"110000619965","FacSNCFlg":"N","FacQtrsWithNC":0,"FacInspectionCount":3,"FacFormalActionCount":0,"PercentBelowLowincome3mile":23.31,"PercentPeopleOfColor":28.91,"AcsPopulationDensity":5894.95}},{"type":"Feature","geometry":{"type":"Point","coordinates":[-112.044357,40.766273]},"properties":{"FacName":"AMRIZE BUILDING ENVELOPE - SALT LAKE CITY","FacStreet":"6534 W 150 S","FacCity":"SALT LAKE CITY","FacState":"UT","RegistryID":"110071544913","FacSNCFlg":"N","FacQtrsWithNC":0,"FacInspectionCount":1,"FacFormalActionCount":0,"PercentBelowLowincome3mile":26.91,"PercentPeopleOfColor":20.39,"AcsPopulationDensity":80.66}},{"type":"Feature","geometry":{"type":"Point","coordinates":[-112.042417,40.765806]},"properties":{"FacName":"AMRIZE BUILDING ENVELOPE LLC","FacStreet":"6534 WEST 150 SOUTH","FacCity":"SALT LAKE CITY","FacState":"UT","RegistryID":"110071643581","FacSNCFlg":"N","FacQtrsWithNC":0,"FacInspectionCount":0,"FacFormalActionCount":0,"PercentBelowLowincome3mile":27.26,"PercentPeopleOfColor":20.94,"AcsPopulationDensity":83.99}},{"type":"Feature","geometry":{"type":"Point","coordinates":[-111.92105,40.7291]},"properties":{"FacName":"AMSCO","FacStreet":"1880 S 1045 W","FacCity":"SALT LAKE CITY","FacState":"UT","RegistryID":"110002161909","FacSNCFlg":"N","FacQtrsWithNC":0,"FacInspectionCount":0,"FacFormalActionCount":0,"PercentBelowLowincome3mile":21.94,"PercentPeopleOfColor":29.26,"AcsPopulationDensity":3399.26}},{"type":"Feature","geometry":{"type":"Point","coordinates":[-111.90811,40.76227]},"properties":{"FacName":"AMTRAK PASSENGER TERMINAL","FacStreet":"300 SOUTH 600 WEST","FacCity":"SALT LAKE CUTY","FacState":"UT","RegistryID":"110032598749","FacSNCFlg":"N","FacQtrsWithNC":0,"FacInspectionCount":0,"FacFormalActionCount":0,"PercentBelowLowincome3mile":29.16,"PercentPeopleOfColor":30.39,"AcsPopulationDensity":4642.63}},{"type":"Feature","geometry":{"type":"Point","coordinates":[-112.00572,40.78203]},"properties":{"FacName":"ANCHOR 3PL","FacStreet":"580 N WRIGHT BROTHERS DR","FacCity":"SALT LAKE CITY","FacState":"UT","RegistryID":"110072071563","FacSNCFlg":"N","FacQtrsWithNC":null,"FacInspectionCount":0,"FacFormalActionCount":1,"PercentBelowLowincome3mile":31.22,"PercentPeopleOfColor":12.7,"AcsPopulationDensity":97.17}},{"type":"Feature","geometry":{"type":"Point","coordinates":[-111.94435,40.75947]},"properties":{"FacName":"ANDRUS TRANSPORTATION","FacStreet":"480 SOUTH ORANGE ST","FacCity":"SALT LAKE CITY","FacState":"UT","RegistryID":"110070545121","FacSNCFlg":"N","FacQtrsWithNC":0,"FacInspectionCount":1,"FacFormalActionCount":0,"PercentBelowLowincome3mile":31.47,"PercentPeopleOfColor":26.41,"AcsPopulationDensity":1943.95}},{"type":"Feature","geometry":{"type":"Point","coordinates":[-112.003654,40.77353]},"properties":{"FacName":"ANESTA LLC","FacStreet":"4710 WILEY POST WAY","FacCity":"SALT LAKE CITY","FacState":"UT","RegistryID":"110024547409","FacSNCFlg":"N","FacQtrsWithNC":12,"FacInspectionCount":1,"FacFormalActionCount":0,"PercentBelowLowincome3mile":35.49,"PercentPeopleOfColor":14.44,"AcsPopulationDensity":118.24}},{"type":"Feature","geometry":{"type":"Point","coordinates":[-112.00441,40.77353]},"properties":{"FacName":"ANESTA LLC","FacStreet":"4745 WILEY POST WAY SUITE 650","FacCity":"SALT LAKE CITY","FacState":"UT","RegistryID":"110009508461","FacSNCFlg":"N","FacQtrsWithNC":0,"FacInspectionCount":1,"FacFormalActionCount":1,"PercentBelowLowincome3mile":34.38,"PercentPeopleOfColor":14.44,"AcsPopulationDensity":112.06}},{"type":"Feature","geometry":{"type":"Point","coordinates":[-112.025095,40.867238]},"properties":{"FacName":"ANESTA, LLC","FacStreet":"4745 WILEY POST WAY BUILDINGS 600 & 700","FacCity":"SALT LAKE CITY","FacState":"UT","RegistryID":"110071922232","FacSNCFlg":"N","FacQtrsWithNC":0,"FacInspectionCount":0,"FacFormalActionCount":0,"PercentBelowLowincome3mile":null,"PercentPeopleOfColor":null,"AcsPopulationDensity":null}},{"type":"Feature","geometry":{"type":"Point","coordinates":[-111.95501,40.74443]},"properties":{"FacName":"ANODIZING & METAL COATINGS, INC.","FacStreet":"1163 SOUTH 2475 WEST","FacCity":"SALT LAKE CITY","FacState":"UT","RegistryID":"110064258912","FacSNCFlg":"N","FacQtrsWithNC":0,"FacInspectionCount":0,"FacFormalActionCount":0,"PercentBelowLowincome3mile":26.84,"PercentPeopleOfColor":32.68,"AcsPopulationDensity":1614.52}},{"type":"Feature","geometry":{"type":"Point","coordinates":[-111.95802,40.749176]},"properties":{"FacName":"APACHE GLOBAL PAINTING - SALT LAKE CITY FACILITY","FacStreet":"922 PIONEER ROAD","FacCity":"SALT LAKE CITY","FacState":"UT","RegistryID":"110071140380","FacSNCFlg":"N","FacQtrsWithNC":1,"FacInspectionCount":1,"FacFormalActionCount":0,"PercentBelowLowincome3mile":27.56,"PercentPeopleOfColor":30.22,"AcsPopulationDensity":1495.91}},{"type":"Feature","geometry":{"type":"Point","coordinates":[-111.81442,40.63255]},"properties":{"FacName":"APEX ESPANSION PROJECT WASATCH LOOP","FacStreet":"2755 EAST COTTONWOOD SUITE 300","FacCity":"SALT LAKE CITY","FacState":"UT","RegistryID":"110069335632","FacSNCFlg":"N","FacQtrsWithNC":0,"FacInspectionCount":0,"FacFormalActionCount":0,"PercentBelowLowincome3mile":26.31,"PercentPeopleOfColor":30.49,"AcsPopulationDensity":3040.68}},{"type":"Feature","geometry":{"type":"Point","coordinates":[-112.02907,40.772542]},"properties":{"FacName":"APOLLO ROAD WAREHOUSE","FacStreet":"160 N. APOLLO ROAD","FacCity":"SALT LAKE CITY","FacState":"UT","RegistryID":"110071944904","FacSNCFlg":"N","FacQtrsWithNC":0,"FacInspectionCount":0,"FacFormalActionCount":0,"PercentBelowLowincome3mile":29.34,"PercentPeopleOfColor":15.66,"AcsPopulationDensity":84.75}},{"type":"Feature","geometry":{"type":"Point","coordinates":[-111.8502,40.7636]},"properties":{"FacName":"APPLIED SCIENCE BUILDING","FacStreet":"255 SOUTH 1400 EAST","FacCity":"SALT LAKE CITY","FacState":"UT","RegistryID":"110071363167","FacSNCFlg":"N","FacQtrsWithNC":0,"FacInspectionCount":1,"FacFormalActionCount":0,"PercentBelowLowincome3mile":27.54,"PercentPeopleOfColor":32.86,"AcsPopulationDensity":4377.62}},{"type":"Feature","geometry":{"type":"Point","coordinates":[-111.888306,40.719276]},"properties":{"FacName":"AQUA BALANCE INC","FacStreet":"2368 S STATE STREET","FacCity":"SALT LAKE CITY","FacState":"UT","RegistryID":"110071876040","FacSNCFlg":"N","FacQtrsWithNC":null,"FacInspectionCount":1,"FacFormalActionCount":2,"PercentBelowLowincome3mile":21.62,"PercentPeopleOfColor":27.74,"AcsPopulationDensity":4698.14}},{"type":"Feature","geometry":{"type":"Point","coordinates":[-111.99237,40.74334]},"properties":{"FacName":"AQUAMIRA LLC","FacStreet":"1175 S MERIDIAN PARK ROAD","FacCity":"SALT LAKE CITY","FacState":"UT","RegistryID":"110072071562","FacSNCFlg":"N","FacQtrsWithNC":null,"FacInspectionCount":1,"FacFormalActionCount":0,"PercentBelowLowincome3mile":31.24,"PercentPeopleOfColor":35.82,"AcsPopulationDensity":622.14}},{"type":"Feature","geometry":{"type":"Point","coordinates":[-111.898593,40.709856]},"properties":{"FacName":"ARAL BIOSYNTHETICS","FacStreet":"230 WEST 2855 SOUTH","FacCity":"SALT LAKE CITY","FacState":"UT","RegistryID":"110005209194","FacSNCFlg":"N","FacQtrsWithNC":0,"FacInspectionCount":0,"FacFormalActionCount":0,"PercentBelowLowincome3mile":22.92,"PercentPeopleOfColor":32.17,"AcsPopulationDensity":4589.64}},{"type":"Feature","geometry":{"type":"Point","coordinates":[-111.91119,40.69128]},"properties":{"FacName":"ARAMARK UNIFORM SERVICES","FacStreet":"3679 S 700 W","FacCity":"SALT LAKE CITY","FacState":"UT","RegistryID":"110031316458","FacSNCFlg":"N","FacQtrsWithNC":0,"FacInspectionCount":0,"FacFormalActionCount":0,"PercentBelowLowincome3mile":23.21,"PercentPeopleOfColor":37.24,"AcsPopulationDensity":5096.74}},{"type":"Feature","geometry":{"type":"Point","coordinates":[-111.907599,40.677756]},"properties":{"FacName":"ARAMSCO, INC","FacStreet":"4282 SOUTH 590 WEST","FacCity":"SALT LAKE CITY","FacState":"UT","RegistryID":"110067090855","FacSNCFlg":"N","FacQtrsWithNC":0,"FacInspectionCount":1,"FacFormalActionCount":0,"PercentBelowLowincome3mile":23.19,"PercentPeopleOfColor":37.02,"AcsPopulationDensity":5134.26}},{"type":"Feature","geometry":{"type":"Point","coordinates":[-111.907599,40.677756]},"properties":{"FacName":"ARAMSCO, INC.","FacStreet":"4282 S 590 W","FacCity":"SALT LAKE CITY","FacState":"UT","RegistryID":"110072067880","FacSNCFlg":"N","FacQtrsWithNC":0,"FacInspectionCount":0,"FacFormalActionCount":0,"PercentBelowLowincome3mile":23.19,"PercentPeopleOfColor":37.02,"AcsPopulationDensity":5134.26}},{"type":"Feature","geometry":{"type":"Point","coordinates":[-111.8051,40.7205]},"properties":{"FacName":"ARBUTINE-JOHNSON LOT 1","FacStreet":"975 E BENCHMARK DR.","FacCity":"SALT LAKE CITY","FacState":"UT","RegistryID":"110071502530","FacSNCFlg":"N","FacQtrsWithNC":0,"FacInspectionCount":0,"FacFormalActionCount":0,"PercentBelowLowincome3mile":16.51,"PercentPeopleOfColor":19.3,"AcsPopulationDensity":2803.46}},{"type":"Feature","geometry":{"type":"Point","coordinates":[-111.9859,40.7572]},"properties":{"FacName":"ARM CONSTRUCTION","FacStreet":"3931 IRON ROSE PL","FacCity":"SALT LAKE CITY","FacState":"UT","RegistryID":"110071442914","FacSNCFlg":"N","FacQtrsWithNC":0,"FacInspectionCount":0,"FacFormalActionCount":0,"PercentBelowLowincome3mile":26.93,"PercentPeopleOfColor":20.53,"AcsPopulationDensity":484.34}},{"type":"Feature","geometry":{"type":"Point","coordinates":[-111.95955,40.74578]},"properties":{"FacName":"ARMS TECHNOLOGY, INC.","FacStreet":"2779 DIRECTORS ROW","FacCity":"SALT LAKE CITY","FacState":"UT","RegistryID":"110002263434","FacSNCFlg":"N","FacQtrsWithNC":0,"FacInspectionCount":0,"FacFormalActionCount":0,"PercentBelowLowincome3mile":26.62,"PercentPeopleOfColor":31.98,"AcsPopulationDensity":1461.41}},{"type":"Feature","geometry":{"type":"Point","coordinates":[-111.96348,40.72579]},"properties":{"FacName":"ARNOLD MACHINERY COMPANY","FacStreet":"2975 W 2100 S","FacCity":"WEST VALLEY CITY","FacState":"UT","RegistryID":"110020099588","FacSNCFlg":"N","FacQtrsWithNC":0,"FacInspectionCount":0,"FacFormalActionCount":0,"PercentBelowLowincome3mile":26.5,"PercentPeopleOfColor":41.31,"AcsPopulationDensity":2484.94}},{"type":"Feature","geometry":{"type":"Point","coordinates":[-111.96197,40.72558]},"properties":{"FacName":"ARNOLD MACHINERY COMPANY","FacStreet":"2921 WEST 2100 SOUTH","FacCity":"SALT LAKE CITY","FacState":"UT","RegistryID":"110042295575","FacSNCFlg":"N","FacQtrsWithNC":0,"FacInspectionCount":0,"FacFormalActionCount":0,"PercentBelowLowincome3mile":26.23,"PercentPeopleOfColor":41.3,"AcsPopulationDensity":2492.9}},{"type":"Feature","geometry":{"type":"Point","coordinates":[-111.90204,40.76717]},"properties":{"FacName":"ARTISTIC PRINTING COMPANY","FacStreet":"377 W 100 S","FacCity":"SALT LAKE CITY","FacState":"UT","RegistryID":"110002262596","FacSNCFlg":"N","FacQtrsWithNC":0,"FacInspectionCount":0,"FacFormalActionCount":0,"PercentBelowLowincome3mile":29.5,"PercentPeopleOfColor":30.05,"AcsPopulationDensity":4659.34}},{"type":"Feature","geometry":{"type":"Point","coordinates":[-111.83672,40.77298]},"properties":{"FacName":"ARUP LABORATORIES","FacStreet":"50 NORTH MEDICAL DRIVE","FacCity":"SALT LAKE CITY","FacState":"UT","RegistryID":"110009508675","FacSNCFlg":"N","FacQtrsWithNC":0,"FacInspectionCount":1,"FacFormalActionCount":0,"PercentBelowLowincome3mile":28.33,"PercentPeopleOfColor":34,"AcsPopulationDensity":3397.91}},{"type":"Feature","geometry":{"type":"Point","coordinates":[-111.82403,40.75742]},"properties":{"FacName":"ARUP LABORATORIES","FacStreet":"500 CHIPETA WAY","FacCity":"SALT LAKE CITY","FacState":"UT","RegistryID":"110002263014","FacSNCFlg":"N","FacQtrsWithNC":1,"FacInspectionCount":1,"FacFormalActionCount":0,"PercentBelowLowincome3mile":25.64,"PercentPeopleOfColor":33.6,"AcsPopulationDensity":3346.92}},{"type":"Feature","geometry":{"type":"Point","coordinates":[-112.0007,40.72557]},"properties":{"FacName":"ASAHI REFINING USA INC","FacStreet":"4601 W. 2100 S.","FacCity":"SALT LAKE CITY","FacState":"UT","RegistryID":"110055233251","FacSNCFlg":"N","FacQtrsWithNC":0,"FacInspectionCount":1,"FacFormalActionCount":0,"PercentBelowLowincome3mile":27.53,"PercentPeopleOfColor":40.78,"AcsPopulationDensity":2130.16}},{"type":"Feature","geometry":{"type":"Point","coordinates":[-111.8276,40.7391]},"properties":{"FacName":"ASANA PARTNERS LLC - CURTIS PARK","FacStreet":"1421 S 2200 E","FacCity":"SALT LAKE CITY","FacState":"UT","RegistryID":"UTRC12336","FacSNCFlg":"N","FacQtrsWithNC":0,"FacInspectionCount":0,"FacFormalActionCount":0,"PercentBelowLowincome3mile":null,"PercentPeopleOfColor":null,"AcsPopulationDensity":null}},{"type":"Feature","geometry":{"type":"Point","coordinates":[-111.98426,40.794649]},"properties":{"FacName":"ASIG CONCRETE  CONTAINMENT","FacStreet":"1070 N 3930 W","FacCity":"SALT LAKE CITY","FacState":"UT","RegistryID":"110070712084","FacSNCFlg":"N","FacQtrsWithNC":0,"FacInspectionCount":0,"FacFormalActionCount":0,"PercentBelowLowincome3mile":40.1,"PercentPeopleOfColor":19.59,"AcsPopulationDensity":495.56}},{"type":"Feature","geometry":{"type":"Point","coordinates":[-111.94553,40.801893]},"properties":{"FacName":"ASPEN COVE APARTMENT HOMES","FacStreet":"1814 W INDEPENDENCE BL","FacCity":"SALT LAKE CITY","FacState":"UT","RegistryID":"110071442381","FacSNCFlg":"N","FacQtrsWithNC":null,"FacInspectionCount":1,"FacFormalActionCount":0,"PercentBelowLowincome3mile":37.75,"PercentPeopleOfColor":22.82,"AcsPopulationDensity":1173.86}},{"type":"Feature","geometry":{"type":"Point","coordinates":[-111.892483,40.77154]},"properties":{"FacName":"ASPEN CREST GIRLS CAMP-HYPOCHLORITE CHLORINATOR","FacStreet":"50 E NORTH TEMPLE ST","FacCity":"SALT LAKE CITY","FacState":"UT","RegistryID":"110052913344","FacSNCFlg":"N","FacQtrsWithNC":0,"FacInspectionCount":0,"FacFormalActionCount":0,"PercentBelowLowincome3mile":29.72,"PercentPeopleOfColor":30.62,"AcsPopulationDensity":4658.1}},{"type":"Feature","geometry":{"type":"Point","coordinates":[-111.974308,40.736469]},"properties":{"FacName":"ASPEN PRESS AND PACKAGING","FacStreet":"3555 WEST NINIGRET DRIVE","FacCity":"SALT LAKE CITY","FacState":"UT","RegistryID":"110070435256","FacSNCFlg":"N","FacQtrsWithNC":12,"FacInspectionCount":1,"FacFormalActionCount":2,"PercentBelowLowincome3mile":29.27,"PercentPeopleOfColor":38.38,"AcsPopulationDensity":1540.88}},{"type":"Feature","geometry":{"type":"Point","coordinates":[-111.95027,40.73694]},"properties":{"FacName":"ASPHALT SYSTEMS INCORPORATED - ASPHALT MIXING PLANT","FacStreet":"2775 WEST 1500 SOUTH","FacCity":"SALT LAKE CITY","FacState":"UT","RegistryID":"110041127973","FacSNCFlg":"N","FacQtrsWithNC":0,"FacInspectionCount":0,"FacFormalActionCount":0,"PercentBelowLowincome3mile":27,"PercentPeopleOfColor":36.52,"AcsPopulationDensity":1979.01}},{"type":"Feature","geometry":{"type":"Point","coordinates":[-111.959344,40.737752]},"properties":{"FacName":"ASPHALT SYSTEMS, INC.","FacStreet":"2775 WEST 1500 SOUTH","FacCity":"SALT LAKE CITY","FacState":"UT","RegistryID":"110001884649","FacSNCFlg":"N","FacQtrsWithNC":0,"FacInspectionCount":0,"FacFormalActionCount":0,"PercentBelowLowincome3mile":27.88,"PercentPeopleOfColor":36.34,"AcsPopulationDensity":1788.11}},{"type":"Feature","geometry":{"type":"Point","coordinates":[-111.942588,40.725884]},"properties":{"FacName":"ASSOCIATED FOOD STORES","FacStreet":"1880 WEST 2100 SOUTH","FacCity":"SALT LAKE CITY","FacState":"UT","RegistryID":"110005207285","FacSNCFlg":"N","FacQtrsWithNC":0,"FacInspectionCount":1,"FacFormalActionCount":0,"PercentBelowLowincome3mile":25.81,"PercentPeopleOfColor":38.22,"AcsPopulationDensity":2640.06}},{"type":"Feature","geometry":{"type":"Point","coordinates":[-111.943469,40.726585]},"properties":{"FacName":"ASSOCIATED FOOD STORES, INC.","FacStreet":"1850 W 2100 S","FacCity":"SALT LAKE CITY","FacState":"UT","RegistryID":"110071545448","FacSNCFlg":"N","FacQtrsWithNC":0,"FacInspectionCount":0,"FacFormalActionCount":0,"PercentBelowLowincome3mile":25.81,"PercentPeopleOfColor":37.96,"AcsPopulationDensity":2570.93}},{"type":"Feature","geometry":{"type":"Point","coordinates":[-111.95741,40.780333]},"properties":{"FacName":"ATLANTIC AVIATION RAMP REHABILITATION (NORTH SITE)","FacStreet":"485 N 2360 W","FacCity":"SALT LAKE CITY","FacState":"UT","RegistryID":"110070706884","FacSNCFlg":"N","FacQtrsWithNC":0,"FacInspectionCount":0,"FacFormalActionCount":0,"PercentBelowLowincome3mile":32.76,"PercentPeopleOfColor":20.37,"AcsPopulationDensity":1360.59}},{"type":"Feature","geometry":{"type":"Point","coordinates":[-112.026514,40.773564]},"properties":{"FacName":"ATLAS QOZ HOLDINGS, LLC","FacStreet":"250 NORTH APOLLO ROAD","FacCity":"SALT LAKE CITY","FacState":"UT","RegistryID":"110071346927","FacSNCFlg":"N","FacQtrsWithNC":0,"FacInspectionCount":1,"FacFormalActionCount":0,"PercentBelowLowincome3mile":29.5,"PercentPeopleOfColor":15.37,"AcsPopulationDensity":86.1}},{"type":"Feature","geometry":{"type":"Point","coordinates":[-111.947629,40.74814]},"properties":{"FacName":"ATLAS TRANSFER STATION","FacStreet":"1975 WEST BENDING RIVER COURT","FacCity":"SALT LAKE CITY","FacState":"UT","RegistryID":"110071363985","FacSNCFlg":"N","FacQtrsWithNC":0,"FacInspectionCount":0,"FacFormalActionCount":0,"PercentBelowLowincome3mile":28.52,"PercentPeopleOfColor":30.42,"AcsPopulationDensity":1846.2}},{"type":"Feature","geometry":{"type":"Point","coordinates":[-111.859581,40.720636]},"properties":{"FacName":"ATRE SUGAR HOUSE NORTH","FacStreet":"1121 EAST ASHTON AVE","FacCity":"SALT LAKE CITY","FacState":"UT","RegistryID":"110071221104","FacSNCFlg":"N","FacQtrsWithNC":5,"FacInspectionCount":2,"FacFormalActionCount":0,"PercentBelowLowincome3mile":20.78,"PercentPeopleOfColor":24.54,"AcsPopulationDensity":5685.89}},{"type":"Feature","geometry":{"type":"Point","coordinates":[-111.890385,40.682855]},"properties":{"FacName":"ATWOOD CABINETS INC","FacStreet":"30 EAST GORDAN AVE","FacCity":"SALT LAKE CITY","FacState":"UT","RegistryID":"110069994259","FacSNCFlg":"N","FacQtrsWithNC":0,"FacInspectionCount":2,"FacFormalActionCount":0,"PercentBelowLowincome3mile":22.69,"PercentPeopleOfColor":32.35,"AcsPopulationDensity":5355.67}},{"type":"Feature","geometry":{"type":"Point","coordinates":[-111.89588,40.71942]},"properties":{"FacName":"AUTOMOTIVE PAINT WAREHOUSE","FacStreet":"157 WEST BURTON AVENUE","FacCity":"SALT LAKE CITY","FacState":"UT","RegistryID":"110031315958","FacSNCFlg":"N","FacQtrsWithNC":0,"FacInspectionCount":0,"FacFormalActionCount":0,"PercentBelowLowincome3mile":21.62,"PercentPeopleOfColor":27.94,"AcsPopulationDensity":4403.32}},{"type":"Feature","geometry":{"type":"Point","coordinates":[-111.9001,40.7837]},"properties":{"FacName":"AZURE PLACE","FacStreet":"300 W 640 N","FacCity":"SALT LAKE CITY","FacState":"UT","RegistryID":"110071298981","FacSNCFlg":"N","FacQtrsWithNC":0,"FacInspectionCount":0,"FacFormalActionCount":0,"PercentBelowLowincome3mile":32.67,"PercentPeopleOfColor":32.34,"AcsPopulationDensity":3982.24}},{"type":"Feature","geometry":{"type":"Point","coordinates":[-111.983611,40.744722]},"properties":{"FacName":"B & K TECHNOLOGY SOLUTIONS LLC","FacStreet":"1130 S 3800 W","FacCity":"SALT LAKE CITY","FacState":"UT","RegistryID":"110071645389","FacSNCFlg":"N","FacQtrsWithNC":0,"FacInspectionCount":0,"FacFormalActionCount":0,"PercentBelowLowincome3mile":27.87,"PercentPeopleOfColor":33.23,"AcsPopulationDensity":810.63}},{"type":"Feature","geometry":{"type":"Point","coordinates":[-111.89972,40.7273]},"properties":{"FacName":"B & K TECHNOLOGY SOLUTIONS LLC DBA ADVANCED TECHNOLOGY RECYCLING","FacStreet":"1967 SOUTH 300 WEST","FacCity":"SALT LAKE CITY","FacState":"UT","RegistryID":"110072067506","FacSNCFlg":"N","FacQtrsWithNC":0,"FacInspectionCount":0,"FacFormalActionCount":0,"PercentBelowLowincome3mile":21.57,"PercentPeopleOfColor":26.93,"AcsPopulationDensity":4449.83}},{"type":"Feature","geometry":{"type":"Point","coordinates":[-111.83855,40.75832]},"properties":{"FacName":"B.8 GAIT LAB ADDITION","FacStreet":"500 FOOTHILL BLVD","FacCity":"SALT LAKE CITY","FacState":"UT","RegistryID":"110070706603","FacSNCFlg":"N","FacQtrsWithNC":0,"FacInspectionCount":0,"FacFormalActionCount":0,"PercentBelowLowincome3mile":26.39,"PercentPeopleOfColor":32.41,"AcsPopulationDensity":4267.58}},{"type":"Feature","geometry":{"type":"Point","coordinates":[-111.9365,40.7841]},"properties":{"FacName":"BACKMAN COMMUNITY OPEN SPACES","FacStreet":"APPROXIMATELY 700 N 1550 W","FacCity":"SALT LAKE CITY","FacState":"UT","RegistryID":"110071897971","FacSNCFlg":"N","FacQtrsWithNC":0,"FacInspectionCount":0,"FacFormalActionCount":0,"PercentBelowLowincome3mile":33.8,"PercentPeopleOfColor":25.43,"AcsPopulationDensity":1898.49}},{"type":"Feature","geometry":{"type":"Point","coordinates":[-111.88257,40.76385]},"properties":{"FacName":"BAKERY","FacStreet":"250 SOUTH 300 EAST","FacCity":"SALT LAKE CITY","FacState":"UT","RegistryID":"110014406865","FacSNCFlg":"N","FacQtrsWithNC":0,"FacInspectionCount":0,"FacFormalActionCount":0,"PercentBelowLowincome3mile":28.06,"PercentPeopleOfColor":30.99,"AcsPopulationDensity":5058.73}},{"type":"Feature","geometry":{"type":"Point","coordinates":[-111.580833,40.445556]},"properties":{"FacName":"BALCHEM CORPORATION","FacStreet":"3310 WEST 900 SOUTH","FacCity":"SALT LAKE CITY","FacState":"UT","RegistryID":"110071514072","FacSNCFlg":"N","FacQtrsWithNC":0,"FacInspectionCount":0,"FacFormalActionCount":0,"PercentBelowLowincome3mile":17.58,"PercentPeopleOfColor":18.68,"AcsPopulationDensity":26.56}},{"type":"Feature","geometry":{"type":"Point","coordinates":[-111.986406,40.730877]},"properties":{"FacName":"BANGERTER 711 SLC","FacStreet":"3985 W 1820 S","FacCity":"SALT LAKE CITY","FacState":"UT","RegistryID":"110070707854","FacSNCFlg":"N","FacQtrsWithNC":0,"FacInspectionCount":0,"FacFormalActionCount":0,"PercentBelowLowincome3mile":29.79,"PercentPeopleOfColor":41.35,"AcsPopulationDensity":1785.04}},{"type":"Feature","geometry":{"type":"Point","coordinates":[-112.02516,40.78157]},"properties":{"FacName":"BARD ACCESS SYSTEMS, INC.","FacStreet":"605 NORTH 5600 WEST","FacCity":"SALT LAKE CITY","FacState":"UT","RegistryID":"110001885700","FacSNCFlg":"N","FacQtrsWithNC":0,"FacInspectionCount":0,"FacFormalActionCount":0,"PercentBelowLowincome3mile":28.1,"PercentPeopleOfColor":13.46,"AcsPopulationDensity":80.58}},{"type":"Feature","geometry":{"type":"Point","coordinates":[-112.02516,40.78157]},"properties":{"FacName":"BARD ACCESS SYSTEMS, INC.","FacStreet":"605 NORTH 5600 WEST","FacCity":"SALT LAKE CITY","FacState":"UT","RegistryID":"110070866018","FacSNCFlg":"N","FacQtrsWithNC":0,"FacInspectionCount":0,"FacFormalActionCount":0,"PercentBelowLowincome3mile":28.1,"PercentPeopleOfColor":13.46,"AcsPopulationDensity":80.58}},{"type":"Feature","geometry":{"type":"Point","coordinates":[-111.83593,40.72107]},"properties":{"FacName":"BARTH RESIDENCE","FacStreet":"2286 S PRESTON ST","FacCity":"SALT LAKE CITY","FacState":"UT","RegistryID":"110072075133","FacSNCFlg":"N","FacQtrsWithNC":0,"FacInspectionCount":0,"FacFormalActionCount":0,"PercentBelowLowincome3mile":19.7,"PercentPeopleOfColor":22.57,"AcsPopulationDensity":5051.96}},{"type":"Feature","geometry":{"type":"Point","coordinates":[-111.962926,40.756095]},"properties":{"FacName":"BAUR AND BAUR IMPOUND YARD","FacStreet":"620 SOUTH FULTON AVE","FacCity":"SALT LAKE CITY","FacState":"UT","RegistryID":"110071180767","FacSNCFlg":"N","FacQtrsWithNC":0,"FacInspectionCount":0,"FacFormalActionCount":0,"PercentBelowLowincome3mile":28.48,"PercentPeopleOfColor":25.12,"AcsPopulationDensity":1298.93}},{"type":"Feature","geometry":{"type":"Point","coordinates":[-111.892483,40.77154]},"properties":{"FacName":"BEAVER RIDGE LDS CHURCH CAMP-CREST WELL CHLORINATOR","FacStreet":"50 E NORTH TEMPLE ST","FacCity":"SALT LAKE CITY","FacState":"UT","RegistryID":"110053007973","FacSNCFlg":"N","FacQtrsWithNC":0,"FacInspectionCount":0,"FacFormalActionCount":0,"PercentBelowLowincome3mile":29.72,"PercentPeopleOfColor":30.62,"AcsPopulationDensity":4658.1}},{"type":"Feature","geometry":{"type":"Point","coordinates":[-111.98324,40.75763]},"properties":{"FacName":"BECK SANITATION","FacStreet":"543 IRON ROSE PL","FacCity":"SALT LAKE CITY","FacState":"UT","RegistryID":"110070691098","FacSNCFlg":"N","FacQtrsWithNC":0,"FacInspectionCount":0,"FacFormalActionCount":0,"PercentBelowLowincome3mile":26.88,"PercentPeopleOfColor":20.56,"AcsPopulationDensity":561.54}},{"type":"Feature","geometry":{"type":"Point","coordinates":[-111.91602,40.80437]},"properties":{"FacName":"BECK STREET FACILITY","FacStreet":"1730 NORTH BECK STREET","FacCity":"SALT LAKE CITY","FacState":"UT","RegistryID":"110039184726","FacSNCFlg":"N","FacQtrsWithNC":0,"FacInspectionCount":0,"FacFormalActionCount":0,"PercentBelowLowincome3mile":36.25,"PercentPeopleOfColor":25.3,"AcsPopulationDensity":2011.22}},{"type":"Feature","geometry":{"type":"Point","coordinates":[-111.91856,40.80987]},"properties":{"FacName":"BECK STREET RMC PLANT","FacStreet":"1940 N BECK ST","FacCity":"SALT LAKE CITY","FacState":"UT","RegistryID":"110072082876","FacSNCFlg":"N","FacQtrsWithNC":0,"FacInspectionCount":0,"FacFormalActionCount":0,"PercentBelowLowincome3mile":35.81,"PercentPeopleOfColor":23.01,"AcsPopulationDensity":1681.07}},{"type":"Feature","geometry":{"type":"Point","coordinates":[-111.907743,40.797894]},"properties":{"FacName":"BECK STREET STL","FacStreet":"1398 NORTH BECK STREET","FacCity":"SALT LAKE CITY","FacState":"UT","RegistryID":"UTG072107","FacSNCFlg":"N","FacQtrsWithNC":0,"FacInspectionCount":0,"FacFormalActionCount":0,"PercentBelowLowincome3mile":null,"PercentPeopleOfColor":null,"AcsPopulationDensity":null}},{"type":"Feature","geometry":{"type":"Point","coordinates":[-111.9043,40.7958]},"properties":{"FacName":"BECK STREET STORAGE","FacStreet":"1208 BECK STREET","FacCity":"SALT LAKE CITY","FacState":"UT","RegistryID":"110071727659","FacSNCFlg":"N","FacQtrsWithNC":0,"FacInspectionCount":0,"FacFormalActionCount":0,"PercentBelowLowincome3mile":34.05,"PercentPeopleOfColor":30.3,"AcsPopulationDensity":2836.45}},{"type":"Feature","geometry":{"type":"Point","coordinates":[-111.98324,40.75763]},"properties":{"FacName":"BECK'S SANITATION INC.","FacStreet":"543 IRON ROSE PLACE","FacCity":"SALT LAKE CITY","FacState":"UT","RegistryID":"110071077207","FacSNCFlg":"N","FacQtrsWithNC":0,"FacInspectionCount":1,"FacFormalActionCount":0,"PercentBelowLowincome3mile":26.88,"PercentPeopleOfColor":20.56,"AcsPopulationDensity":561.54}},{"type":"Feature","geometry":{"type":"Point","coordinates":[-111.805946,40.699566]},"properties":{"FacName":"BEEHIVE GLASS CO., INC.","FacStreet":"3070 E 3300 SO","FacCity":"SALT LAKE CITY","FacState":"UT","RegistryID":"110071513965","FacSNCFlg":"N","FacQtrsWithNC":0,"FacInspectionCount":0,"FacFormalActionCount":0,"PercentBelowLowincome3mile":18.4,"PercentPeopleOfColor":19.98,"AcsPopulationDensity":3239.48}},{"type":"Feature","geometry":{"type":"Point","coordinates":[-111.94625,40.73393]},"properties":{"FacName":"BEEHIVE STORAGE FACILITY","FacStreet":"1664 WALLACE ROAD","FacCity":"SALT LAKE CITY","FacState":"UT","RegistryID":"110005211109","FacSNCFlg":"N","FacQtrsWithNC":0,"FacInspectionCount":0,"FacFormalActionCount":0,"PercentBelowLowincome3mile":26.59,"PercentPeopleOfColor":37.03,"AcsPopulationDensity":2182.78}},{"type":"Feature","geometry":{"type":"Point","coordinates":[-111.8409,40.7594]},"properties":{"FacName":"BELT LINE 25","FacStreet":"HIGHWAY 282","FacCity":"SALT LAKE CITY","FacState":"UT","RegistryID":"110071962276","FacSNCFlg":"N","FacQtrsWithNC":0,"FacInspectionCount":0,"FacFormalActionCount":0,"PercentBelowLowincome3mile":26.7,"PercentPeopleOfColor":32.49,"AcsPopulationDensity":4320.59}},{"type":"Feature","geometry":{"type":"Point","coordinates":[-111.91968,40.76716]},"properties":{"FacName":"BELT LINE 27","FacStreet":"1000 WEST 100 SOUTH","FacCity":"SALT LAKE CITY","FacState":"UT","RegistryID":"110071963082","FacSNCFlg":"N","FacQtrsWithNC":0,"FacInspectionCount":0,"FacFormalActionCount":0,"PercentBelowLowincome3mile":29.57,"PercentPeopleOfColor":26.44,"AcsPopulationDensity":3578.11}},{"type":"Feature","geometry":{"type":"Point","coordinates":[-111.92924,40.62922]},"properties":{"FacName":"BELTLINE 07 REPLACEMENT PHASE 3","FacStreet":"SOUTH TEMPLE ROAD","FacCity":"SALT LAKE CITY","FacState":"UT","RegistryID":"110071918917","FacSNCFlg":"N","FacQtrsWithNC":0,"FacInspectionCount":0,"FacFormalActionCount":0,"PercentBelowLowincome3mile":14.56,"PercentPeopleOfColor":25.65,"AcsPopulationDensity":5444.9}},{"type":"Feature","geometry":{"type":"Point","coordinates":[-111.90254,40.74297]},"properties":{"FacName":"BEMSCO INC","FacStreet":"1193 SOUTH 400 WEST","FacCity":"SALT LAKE CITY","FacState":"UT","RegistryID":"110005196974","FacSNCFlg":"N","FacQtrsWithNC":0,"FacInspectionCount":0,"FacFormalActionCount":0,"PercentBelowLowincome3mile":27.23,"PercentPeopleOfColor":31.4,"AcsPopulationDensity":4948.52}},{"type":"Feature","geometry":{"type":"Point","coordinates":[-111.81054,40.74265]},"properties":{"FacName":"BENNION RESIDENCE","FacStreet":"2795 E ST. MARY'S WAY","FacCity":"SALT LAKE CITY","FacState":"UT","RegistryID":"110072072636","FacSNCFlg":"N","FacQtrsWithNC":0,"FacInspectionCount":0,"FacFormalActionCount":0,"PercentBelowLowincome3mile":22.64,"PercentPeopleOfColor":29.16,"AcsPopulationDensity":2733.81}},{"type":"Feature","geometry":{"type":"Point","coordinates":[-111.90104,40.75415]},"properties":{"FacName":"BESTWAY PRODUCTS CO","FacStreet":"333 W 700 S","FacCity":"SALT LAKE CITY","FacState":"UT","RegistryID":"110002264148","FacSNCFlg":"N","FacQtrsWithNC":0,"FacInspectionCount":0,"FacFormalActionCount":0,"PercentBelowLowincome3mile":28.55,"PercentPeopleOfColor":31.47,"AcsPopulationDensity":5108.04}},{"type":"Feature","geometry":{"type":"Point","coordinates":[-111.90245,40.75951]},"properties":{"FacName":"BEWILDER BREWING COMPANY","FacStreet":"445 SOUTH 400 WEST","FacCity":"SALT LAKE CITY","FacState":"UT","RegistryID":"110071927771","FacSNCFlg":"N","FacQtrsWithNC":0,"FacInspectionCount":0,"FacFormalActionCount":0,"PercentBelowLowincome3mile":28.52,"PercentPeopleOfColor":30.75,"AcsPopulationDensity":4926.89}},{"type":"Feature","geometry":{"type":"Point","coordinates":[-111.926,40.764]},"properties":{"FacName":"BFP: SALT LAKE CITY BRIDGE REPLACEMENTS (2) - 200 S","FacStreet":"200 S","FacCity":"SALT LAKE CITY","FacState":"UT","RegistryID":"110072073738","FacSNCFlg":"N","FacQtrsWithNC":0,"FacInspectionCount":0,"FacFormalActionCount":0,"PercentBelowLowincome3mile":29.92,"PercentPeopleOfColor":25.46,"AcsPopulationDensity":3132.04}},{"type":"Feature","geometry":{"type":"Point","coordinates":[-111.936,40.784]},"properties":{"FacName":"BFP: SALT LAKE CITY BRIDGE REPLACEMENTS (2) - 650 N","FacStreet":"650","FacCity":"SALT LAKE CITY","FacState":"UT","RegistryID":"110072075129","FacSNCFlg":"N","FacQtrsWithNC":0,"FacInspectionCount":0,"FacFormalActionCount":0,"PercentBelowLowincome3mile":33.74,"PercentPeopleOfColor":25.56,"AcsPopulationDensity":1919.64}},{"type":"Feature","geometry":{"type":"Point","coordinates":[-112.00334,40.732026]},"properties":{"FacName":"BFS GROUP LLC - SALT LAKE CITY UT MW","FacStreet":"4711 W 1730 SOUTH","FacCity":"SALT LAKE CITY","FacState":"UT","RegistryID":"110071662779","FacSNCFlg":"N","FacQtrsWithNC":0,"FacInspectionCount":0,"FacFormalActionCount":0,"PercentBelowLowincome3mile":28.99,"PercentPeopleOfColor":42.16,"AcsPopulationDensity":1541.2}},{"type":"Feature","geometry":{"type":"Point","coordinates":[-111.96083,40.75611]},"properties":{"FacName":"BFS GROUP LLC - SALT LAKE CITY UT TRUSS\/RL","FacStreet":"609 S MARCH STREET","FacCity":"SALT LAKE CITY","FacState":"UT","RegistryID":"110071505426","FacSNCFlg":"N","FacQtrsWithNC":0,"FacInspectionCount":0,"FacFormalActionCount":0,"PercentBelowLowincome3mile":28.97,"PercentPeopleOfColor":25.63,"AcsPopulationDensity":1386.45}},{"type":"Feature","geometry":{"type":"Point","coordinates":[-111.885827,40.769352]},"properties":{"FacName":"BIG-O TIRES","FacStreet":"178 EAST SOUTH TEMPLE","FacCity":"SALT LAKE CITY","FacState":"UT","RegistryID":"110033198466","FacSNCFlg":"N","FacQtrsWithNC":0,"FacInspectionCount":0,"FacFormalActionCount":0,"PercentBelowLowincome3mile":28.89,"PercentPeopleOfColor":30.79,"AcsPopulationDensity":4795.81}},{"type":"Feature","geometry":{"type":"Point","coordinates":[-111.89974,40.69671]},"properties":{"FacName":"BIMBO BAKERIES USA, INC","FacStreet":"3475 SOUTH 300 WEST","FacCity":"SALT LAKE CITY","FacState":"UT","RegistryID":"110030922893","FacSNCFlg":"N","FacQtrsWithNC":0,"FacInspectionCount":1,"FacFormalActionCount":0,"PercentBelowLowincome3mile":23.93,"PercentPeopleOfColor":34.25,"AcsPopulationDensity":5073.1}},{"type":"Feature","geometry":{"type":"Point","coordinates":[-111.896314,40.674503]},"properties":{"FacName":"BIO FIRE DEFENSE","FacStreet":"79 WEST 4500 SOUTH, STS 2-23 & 26","FacCity":"SALT LAKE CITY","FacState":"UT","RegistryID":"110059673615","FacSNCFlg":"N","FacQtrsWithNC":0,"FacInspectionCount":0,"FacFormalActionCount":0,"PercentBelowLowincome3mile":22.36,"PercentPeopleOfColor":33.35,"AcsPopulationDensity":5225.6}},{"type":"Feature","geometry":{"type":"Point","coordinates":[-112.01697,40.65665]},"properties":{"FacName":"BIOMERIEUX","FacStreet":"1590 S 5200 W","FacCity":"SALT LAKE CITY","FacState":"UT","RegistryID":"110071674384","FacSNCFlg":"N","FacQtrsWithNC":0,"FacInspectionCount":0,"FacFormalActionCount":0,"PercentBelowLowincome3mile":23.33,"PercentPeopleOfColor":41.46,"AcsPopulationDensity":5283.11}},{"type":"Feature","geometry":{"type":"Point","coordinates":[-111.820683,40.757557]},"properties":{"FacName":"BIOMERIEUX","FacStreet":"515 COLOROW DRIVE","FacCity":"SALT LAKE CITY","FacState":"UT","RegistryID":"110064030622","FacSNCFlg":"N","FacQtrsWithNC":0,"FacInspectionCount":3,"FacFormalActionCount":0,"PercentBelowLowincome3mile":25.47,"PercentPeopleOfColor":34.3,"AcsPopulationDensity":3042.44}},{"type":"Feature","geometry":{"type":"Point","coordinates":[-112.005874,40.748365]},"properties":{"FacName":"BIOMERIEUX","FacStreet":"1001 S 4800 W","FacCity":"SALT LAKE CITY","FacState":"UT","RegistryID":"110070704579","FacSNCFlg":"N","FacQtrsWithNC":2,"FacInspectionCount":1,"FacFormalActionCount":0,"PercentBelowLowincome3mile":26.48,"PercentPeopleOfColor":30.11,"AcsPopulationDensity":229.14}},{"type":"Feature","geometry":{"type":"Point","coordinates":[-111.83186,40.68709]},"properties":{"FacName":"BLACK DIAMOND EQUIPMENT LTD","FacStreet":"2084 E 3900 S","FacCity":"SALT LAKE CITY","FacState":"UT","RegistryID":"110002262961","FacSNCFlg":"N","FacQtrsWithNC":0,"FacInspectionCount":0,"FacFormalActionCount":0,"PercentBelowLowincome3mile":22.68,"PercentPeopleOfColor":26.12,"AcsPopulationDensity":5031.46}},{"type":"Feature","geometry":{"type":"Point","coordinates":[-111.830274,40.755778]},"properties":{"FacName":"BLACKROCK MICROSYSTEMS, LLC","FacStreet":"630 KOMAS DR SUITE 200","FacCity":"SALT LAKE CITY","FacState":"UT","RegistryID":"110071921740","FacSNCFlg":"N","FacQtrsWithNC":0,"FacInspectionCount":0,"FacFormalActionCount":0,"PercentBelowLowincome3mile":25,"PercentPeopleOfColor":31.99,"AcsPopulationDensity":3965.39}},{"type":"Feature","geometry":{"type":"Point","coordinates":[-111.95802,40.74546]},"properties":{"FacName":"BLANCHARD METALS PROCESSING","FacStreet":"1115 SOUTH PIONEER ROAD","FacCity":"SALT LAKE CITY","FacState":"UT","RegistryID":"110002264399","FacSNCFlg":"N","FacQtrsWithNC":0,"FacInspectionCount":1,"FacFormalActionCount":0,"PercentBelowLowincome3mile":26.73,"PercentPeopleOfColor":32.22,"AcsPopulationDensity":1509.99}},{"type":"Feature","geometry":{"type":"Point","coordinates":[-111.85764,40.673653]},"properties":{"FacName":"BLEECKER PLACE PUD","FacStreet":"1162 E 4500 S","FacCity":"SALT LAKE CITY","FacState":"UT","RegistryID":"110070597672","FacSNCFlg":"N","FacQtrsWithNC":0,"FacInspectionCount":0,"FacFormalActionCount":0,"PercentBelowLowincome3mile":23.67,"PercentPeopleOfColor":26.13,"AcsPopulationDensity":5340.29}},{"type":"Feature","geometry":{"type":"Point","coordinates":[-111.8803,40.7642]},"properties":{"FacName":"BLOCK 24","FacStreet":"240 S 400 E","FacCity":"SALT LAKE CITY","FacState":"UT","RegistryID":"110071401717","FacSNCFlg":"N","FacQtrsWithNC":0,"FacInspectionCount":0,"FacFormalActionCount":0,"PercentBelowLowincome3mile":28.17,"PercentPeopleOfColor":31.11,"AcsPopulationDensity":5002.06}},{"type":"Feature","geometry":{"type":"Point","coordinates":[-111.87345,40.76936]},"properties":{"FacName":"BLOCK 407 (GLENDINNING) PHASE 2","FacStreet":"617 E SOUTH TEMPLE","FacCity":"SALT LAKE CITY","FacState":"UT","RegistryID":"110072102469","FacSNCFlg":"N","FacQtrsWithNC":0,"FacInspectionCount":0,"FacFormalActionCount":0,"PercentBelowLowincome3mile":28.81,"PercentPeopleOfColor":31.38,"AcsPopulationDensity":4609.24}},{"type":"Feature","geometry":{"type":"Point","coordinates":[-111.91687,40.72696]},"properties":{"FacName":"BLUE BEACON TRUCK WASH OF SALT LAKE CITY","FacStreet":"2020 S 900 W","FacCity":"SALT LAKE CITY","FacState":"UT","RegistryID":"110055108342","FacSNCFlg":"N","FacQtrsWithNC":0,"FacInspectionCount":0,"FacFormalActionCount":0,"PercentBelowLowincome3mile":21.84,"PercentPeopleOfColor":29.05,"AcsPopulationDensity":3602.61}},{"type":"Feature","geometry":{"type":"Point","coordinates":[-111.98314,40.72965]},"properties":{"FacName":"BLUE CHIP GROUP INC.","FacStreet":"1911 S 3850 W","FacCity":"SALT LAKE CITY","FacState":"UT","RegistryID":"110070335146","FacSNCFlg":"N","FacQtrsWithNC":0,"FacInspectionCount":0,"FacFormalActionCount":0,"PercentBelowLowincome3mile":29.1,"PercentPeopleOfColor":40.73,"AcsPopulationDensity":1954}},{"type":"Feature","geometry":{"type":"Point","coordinates":[-111.892483,40.77154]},"properties":{"FacName":"BLUE MOUNTAIN RANCH RECREATION-IRON & MANGANESE FILTER","FacStreet":"50 E NORTH TEMPLE ST","FacCity":"SALT LAKE CITY","FacState":"UT","RegistryID":"110052960783","FacSNCFlg":"N","FacQtrsWithNC":2,"FacInspectionCount":0,"FacFormalActionCount":0,"PercentBelowLowincome3mile":29.72,"PercentPeopleOfColor":30.62,"AcsPopulationDensity":4658.1}},{"type":"Feature","geometry":{"type":"Point","coordinates":[-111.9795,40.75789]},"properties":{"FacName":"BLUE STAR STEEL","FacStreet":"3692 WEST 500 SOUTH","FacCity":"SALT LAKE CITY","FacState":"UT","RegistryID":"110043231106","FacSNCFlg":"N","FacQtrsWithNC":0,"FacInspectionCount":0,"FacFormalActionCount":0,"PercentBelowLowincome3mile":26.75,"PercentPeopleOfColor":20.66,"AcsPopulationDensity":672.87}},{"type":"Feature","geometry":{"type":"Point","coordinates":[-111.979772,40.758843]},"properties":{"FacName":"BLUE STAR STEEL, LC","FacStreet":"3692 W 500 S","FacCity":"SALT LAKE CITY","FacState":"UT","RegistryID":"110071879849","FacSNCFlg":"N","FacQtrsWithNC":0,"FacInspectionCount":0,"FacFormalActionCount":0,"PercentBelowLowincome3mile":27.08,"PercentPeopleOfColor":20.18,"AcsPopulationDensity":664.69}},{"type":"Feature","geometry":{"type":"Point","coordinates":[-111.95657,40.73312]},"properties":{"FacName":"BOART LONGYEAR COMPANY","FacStreet":"2640 EAST 1700 SOUTH","FacCity":"SALT LAKE CITY","FacState":"UT","RegistryID":"110030924070","FacSNCFlg":"N","FacQtrsWithNC":0,"FacInspectionCount":0,"FacFormalActionCount":0,"PercentBelowLowincome3mile":26.75,"PercentPeopleOfColor":38.03,"AcsPopulationDensity":2082.13}},{"type":"Feature","geometry":{"type":"Point","coordinates":[-111.95577,40.73776]},"properties":{"FacName":"BOARTLONGYEAR DRILLING SERVICES","FacStreet":"2530 WEST 1500 SOUTH","FacCity":"SALT LAKE CITY","FacState":"UT","RegistryID":"110044903414","FacSNCFlg":"N","FacQtrsWithNC":0,"FacInspectionCount":0,"FacFormalActionCount":0,"PercentBelowLowincome3mile":27.7,"PercentPeopleOfColor":36.25,"AcsPopulationDensity":1839.97}},{"type":"Feature","geometry":{"type":"Point","coordinates":[-111.86534,40.67]},"properties":{"FacName":"BOB JONES TIRE CORP.","FacStreet":"4621 SOUTH 900 EAST","FacCity":"SALT LAKE CITY","FacState":"UT","RegistryID":"110005194404","FacSNCFlg":"N","FacQtrsWithNC":0,"FacInspectionCount":0,"FacFormalActionCount":0,"PercentBelowLowincome3mile":23.44,"PercentPeopleOfColor":27.03,"AcsPopulationDensity":5330.17}},{"type":"Feature","geometry":{"type":"Point","coordinates":[-111.95358,40.79424]},"properties":{"FacName":"BOEING COMPANY (THE) - AIRCRAFT PARTS MANUFACTURING PLANT","FacStreet":"1215 NORTH 2200 WEST","FacCity":"SALT LAKE CITY","FacState":"UT","RegistryID":"110001881287","FacSNCFlg":"N","FacQtrsWithNC":1,"FacInspectionCount":2,"FacFormalActionCount":0,"PercentBelowLowincome3mile":35.93,"PercentPeopleOfColor":21.39,"AcsPopulationDensity":1203.09}},{"type":"Feature","geometry":{"type":"Point","coordinates":[-112.02514,40.77908]},"properties":{"FacName":"BOIXE PACKAGING AND NEWSPRINT, LLC","FacStreet":"451 NORTH 5600 WEST","FacCity":"SALT LAKE CITY","FacState":"UT","RegistryID":"110002159574","FacSNCFlg":"N","FacQtrsWithNC":0,"FacInspectionCount":0,"FacFormalActionCount":0,"PercentBelowLowincome3mile":28.68,"PercentPeopleOfColor":14,"AcsPopulationDensity":82.64}},{"type":"Feature","geometry":{"type":"Point","coordinates":[-111.94961,40.74238]},"properties":{"FacName":"BOLYARD RESIDENCE","FacStreet":"2260 S 21OO E","FacCity":"SALT LAKE CITY","FacState":"UT","RegistryID":"110072129483","FacSNCFlg":"N","FacQtrsWithNC":0,"FacInspectionCount":0,"FacFormalActionCount":0,"PercentBelowLowincome3mile":26.86,"PercentPeopleOfColor":33.22,"AcsPopulationDensity":1783.54}},{"type":"Feature","geometry":{"type":"Point","coordinates":[-111.94325,40.73779]},"properties":{"FacName":"BONNEVILLE MACHINE","FacStreet":"1835 W 1500 S","FacCity":"SALT LAKE CITY","FacState":"UT","RegistryID":"110002263443","FacSNCFlg":"N","FacQtrsWithNC":0,"FacInspectionCount":0,"FacFormalActionCount":0,"PercentBelowLowincome3mile":25.81,"PercentPeopleOfColor":34.91,"AcsPopulationDensity":2077.93}},{"type":"Feature","geometry":{"type":"Point","coordinates":[-111.704544,40.705812]},"properties":{"FacName":"BOUNDARY SPRING WATER CO-LOWER BOUNDARY CHLORINATOR","FacStreet":"P.O BOX 9045","FacCity":"SALT LAKE CITY","FacState":"UT","RegistryID":"110017903349","FacSNCFlg":"N","FacQtrsWithNC":2,"FacInspectionCount":0,"FacFormalActionCount":0,"PercentBelowLowincome3mile":null,"PercentPeopleOfColor":null,"AcsPopulationDensity":null}},{"type":"Feature","geometry":{"type":"Point","coordinates":[-111.877269,40.76935]},"properties":{"FacName":"BP PRODUCTS NORTH AMERICA #00220","FacStreet":"479 EAST SOUTH TEMPLE","FacCity":"SALT LAKE CITY","FacState":"UT","RegistryID":"110056494280","FacSNCFlg":"N","FacQtrsWithNC":0,"FacInspectionCount":0,"FacFormalActionCount":0,"PercentBelowLowincome3mile":28.91,"PercentPeopleOfColor":31.24,"AcsPopulationDensity":4684}},{"type":"Feature","geometry":{"type":"Point","coordinates":[-111.892711,40.791373]},"properties":{"FacName":"BREEN HOMES - ONG RESIDENCE","FacStreet":"969 N CHURCHILL RD","FacCity":"SALT LAKE CITY","FacState":"UT","RegistryID":"110070706534","FacSNCFlg":"N","FacQtrsWithNC":0,"FacInspectionCount":0,"FacFormalActionCount":0,"PercentBelowLowincome3mile":34.67,"PercentPeopleOfColor":34.35,"AcsPopulationDensity":3588.51}},{"type":"Feature","geometry":{"type":"Point","coordinates":[-111.907531,40.733507]},"properties":{"FacName":"BRENNAN PROPERTIES","FacStreet":"570 WEST 1700 SOUTH","FacCity":"SALT LAKE CITY","FacState":"UT","RegistryID":"110070598102","FacSNCFlg":"N","FacQtrsWithNC":0,"FacInspectionCount":0,"FacFormalActionCount":0,"PercentBelowLowincome3mile":23.64,"PercentPeopleOfColor":28.02,"AcsPopulationDensity":4281.66}},{"type":"Feature","geometry":{"type":"Point","coordinates":[-111.95239,40.74579]},"properties":{"FacName":"BRENNTAG PACIFIC INC","FacStreet":"2334 WEST DIRECTORS ROW","FacCity":"SALT LAKE CITY","FacState":"UT","RegistryID":"110070736324","FacSNCFlg":"N","FacQtrsWithNC":0,"FacInspectionCount":0,"FacFormalActionCount":0,"PercentBelowLowincome3mile":27.43,"PercentPeopleOfColor":31.87,"AcsPopulationDensity":1686.24}},{"type":"Feature","geometry":{"type":"Point","coordinates":[-111.95238,40.74579]},"properties":{"FacName":"BRENNTAG PACIFIC, INC","FacStreet":"2334 WEST DIRECTORS ROW","FacCity":"SALT LAKE CITY","FacState":"UT","RegistryID":"110009506178","FacSNCFlg":"N","FacQtrsWithNC":0,"FacInspectionCount":1,"FacFormalActionCount":0,"PercentBelowLowincome3mile":27.43,"PercentPeopleOfColor":31.86,"AcsPopulationDensity":1686.59}},{"type":"Feature","geometry":{"type":"Point","coordinates":[-111.9575,40.8261]},"properties":{"FacName":"BRIDOR SLC1","FacStreet":"2473 WEST 2950 NORTH","FacCity":"SALT LAKE CITY","FacState":"UT","RegistryID":"110071850908","FacSNCFlg":"N","FacQtrsWithNC":0,"FacInspectionCount":0,"FacFormalActionCount":0,"PercentBelowLowincome3mile":34.85,"PercentPeopleOfColor":19.47,"AcsPopulationDensity":715.9}},{"type":"Feature","geometry":{"type":"Point","coordinates":[-112.0474,40.7658]},"properties":{"FacName":"BRIGHTON DRAIN RELOCATION 2","FacStreet":"6687 W 150 S","FacCity":"SALT LAKE CITY","FacState":"UT","RegistryID":"110071865691","FacSNCFlg":"N","FacQtrsWithNC":0,"FacInspectionCount":0,"FacFormalActionCount":0,"PercentBelowLowincome3mile":26.08,"PercentPeopleOfColor":21.35,"AcsPopulationDensity":79.09}},{"type":"Feature","geometry":{"type":"Point","coordinates":[-111.892483,40.77154]},"properties":{"FacName":"BRIGHTON LDS SUMMER CAMP-MT MILLICENT CHLORINATOR","FacStreet":"50 E NORTH TEMPLE ST","FacCity":"SALT LAKE CITY","FacState":"UT","RegistryID":"110052978701","FacSNCFlg":"N","FacQtrsWithNC":9,"FacInspectionCount":0,"FacFormalActionCount":0,"PercentBelowLowincome3mile":29.72,"PercentPeopleOfColor":30.62,"AcsPopulationDensity":4658.1}},{"type":"Feature","geometry":{"type":"Point","coordinates":[-111.892483,40.77154]},"properties":{"FacName":"BRIGHTON MEADOWS LDS GIRLS CAMP","FacStreet":"50 EAST NORTH TEMPLE STREET","FacCity":"SALT LAKE CITY","FacState":"UT","RegistryID":"110052905503","FacSNCFlg":"N","FacQtrsWithNC":2,"FacInspectionCount":0,"FacFormalActionCount":0,"PercentBelowLowincome3mile":29.72,"PercentPeopleOfColor":30.62,"AcsPopulationDensity":4658.1}},{"type":"Feature","geometry":{"type":"Point","coordinates":[-111.827697,40.673879]},"properties":{"FacName":"BRIM PROPERTIES","FacStreet":"2200 EAST 4500 SOUTH #230","FacCity":"SALT LAKE CITY","FacState":"UT","RegistryID":"110071497791","FacSNCFlg":"N","FacQtrsWithNC":null,"FacInspectionCount":1,"FacFormalActionCount":0,"PercentBelowLowincome3mile":23.98,"PercentPeopleOfColor":26.2,"AcsPopulationDensity":4534.18}},{"type":"Feature","geometry":{"type":"Point","coordinates":[-111.91913,40.7358]},"properties":{"FacName":"BRIX","FacStreet":"1549 S 1000 W","FacCity":"SALT LAKE CITY","FacState":"UT","RegistryID":"110072130063","FacSNCFlg":"N","FacQtrsWithNC":0,"FacInspectionCount":0,"FacFormalActionCount":0,"PercentBelowLowincome3mile":23.95,"PercentPeopleOfColor":28.58,"AcsPopulationDensity":3476.15}},{"type":"Feature","geometry":{"type":"Point","coordinates":[-111.7455,40.7855]},"properties":{"FacName":"BROCKMEYER RESIDENCE","FacStreet":"5727 E TWIN CREEK RD","FacCity":"SALT LAKE CITY","FacState":"UT","RegistryID":"UTRH11073","FacSNCFlg":"N","FacQtrsWithNC":0,"FacInspectionCount":0,"FacFormalActionCount":0,"PercentBelowLowincome3mile":null,"PercentPeopleOfColor":null,"AcsPopulationDensity":null}},{"type":"Feature","geometry":{"type":"Point","coordinates":[-112.03745,40.66502]},"properties":{"FacName":"BRODY CHEMICAL","FacStreet":"6125 W DOUBLE EAGLE CIR","FacCity":"SALT LAKE CITY","FacState":"UT","RegistryID":"110042338832","FacSNCFlg":"N","FacQtrsWithNC":null,"FacInspectionCount":0,"FacFormalActionCount":0,"PercentBelowLowincome3mile":24.08,"PercentPeopleOfColor":41.42,"AcsPopulationDensity":4835.9}},{"type":"Feature","geometry":{"type":"Point","coordinates":[-111.82798,40.756626]},"properties":{"FacName":"BTG INTERNATIONAL INC.","FacStreet":"615 S. ARAPEEN DRIVE","FacCity":"SALT LAKE CITY","FacState":"UT","RegistryID":"110071516304","FacSNCFlg":"N","FacQtrsWithNC":0,"FacInspectionCount":0,"FacFormalActionCount":0,"PercentBelowLowincome3mile":25.22,"PercentPeopleOfColor":32.49,"AcsPopulationDensity":3731.36}},{"type":"Feature","geometry":{"type":"Point","coordinates":[-111.90646,40.68798]},"properties":{"FacName":"BUDGET RENT A CAR BODY SHOP","FacStreet":"2540 WEST 530 SOUTH","FacCity":"SALT LAKE CITY","FacState":"UT","RegistryID":"110005203733","FacSNCFlg":"N","FacQtrsWithNC":0,"FacInspectionCount":0,"FacFormalActionCount":0,"PercentBelowLowincome3mile":23.16,"PercentPeopleOfColor":36.3,"AcsPopulationDensity":5215.91}},{"type":"Feature","geometry":{"type":"Point","coordinates":[-111.90399,40.74924]},"properties":{"FacName":"BURBIDGE CONCRETE PUMPING","FacStreet":"911 S RIO GRANDE","FacCity":"SALT LAKE CITY","FacState":"UT","RegistryID":"110030926988","FacSNCFlg":"N","FacQtrsWithNC":0,"FacInspectionCount":0,"FacFormalActionCount":0,"PercentBelowLowincome3mile":28.36,"PercentPeopleOfColor":32.17,"AcsPopulationDensity":5012.48}},{"type":"Feature","geometry":{"type":"Point","coordinates":[-111.88823,40.762227]},"properties":{"FacName":"BUREAU OF LAND MANAGEMENT","FacStreet":"324 SOUTH STATE STREET STE 301","FacCity":"SALT LAKE CITY","FacState":"UT","RegistryID":"110020746807","FacSNCFlg":"N","FacQtrsWithNC":0,"FacInspectionCount":0,"FacFormalActionCount":0,"PercentBelowLowincome3mile":28.17,"PercentPeopleOfColor":31.07,"AcsPopulationDensity":5116.04}},{"type":"Feature","geometry":{"type":"Point","coordinates":[-111.896812,40.759599]},"properties":{"FacName":"BUREAU OF LAND MANAGEMENT","FacStreet":"440 WEST 200 SOUTH STE 500","FacCity":"SALT LAKE CITY","FacState":"UT","RegistryID":"110020746825","FacSNCFlg":"N","FacQtrsWithNC":0,"FacInspectionCount":0,"FacFormalActionCount":0,"PercentBelowLowincome3mile":28.49,"PercentPeopleOfColor":30.87,"AcsPopulationDensity":5062.11}},{"type":"Feature","geometry":{"type":"Point","coordinates":[-111.8926,40.7119]},"properties":{"FacName":"BURTT RESIDENCE","FacStreet":"2747 S DAVIS GROVE LANE","FacCity":"SALT LAKE CITY","FacState":"UT","RegistryID":"110071782328","FacSNCFlg":"N","FacQtrsWithNC":0,"FacInspectionCount":0,"FacFormalActionCount":0,"PercentBelowLowincome3mile":22.41,"PercentPeopleOfColor":29.66,"AcsPopulationDensity":4653.13}},{"type":"Feature","geometry":{"type":"Point","coordinates":[-111.94383,40.75951]},"properties":{"FacName":"C.H. DREDGE & CO., INC","FacStreet":"460 ORANGE ST","FacCity":"SALT LAKE CITY","FacState":"UT","RegistryID":"110002280264","FacSNCFlg":"N","FacQtrsWithNC":0,"FacInspectionCount":0,"FacFormalActionCount":0,"PercentBelowLowincome3mile":31.44,"PercentPeopleOfColor":26.39,"AcsPopulationDensity":1966.03}},{"type":"Feature","geometry":{"type":"Point","coordinates":[-112.00328,40.725409]},"properties":{"FacName":"C.R. ENGLAND & SONS - C.R. ENGLAND & SONS -","FacStreet":"4701 WEST 2100 SOUTH","FacCity":"SALT LAKE CITY","FacState":"UT","RegistryID":"110045692700","FacSNCFlg":"N","FacQtrsWithNC":0,"FacInspectionCount":1,"FacFormalActionCount":0,"PercentBelowLowincome3mile":27.81,"PercentPeopleOfColor":41.16,"AcsPopulationDensity":2117.13}},{"type":"Feature","geometry":{"type":"Point","coordinates":[-111.90184,40.640035]},"properties":{"FacName":"CABINETRY BY KARMAN","FacStreet":"6000 STRATLER STREET","FacCity":"SALT LAKE CITY","FacState":"UT","RegistryID":"110001883864","FacSNCFlg":"N","FacQtrsWithNC":0,"FacInspectionCount":0,"FacFormalActionCount":0,"PercentBelowLowincome3mile":18.26,"PercentPeopleOfColor":28.31,"AcsPopulationDensity":5594.89}},{"type":"Feature","geometry":{"type":"Point","coordinates":[-111.97211,40.749645]},"properties":{"FacName":"CACHE VALLEY ELECTRIC - GLADIOLA WAREHOUSE","FacStreet":"896 S GLADIOLA STREET","FacCity":"SALT LAKE CITY","FacState":"UT","RegistryID":"110072083226","FacSNCFlg":"N","FacQtrsWithNC":0,"FacInspectionCount":0,"FacFormalActionCount":0,"PercentBelowLowincome3mile":26.44,"PercentPeopleOfColor":27.56,"AcsPopulationDensity":1010.27}},{"type":"Feature","geometry":{"type":"Point","coordinates":[-111.89967,40.74476]},"properties":{"FacName":"CALIBER COLLISION CENTER - SALT LAKE CITY - DOWNTOWN 0239","FacStreet":"1095 SOUTH 300 WEST","FacCity":"SALT LAKE CITY","FacState":"UT","RegistryID":"110044924133","FacSNCFlg":"N","FacQtrsWithNC":0,"FacInspectionCount":0,"FacFormalActionCount":0,"PercentBelowLowincome3mile":27.56,"PercentPeopleOfColor":32.35,"AcsPopulationDensity":5124.02}},{"type":"Feature","geometry":{"type":"Point","coordinates":[-111.88823,40.73728]},"properties":{"FacName":"CALIBER COLLISION CENTER - SALT LAKE CITY - S STATE ST 0256","FacStreet":"1489 SOUTH STATE ST","FacCity":"SALT LAKE CITY","FacState":"UT","RegistryID":"110009508176","FacSNCFlg":"N","FacQtrsWithNC":0,"FacInspectionCount":0,"FacFormalActionCount":0,"PercentBelowLowincome3mile":25.75,"PercentPeopleOfColor":31.45,"AcsPopulationDensity":5526.21}},{"type":"Feature","geometry":{"type":"Point","coordinates":[-111.98828,40.73087]},"properties":{"FacName":"CALIBER COLLISION CENTER - SALT LAKE CITY - WEST VLY 0238","FacStreet":"4080 WEST 1820 SOUTH","FacCity":"SALT LAKE CITY","FacState":"UT","RegistryID":"110040135895","FacSNCFlg":"N","FacQtrsWithNC":0,"FacInspectionCount":0,"FacFormalActionCount":0,"PercentBelowLowincome3mile":29.83,"PercentPeopleOfColor":41.57,"AcsPopulationDensity":1760.16}},{"type":"Feature","geometry":{"type":"Point","coordinates":[-111.970208,40.745774]},"properties":{"FacName":"CALIFORNIA READY MIX FACILITY","FacStreet":"3313 WEST DIRECTORS ROW","FacCity":"SALT LAKE CITY","FacState":"UT","RegistryID":"110041904794","FacSNCFlg":"N","FacQtrsWithNC":0,"FacInspectionCount":0,"FacFormalActionCount":0,"PercentBelowLowincome3mile":27.14,"PercentPeopleOfColor":30.93,"AcsPopulationDensity":1202.45}},{"type":"Feature","geometry":{"type":"Point","coordinates":[-111.859706,40.709741]},"properties":{"FacName":"CAMBELT INTERNATIONAL CORP - RUBBER CONVEYOR SYSTEMS MANUFACTURE","FacStreet":"2820 WEST 1100 SOUTH","FacCity":"SALT LAKE CITY","FacState":"UT","RegistryID":"110028186665","FacSNCFlg":"N","FacQtrsWithNC":0,"FacInspectionCount":0,"FacFormalActionCount":0,"PercentBelowLowincome3mile":20.24,"PercentPeopleOfColor":22.79,"AcsPopulationDensity":5635.54}},{"type":"Feature","geometry":{"type":"Point","coordinates":[-111.9603,40.7463]},"properties":{"FacName":"CAMBELT INTERNATIONAL LLC","FacStreet":"2820 DIRECTORS ROW","FacCity":"SALT LAKE CITY","FacState":"UT","RegistryID":"110071400330","FacSNCFlg":"N","FacQtrsWithNC":0,"FacInspectionCount":0,"FacFormalActionCount":0,"PercentBelowLowincome3mile":26.59,"PercentPeopleOfColor":31.57,"AcsPopulationDensity":1432.82}},{"type":"Feature","geometry":{"type":"Point","coordinates":[-111.87725,40.68173]},"properties":{"FacName":"CAMBER","FacStreet":"320 N 490 W","FacCity":"SALT LAKE CITY","FacState":"UT","RegistryID":"110071204185","FacSNCFlg":"N","FacQtrsWithNC":0,"FacInspectionCount":1,"FacFormalActionCount":0,"PercentBelowLowincome3mile":22.75,"PercentPeopleOfColor":29.53,"AcsPopulationDensity":5496.71}},{"type":"Feature","geometry":{"type":"Point","coordinates":[-111.94195,40.74964]},"properties":{"FacName":"CAMBRIA DISTRIBUTION CENTER","FacStreet":"1810 W REDWOOD DEPOT LN","FacCity":"SALT LAKE CITY","FacState":"UT","RegistryID":"110071404464","FacSNCFlg":"N","FacQtrsWithNC":0,"FacInspectionCount":0,"FacFormalActionCount":0,"PercentBelowLowincome3mile":29.09,"PercentPeopleOfColor":28.86,"AcsPopulationDensity":2042.24}},{"type":"Feature","geometry":{"type":"Point","coordinates":[-111.89586,40.69384]},"properties":{"FacName":"CAMERON CONSTRUCTION","FacStreet":"573 WEST 3560 SOUTH, SUITE 1,","FacCity":"SALT LAKE CITY","FacState":"UT","RegistryID":"110030900586","FacSNCFlg":"N","FacQtrsWithNC":0,"FacInspectionCount":0,"FacFormalActionCount":0,"PercentBelowLowincome3mile":23.77,"PercentPeopleOfColor":33.5,"AcsPopulationDensity":5178.27}},{"type":"Feature","geometry":{"type":"Point","coordinates":[-111.892483,40.77154]},"properties":{"FacName":"CAMP LO MIA LDS CHURCH-TP002 - CL2","FacStreet":"50 E NORTH TEMPLE ST","FacCity":"SALT LAKE CITY","FacState":"UT","RegistryID":"110051026572","FacSNCFlg":"N","FacQtrsWithNC":2,"FacInspectionCount":0,"FacFormalActionCount":0,"PercentBelowLowincome3mile":29.72,"PercentPeopleOfColor":30.62,"AcsPopulationDensity":4658.1}},{"type":"Feature","geometry":{"type":"Point","coordinates":[-111.892483,40.77154]},"properties":{"FacName":"CAMP TIMBER LANE-SPRING HYPOCHLORINATOR","FacStreet":"50 E NORTH TEMPLE ST RM 1205","FacCity":"SALT LAKE CITY","FacState":"UT","RegistryID":"110053025864","FacSNCFlg":"N","FacQtrsWithNC":6,"FacInspectionCount":0,"FacFormalActionCount":2,"PercentBelowLowincome3mile":29.72,"PercentPeopleOfColor":30.62,"AcsPopulationDensity":4658.1}},{"type":"Feature","geometry":{"type":"Point","coordinates":[-111.892483,40.77154]},"properties":{"FacName":"CAMP ZARAHEMLA-CAMP ZARAHEMLA TREATMENT PLANT","FacStreet":"50 E NORTH TEMPLE ST","FacCity":"SALT LAKE CITY","FacState":"UT","RegistryID":"110053023054","FacSNCFlg":"N","FacQtrsWithNC":6,"FacInspectionCount":0,"FacFormalActionCount":0,"PercentBelowLowincome3mile":29.72,"PercentPeopleOfColor":30.62,"AcsPopulationDensity":4658.1}},{"type":"Feature","geometry":{"type":"Point","coordinates":[-111.892483,40.77154]},"properties":{"FacName":"CAMPS BEN LOMOND-SHAWNEE-COLE CANYON CHLORINATOR","FacStreet":"50 E NORTH TEMPLE ST","FacCity":"SALT LAKE CITY","FacState":"UT","RegistryID":"110052928757","FacSNCFlg":"N","FacQtrsWithNC":11,"FacInspectionCount":0,"FacFormalActionCount":0,"PercentBelowLowincome3mile":29.72,"PercentPeopleOfColor":30.62,"AcsPopulationDensity":4658.1}},{"type":"Feature","geometry":{"type":"Point","coordinates":[-111.899719,40.73199]},"properties":{"FacName":"CANARCHY CRAFT BREWING COLLECTIVE","FacStreet":"1763 S 300 W","FacCity":"SALT LAKE CITY","FacState":"UT","RegistryID":"110071928283","FacSNCFlg":"N","FacQtrsWithNC":0,"FacInspectionCount":0,"FacFormalActionCount":0,"PercentBelowLowincome3mile":23.67,"PercentPeopleOfColor":28.23,"AcsPopulationDensity":4799.76}},{"type":"Feature","geometry":{"type":"Point","coordinates":[-112.0079,40.7449]},"properties":{"FacName":"CANNON PIONEER LANDFILL","FacStreet":"1180 SOUTH 4800 WEST","FacCity":"SALT LAKE CITY","FacState":"UT","RegistryID":"110071865864","FacSNCFlg":"N","FacQtrsWithNC":0,"FacInspectionCount":0,"FacFormalActionCount":0,"PercentBelowLowincome3mile":27.31,"PercentPeopleOfColor":30.34,"AcsPopulationDensity":413.99}},{"type":"Feature","geometry":{"type":"Point","coordinates":[-111.896898,40.772768]},"properties":{"FacName":"CAPITOL HILL APARTMENTS","FacStreet":"157 N. 200 W.","FacCity":"SALT LAKE CITY","FacState":"UT","RegistryID":"110071959673","FacSNCFlg":"N","FacQtrsWithNC":0,"FacInspectionCount":0,"FacFormalActionCount":0,"PercentBelowLowincome3mile":30.37,"PercentPeopleOfColor":30.64,"AcsPopulationDensity":4554.08}},{"type":"Feature","geometry":{"type":"Point","coordinates":[-111.877,40.7849]},"properties":{"FacName":"CAPITOL PARK COTTAGES","FacStreet":"400 CAPITOL PARK AVE","FacCity":"SALT LAKE CITY","FacState":"UT","RegistryID":"110071785064","FacSNCFlg":"N","FacQtrsWithNC":0,"FacInspectionCount":0,"FacFormalActionCount":0,"PercentBelowLowincome3mile":33.26,"PercentPeopleOfColor":35.57,"AcsPopulationDensity":3711.26}},{"type":"Feature","geometry":{"type":"Point","coordinates":[-111.899692,40.787186]},"properties":{"FacName":"CAPITOL TO NORTH BENCH","FacStreet":"840 N 300 W","FacCity":"SALT LAKE CITY","FacState":"UT","RegistryID":"110072073796","FacSNCFlg":"N","FacQtrsWithNC":0,"FacInspectionCount":0,"FacFormalActionCount":0,"PercentBelowLowincome3mile":33.4,"PercentPeopleOfColor":32.94,"AcsPopulationDensity":3742.74}},{"type":"Feature","geometry":{"type":"Point","coordinates":[-111.964195,40.7405]},"properties":{"FacName":"CARBOINE COMPANY","FacStreet":"3050 WEST CALIFORNIA AVE, SUITE D","FacCity":"SALT LAKE CITY","FacState":"UT","RegistryID":"110061728545","FacSNCFlg":"N","FacQtrsWithNC":0,"FacInspectionCount":0,"FacFormalActionCount":0,"PercentBelowLowincome3mile":27.58,"PercentPeopleOfColor":35.3,"AcsPopulationDensity":1584.98}},{"type":"Feature","geometry":{"type":"Point","coordinates":[-111.964195,40.7405]},"properties":{"FacName":"CARBOLINE GLOBAL INC.","FacStreet":"3050 CALIFORNIA AVE.","FacCity":"SALT LAKE CITY","FacState":"UT","RegistryID":"110072069822","FacSNCFlg":"N","FacQtrsWithNC":0,"FacInspectionCount":0,"FacFormalActionCount":0,"PercentBelowLowincome3mile":27.58,"PercentPeopleOfColor":35.3,"AcsPopulationDensity":1584.98}},{"type":"Feature","geometry":{"type":"Point","coordinates":[-111.918496,40.705379]},"properties":{"FacName":"CARDINAL HEALTH","FacStreet":"955 3100 SOUTH","FacCity":"WEST VALLEY CITY","FacState":"UT","RegistryID":"110042428469","FacSNCFlg":"N","FacQtrsWithNC":0,"FacInspectionCount":1,"FacFormalActionCount":0,"PercentBelowLowincome3mile":23.19,"PercentPeopleOfColor":37.74,"AcsPopulationDensity":4535.02}},{"type":"Feature","geometry":{"type":"Point","coordinates":[-111.975029,40.722829]},"properties":{"FacName":"CARDINAL HEALTH 200 LLC","FacStreet":"3595 WEST TECHNOLOGY DRIVE","FacCity":"SALT LAKE CITY","FacState":"UT","RegistryID":"110042295646","FacSNCFlg":"N","FacQtrsWithNC":0,"FacInspectionCount":0,"FacFormalActionCount":0,"PercentBelowLowincome3mile":27.47,"PercentPeopleOfColor":41.97,"AcsPopulationDensity":2632.67}},{"type":"Feature","geometry":{"type":"Point","coordinates":[-111.93905,40.73438]},"properties":{"FacName":"CARL'S JR SALT LAKE","FacStreet":"1654 S REDWOOD ROAD","FacCity":"SALT LAKE CITY","FacState":"UT","RegistryID":"110070599934","FacSNCFlg":"N","FacQtrsWithNC":0,"FacInspectionCount":0,"FacFormalActionCount":0,"PercentBelowLowincome3mile":25.03,"PercentPeopleOfColor":35.29,"AcsPopulationDensity":2417.97}},{"type":"Feature","geometry":{"type":"Point","coordinates":[-111.89256,40.74342]},"properties":{"FacName":"CARLESON BODY & PAINT","FacStreet":"1171 RICHARDS STREET","FacCity":"SALT LAKE CITY","FacState":"UT","RegistryID":"110005200683","FacSNCFlg":"N","FacQtrsWithNC":0,"FacInspectionCount":0,"FacFormalActionCount":0,"PercentBelowLowincome3mile":26.79,"PercentPeopleOfColor":32.18,"AcsPopulationDensity":5321.95}},{"type":"Feature","geometry":{"type":"Point","coordinates":[-112.00322,40.73253]},"properties":{"FacName":"CARQUEST DC","FacStreet":"4711 WEST 1730 SOUTH","FacCity":"SALT LAKE CITY","FacState":"UT","RegistryID":"110043421749","FacSNCFlg":"N","FacQtrsWithNC":0,"FacInspectionCount":0,"FacFormalActionCount":0,"PercentBelowLowincome3mile":29.09,"PercentPeopleOfColor":42.18,"AcsPopulationDensity":1500.79}},{"type":"Feature","geometry":{"type":"Point","coordinates":[-111.97717,40.74198]},"properties":{"FacName":"CARQUEST DISTRIBUTION CENTER #0078","FacStreet":"1255 SOUTH 3600 WEST","FacCity":"SALT LAKE CITY","FacState":"UT","RegistryID":"110059776327","FacSNCFlg":"N","FacQtrsWithNC":0,"FacInspectionCount":0,"FacFormalActionCount":0,"PercentBelowLowincome3mile":28.62,"PercentPeopleOfColor":36.17,"AcsPopulationDensity":1177.73}},{"type":"Feature","geometry":{"type":"Point","coordinates":[-111.90143,40.71425]},"properties":{"FacName":"CARRIER BUILDING SYSTEMS & SERVICE","FacStreet":"400 IRONWOOD DR","FacCity":"SALT LAKE CITY","FacState":"UT","RegistryID":"110002263853","FacSNCFlg":"N","FacQtrsWithNC":0,"FacInspectionCount":0,"FacFormalActionCount":0,"PercentBelowLowincome3mile":21.94,"PercentPeopleOfColor":31.26,"AcsPopulationDensity":4343.12}},{"type":"Feature","geometry":{"type":"Point","coordinates":[-112.01663,40.72548]},"properties":{"FacName":"CARROLL'S LLC DBA NTW","FacStreet":"5253 WEST 2100 SOUTH","FacCity":"SALT LAKE CITY","FacState":"UT","RegistryID":"110070124263","FacSNCFlg":"N","FacQtrsWithNC":0,"FacInspectionCount":0,"FacFormalActionCount":0,"PercentBelowLowincome3mile":27.99,"PercentPeopleOfColor":42.13,"AcsPopulationDensity":1958.82}},{"type":"Feature","geometry":{"type":"Point","coordinates":[-111.958889,40.758416]},"properties":{"FacName":"CASE LAYDOWN YARD","FacStreet":"2715 W 500 S","FacCity":"SALT LAKE CITY","FacState":"UT","RegistryID":"110072074351","FacSNCFlg":"N","FacQtrsWithNC":0,"FacInspectionCount":0,"FacFormalActionCount":0,"PercentBelowLowincome3mile":29.7,"PercentPeopleOfColor":24.82,"AcsPopulationDensity":1477.28}},{"type":"Feature","geometry":{"type":"Point","coordinates":[-111.97717,40.71669]},"properties":{"FacName":"CCAM ENTERPRISES, LLC","FacStreet":"2455 SOUTH 3600 WEST","FacCity":"SALT LAKE CITY","FacState":"UT","RegistryID":"110037445976","FacSNCFlg":"N","FacQtrsWithNC":0,"FacInspectionCount":0,"FacFormalActionCount":0,"PercentBelowLowincome3mile":26.19,"PercentPeopleOfColor":43.52,"AcsPopulationDensity":3105.52}},{"type":"Feature","geometry":{"type":"Point","coordinates":[-111.88727,40.68015]},"properties":{"FacName":"CDC RESTORATION & CONSTRUCTION LC","FacStreet":"130 E GORDON LN","FacCity":"SALT LAKE CITY","FacState":"UT","RegistryID":"110002155042","FacSNCFlg":"N","FacQtrsWithNC":0,"FacInspectionCount":0,"FacFormalActionCount":0,"PercentBelowLowincome3mile":22.54,"PercentPeopleOfColor":31.46,"AcsPopulationDensity":5357.14}},{"type":"Feature","geometry":{"type":"Point","coordinates":[-111.897303,40.685833]},"properties":{"FacName":"CENTRAL BODY SHOP","FacStreet":"3965 S 210 W","FacCity":"SALT LAKE CITY","FacState":"UT","RegistryID":"110002155006","FacSNCFlg":"N","FacQtrsWithNC":0,"FacInspectionCount":0,"FacFormalActionCount":0,"PercentBelowLowincome3mile":23.2,"PercentPeopleOfColor":33.75,"AcsPopulationDensity":5305.69}},{"type":"Feature","geometry":{"type":"Point","coordinates":[-111.89112,40.72061]},"properties":{"FacName":"CENTRAL COLLISION CENTER OF SALT LAKE","FacStreet":"2301 SOUTH MAIN STREET","FacCity":"SALT LAKE CITY","FacState":"UT","RegistryID":"110018905951","FacSNCFlg":"N","FacQtrsWithNC":0,"FacInspectionCount":0,"FacFormalActionCount":0,"PercentBelowLowincome3mile":21.56,"PercentPeopleOfColor":27.54,"AcsPopulationDensity":4619.46}},{"type":"Feature","geometry":{"type":"Point","coordinates":[-111.892483,40.77154]},"properties":{"FacName":"CENTRAL FLORIDA YOUTH AND FAMILY CAMP-CENTRAL FLORIDA YOUTH ; FAM. C","FacStreet":"50 E. NORTH TEMPLE ST.","FacCity":"SALT LAKE CITY","FacState":"UT","RegistryID":"110053625644","FacSNCFlg":"N","FacQtrsWithNC":5,"FacInspectionCount":0,"FacFormalActionCount":0,"PercentBelowLowincome3mile":29.72,"PercentPeopleOfColor":30.62,"AcsPopulationDensity":4658.1}},{"type":"Feature","geometry":{"type":"Point","coordinates":[-111.8665,40.7926]},"properties":{"FacName":"CENTRAL FOOTHILL TRAIL SYSTEM CONSTRUCTION","FacStreet":"MORRIS MOUNTAIN & TWIN PEAKS TRAILS","FacCity":"SALT LAKE CITY","FacState":"UT","RegistryID":"110070817154","FacSNCFlg":"N","FacQtrsWithNC":0,"FacInspectionCount":0,"FacFormalActionCount":0,"PercentBelowLowincome3mile":34.8,"PercentPeopleOfColor":37.76,"AcsPopulationDensity":3092.79}},{"type":"Feature","geometry":{"type":"Point","coordinates":[-111.81375,40.70355]},"properties":{"FacName":"CENTRAL VALLEY WATER RECLAMATION","FacStreet":"850 W. 3100 S.","FacCity":"SALT LAKE CITY","FacState":"UT","RegistryID":"110001881214","FacSNCFlg":"N","FacQtrsWithNC":0,"FacInspectionCount":6,"FacFormalActionCount":0,"PercentBelowLowincome3mile":19.13,"PercentPeopleOfColor":20.26,"AcsPopulationDensity":3695.14}},{"type":"Feature","geometry":{"type":"Point","coordinates":[-111.89973,40.68173]},"properties":{"FacName":"CENTRAL VALLEY WATER RECLAMATION FACILITY","FacStreet":"800 WEST CENTRAL VALLEY ROAD","FacCity":"SALT LAKE CITY","FacState":"UT","RegistryID":"110000534681","FacSNCFlg":"N","FacQtrsWithNC":6,"FacInspectionCount":9,"FacFormalActionCount":0,"PercentBelowLowincome3mile":23.05,"PercentPeopleOfColor":34.41,"AcsPopulationDensity":5282.57}},{"type":"Feature","geometry":{"type":"Point","coordinates":[-111.9133,40.70573]},"properties":{"FacName":"CENTRAL VALLEY WATER RECLAMATION FACILITY","FacStreet":"800 WEST CENTRAL VALLEY RD","FacCity":"SALT LAKE CITY","FacState":"UT","RegistryID":"110071299832","FacSNCFlg":"N","FacQtrsWithNC":0,"FacInspectionCount":1,"FacFormalActionCount":0,"PercentBelowLowincome3mile":22.82,"PercentPeopleOfColor":35.5,"AcsPopulationDensity":4572.03}},{"type":"Feature","geometry":{"type":"Point","coordinates":[-111.912,40.7056]},"properties":{"FacName":"CENTRAL VALLEY WATER RECLAMATION FACILITY WASTEWATER TREATMENT PLANT","FacStreet":"800 W CENTRAL VALLEY ROAD","FacCity":"SALT LAKE CITY","FacState":"UT","RegistryID":"110071672198","FacSNCFlg":"N","FacQtrsWithNC":0,"FacInspectionCount":0,"FacFormalActionCount":0,"PercentBelowLowincome3mile":22.74,"PercentPeopleOfColor":35.08,"AcsPopulationDensity":4594.04}},{"type":"Feature","geometry":{"type":"Point","coordinates":[-111.9447,40.72592]},"properties":{"FacName":"CENTREPOINTE D","FacStreet":"1895 W 2100 S","FacCity":"SALT LAKE CITY","FacState":"UT","RegistryID":"110071065806","FacSNCFlg":"N","FacQtrsWithNC":0,"FacInspectionCount":1,"FacFormalActionCount":0,"PercentBelowLowincome3mile":25.71,"PercentPeopleOfColor":38.36,"AcsPopulationDensity":2573.42}},{"type":"Feature","geometry":{"type":"Point","coordinates":[-111.90825,40.76609]},"properties":{"FacName":"CENTRO CIVICO MEXICANO","FacStreet":"155 SOUTH 600 WEST","FacCity":"SALT LAKE CITY","FacState":"UT","RegistryID":"110069239452","FacSNCFlg":"N","FacQtrsWithNC":0,"FacInspectionCount":0,"FacFormalActionCount":0,"PercentBelowLowincome3mile":29.79,"PercentPeopleOfColor":30.28,"AcsPopulationDensity":4505.73}},{"type":"Feature","geometry":{"type":"Point","coordinates":[-111.9647,40.73266]},"properties":{"FacName":"CENTURY EAST HICKORY PARKING FACILITY","FacStreet":"1785 S. MILESTONE DR.","FacCity":"SALT LAKE CITY","FacState":"UT","RegistryID":"110070704054","FacSNCFlg":"N","FacQtrsWithNC":0,"FacInspectionCount":0,"FacFormalActionCount":0,"PercentBelowLowincome3mile":27.32,"PercentPeopleOfColor":38.67,"AcsPopulationDensity":1921.94}},{"type":"Feature","geometry":{"type":"Point","coordinates":[-111.90378,40.6774]},"properties":{"FacName":"CENTURY EQUIPMENT COMPANY","FacStreet":"4343 S CENTURY DR","FacCity":"SALT LAKE CITY","FacState":"UT","RegistryID":"110002280246","FacSNCFlg":"N","FacQtrsWithNC":0,"FacInspectionCount":0,"FacFormalActionCount":0,"PercentBelowLowincome3mile":23.18,"PercentPeopleOfColor":35.78,"AcsPopulationDensity":5161.95}},{"type":"Feature","geometry":{"type":"Point","coordinates":[-111.91742,40.71776]},"properties":{"FacName":"CERAMATEC DEMOLITION","FacStreet":"2425 SOUTH 900 WEST","FacCity":"SALT LAKE CITY","FacState":"UT","RegistryID":"110002280255","FacSNCFlg":"N","FacQtrsWithNC":0,"FacInspectionCount":0,"FacFormalActionCount":0,"PercentBelowLowincome3mile":22.87,"PercentPeopleOfColor":33.68,"AcsPopulationDensity":3757.7}},{"type":"Feature","geometry":{"type":"Point","coordinates":[-111.99123,40.72821]},"properties":{"FacName":"CERAMATEC INC.","FacStreet":"4205 WEST 1980 SOUTH","FacCity":"SALT LAKE CITY","FacState":"UT","RegistryID":"110037445958","FacSNCFlg":"N","FacQtrsWithNC":0,"FacInspectionCount":0,"FacFormalActionCount":0,"PercentBelowLowincome3mile":28.43,"PercentPeopleOfColor":40.83,"AcsPopulationDensity":1978.04}},{"type":"Feature","geometry":{"type":"Point","coordinates":[-111.90424,40.75848]},"properties":{"FacName":"CEREAL FOOD PROCESSORS - SALT LAKE","FacStreet":"425 WEST 500 SOUTH","FacCity":"SALT LAKE CITY","FacState":"UT","RegistryID":"110013864381","FacSNCFlg":"N","FacQtrsWithNC":0,"FacInspectionCount":0,"FacFormalActionCount":0,"PercentBelowLowincome3mile":28.49,"PercentPeopleOfColor":30.89,"AcsPopulationDensity":4899.25}},{"type":"Feature","geometry":{"type":"Point","coordinates":[-111.86,40.73254]},"properties":{"FacName":"CHABAD SQUARE","FacStreet":"1082 E. BLAINE ST.","FacCity":"SALT LAKE CITY","FacState":"UT","RegistryID":"110070706554","FacSNCFlg":"N","FacQtrsWithNC":0,"FacInspectionCount":0,"FacFormalActionCount":0,"PercentBelowLowincome3mile":23.11,"PercentPeopleOfColor":28.85,"AcsPopulationDensity":5923.2}},{"type":"Feature","geometry":{"type":"Point","coordinates":[-111.83574,40.72266]},"properties":{"FacName":"CHAPMAN RESIDENCE","FacStreet":"2220 PRESTON STREET","FacCity":"SALT LAKE CITY","FacState":"UT","RegistryID":"110071962924","FacSNCFlg":"N","FacQtrsWithNC":0,"FacInspectionCount":0,"FacFormalActionCount":0,"PercentBelowLowincome3mile":19.84,"PercentPeopleOfColor":23.23,"AcsPopulationDensity":5028.42}},{"type":"Feature","geometry":{"type":"Point","coordinates":[-111.88177,40.628738]},"properties":{"FacName":"CHARLOTTES FIELD","FacStreet":"6755 SOUTH 300 EAST","FacCity":"SALT LAKE CITY","FacState":"UT","RegistryID":"110071960610","FacSNCFlg":"N","FacQtrsWithNC":0,"FacInspectionCount":0,"FacFormalActionCount":0,"PercentBelowLowincome3mile":18.81,"PercentPeopleOfColor":24.72,"AcsPopulationDensity":4957.11}},{"type":"Feature","geometry":{"type":"Point","coordinates":[-111.90538,40.750523]},"properties":{"FacName":"CHECKERSPOT DBA WNDR ALPINE","FacStreet":"864 SOUTH 500 WEST","FacCity":"SALT LAKE CITY","FacState":"UT","RegistryID":"110071193062","FacSNCFlg":"N","FacQtrsWithNC":0,"FacInspectionCount":0,"FacFormalActionCount":0,"PercentBelowLowincome3mile":28.48,"PercentPeopleOfColor":31.91,"AcsPopulationDensity":4951.48}},{"type":"Feature","geometry":{"type":"Point","coordinates":[-111.85383,40.72504]},"properties":{"FacName":"CHEVRON","FacStreet":"2110 SOUTH 1300 EAST","FacCity":"SALT LAKE CITY","FacState":"UT","RegistryID":"110008176534","FacSNCFlg":"N","FacQtrsWithNC":0,"FacInspectionCount":0,"FacFormalActionCount":0,"PercentBelowLowincome3mile":21.08,"PercentPeopleOfColor":25.71,"AcsPopulationDensity":5809.03}},{"type":"Feature","geometry":{"type":"Point","coordinates":[-111.92162,40.82147]},"properties":{"FacName":"CHEVRON MARKETING","FacStreet":"2351 NORTH 1100 WEST","FacCity":"SALT LAKE CITY","FacState":"UT","RegistryID":"110002029778","FacSNCFlg":"N","FacQtrsWithNC":8,"FacInspectionCount":4,"FacFormalActionCount":0,"PercentBelowLowincome3mile":33.62,"PercentPeopleOfColor":20.1,"AcsPopulationDensity":1394.27}},{"type":"Feature","geometry":{"type":"Point","coordinates":[-111.93903,40.75507]},"properties":{"FacName":"CHEVRON PIPE LINE SALT LAKE STATION","FacStreet":"651 SOUTH REDWOOD ROAD","FacCity":"SALT LAKE CITY","FacState":"UT","RegistryID":"110046265858","FacSNCFlg":"N","FacQtrsWithNC":0,"FacInspectionCount":0,"FacFormalActionCount":0,"PercentBelowLowincome3mile":30.3,"PercentPeopleOfColor":27.15,"AcsPopulationDensity":2260.27}},{"type":"Feature","geometry":{"type":"Point","coordinates":[-111.939984,40.79084]},"properties":{"FacName":"CHEVRON REFINERY BUILDING RELOCATION","FacStreet":"2351 N 1000 W","FacCity":"SALT LAKE CITY","FacState":"UT","RegistryID":"110070705656","FacSNCFlg":"N","FacQtrsWithNC":0,"FacInspectionCount":0,"FacFormalActionCount":0,"PercentBelowLowincome3mile":34.04,"PercentPeopleOfColor":22.82,"AcsPopulationDensity":1618.26}},{"type":"Feature","geometry":{"type":"Point","coordinates":[-111.930796,40.824659]},"properties":{"FacName":"CHEVRON SALT LAKE CITY REFINERY AND MARKETING TERMINAL","FacStreet":"685 SOUTH CHEVRON WAY","FacCity":"NORTH SALT LAKE","FacState":"UT","RegistryID":"110000469485","FacSNCFlg":"N","FacQtrsWithNC":9,"FacInspectionCount":17,"FacFormalActionCount":1,"PercentBelowLowincome3mile":33.19,"PercentPeopleOfColor":19.16,"AcsPopulationDensity":1275.84}},{"type":"Feature","geometry":{"type":"Point","coordinates":[-111.92162,40.819132]},"properties":{"FacName":"CHEVRON SALT LAKE MARKETING TERMINAL","FacStreet":"2350 N 1100 W","FacCity":"SALT LAKE CITY","FacState":"UT","RegistryID":"110063023552","FacSNCFlg":"N","FacQtrsWithNC":0,"FacInspectionCount":0,"FacFormalActionCount":0,"PercentBelowLowincome3mile":34.64,"PercentPeopleOfColor":20.61,"AcsPopulationDensity":1408.87}},{"type":"Feature","geometry":{"type":"Point","coordinates":[-111.86593,40.64985]},"properties":{"FacName":"CHEVRON USA - 74811 RANDY MOSER CHEVRON","FacStreet":"5590 SOUTH 900 EAST","FacCity":"SALT LAKE CITY","FacState":"UT","RegistryID":"110005204947","FacSNCFlg":"N","FacQtrsWithNC":0,"FacInspectionCount":0,"FacFormalActionCount":0,"PercentBelowLowincome3mile":23.25,"PercentPeopleOfColor":26.93,"AcsPopulationDensity":5072.82}},{"type":"Feature","geometry":{"type":"Point","coordinates":[-111.83402,40.63207]},"properties":{"FacName":"CHEVRON USA 73054 APSI STATION 1172","FacStreet":"7006 SOUTH 20TH EAST","FacCity":"SALT LAKE CITY","FacState":"UT","RegistryID":"110005205063","FacSNCFlg":"N","FacQtrsWithNC":0,"FacInspectionCount":0,"FacFormalActionCount":0,"PercentBelowLowincome3mile":24.14,"PercentPeopleOfColor":28.45,"AcsPopulationDensity":4145.23}},{"type":"Feature","geometry":{"type":"Point","coordinates":[-111.807904,40.623944]},"properties":{"FacName":"CHEVRON USA 78045 JD KISSELL CHEVRON","FacStreet":"2995 EAST 7000 SOUTH","FacCity":"SALT LAKE CITY","FacState":"UT","RegistryID":"110005204876","FacSNCFlg":"N","FacQtrsWithNC":0,"FacInspectionCount":0,"FacFormalActionCount":0,"PercentBelowLowincome3mile":25.91,"PercentPeopleOfColor":30.73,"AcsPopulationDensity":2650.21}},{"type":"Feature","geometry":{"type":"Point","coordinates":[-111.87107,40.76465]},"properties":{"FacName":"CHEVRON USA INC 72872 NOLAN SLAUGH","FacStreet":"210 SOUTH 700 EAST","FacCity":"SALT LAKE CITY","FacState":"UT","RegistryID":"110005205759","FacSNCFlg":"N","FacQtrsWithNC":0,"FacInspectionCount":0,"FacFormalActionCount":0,"PercentBelowLowincome3mile":28.04,"PercentPeopleOfColor":31.56,"AcsPopulationDensity":4796.21}},{"type":"Feature","geometry":{"type":"Point","coordinates":[-111.89142,40.69978]},"properties":{"FacName":"CHEVRON USA INC 76152 DEVON JENSEN CHEVR","FacStreet":"16 WEST 3300 SOUTH","FacCity":"SALT LAKE CITY","FacState":"UT","RegistryID":"110009508032","FacSNCFlg":"N","FacQtrsWithNC":0,"FacInspectionCount":0,"FacFormalActionCount":0,"PercentBelowLowincome3mile":23.09,"PercentPeopleOfColor":31.74,"AcsPopulationDensity":5120.05}},{"type":"Feature","geometry":{"type":"Point","coordinates":[-111.89395,40.75816]},"properties":{"FacName":"CHEVRON USA PRODUCTS #71050","FacStreet":"504 SOUTH WEST TEMPLE","FacCity":"SALT LAKE CITY","FacState":"UT","RegistryID":"110005206909","FacSNCFlg":"N","FacQtrsWithNC":0,"FacInspectionCount":0,"FacFormalActionCount":0,"PercentBelowLowincome3mile":28.44,"PercentPeopleOfColor":31.18,"AcsPopulationDensity":5173.75}},{"type":"Feature","geometry":{"type":"Point","coordinates":[-111.9183,40.7701]},"properties":{"FacName":"CHICAGO STREET TOWNHOMES","FacStreet":"22 NORTH CHICAGO STREET","FacCity":"SALT LAKE CITY","FacState":"UT","RegistryID":"110071371187","FacSNCFlg":"N","FacQtrsWithNC":0,"FacInspectionCount":0,"FacFormalActionCount":0,"PercentBelowLowincome3mile":29.89,"PercentPeopleOfColor":26.98,"AcsPopulationDensity":3595.12}},{"type":"Feature","geometry":{"type":"Point","coordinates":[-111.89112,40.70574]},"properties":{"FacName":"CHRISTENSEN INDUSTRIES, INC.","FacStreet":"2990 SOUTH MAIN STREET","FacCity":"SALT LAKE CITY","FacState":"UT","RegistryID":"110023057635","FacSNCFlg":"N","FacQtrsWithNC":0,"FacInspectionCount":0,"FacFormalActionCount":0,"PercentBelowLowincome3mile":22.81,"PercentPeopleOfColor":31.03,"AcsPopulationDensity":4896.88}},{"type":"Feature","geometry":{"type":"Point","coordinates":[-111.892483,40.77154]},"properties":{"FacName":"CHURCH OF JC LDS - ST. JOHNS BLDG-CHURCH OF JC LDS - ST. JOHNS","FacStreet":"50 E. NORTH TEMPLE ST","FacCity":"SALT LAKE CITY","FacState":"UT","RegistryID":"110053732733","FacSNCFlg":"N","FacQtrsWithNC":0,"FacInspectionCount":0,"FacFormalActionCount":0,"PercentBelowLowincome3mile":29.72,"PercentPeopleOfColor":30.62,"AcsPopulationDensity":4658.1}},{"type":"Feature","geometry":{"type":"Point","coordinates":[-111.88942,40.77154]},"properties":{"FacName":"CHURCH OF JC OF LATTER DAY SAINTS-CHURCH OF JC OF LATTER DAY SAI","FacStreet":"50 EAST NORTH TEMPLE","FacCity":"SALT LAKE CITY","FacState":"UT","RegistryID":"110053880047","FacSNCFlg":"N","FacQtrsWithNC":9,"FacInspectionCount":0,"FacFormalActionCount":0,"PercentBelowLowincome3mile":29.49,"PercentPeopleOfColor":30.83,"AcsPopulationDensity":4676.18}},{"type":"Feature","geometry":{"type":"Point","coordinates":[-111.892483,40.77154]},"properties":{"FacName":"CHURCH OF LATTER DAY SAINTS-TREATMENT PLANT","FacStreet":"50 E NORTH TEMPLE ST","FacCity":"SALT LAKE CITY","FacState":"UT","RegistryID":"110063356470","FacSNCFlg":"N","FacQtrsWithNC":0,"FacInspectionCount":0,"FacFormalActionCount":0,"PercentBelowLowincome3mile":29.72,"PercentPeopleOfColor":30.62,"AcsPopulationDensity":4658.1}},{"type":"Feature","geometry":{"type":"Point","coordinates":[-111.892483,40.77154]},"properties":{"FacName":"CHURCH OF LDS - LAKE BUTLER","FacStreet":null,"FacCity":"SALT LAKE CITY","FacState":"UT","RegistryID":"110053787586","FacSNCFlg":"N","FacQtrsWithNC":0,"FacInspectionCount":0,"FacFormalActionCount":0,"PercentBelowLowincome3mile":29.72,"PercentPeopleOfColor":30.62,"AcsPopulationDensity":4658.1}},{"type":"Feature","geometry":{"type":"Point","coordinates":[-111.892483,40.77154]},"properties":{"FacName":"CHURCH OF THE LATTER DAY SAINTS-CHURCH OF LATTER DAY PLANT","FacStreet":"50 E. NORTH TEMPLE ST.","FacCity":"SALT LAKE CITY","FacState":"UT","RegistryID":"110053914644","FacSNCFlg":"N","FacQtrsWithNC":0,"FacInspectionCount":0,"FacFormalActionCount":0,"PercentBelowLowincome3mile":29.72,"PercentPeopleOfColor":30.62,"AcsPopulationDensity":4658.1}},{"type":"Feature","geometry":{"type":"Point","coordinates":[-111.892483,40.77154]},"properties":{"FacName":"CINNAMON CREEK REC AREA-UPPER  SPRING CHLORINATOR","FacStreet":"50 E NORTH TEMPLE ST","FacCity":"SALT LAKE CITY","FacState":"UT","RegistryID":"110052991946","FacSNCFlg":"N","FacQtrsWithNC":4,"FacInspectionCount":0,"FacFormalActionCount":0,"PercentBelowLowincome3mile":29.72,"PercentPeopleOfColor":30.62,"AcsPopulationDensity":4658.1}},{"type":"Feature","geometry":{"type":"Point","coordinates":[-111.906685,40.765081]},"properties":{"FacName":"CINQ APARTMENTS","FacStreet":"530 W 200 S","FacCity":"SALT LAKE CITY","FacState":"UT","RegistryID":"110071065583","FacSNCFlg":"N","FacQtrsWithNC":0,"FacInspectionCount":1,"FacFormalActionCount":0,"PercentBelowLowincome3mile":29.47,"PercentPeopleOfColor":30.16,"AcsPopulationDensity":4589.58}},{"type":"Feature","geometry":{"type":"Point","coordinates":[-111.99558,40.73393]},"properties":{"FacName":"CINTAS - INDUSTRIAL LAUNDRY","FacStreet":"1671 SOUTH 4370 WEST","FacCity":"SALT LAKE CITY","FacState":"UT","RegistryID":"110007209305","FacSNCFlg":"N","FacQtrsWithNC":0,"FacInspectionCount":0,"FacFormalActionCount":0,"PercentBelowLowincome3mile":30.18,"PercentPeopleOfColor":42.58,"AcsPopulationDensity":1454.96}},{"type":"Feature","geometry":{"type":"Point","coordinates":[-111.99558,40.73393]},"properties":{"FacName":"CINTAS CORPORATION LOCATION 14K","FacStreet":"1671 SOUTH 4370 WEST","FacCity":"SALT LAKE CITY","FacState":"UT","RegistryID":"110071923267","FacSNCFlg":"N","FacQtrsWithNC":0,"FacInspectionCount":0,"FacFormalActionCount":0,"PercentBelowLowincome3mile":30.18,"PercentPeopleOfColor":42.58,"AcsPopulationDensity":1454.96}},{"type":"Feature","geometry":{"type":"Point","coordinates":[-112.01887,40.73532]},"properties":{"FacName":"CINTAS CORPORATION NO. 180","FacStreet":"1586 S 5350 W","FacCity":"SALT LAKE CITY","FacState":"UT","RegistryID":"110061867868","FacSNCFlg":"N","FacQtrsWithNC":0,"FacInspectionCount":0,"FacFormalActionCount":0,"PercentBelowLowincome3mile":27.79,"PercentPeopleOfColor":39.75,"AcsPopulationDensity":1082.22}},{"type":"Feature","geometry":{"type":"Point","coordinates":[-111.95249,40.73527]},"properties":{"FacName":"CIRCUIT GRAPHICS INC","FacStreet":"1120 S. SWANER RD.","FacCity":"SALT LAKE CITY","FacState":"UT","RegistryID":"110071718310","FacSNCFlg":"N","FacQtrsWithNC":0,"FacInspectionCount":0,"FacFormalActionCount":0,"PercentBelowLowincome3mile":27.28,"PercentPeopleOfColor":37.11,"AcsPopulationDensity":2042.96}},{"type":"Feature","geometry":{"type":"Point","coordinates":[-111.9057,40.775]},"properties":{"FacName":"CITIZENS WEST 4","FacStreet":"515 W 300 N","FacCity":"SALT LAKE CITY","FacState":"UT","RegistryID":"110071895098","FacSNCFlg":"N","FacQtrsWithNC":0,"FacInspectionCount":0,"FacFormalActionCount":0,"PercentBelowLowincome3mile":31.4,"PercentPeopleOfColor":31.17,"AcsPopulationDensity":4254.14}},{"type":"Feature","geometry":{"type":"Point","coordinates":[-111.859,40.777]},"properties":{"FacName":"CITY CEMETERY ROADWAY & IRRIGATION IMPROVEMENT","FacStreet":"200 NORTH E STEET","FacCity":"SALT LAKE CITY","FacState":"UT","RegistryID":"110071863949","FacSNCFlg":"N","FacQtrsWithNC":0,"FacInspectionCount":0,"FacFormalActionCount":0,"PercentBelowLowincome3mile":29.67,"PercentPeopleOfColor":34.32,"AcsPopulationDensity":3777.08}},{"type":"Feature","geometry":{"type":"Point","coordinates":[-111.83138,40.815278]},"properties":{"FacName":"CITY CREEK BANK STABILIZATION","FacStreet":"2200 NORTH CITY CREEK CANYON","FacCity":"SALT LAKE CITY","FacState":"UT","RegistryID":"110061820695","FacSNCFlg":"N","FacQtrsWithNC":0,"FacInspectionCount":0,"FacFormalActionCount":0,"PercentBelowLowincome3mile":33.48,"PercentPeopleOfColor":25.87,"AcsPopulationDensity":388.75}},{"type":"Feature","geometry":{"type":"Point","coordinates":[-111.832,40.815]},"properties":{"FacName":"CITY CREEK TREATMENT PLANT BYPASS","FacStreet":"2200 CITY CREEK CANYON ROAD","FacCity":"SALT LAKE CITY","FacState":"UT","RegistryID":"110071541010","FacSNCFlg":"N","FacQtrsWithNC":2,"FacInspectionCount":0,"FacFormalActionCount":0,"PercentBelowLowincome3mile":33.43,"PercentPeopleOfColor":26.66,"AcsPopulationDensity":401.7}},{"type":"Feature","geometry":{"type":"Point","coordinates":[-111.9467,40.82226]},"properties":{"FacName":"CITY DRAIN CROSSING AT HUNTER STABLES","FacStreet":"2441 NORTH ROSE PARK LANE","FacCity":"SALT LAKE CITY","FacState":"UT","RegistryID":"110070711760","FacSNCFlg":"N","FacQtrsWithNC":0,"FacInspectionCount":0,"FacFormalActionCount":0,"PercentBelowLowincome3mile":35.95,"PercentPeopleOfColor":19.79,"AcsPopulationDensity":994.48}},{"type":"Feature","geometry":{"type":"Point","coordinates":[-111.91685,40.786243]},"properties":{"FacName":"CITY PARK APARTMENTS","FacStreet":"780 NORTH 900 WEST","FacCity":"SALT LAKE CITY","FacState":"UT","RegistryID":"110030909328","FacSNCFlg":"N","FacQtrsWithNC":null,"FacInspectionCount":1,"FacFormalActionCount":0,"PercentBelowLowincome3mile":32.3,"PercentPeopleOfColor":28.02,"AcsPopulationDensity":2895.76}},{"type":"Feature","geometry":{"type":"Point","coordinates":[-111.87677,40.76284]},"properties":{"FacName":"CLASSIC DRY CLEANERS","FacStreet":"501 EAST 300 SOUTH","FacCity":"SALT LAKE CITY","FacState":"UT","RegistryID":"110005196698","FacSNCFlg":"N","FacQtrsWithNC":0,"FacInspectionCount":0,"FacFormalActionCount":0,"PercentBelowLowincome3mile":28.12,"PercentPeopleOfColor":31.53,"AcsPopulationDensity":4989.06}},{"type":"Feature","geometry":{"type":"Point","coordinates":[-109.1725,40.9762]},"properties":{"FacName":"CLAY BASIN WELL 10","FacStreet":"BROWNS PARK ROAD\/WELL ROAD 4300915634","FacCity":"SALT LAKE CITY","FacState":"UT","RegistryID":"110071066517","FacSNCFlg":"N","FacQtrsWithNC":0,"FacInspectionCount":0,"FacFormalActionCount":0,"PercentBelowLowincome3mile":1.72,"PercentPeopleOfColor":8.62,"AcsPopulationDensity":4.22}},{"type":"Feature","geometry":{"type":"Point","coordinates":[-111.972859,40.757982]},"properties":{"FacName":"CLEAN EARTH SPECIALTY WASTE SOLUTIONS, INC.","FacStreet":"3435 WEST 500 SOUTH","FacCity":"SALT LAKE CITY","FacState":"UT","RegistryID":"110071423327","FacSNCFlg":"N","FacQtrsWithNC":0,"FacInspectionCount":0,"FacFormalActionCount":0,"PercentBelowLowincome3mile":27.08,"PercentPeopleOfColor":21.24,"AcsPopulationDensity":893.24}},{"type":"Feature","geometry":{"type":"Point","coordinates":[-111.97701,40.7584]},"properties":{"FacName":"CLEAN HARBORS","FacStreet":"3589 W 500 S","FacCity":"SALT LAKE CITY","FacState":"UT","RegistryID":"110071425967","FacSNCFlg":"N","FacQtrsWithNC":0,"FacInspectionCount":1,"FacFormalActionCount":0,"PercentBelowLowincome3mile":26.87,"PercentPeopleOfColor":20.43,"AcsPopulationDensity":747.37}},{"type":"Feature","geometry":{"type":"Point","coordinates":[-111.95339,40.73776]},"properties":{"FacName":"CLEAN JOULE BUILDING 1","FacStreet":"2350 W 1500 S","FacCity":"SALT LAKE CITY","FacState":"UT","RegistryID":"110071952193","FacSNCFlg":"N","FacQtrsWithNC":0,"FacInspectionCount":0,"FacFormalActionCount":0,"PercentBelowLowincome3mile":27.43,"PercentPeopleOfColor":36.19,"AcsPopulationDensity":1879.75}},{"type":"Feature","geometry":{"type":"Point","coordinates":[-112.02496,40.77934]},"properties":{"FacName":"CLOSURE SYSTEMS INTERNATIONAL","FacStreet":"480 NORTH 5600 WEST","FacCity":"SALT LAKE CITY","FacState":"UT","RegistryID":"110027235089","FacSNCFlg":"N","FacQtrsWithNC":0,"FacInspectionCount":1,"FacFormalActionCount":0,"PercentBelowLowincome3mile":28.61,"PercentPeopleOfColor":13.95,"AcsPopulationDensity":82.58}},{"type":"Feature","geometry":{"type":"Point","coordinates":[-111.86656,40.67433]},"properties":{"FacName":"CLOVERLEAF HEATING & AIR CONDITIONING","FacStreet":"869 EAST 4500 SOUTH, #163","FacCity":"SALT LAKE CITY","FacState":"UT","RegistryID":"110039623315","FacSNCFlg":"N","FacQtrsWithNC":0,"FacInspectionCount":0,"FacFormalActionCount":0,"PercentBelowLowincome3mile":23.35,"PercentPeopleOfColor":26.94,"AcsPopulationDensity":5395.69}},{"type":"Feature","geometry":{"type":"Point","coordinates":[-111.892483,40.77154]},"properties":{"FacName":"COBBLE CREEK CAMP-COBBLE CREEK CHLORINATOR","FacStreet":"50 E NORTH TEMPLE ST","FacCity":"SALT LAKE CITY","FacState":"UT","RegistryID":"110052921816","FacSNCFlg":"N","FacQtrsWithNC":0,"FacInspectionCount":0,"FacFormalActionCount":0,"PercentBelowLowincome3mile":29.72,"PercentPeopleOfColor":30.62,"AcsPopulationDensity":4658.1}},{"type":"Feature","geometry":{"type":"Point","coordinates":[-111.82844,40.75946]},"properties":{"FacName":"COGNETIX, INC.","FacStreet":"421 WAKARA WAY, STE 201","FacCity":"SALT LAKE CITY","FacState":"UT","RegistryID":"110005209755","FacSNCFlg":"N","FacQtrsWithNC":0,"FacInspectionCount":0,"FacFormalActionCount":0,"PercentBelowLowincome3mile":25.79,"PercentPeopleOfColor":32.7,"AcsPopulationDensity":3672.89}},{"type":"Feature","geometry":{"type":"Point","coordinates":[-111.93092,40.76604]},"properties":{"FacName":"COIT SERVICES","FacStreet":"144 SOUTH 1400 WEST","FacCity":"SALT LAKE CITY","FacState":"UT","RegistryID":"110005198384","FacSNCFlg":"N","FacQtrsWithNC":0,"FacInspectionCount":0,"FacFormalActionCount":0,"PercentBelowLowincome3mile":30.58,"PercentPeopleOfColor":25.34,"AcsPopulationDensity":2762.4}},{"type":"Feature","geometry":{"type":"Point","coordinates":[-111.93901,40.74711]},"properties":{"FacName":"COLORADO-DENVER DELIVERY, INC","FacStreet":"1032 SOUTH REDWOOD ROAD","FacCity":"SALT LAKE CITY","FacState":"UT","RegistryID":"110030925275","FacSNCFlg":"N","FacQtrsWithNC":0,"FacInspectionCount":0,"FacFormalActionCount":0,"PercentBelowLowincome3mile":28.17,"PercentPeopleOfColor":28.81,"AcsPopulationDensity":2188.48}},{"type":"Feature","geometry":{"type":"Point","coordinates":[-111.88826,40.71484]},"properties":{"FacName":"COLORLAND","FacStreet":"2567 SOUTH STATE","FacCity":"SALT LAKE CITY","FacState":"UT","RegistryID":"110005209844","FacSNCFlg":"N","FacQtrsWithNC":0,"FacInspectionCount":0,"FacFormalActionCount":0,"PercentBelowLowincome3mile":21.84,"PercentPeopleOfColor":28.4,"AcsPopulationDensity":4748.58}},{"type":"Feature","geometry":{"type":"Point","coordinates":[-111.93901,40.7471]},"properties":{"FacName":"COLT TRUCKING COMPANY","FacStreet":"1030 S REDWOOD RD","FacCity":"SALT LAKE CITY","FacState":"UT","RegistryID":"110002269232","FacSNCFlg":"N","FacQtrsWithNC":0,"FacInspectionCount":0,"FacFormalActionCount":0,"PercentBelowLowincome3mile":28.16,"PercentPeopleOfColor":28.82,"AcsPopulationDensity":2188.44}},{"type":"Feature","geometry":{"type":"Point","coordinates":[-111.940866,40.65317]},"properties":{"FacName":"COMET ONE HOUR CLEANERS","FacStreet":"1785 WEST 5400 SOUTH","FacCity":"SALT LAKE CITY","FacState":"UT","RegistryID":"110005195181","FacSNCFlg":"N","FacQtrsWithNC":0,"FacInspectionCount":0,"FacFormalActionCount":0,"PercentBelowLowincome3mile":18.43,"PercentPeopleOfColor":35.91,"AcsPopulationDensity":5693.89}},{"type":"Feature","geometry":{"type":"Point","coordinates":[-112.019729,40.773549]},"properties":{"FacName":"COMFORT INN & SUITES AND TRU HOTELS","FacStreet":"192 N JIMMY DOOLITTLE ROAD","FacCity":"SALT LAKE CITY","FacState":"UT","RegistryID":"110070706290","FacSNCFlg":"N","FacQtrsWithNC":0,"FacInspectionCount":0,"FacFormalActionCount":0,"PercentBelowLowincome3mile":30.48,"PercentPeopleOfColor":15.18,"AcsPopulationDensity":91.57}},{"type":"Feature","geometry":{"type":"Point","coordinates":[-111.91742,40.71743]},"properties":{"FacName":"COMMERCIAL LIGHTING SUPPLY, INC.","FacStreet":"2440 SOUTH 900 WEST","FacCity":"SALT LAKE CITY","FacState":"UT","RegistryID":"110040102420","FacSNCFlg":"N","FacQtrsWithNC":0,"FacInspectionCount":1,"FacFormalActionCount":0,"PercentBelowLowincome3mile":22.89,"PercentPeopleOfColor":33.77,"AcsPopulationDensity":3772.52}},{"type":"Feature","geometry":{"type":"Point","coordinates":[-111.85365,40.72138]},"properties":{"FacName":"COMSOPROF #8901","FacStreet":"2274 S 1300 E","FacCity":"SALT LAKE CITY","FacState":"UT","RegistryID":"110071063282","FacSNCFlg":"N","FacQtrsWithNC":0,"FacInspectionCount":0,"FacFormalActionCount":0,"PercentBelowLowincome3mile":20.51,"PercentPeopleOfColor":24.27,"AcsPopulationDensity":5669.53}},{"type":"Feature","geometry":{"type":"Point","coordinates":[-111.890837,40.71041]},"properties":{"FacName":"CONCEPT PROPERTY MANAGEMENT","FacStreet":"2801 SOUTH MAIN STREET","FacCity":"SALT LAKE CITY","FacState":"UT","RegistryID":"110071442378","FacSNCFlg":"N","FacQtrsWithNC":null,"FacInspectionCount":1,"FacFormalActionCount":0,"PercentBelowLowincome3mile":22.5,"PercentPeopleOfColor":29.77,"AcsPopulationDensity":4744.38}},{"type":"Feature","geometry":{"type":"Point","coordinates":[-112.00564,40.77234]},"properties":{"FacName":"CONEXTIONS MEDICAL","FacStreet":"150 NORTH WRIGHT BROTHERS DRIVE, SUITE 560","FacCity":"SALT LAKE CITY","FacState":"UT","RegistryID":"110071923043","FacSNCFlg":"N","FacQtrsWithNC":0,"FacInspectionCount":0,"FacFormalActionCount":0,"PercentBelowLowincome3mile":33,"PercentPeopleOfColor":14.95,"AcsPopulationDensity":105.82}},{"type":"Feature","geometry":{"type":"Point","coordinates":[-111.6416,40.461363]},"properties":{"FacName":"CONGREGATION SPIRITS LLC","FacStreet":"25 NORTH 900 WEST","FacCity":"SALT LAKE CITY","FacState":"UT","RegistryID":"110071511847","FacSNCFlg":"N","FacQtrsWithNC":0,"FacInspectionCount":0,"FacFormalActionCount":0,"PercentBelowLowincome3mile":26,"PercentPeopleOfColor":8.83,"AcsPopulationDensity":21.36}},{"type":"Feature","geometry":{"type":"Point","coordinates":[-111.916832,40.761164]},"properties":{"FacName":"CONSOLIDATED CHEMICAL","FacStreet":"365 WEST 900 SOUTH SUITE A","FacCity":"SALT LAKE CITY","FacState":"UT","RegistryID":"110005206080","FacSNCFlg":"N","FacQtrsWithNC":0,"FacInspectionCount":0,"FacFormalActionCount":0,"PercentBelowLowincome3mile":28.91,"PercentPeopleOfColor":27.41,"AcsPopulationDensity":3910.84}},{"type":"Feature","geometry":{"type":"Point","coordinates":[-111.88137,40.69986]},"properties":{"FacName":"CONSTRUCTION REALTY","FacStreet":"345 E 3300 S","FacCity":"SALT LAKE CITY","FacState":"UT","RegistryID":"110012372084","FacSNCFlg":"N","FacQtrsWithNC":null,"FacInspectionCount":1,"FacFormalActionCount":0,"PercentBelowLowincome3mile":21.82,"PercentPeopleOfColor":29.09,"AcsPopulationDensity":5262.1}},{"type":"Feature","geometry":{"type":"Point","coordinates":[-111.917465,40.788889]},"properties":{"FacName":"CONTECH","FacStreet":"1935 NORTH 900 WEST","FacCity":"SALT LAKE CITY","FacState":"UT","RegistryID":"110005203715","FacSNCFlg":"N","FacQtrsWithNC":0,"FacInspectionCount":0,"FacFormalActionCount":0,"PercentBelowLowincome3mile":33.17,"PercentPeopleOfColor":28.36,"AcsPopulationDensity":2710.91}},{"type":"Feature","geometry":{"type":"Point","coordinates":[-111.89971,40.70834]},"properties":{"FacName":"CONTEMPO CERAMIC TILE CORPORATION","FacStreet":"2885 SOUTH 300 WEST","FacCity":"SALT LAKE CITY","FacState":"UT","RegistryID":"110070325755","FacSNCFlg":"N","FacQtrsWithNC":0,"FacInspectionCount":2,"FacFormalActionCount":0,"PercentBelowLowincome3mile":23.14,"PercentPeopleOfColor":32.82,"AcsPopulationDensity":4679.76}},{"type":"Feature","geometry":{"type":"Point","coordinates":[-111.87237,40.7717]},"properties":{"FacName":"CONTENENTAL CLEANERS","FacStreet":"569 SOUTH 2ND AVE","FacCity":"SALT LAKE CITY","FacState":"UT","RegistryID":"110005201593","FacSNCFlg":"N","FacQtrsWithNC":0,"FacInspectionCount":0,"FacFormalActionCount":0,"PercentBelowLowincome3mile":29.32,"PercentPeopleOfColor":31.99,"AcsPopulationDensity":4458.55}},{"type":"Feature","geometry":{"type":"Point","coordinates":[-111.91176,40.7716]},"properties":{"FacName":"CONTINENTAL BAKING COMPANY","FacStreet":"708 WEST NORTH TEMPLE","FacCity":"SALT LAKE CITY","FacState":"UT","RegistryID":"110009508283","FacSNCFlg":"N","FacQtrsWithNC":0,"FacInspectionCount":0,"FacFormalActionCount":0,"PercentBelowLowincome3mile":30.63,"PercentPeopleOfColor":29.51,"AcsPopulationDensity":4028.77}},{"type":"Feature","geometry":{"type":"Point","coordinates":[-111.86535,40.74943]},"properties":{"FacName":"CONTINENTAL CLEANERS BY SUNSHINE","FacStreet":"902 SOUTH 900 EAST","FacCity":"SALT LAKE CITY","FacState":"UT","RegistryID":"110031311765","FacSNCFlg":"N","FacQtrsWithNC":0,"FacInspectionCount":0,"FacFormalActionCount":0,"PercentBelowLowincome3mile":26.01,"PercentPeopleOfColor":31.25,"AcsPopulationDensity":5480.99}},{"type":"Feature","geometry":{"type":"Point","coordinates":[-111.90546,40.68196]},"properties":{"FacName":"COOKIETREE","FacStreet":"4122 SOUTH 500 WEST","FacCity":"SALT LAKE CITY","FacState":"UT","RegistryID":"110014407374","FacSNCFlg":"N","FacQtrsWithNC":0,"FacInspectionCount":0,"FacFormalActionCount":0,"PercentBelowLowincome3mile":23.27,"PercentPeopleOfColor":36.45,"AcsPopulationDensity":5186.47}},{"type":"Feature","geometry":{"type":"Point","coordinates":[-111.98731,40.73919]},"properties":{"FacName":"COOKIETREE BAKERIES","FacStreet":"4010 WEST ADVANTAGE CIRCLE","FacCity":"SALT LAKE CITY","FacState":"UT","RegistryID":"110071925387","FacSNCFlg":"N","FacQtrsWithNC":0,"FacInspectionCount":0,"FacFormalActionCount":0,"PercentBelowLowincome3mile":31.82,"PercentPeopleOfColor":39.28,"AcsPopulationDensity":1112.74}},{"type":"Feature","geometry":{"type":"Point","coordinates":[-111.9449,40.7706]},"properties":{"FacName":"COOPERATIVE 1881","FacStreet":"1881 W. NORTH TEMPLE","FacCity":"SALT LAKE CITY","FacState":"UT","RegistryID":"110071881396","FacSNCFlg":"N","FacQtrsWithNC":0,"FacInspectionCount":0,"FacFormalActionCount":0,"PercentBelowLowincome3mile":31.58,"PercentPeopleOfColor":23.87,"AcsPopulationDensity":1858.66}},{"type":"Feature","geometry":{"type":"Point","coordinates":[-112.0389,40.7549]},"properties":{"FacName":"COPPER CROSSING BUILDING 4","FacStreet":"700 S 6228 W","FacCity":"SALT LAKE CITY","FacState":"UT","RegistryID":"110071528072","FacSNCFlg":"N","FacQtrsWithNC":0,"FacInspectionCount":0,"FacFormalActionCount":0,"PercentBelowLowincome3mile":26.86,"PercentPeopleOfColor":30.26,"AcsPopulationDensity":127.26}},{"type":"Feature","geometry":{"type":"Point","coordinates":[-112.0424,40.7658]},"properties":{"FacName":"COPPER CROSSING BUILDING 7 & 150 SOUTH ROADWAY EXTENSION","FacStreet":"6534 WEST 150 SOUTH","FacCity":"SALT LAKE CITY","FacState":"UT","RegistryID":"110071082318","FacSNCFlg":"N","FacQtrsWithNC":0,"FacInspectionCount":0,"FacFormalActionCount":0,"PercentBelowLowincome3mile":27.24,"PercentPeopleOfColor":20.93,"AcsPopulationDensity":84.03}},{"type":"Feature","geometry":{"type":"Point","coordinates":[-112.01227,40.73442]},"properties":{"FacName":"CORE-MARK INTERNATIONAL INC","FacStreet":"1635 SOUTH 5070 WEST SUITE B","FacCity":"SALT LAKE CITY","FacState":"UT","RegistryID":"110070913456","FacSNCFlg":"N","FacQtrsWithNC":0,"FacInspectionCount":0,"FacFormalActionCount":0,"PercentBelowLowincome3mile":28.09,"PercentPeopleOfColor":41.31,"AcsPopulationDensity":1211.5}},{"type":"Feature","geometry":{"type":"Point","coordinates":[-111.92726,40.816077]},"properties":{"FacName":"CORNERSTONE BUILDING BRANDS - SALT LAKE CITY","FacStreet":"1155 W 2300 N","FacCity":"SALT LAKE CITY","FacState":"UT","RegistryID":"110071500990","FacSNCFlg":"N","FacQtrsWithNC":0,"FacInspectionCount":1,"FacFormalActionCount":0,"PercentBelowLowincome3mile":35.93,"PercentPeopleOfColor":21.16,"AcsPopulationDensity":1382.81}},{"type":"Feature","geometry":{"type":"Point","coordinates":[-111.94648,40.73779]},"properties":{"FacName":"CORRAINE PRESS","FacStreet":"1952 WEST 1500 SOUTH","FacCity":"SALT LAKE CITY","FacState":"UT","RegistryID":"110030920369","FacSNCFlg":"N","FacQtrsWithNC":0,"FacInspectionCount":0,"FacFormalActionCount":0,"PercentBelowLowincome3mile":26.35,"PercentPeopleOfColor":35.78,"AcsPopulationDensity":1985.39}},{"type":"Feature","geometry":{"type":"Point","coordinates":[-111.94285,40.66765]},"properties":{"FacName":"COSMOPROF #8902","FacStreet":"1909 WEST 4700 SOUTH","FacCity":"SALT LAKE CITY","FacState":"UT","RegistryID":"110070913450","FacSNCFlg":"N","FacQtrsWithNC":0,"FacInspectionCount":0,"FacFormalActionCount":0,"PercentBelowLowincome3mile":20.79,"PercentPeopleOfColor":39.67,"AcsPopulationDensity":5801.79}},{"type":"Feature","geometry":{"type":"Point","coordinates":[-112.03278,40.76222]},"properties":{"FacName":"COSTCO WHOLESALE - SALT LAKE CITY","FacStreet":"5995 WEST 300 SOUTH","FacCity":"SALT LAKE CITY","FacState":"UT","RegistryID":"110043652017","FacSNCFlg":"N","FacQtrsWithNC":0,"FacInspectionCount":0,"FacFormalActionCount":0,"PercentBelowLowincome3mile":29.07,"PercentPeopleOfColor":23.65,"AcsPopulationDensity":102.02}},{"type":"Feature","geometry":{"type":"Point","coordinates":[-111.89972,40.7314]},"properties":{"FacName":"COSTCO WHOLESALE NUMBER 113","FacStreet":"1818 S 300 W","FacCity":"SALT LAKE CITY","FacState":"UT","RegistryID":"110002264282","FacSNCFlg":"N","FacQtrsWithNC":0,"FacInspectionCount":0,"FacFormalActionCount":0,"PercentBelowLowincome3mile":23.44,"PercentPeopleOfColor":28.05,"AcsPopulationDensity":4767.84}},{"type":"Feature","geometry":{"type":"Point","coordinates":[-111.865488,40.704078]},"properties":{"FacName":"COTTAGE COURT PHASE 2","FacStreet":"3073 SOUTH 900 EAST","FacCity":"SALT LAKE CITY","FacState":"UT","RegistryID":"110070709531","FacSNCFlg":"N","FacQtrsWithNC":0,"FacInspectionCount":0,"FacFormalActionCount":0,"PercentBelowLowincome3mile":20.99,"PercentPeopleOfColor":23.97,"AcsPopulationDensity":5489.33}},{"type":"Feature","geometry":{"type":"Point","coordinates":[-111.82476,40.62652]},"properties":{"FacName":"COTTONWOOD BRANCH US POSTAL SERVICE","FacStreet":"6890 S 2300 E","FacCity":"SALT LAKE CITY","FacState":"UT","RegistryID":"110002281316","FacSNCFlg":"N","FacQtrsWithNC":0,"FacInspectionCount":0,"FacFormalActionCount":0,"PercentBelowLowincome3mile":24.53,"PercentPeopleOfColor":29.38,"AcsPopulationDensity":3683.1}},{"type":"Feature","geometry":{"type":"Point","coordinates":[-111.83274,40.63854]},"properties":{"FacName":"COTTONWOOD GARAGE","FacStreet":"2049 EAST 6200 SOUTH","FacCity":"SALT LAKE CITY","FacState":"UT","RegistryID":"110005207873","FacSNCFlg":"N","FacQtrsWithNC":0,"FacInspectionCount":0,"FacFormalActionCount":0,"PercentBelowLowincome3mile":25.81,"PercentPeopleOfColor":28.7,"AcsPopulationDensity":4102.4}},{"type":"Feature","geometry":{"type":"Point","coordinates":[-111.898361,40.645446]},"properties":{"FacName":"COTTONWOOD HOSPITAL","FacStreet":"5770 SOUTH 300 EAST","FacCity":"SALT LAKE CITY","FacState":"UT","RegistryID":"110005199533","FacSNCFlg":"N","FacQtrsWithNC":0,"FacInspectionCount":0,"FacFormalActionCount":0,"PercentBelowLowincome3mile":19.71,"PercentPeopleOfColor":30.2,"AcsPopulationDensity":5480.91}},{"type":"Feature","geometry":{"type":"Point","coordinates":[-111.87965,40.68707]},"properties":{"FacName":"COUNTRY CLEANERS","FacStreet":"409 EAST 3900 SOUTH","FacCity":"SALT LAKE CITY","FacState":"UT","RegistryID":"110005210404","FacSNCFlg":"N","FacQtrsWithNC":0,"FacInspectionCount":0,"FacFormalActionCount":0,"PercentBelowLowincome3mile":22.64,"PercentPeopleOfColor":30.15,"AcsPopulationDensity":5486.54}},{"type":"Feature","geometry":{"type":"Point","coordinates":[-111.874,40.75814]},"properties":{"FacName":"COURTHOUSE WASH SUBDIVISION","FacStreet":"510 S 600 E","FacCity":"SALT LAKE CITY","FacState":"UT","RegistryID":"110070080533","FacSNCFlg":"N","FacQtrsWithNC":0,"FacInspectionCount":1,"FacFormalActionCount":0,"PercentBelowLowincome3mile":27.66,"PercentPeopleOfColor":31.92,"AcsPopulationDensity":5147.03}},{"type":"Feature","geometry":{"type":"Point","coordinates":[-111.905601,40.781438]},"properties":{"FacName":"CP INDUSTRIES","FacStreet":"560 NORTH 500 WEST","FacCity":"SALT LAKE CITY","FacState":"UT","RegistryID":"110030487596","FacSNCFlg":"N","FacQtrsWithNC":0,"FacInspectionCount":0,"FacFormalActionCount":1,"PercentBelowLowincome3mile":32.02,"PercentPeopleOfColor":31.7,"AcsPopulationDensity":3886.15}},{"type":"Feature","geometry":{"type":"Point","coordinates":[-111.902573,40.784199]},"properties":{"FacName":"CRAFTSMAN KITCHENS","FacStreet":"691 NORTH 400 WEST SUITE B","FacCity":"SALT LAKE CITY","FacState":"UT","RegistryID":"110071842653","FacSNCFlg":"N","FacQtrsWithNC":0,"FacInspectionCount":1,"FacFormalActionCount":0,"PercentBelowLowincome3mile":32.53,"PercentPeopleOfColor":32.23,"AcsPopulationDensity":3858.05}},{"type":"Feature","geometry":{"type":"Point","coordinates":[-111.84573,40.666937]},"properties":{"FacName":"CREEKSIDE PARK FIRE","FacStreet":"1592 E MURRAY HOLLADAY RD","FacCity":"SALT LAKE CITY","FacState":"UT","RegistryID":"110070712915","FacSNCFlg":"N","FacQtrsWithNC":0,"FacInspectionCount":0,"FacFormalActionCount":0,"PercentBelowLowincome3mile":24.68,"PercentPeopleOfColor":26.75,"AcsPopulationDensity":5064.19}},{"type":"Feature","geometry":{"type":"Point","coordinates":[-112.00623,40.77569]},"properties":{"FacName":"CREMINELLI FINE MEATS","FacStreet":"310 N WRIGHT BROTHERS DRIVE","FacCity":"SALT LAKE CITY","FacState":"UT","RegistryID":"110070837702","FacSNCFlg":"N","FacQtrsWithNC":0,"FacInspectionCount":0,"FacFormalActionCount":0,"PercentBelowLowincome3mile":31.67,"PercentPeopleOfColor":14.19,"AcsPopulationDensity":99.61}},{"type":"Feature","geometry":{"type":"Point","coordinates":[-111.94,40.7573]},"properties":{"FacName":"CRESCENT","FacStreet":"566 S REDWOOD ROAD","FacCity":"SALT LAKE CITY","FacState":"UT","RegistryID":"110071645329","FacSNCFlg":"N","FacQtrsWithNC":0,"FacInspectionCount":0,"FacFormalActionCount":0,"PercentBelowLowincome3mile":30.88,"PercentPeopleOfColor":26.9,"AcsPopulationDensity":2206.51}},{"type":"Feature","geometry":{"type":"Point","coordinates":[-111.892483,40.77154]},"properties":{"FacName":"CRESCENT REGIONAL CAMP-CRESCENT REGIONAL CHLORINATOR","FacStreet":"50 E NORTH TEMPLE ST","FacCity":"SALT LAKE CITY","FacState":"UT","RegistryID":"110063370837","FacSNCFlg":"N","FacQtrsWithNC":4,"FacInspectionCount":0,"FacFormalActionCount":0,"PercentBelowLowincome3mile":29.72,"PercentPeopleOfColor":30.62,"AcsPopulationDensity":4658.1}},{"type":"Feature","geometry":{"type":"Point","coordinates":[-111.9603,40.7584]},"properties":{"FacName":"CRESTWOOD SALT LAKE CITY FACILITY","FacStreet":"2825 WEST 500 SOUTH","FacCity":"SALT LAKE CITY","FacState":"UT","RegistryID":"110070794036","FacSNCFlg":"N","FacQtrsWithNC":0,"FacInspectionCount":0,"FacFormalActionCount":0,"PercentBelowLowincome3mile":29.52,"PercentPeopleOfColor":24.46,"AcsPopulationDensity":1433.16}},{"type":"Feature","geometry":{"type":"Point","coordinates":[-111.927307,40.725574]},"properties":{"FacName":"CROFT-BECK FLOORS","FacStreet":"2133 SOUTH 1260 WEST","FacCity":"SALT LAKE CITY","FacState":"UT","RegistryID":"110018905782","FacSNCFlg":"N","FacQtrsWithNC":0,"FacInspectionCount":0,"FacFormalActionCount":0,"PercentBelowLowincome3mile":23.43,"PercentPeopleOfColor":33.17,"AcsPopulationDensity":3283.48}},{"type":"Feature","geometry":{"type":"Point","coordinates":[-111.9154,40.76888]},"properties":{"FacName":"CROWN PLATING COMPANY INCORPORATED","FacStreet":"14 SOUTH JEREMY STREET","FacCity":"SALT LAKE CITY","FacState":"UT","RegistryID":"110002159789","FacSNCFlg":"N","FacQtrsWithNC":8,"FacInspectionCount":3,"FacFormalActionCount":1,"PercentBelowLowincome3mile":29.96,"PercentPeopleOfColor":27.92,"AcsPopulationDensity":3873.07}},{"type":"Feature","geometry":{"type":"Point","coordinates":[-111.89398,40.72178]},"properties":{"FacName":"CRUS OIL INCORPORATED","FacStreet":"2260 S WEST TEMPLE","FacCity":"SALT LAKE CITY","FacState":"UT","RegistryID":"110002268331","FacSNCFlg":"N","FacQtrsWithNC":0,"FacInspectionCount":0,"FacFormalActionCount":0,"PercentBelowLowincome3mile":21.57,"PercentPeopleOfColor":27.25,"AcsPopulationDensity":4535.94}},{"type":"Feature","geometry":{"type":"Point","coordinates":[-111.7782,40.766]},"properties":{"FacName":"CUEVA-SOMMER EMIGRATION CANYON RESIDENCE","FacStreet":"4283 EAST EMIGRATION CANYON ROAD","FacCity":"SALT LAKE CITY","FacState":"UT","RegistryID":"110071896612","FacSNCFlg":"N","FacQtrsWithNC":0,"FacInspectionCount":0,"FacFormalActionCount":0,"PercentBelowLowincome3mile":19.6,"PercentPeopleOfColor":28.87,"AcsPopulationDensity":261.97}},{"type":"Feature","geometry":{"type":"Point","coordinates":[-111.90697,40.71103]},"properties":{"FacName":"CULLIGAN WATER CONDITIONING","FacStreet":"2812 SOUTH 600 WEST","FacCity":"SALT LAKE CITY","FacState":"UT","RegistryID":"110024814682","FacSNCFlg":"N","FacQtrsWithNC":0,"FacInspectionCount":0,"FacFormalActionCount":0,"PercentBelowLowincome3mile":22.35,"PercentPeopleOfColor":33.7,"AcsPopulationDensity":4328}},{"type":"Feature","geometry":{"type":"Point","coordinates":[-111.88964,40.742]},"properties":{"FacName":"CURTELL'S BAKERY","FacStreet":"1241 MAJOR STREET","FacCity":"SALT LAKE CITY","FacState":"UT","RegistryID":"110011676436","FacSNCFlg":"N","FacQtrsWithNC":0,"FacInspectionCount":0,"FacFormalActionCount":0,"PercentBelowLowincome3mile":26.38,"PercentPeopleOfColor":31.99,"AcsPopulationDensity":5422.3}},{"type":"Feature","geometry":{"type":"Point","coordinates":[-111.899729,40.725923]},"properties":{"FacName":"CV AXLE EXPRESS","FacStreet":"2053 SOUTH 300 WEST","FacCity":"SALT LAKE CITY","FacState":"UT","RegistryID":"110005211396","FacSNCFlg":"N","FacQtrsWithNC":0,"FacInspectionCount":0,"FacFormalActionCount":0,"PercentBelowLowincome3mile":21.31,"PercentPeopleOfColor":26.95,"AcsPopulationDensity":4372.47}},{"type":"Feature","geometry":{"type":"Point","coordinates":[-111.85436,40.72541]},"properties":{"FacName":"CVS PHARMACY #10423","FacStreet":"1269 EAST 2100 SOUTH","FacCity":"SALT LAKE CITY","FacState":"UT","RegistryID":"110070246875","FacSNCFlg":"N","FacQtrsWithNC":0,"FacInspectionCount":0,"FacFormalActionCount":0,"PercentBelowLowincome3mile":21.18,"PercentPeopleOfColor":25.9,"AcsPopulationDensity":5827.44}},{"type":"Feature","geometry":{"type":"Point","coordinates":[-111.93881,40.64689]},"properties":{"FacName":"CVS PHARMACY #16237","FacStreet":"5800 SOUTH REDWOOD RD SUITE B","FacCity":"SALT LAKE CITY","FacState":"UT","RegistryID":"110072139111","FacSNCFlg":"N","FacQtrsWithNC":0,"FacInspectionCount":0,"FacFormalActionCount":0,"PercentBelowLowincome3mile":null,"PercentPeopleOfColor":null,"AcsPopulationDensity":null}},{"type":"Feature","geometry":{"type":"Point","coordinates":[-111.8516,40.62338]},"properties":{"FacName":"CVS PHARMACY #16878","FacStreet":"7025 S PARK CENTRE DR SUITE B","FacCity":"SALT LAKE CITY","FacState":"UT","RegistryID":"110072139291","FacSNCFlg":"N","FacQtrsWithNC":0,"FacInspectionCount":0,"FacFormalActionCount":0,"PercentBelowLowincome3mile":null,"PercentPeopleOfColor":null,"AcsPopulationDensity":null}},{"type":"Feature","geometry":{"type":"Point","coordinates":[-112.02364,40.71276]},"properties":{"FacName":"CVS PHARMACY #17590","FacStreet":"5518 W HIGH MARKET DR SUITE B","FacCity":"SALT LAKE CITY","FacState":"UT","RegistryID":"110072136953","FacSNCFlg":"N","FacQtrsWithNC":0,"FacInspectionCount":0,"FacFormalActionCount":0,"PercentBelowLowincome3mile":null,"PercentPeopleOfColor":null,"AcsPopulationDensity":null}},{"type":"Feature","geometry":{"type":"Point","coordinates":[-111.89967,40.74456]},"properties":{"FacName":"CVS PHARMACY #17596","FacStreet":"1110 S 300 W SUITE B","FacCity":"SALT LAKE CITY","FacState":"UT","RegistryID":"110072140150","FacSNCFlg":"N","FacQtrsWithNC":0,"FacInspectionCount":0,"FacFormalActionCount":0,"PercentBelowLowincome3mile":null,"PercentPeopleOfColor":null,"AcsPopulationDensity":null}},{"type":"Feature","geometry":{"type":"Point","coordinates":[-111.90545,40.68004]},"properties":{"FacName":"CVWRF 2021 MISC REHABILITATION PROJECTS","FacStreet":"4170 S 500 W","FacCity":"SALT LAKE CITY","FacState":"UT","RegistryID":"110070893641","FacSNCFlg":"N","FacQtrsWithNC":0,"FacInspectionCount":0,"FacFormalActionCount":0,"PercentBelowLowincome3mile":23.28,"PercentPeopleOfColor":36.43,"AcsPopulationDensity":5169.06}},{"type":"Feature","geometry":{"type":"Point","coordinates":[-111.912,40.7058]},"properties":{"FacName":"CVWRF CC30B BNR BASINS \/ PEPS\/ RAS SELECTOR","FacStreet":"800 W CENTRAL VALLEY RD","FacCity":"SALT LAKE CITY","FacState":"UT","RegistryID":"110071785427","FacSNCFlg":"N","FacQtrsWithNC":0,"FacInspectionCount":0,"FacFormalActionCount":0,"PercentBelowLowincome3mile":22.72,"PercentPeopleOfColor":35.03,"AcsPopulationDensity":4583.33}},{"type":"Feature","geometry":{"type":"Point","coordinates":[-111.9064,40.75413]},"properties":{"FacName":"CW SILVER INDUSTRIAL SERVICES","FacStreet":"535 WEST 700 SOUTH","FacCity":"SALT LAKE CITY","FacState":"UT","RegistryID":"110005206927","FacSNCFlg":"N","FacQtrsWithNC":0,"FacInspectionCount":0,"FacFormalActionCount":0,"PercentBelowLowincome3mile":28.54,"PercentPeopleOfColor":31.43,"AcsPopulationDensity":4886.95}},{"type":"Feature","geometry":{"type":"Point","coordinates":[-111.90694,40.71265]},"properties":{"FacName":"CYTOZYME INC","FacStreet":"2700 SOUTH 600 WEST","FacCity":"SALT LAKE CITY","FacState":"UT","RegistryID":"110060259517","FacSNCFlg":"N","FacQtrsWithNC":1,"FacInspectionCount":2,"FacFormalActionCount":0,"PercentBelowLowincome3mile":22.24,"PercentPeopleOfColor":33.43,"AcsPopulationDensity":4225.91}},{"type":"Feature","geometry":{"type":"Point","coordinates":[-111.91121,40.7664]},"properties":{"FacName":"CYTOZYME LABORATORIES INC","FacStreet":"134 SOUTH 700 WEST","FacCity":"SALT LAKE CITY","FacState":"UT","RegistryID":"110011667419","FacSNCFlg":"N","FacQtrsWithNC":0,"FacInspectionCount":1,"FacFormalActionCount":0,"PercentBelowLowincome3mile":29.9,"PercentPeopleOfColor":29.5,"AcsPopulationDensity":4293.75}},{"type":"Feature","geometry":{"type":"Point","coordinates":[-111.885827,40.769352]},"properties":{"FacName":"D & M TIRE DBA ZCMI AUTO","FacStreet":"178 EAST SOUTH TEMPLE","FacCity":"SALT LAKE CITY","FacState":"UT","RegistryID":"110005209942","FacSNCFlg":"N","FacQtrsWithNC":0,"FacInspectionCount":0,"FacFormalActionCount":0,"PercentBelowLowincome3mile":28.89,"PercentPeopleOfColor":30.79,"AcsPopulationDensity":4795.81}},{"type":"Feature","geometry":{"type":"Point","coordinates":[-111.90848,40.75413]},"properties":{"FacName":"D&S FABRICATION & MACHINE","FacStreet":"619 WEST 700 SOUTH","FacCity":"SALT LAKE CITY","FacState":"UT","RegistryID":"110030923400","FacSNCFlg":"N","FacQtrsWithNC":0,"FacInspectionCount":0,"FacFormalActionCount":0,"PercentBelowLowincome3mile":28.47,"PercentPeopleOfColor":30.95,"AcsPopulationDensity":4757.87}},{"type":"Feature","geometry":{"type":"Point","coordinates":[-111.941995,40.732541]},"properties":{"FacName":"DADI BATHWARE","FacStreet":"1811 W 1700 S","FacCity":"SALT LAKE CITY","FacState":"UT","RegistryID":"110071395724","FacSNCFlg":"N","FacQtrsWithNC":null,"FacInspectionCount":0,"FacFormalActionCount":0,"PercentBelowLowincome3mile":25.88,"PercentPeopleOfColor":36.59,"AcsPopulationDensity":2338.51}},{"type":"Feature","geometry":{"type":"Point","coordinates":[-111.90548,40.69437]},"properties":{"FacName":"DAILY'S PREMIUM MEATS","FacStreet":"3535 S. 500 WEST","FacCity":"SALT LAKE CITY","FacState":"UT","RegistryID":"110057758537","FacSNCFlg":"N","FacQtrsWithNC":0,"FacInspectionCount":0,"FacFormalActionCount":0,"PercentBelowLowincome3mile":23.35,"PercentPeopleOfColor":35.48,"AcsPopulationDensity":5129.77}},{"type":"Feature","geometry":{"type":"Point","coordinates":[-111.96773,40.74483]},"properties":{"FacName":"DAIRY FARMERS OF AMERICA, INC.","FacStreet":"1140 S 3200 W","FacCity":"SALT LAKE CITY","FacState":"UT","RegistryID":"110041904678","FacSNCFlg":"N","FacQtrsWithNC":0,"FacInspectionCount":1,"FacFormalActionCount":0,"PercentBelowLowincome3mile":27.14,"PercentPeopleOfColor":31.88,"AcsPopulationDensity":1306.71}},{"type":"Feature","geometry":{"type":"Point","coordinates":[-111.9988,40.7426]},"properties":{"FacName":"DAKOTA PACIFIC 1350","FacStreet":"1350 SOUTH 4400 WEST","FacCity":"SALT LAKE CITY","FacState":"UT","RegistryID":"110072003427","FacSNCFlg":"N","FacQtrsWithNC":0,"FacInspectionCount":0,"FacFormalActionCount":0,"PercentBelowLowincome3mile":30.34,"PercentPeopleOfColor":35.79,"AcsPopulationDensity":589.24}},{"type":"Feature","geometry":{"type":"Point","coordinates":[-111.99643,40.74802]},"properties":{"FacName":"DAKOTA PACIFIC 965","FacStreet":"965 SOUTH 4400 WEST","FacCity":"SALT LAKE CITY","FacState":"UT","RegistryID":"110072001841","FacSNCFlg":"N","FacQtrsWithNC":0,"FacInspectionCount":0,"FacFormalActionCount":0,"PercentBelowLowincome3mile":27.96,"PercentPeopleOfColor":32.98,"AcsPopulationDensity":270.06}},{"type":"Feature","geometry":{"type":"Point","coordinates":[-111.936,40.7509]},"properties":{"FacName":"DALRYMPLE INDIANA AVENUE","FacStreet":"1563 WEST INDIANA AVENUE","FacCity":"SALT LAKE CITY","FacState":"UT","RegistryID":"110071296573","FacSNCFlg":"N","FacQtrsWithNC":0,"FacInspectionCount":0,"FacFormalActionCount":0,"PercentBelowLowincome3mile":28.98,"PercentPeopleOfColor":27.46,"AcsPopulationDensity":2430.9}},{"type":"Feature","geometry":{"type":"Point","coordinates":[-111.92029,40.72987]},"properties":{"FacName":"DANIELS PAINTING INC.","FacStreet":"1020 COLMAR AVE","FacCity":"SALT LAKE CITY","FacState":"UT","RegistryID":"110020120135","FacSNCFlg":"N","FacQtrsWithNC":0,"FacInspectionCount":0,"FacFormalActionCount":0,"PercentBelowLowincome3mile":21.89,"PercentPeopleOfColor":28.91,"AcsPopulationDensity":3415.35}},{"type":"Feature","geometry":{"type":"Point","coordinates":[-111.9795,40.72776]},"properties":{"FacName":"DAS COMPANIES WAREHOUSE ADDITION","FacStreet":"3700 WEST 1987 SOUTH","FacCity":"SALT LAKE CITY","FacState":"UT","RegistryID":"110070706119","FacSNCFlg":"N","FacQtrsWithNC":0,"FacInspectionCount":0,"FacFormalActionCount":0,"PercentBelowLowincome3mile":28.59,"PercentPeopleOfColor":41.01,"AcsPopulationDensity":2181.28}},{"type":"Feature","geometry":{"type":"Point","coordinates":[-111.974939,40.758279]},"properties":{"FacName":"DATS TRUCKING INC,","FacStreet":"3330 WEST 500 SOUTH","FacCity":"SALT LAKE CITY","FacState":"UT","RegistryID":"110030925328","FacSNCFlg":"N","FacQtrsWithNC":0,"FacInspectionCount":0,"FacFormalActionCount":0,"PercentBelowLowincome3mile":26.91,"PercentPeopleOfColor":20.7,"AcsPopulationDensity":816.9}},{"type":"Feature","geometry":{"type":"Point","coordinates":[-111.88823,40.74642]},"properties":{"FacName":"DAVE STRONGS PORSCHE","FacStreet":"1045 SOUTH STATE STREET","FacCity":"SALT LAKE CITY","FacState":"UT","RegistryID":"110005197321","FacSNCFlg":"N","FacQtrsWithNC":0,"FacInspectionCount":0,"FacFormalActionCount":0,"PercentBelowLowincome3mile":27.06,"PercentPeopleOfColor":31.79,"AcsPopulationDensity":5447.72}},{"type":"Feature","geometry":{"type":"Point","coordinates":[-111.967735,40.747094]},"properties":{"FacName":"DAVID BROWN SANTASALO USA WEST","FacStreet":"998 S 3200 W","FacCity":"SALT LAKE CITY","FacState":"UT","RegistryID":"110071902856","FacSNCFlg":"N","FacQtrsWithNC":null,"FacInspectionCount":0,"FacFormalActionCount":0,"PercentBelowLowincome3mile":26.45,"PercentPeopleOfColor":29.55,"AcsPopulationDensity":1209.74}},{"type":"Feature","geometry":{"type":"Point","coordinates":[-111.84409,40.6841]},"properties":{"FacName":"DAVID EARLY NUMBER 11","FacStreet":"4031 S  HIGHLAND DR","FacCity":"SALT LAKE CITY","FacState":"UT","RegistryID":"110002283635","FacSNCFlg":"N","FacQtrsWithNC":0,"FacInspectionCount":0,"FacFormalActionCount":0,"PercentBelowLowincome3mile":23.38,"PercentPeopleOfColor":26.58,"AcsPopulationDensity":5448.7}},{"type":"Feature","geometry":{"type":"Point","coordinates":[-111.97213,40.73086]},"properties":{"FacName":"DAVOL SPECIALTY ACCESS PRODUCTS","FacStreet":"3385 WEST 1820 SOUTH","FacCity":"SALT LAKE CITY","FacState":"UT","RegistryID":"110009507710","FacSNCFlg":"N","FacQtrsWithNC":0,"FacInspectionCount":0,"FacFormalActionCount":0,"PercentBelowLowincome3mile":28.7,"PercentPeopleOfColor":39.67,"AcsPopulationDensity":1979.63}},{"type":"Feature","geometry":{"type":"Point","coordinates":[-111.91707,40.71308]},"properties":{"FacName":"DAW TECHNOLOGIES","FacStreet":"2700 SOUTH 900 WEST","FacCity":"SALT LAKE CITY","FacState":"UT","RegistryID":"110000469573","FacSNCFlg":"N","FacQtrsWithNC":0,"FacInspectionCount":0,"FacFormalActionCount":0,"PercentBelowLowincome3mile":22.85,"PercentPeopleOfColor":35.15,"AcsPopulationDensity":4067.52}},{"type":"Feature","geometry":{"type":"Point","coordinates":[-111.87134,40.70037]},"properties":{"FacName":"DBA RITE AID #06133","FacStreet":"3250 SOUTH 700 EAST","FacCity":"SALT LAKE CITY","FacState":"UT","RegistryID":"110070122965","FacSNCFlg":"N","FacQtrsWithNC":0,"FacInspectionCount":0,"FacFormalActionCount":0,"PercentBelowLowincome3mile":21.46,"PercentPeopleOfColor":26.32,"AcsPopulationDensity":5443.77}},{"type":"Feature","geometry":{"type":"Point","coordinates":[-111.91685,40.77304]},"properties":{"FacName":"DBA RITE AID #06137","FacStreet":"150 NORTH 900 WEST","FacCity":"SALT LAKE CITY","FacState":"UT","RegistryID":"110044832269","FacSNCFlg":"N","FacQtrsWithNC":0,"FacInspectionCount":0,"FacFormalActionCount":0,"PercentBelowLowincome3mile":30.19,"PercentPeopleOfColor":27.52,"AcsPopulationDensity":3592.34}},{"type":"Feature","geometry":{"type":"Point","coordinates":[-111.9741,40.758]},"properties":{"FacName":"DDM TRUCKING","FacStreet":"3493 WEST 500 SOUTH","FacCity":"SALT LAKE CITY","FacState":"UT","RegistryID":"110071728118","FacSNCFlg":"N","FacQtrsWithNC":0,"FacInspectionCount":0,"FacFormalActionCount":0,"PercentBelowLowincome3mile":26.91,"PercentPeopleOfColor":20.98,"AcsPopulationDensity":846.71}},{"type":"Feature","geometry":{"type":"Point","coordinates":[-111.95026,40.71948]},"properties":{"FacName":"DECKER BUSINESS CENTER","FacStreet":"2355 DECKER LAKE BLVD","FacCity":"SALT LAKE CITY","FacState":"UT","RegistryID":"110072067881","FacSNCFlg":"N","FacQtrsWithNC":0,"FacInspectionCount":0,"FacFormalActionCount":0,"PercentBelowLowincome3mile":23.87,"PercentPeopleOfColor":40.81,"AcsPopulationDensity":2894.01}},{"type":"Feature","geometry":{"type":"Point","coordinates":[-111.92035,40.73659]},"properties":{"FacName":"DEE RESIDENCE","FacStreet":"2383 S. CANNON POINT DR.","FacCity":"SALT LAKE CITY","FacState":"UT","RegistryID":"110072001371","FacSNCFlg":"N","FacQtrsWithNC":0,"FacInspectionCount":0,"FacFormalActionCount":0,"PercentBelowLowincome3mile":24.15,"PercentPeopleOfColor":28.66,"AcsPopulationDensity":3391.33}},{"type":"Feature","geometry":{"type":"Point","coordinates":[-112.01228,40.73814]},"properties":{"FacName":"DEL SOL LC","FacStreet":"1475 SOUTH 5070 WEST, SUITE D","FacCity":"SALT LAKE CITY","FacState":"UT","RegistryID":"110054870859","FacSNCFlg":"N","FacQtrsWithNC":0,"FacInspectionCount":0,"FacFormalActionCount":0,"PercentBelowLowincome3mile":27.47,"PercentPeopleOfColor":39.06,"AcsPopulationDensity":883.52}},{"type":"Feature","geometry":{"type":"Point","coordinates":[-111.980714,40.783553]},"properties":{"FacName":"DELTA AIRLINES","FacStreet":"776 N TERMINAL DRIVE","FacCity":"SALT LAKE CITY","FacState":"UT","RegistryID":"110071063864","FacSNCFlg":"N","FacQtrsWithNC":null,"FacInspectionCount":2,"FacFormalActionCount":0,"PercentBelowLowincome3mile":37.95,"PercentPeopleOfColor":20.69,"AcsPopulationDensity":660.43}},{"type":"Feature","geometry":{"type":"Point","coordinates":[-111.980717,40.783516]},"properties":{"FacName":"DELTA AIRLINES","FacStreet":"765 NORTH TERMINAL DRIVE","FacCity":"SALT LAKE CITY","FacState":"UT","RegistryID":"110001138402","FacSNCFlg":"N","FacQtrsWithNC":0,"FacInspectionCount":0,"FacFormalActionCount":0,"PercentBelowLowincome3mile":37.95,"PercentPeopleOfColor":20.69,"AcsPopulationDensity":660.78}},{"type":"Feature","geometry":{"type":"Point","coordinates":[-111.9014,40.7682]},"properties":{"FacName":"DELTA CENTER PHASE 2 AND PARKING STRUCTURE","FacStreet":"301 S TEMPLE","FacCity":"SALT LAKE CITY","FacState":"UT","RegistryID":"110071906143","FacSNCFlg":"N","FacQtrsWithNC":0,"FacInspectionCount":0,"FacFormalActionCount":0,"PercentBelowLowincome3mile":29.66,"PercentPeopleOfColor":30.11,"AcsPopulationDensity":4641.18}},{"type":"Feature","geometry":{"type":"Point","coordinates":[-112.0324,40.78132]},"properties":{"FacName":"DELUXE CORPORATION","FacStreet":"5820 W HAROLD GATTY DR","FacCity":"SALT LAKE CITY","FacState":"UT","RegistryID":"110057373015","FacSNCFlg":"N","FacQtrsWithNC":0,"FacInspectionCount":0,"FacFormalActionCount":0,"PercentBelowLowincome3mile":26.9,"PercentPeopleOfColor":13.92,"AcsPopulationDensity":75.15}},{"type":"Feature","geometry":{"type":"Point","coordinates":[-112.01468,40.76349]},"properties":{"FacName":"DEMATIC CORP. AUTOMATED STORAGE & RETRIEVAL MACHINE MFG.","FacStreet":"265 SOUTH 5200 WEST","FacCity":"SALT LAKE CITY","FacState":"UT","RegistryID":"110043748530","FacSNCFlg":"N","FacQtrsWithNC":0,"FacInspectionCount":0,"FacFormalActionCount":0,"PercentBelowLowincome3mile":32.25,"PercentPeopleOfColor":18.71,"AcsPopulationDensity":107.53}},{"type":"Feature","geometry":{"type":"Point","coordinates":[-111.826885,40.76128]},"properties":{"FacName":"DEMOLITION OF BIOFIRE BLDG & SITE IMPROVEMENTS","FacStreet":"390 S WAKARA WAY","FacCity":"SALT LAKE CITY","FacState":"UT","RegistryID":"110070703789","FacSNCFlg":"N","FacQtrsWithNC":0,"FacInspectionCount":0,"FacFormalActionCount":0,"PercentBelowLowincome3mile":26.09,"PercentPeopleOfColor":33,"AcsPopulationDensity":3483.07}},{"type":"Feature","geometry":{"type":"Point","coordinates":[-111.9079,40.7553]},"properties":{"FacName":"DENALI THERAPEUTICS","FacStreet":"639 S 600 W","FacCity":"SALT LAKE CITY","FacState":"UT","RegistryID":"110071308600","FacSNCFlg":"N","FacQtrsWithNC":0,"FacInspectionCount":0,"FacFormalActionCount":0,"PercentBelowLowincome3mile":28.54,"PercentPeopleOfColor":31.11,"AcsPopulationDensity":4800.15}},{"type":"Feature","geometry":{"type":"Point","coordinates":[-112.02938,40.77806]},"properties":{"FacName":"DENALI THERAPEUTICS","FacStreet":"5843 WEST AMELIA EARHART DRIVE, SUITE 7","FacCity":"SALT LAKE CITY","FacState":"UT","RegistryID":"110071842564","FacSNCFlg":"N","FacQtrsWithNC":0,"FacInspectionCount":0,"FacFormalActionCount":0,"PercentBelowLowincome3mile":28.14,"PercentPeopleOfColor":14.43,"AcsPopulationDensity":80.12}},{"type":"Feature","geometry":{"type":"Point","coordinates":[-111.967704,40.742829]},"properties":{"FacName":"DENT WIZARD INTERNATIONAL","FacStreet":"1235 S 3200 W","FacCity":"SALT LAKE CITY","FacState":"UT","RegistryID":"110071674392","FacSNCFlg":"N","FacQtrsWithNC":0,"FacInspectionCount":0,"FacFormalActionCount":0,"PercentBelowLowincome3mile":27.71,"PercentPeopleOfColor":33.86,"AcsPopulationDensity":1403.64}},{"type":"Feature","geometry":{"type":"Point","coordinates":[-111.911119,40.764057]},"properties":{"FacName":"DEPOT DISTRICT CLEAN FUELS TECH CENTER","FacStreet":"669 W. 200 S.","FacCity":"SALT LAKE CITY","FacState":"UT","RegistryID":"110071409252","FacSNCFlg":"N","FacQtrsWithNC":0,"FacInspectionCount":1,"FacFormalActionCount":0,"PercentBelowLowincome3mile":29.55,"PercentPeopleOfColor":29.47,"AcsPopulationDensity":4361.87}},{"type":"Feature","geometry":{"type":"Point","coordinates":[-111.92853,40.72083]},"properties":{"FacName":"DERMION INC.","FacStreet":"1290 WEST 2320 SOUTH SUITE D","FacCity":"SALT LAKE CITY","FacState":"UT","RegistryID":"110005202084","FacSNCFlg":"N","FacQtrsWithNC":0,"FacInspectionCount":0,"FacFormalActionCount":0,"PercentBelowLowincome3mile":24.21,"PercentPeopleOfColor":36.24,"AcsPopulationDensity":3439.48}},{"type":"Feature","geometry":{"type":"Point","coordinates":[-111.913746,40.75409]},"properties":{"FacName":"DESERET DAIRY PRODUCTS","FacStreet":"784 W 700 S","FacCity":"SALT LAKE CITY","FacState":"UT","RegistryID":"110061830210","FacSNCFlg":"N","FacQtrsWithNC":0,"FacInspectionCount":1,"FacFormalActionCount":0,"PercentBelowLowincome3mile":28.28,"PercentPeopleOfColor":28.94,"AcsPopulationDensity":4280.62}},{"type":"Feature","geometry":{"type":"Point","coordinates":[-111.94626,40.7363]},"properties":{"FacName":"DESERET TRANSPORTATION - DESERET TRANSPORTATION -","FacStreet":"1600 SOUTH WALLACE ROAD","FacCity":"SALT LAKE CITY","FacState":"UT","RegistryID":"110002283056","FacSNCFlg":"N","FacQtrsWithNC":0,"FacInspectionCount":0,"FacFormalActionCount":0,"PercentBelowLowincome3mile":26.39,"PercentPeopleOfColor":36.59,"AcsPopulationDensity":2069.02}},{"type":"Feature","geometry":{"type":"Point","coordinates":[-111.958048,40.74578]},"properties":{"FacName":"DETROIT DIESEL REMAN-WEST","FacStreet":"2494 DIRECTORS ROW","FacCity":"SALT LAKE CITY","FacState":"UT","RegistryID":"110002283190","FacSNCFlg":"N","FacQtrsWithNC":0,"FacInspectionCount":0,"FacFormalActionCount":0,"PercentBelowLowincome3mile":26.76,"PercentPeopleOfColor":32.03,"AcsPopulationDensity":1504.89}},{"type":"Feature","geometry":{"type":"Point","coordinates":[-111.9569,40.6776]},"properties":{"FacName":"DFCM TAYLORSVILLE 23-041","FacStreet":"4315 SOUTH 2700 WEST","FacCity":"SALT LAKE CITY","FacState":"UT","RegistryID":"110071538848","FacSNCFlg":"N","FacQtrsWithNC":0,"FacInspectionCount":0,"FacFormalActionCount":0,"PercentBelowLowincome3mile":22.52,"PercentPeopleOfColor":41.41,"AcsPopulationDensity":6134.76}},{"type":"Feature","geometry":{"type":"Point","coordinates":[-111.96955,40.73608]},"properties":{"FacName":"DFS GOURMET SPECIALTIES, INC.","FacStreet":"3195 W PROFESSIONAL CIRCLE","FacCity":"SALT LAKE CITY","FacState":"UT","RegistryID":"110071921357","FacSNCFlg":"N","FacQtrsWithNC":0,"FacInspectionCount":0,"FacFormalActionCount":0,"PercentBelowLowincome3mile":28.36,"PercentPeopleOfColor":38.18,"AcsPopulationDensity":1651.87}},{"type":"Feature","geometry":{"type":"Point","coordinates":[-111.89971,40.73771]},"properties":{"FacName":"DIAMOND ELECTRIC INCORPORATED","FacStreet":"1465 S 300 W","FacCity":"SALT LAKE CITY","FacState":"UT","RegistryID":"110002264709","FacSNCFlg":"N","FacQtrsWithNC":0,"FacInspectionCount":0,"FacFormalActionCount":0,"PercentBelowLowincome3mile":25.77,"PercentPeopleOfColor":29.85,"AcsPopulationDensity":4942.73}},{"type":"Feature","geometry":{"type":"Point","coordinates":[-111.89976,40.683136]},"properties":{"FacName":"DIAMOND MOLD, INC","FacStreet":"4065 S 300 W","FacCity":"SALT LAKE CITY","FacState":"UT","RegistryID":"110070825066","FacSNCFlg":"N","FacQtrsWithNC":0,"FacInspectionCount":0,"FacFormalActionCount":0,"PercentBelowLowincome3mile":23.09,"PercentPeopleOfColor":34.47,"AcsPopulationDensity":5289.17}},{"type":"Feature","geometry":{"type":"Point","coordinates":[-111.94622,40.77143]},"properties":{"FacName":"DIAMOND PARKING","FacStreet":"1925 W. NORTH TEMPLE","FacCity":"SALT LAKE CITY","FacState":"UT","RegistryID":"110042383211","FacSNCFlg":"N","FacQtrsWithNC":0,"FacInspectionCount":0,"FacFormalActionCount":0,"PercentBelowLowincome3mile":31.36,"PercentPeopleOfColor":23.42,"AcsPopulationDensity":1824.56}},{"type":"Feature","geometry":{"type":"Point","coordinates":[-111.92173,40.711158]},"properties":{"FacName":"DIAMOND POWER SPECIALTY COMPANY","FacStreet":"2830 SOUTH 1030 WEST","FacCity":"SALT LAKE CITY","FacState":"UT","RegistryID":"110054870537","FacSNCFlg":"N","FacQtrsWithNC":0,"FacInspectionCount":0,"FacFormalActionCount":0,"PercentBelowLowincome3mile":23.37,"PercentPeopleOfColor":37.49,"AcsPopulationDensity":4151.92}},{"type":"Feature","geometry":{"type":"Point","coordinates":[-111.905465,40.674195]},"properties":{"FacName":"DIAMOND RENTAL","FacStreet":"4518 SOUTH 500 WEST","FacCity":"SALT LAKE CITY","FacState":"UT","RegistryID":"110070712817","FacSNCFlg":"N","FacQtrsWithNC":0,"FacInspectionCount":0,"FacFormalActionCount":0,"PercentBelowLowincome3mile":22.87,"PercentPeopleOfColor":36.26,"AcsPopulationDensity":5123.15}},{"type":"Feature","geometry":{"type":"Point","coordinates":[-111.90546,40.67829]},"properties":{"FacName":"DIESEL SERVICE & SALES COMPANY","FacStreet":"4235 S 500 W","FacCity":"SALT LAKE CITY","FacState":"UT","RegistryID":"110002283564","FacSNCFlg":"N","FacQtrsWithNC":0,"FacInspectionCount":0,"FacFormalActionCount":0,"PercentBelowLowincome3mile":23.22,"PercentPeopleOfColor":36.41,"AcsPopulationDensity":5149.9}},{"type":"Feature","geometry":{"type":"Point","coordinates":[-111.871208,40.729604]},"properties":{"FacName":"DIRKS FINE DRY CLEANERS","FacStreet":"1871 SOUTH 700 EAST","FacCity":"SALT LAKE CITY","FacState":"UT","RegistryID":"110005196527","FacSNCFlg":"N","FacQtrsWithNC":0,"FacInspectionCount":0,"FacFormalActionCount":0,"PercentBelowLowincome3mile":22.78,"PercentPeopleOfColor":28.38,"AcsPopulationDensity":5823.46}},{"type":"Feature","geometry":{"type":"Point","coordinates":[-112.033186,40.781312]},"properties":{"FacName":"DISCGENICS","FacStreet":"5940 HAROLD GATTY DRIVE","FacCity":"SALT LAKE CITY","FacState":"UT","RegistryID":"110071927937","FacSNCFlg":"N","FacQtrsWithNC":0,"FacInspectionCount":0,"FacFormalActionCount":0,"PercentBelowLowincome3mile":26.8,"PercentPeopleOfColor":13.98,"AcsPopulationDensity":74.5}},{"type":"Feature","geometry":{"type":"Point","coordinates":[-111.92072,40.76388]},"properties":{"FacName":"DISCHARGE BIOTOWER","FacStreet":"1020 WEST PIERPONT AVENUE","FacCity":"SALT LAKE CITY","FacState":"UT","RegistryID":"110072103471","FacSNCFlg":"N","FacQtrsWithNC":0,"FacInspectionCount":0,"FacFormalActionCount":0,"PercentBelowLowincome3mile":29.26,"PercentPeopleOfColor":26.22,"AcsPopulationDensity":3541.27}},{"type":"Feature","geometry":{"type":"Point","coordinates":[-111.86461,40.66364]},"properties":{"FacName":"DNA LABS INTERNATIONAL","FacStreet":"4885 SOUTH 900 EAST SUITE 300","FacCity":"SALT LAKE CITY","FacState":"UT","RegistryID":"110072067885","FacSNCFlg":"N","FacQtrsWithNC":0,"FacInspectionCount":0,"FacFormalActionCount":0,"PercentBelowLowincome3mile":23.54,"PercentPeopleOfColor":26.85,"AcsPopulationDensity":5319.14}},{"type":"Feature","geometry":{"type":"Point","coordinates":[-111.8949,40.7613]},"properties":{"FacName":"DOMAIN WEST TEMPLE","FacStreet":"370 SOUTH WEST TEMPLE","FacCity":"SALT LAKE CITY","FacState":"UT","RegistryID":"110071866633","FacSNCFlg":"N","FacQtrsWithNC":0,"FacInspectionCount":0,"FacFormalActionCount":0,"PercentBelowLowincome3mile":28.49,"PercentPeopleOfColor":30.8,"AcsPopulationDensity":5050.51}},{"type":"Feature","geometry":{"type":"Point","coordinates":[-111.9995,40.758]},"properties":{"FacName":"DOMINGUEZ BESS","FacStreet":"4803 W 150 S","FacCity":"SALT LAKE CITY","FacState":"UT","RegistryID":"110071895062","FacSNCFlg":"N","FacQtrsWithNC":0,"FacInspectionCount":1,"FacFormalActionCount":0,"PercentBelowLowincome3mile":33.25,"PercentPeopleOfColor":23.37,"AcsPopulationDensity":147.72}},{"type":"Feature","geometry":{"type":"Point","coordinates":[-111.968,40.7584]},"properties":{"FacName":"DOPPELMAYR USA HEADQUARTERS","FacStreet":"3160 WEST 500 SOUTH","FacCity":"SALT LAKE CITY","FacState":"UT","RegistryID":"110022449117","FacSNCFlg":"N","FacQtrsWithNC":0,"FacInspectionCount":2,"FacFormalActionCount":0,"PercentBelowLowincome3mile":28.06,"PercentPeopleOfColor":22.31,"AcsPopulationDensity":1101.86}},{"type":"Feature","geometry":{"type":"Point","coordinates":[-111.968,40.7584]},"properties":{"FacName":"DOPPELMAYR USA, INC","FacStreet":"3160 W 500 S","FacCity":"SALT LAKE CITY","FacState":"UT","RegistryID":"110070316052","FacSNCFlg":"N","FacQtrsWithNC":1,"FacInspectionCount":0,"FacFormalActionCount":0,"PercentBelowLowincome3mile":28.06,"PercentPeopleOfColor":22.31,"AcsPopulationDensity":1101.86}},{"type":"Feature","geometry":{"type":"Point","coordinates":[-111.98611,40.7392]},"properties":{"FacName":"DOUBLE D TRUCKING","FacStreet":"APPROX 1500 SOUTH DISTRIBUTION DRIVE","FacCity":"SALT LAKE CITY","FacState":"UT","RegistryID":"110070709122","FacSNCFlg":"N","FacQtrsWithNC":0,"FacInspectionCount":0,"FacFormalActionCount":0,"PercentBelowLowincome3mile":31.51,"PercentPeopleOfColor":39.02,"AcsPopulationDensity":1136.58}},{"type":"Feature","geometry":{"type":"Point","coordinates":[-111.89967,40.74297]},"properties":{"FacName":"DOYLES BODY AND PAINT LLC.","FacStreet":"1191 SOUTH 300 WEST","FacCity":"SALT LAKE CITY","FacState":"UT","RegistryID":"110005211369","FacSNCFlg":"N","FacQtrsWithNC":0,"FacInspectionCount":0,"FacFormalActionCount":0,"PercentBelowLowincome3mile":27.28,"PercentPeopleOfColor":32.11,"AcsPopulationDensity":5099.22}},{"type":"Feature","geometry":{"type":"Point","coordinates":[-111.82552,40.669604]},"properties":{"FacName":"DR. CLEAN","FacStreet":"4643 HOLLADAY BLVD.","FacCity":"SALT LAKE CITY","FacState":"UT","RegistryID":"110005206614","FacSNCFlg":"N","FacQtrsWithNC":0,"FacInspectionCount":0,"FacFormalActionCount":0,"PercentBelowLowincome3mile":25.45,"PercentPeopleOfColor":26.9,"AcsPopulationDensity":4377.2}},{"type":"Feature","geometry":{"type":"Point","coordinates":[-111.90393,40.70305]},"properties":{"FacName":"DRAGONFLY PROCESSING","FacStreet":"3140 SOUTH DAVIS DRIVE","FacCity":"SALT LAKE CITY","FacState":"UT","RegistryID":"110071063351","FacSNCFlg":"N","FacQtrsWithNC":0,"FacInspectionCount":0,"FacFormalActionCount":0,"PercentBelowLowincome3mile":23.7,"PercentPeopleOfColor":34.47,"AcsPopulationDensity":4875.16}},{"type":"Feature","geometry":{"type":"Point","coordinates":[-111.98326,40.75649]},"properties":{"FacName":"DREDGE SHOP","FacStreet":"610 SOUTH IRON ROSE PLACE","FacCity":"SALT LAKE CITY","FacState":"UT","RegistryID":"110070705319","FacSNCFlg":"N","FacQtrsWithNC":0,"FacInspectionCount":0,"FacFormalActionCount":0,"PercentBelowLowincome3mile":26.52,"PercentPeopleOfColor":21.16,"AcsPopulationDensity":560.87}},{"type":"Feature","geometry":{"type":"Point","coordinates":[-111.86667,40.72542]},"properties":{"FacName":"DREYER'S ICE CREAM (1)","FacStreet":"850 EAST 2100 SOUTH","FacCity":"SALT LAKE CITY","FacState":"UT","RegistryID":"110012370237","FacSNCFlg":"N","FacQtrsWithNC":0,"FacInspectionCount":0,"FacFormalActionCount":0,"PercentBelowLowincome3mile":21.53,"PercentPeopleOfColor":26.51,"AcsPopulationDensity":5785.48}},{"type":"Feature","geometry":{"type":"Point","coordinates":[-112.0134,40.7747]},"properties":{"FacName":"DUAL HOTELS","FacStreet":"263 NORTH CHARLES LINDBURGH DRIVE","FacCity":"SALT LAKE CITY","FacState":"UT","RegistryID":"110071816884","FacSNCFlg":"N","FacQtrsWithNC":0,"FacInspectionCount":0,"FacFormalActionCount":0,"PercentBelowLowincome3mile":30.98,"PercentPeopleOfColor":14.68,"AcsPopulationDensity":95.28}},{"type":"Feature","geometry":{"type":"Point","coordinates":[-111.932,40.74409]},"properties":{"FacName":"DUAL IMMERSION ACADEMY","FacStreet":"1155 SOUTH GLENDALE DRIVE","FacCity":"SALT LAKE CITY","FacState":"UT","RegistryID":"110071943326","FacSNCFlg":"N","FacQtrsWithNC":0,"FacInspectionCount":0,"FacFormalActionCount":0,"PercentBelowLowincome3mile":26.8,"PercentPeopleOfColor":29.14,"AcsPopulationDensity":2607.33}},{"type":"Feature","geometry":{"type":"Point","coordinates":[-111.8997,40.71707]},"properties":{"FacName":"DUBOIS CHEMICAL","FacStreet":"2507 SOUTH 300 WEST","FacCity":"SALT LAKE CITY","FacState":"UT","RegistryID":"110005209363","FacSNCFlg":"N","FacQtrsWithNC":0,"FacInspectionCount":0,"FacFormalActionCount":0,"PercentBelowLowincome3mile":21.82,"PercentPeopleOfColor":29.58,"AcsPopulationDensity":4292.27}},{"type":"Feature","geometry":{"type":"Point","coordinates":[-111.952673,40.752216]},"properties":{"FacName":"DUBOIS CHEMICALS SALT LAKE CITY","FacStreet":"2320 W INDIANA AVENUE","FacCity":"SALT LAKE CITY","FacState":"UT","RegistryID":"110071515309","FacSNCFlg":"N","FacQtrsWithNC":0,"FacInspectionCount":1,"FacFormalActionCount":0,"PercentBelowLowincome3mile":29.31,"PercentPeopleOfColor":28.82,"AcsPopulationDensity":1671.99}},{"type":"Feature","geometry":{"type":"Point","coordinates":[-111.970701,40.842219]},"properties":{"FacName":"DUCK CLUB REMEDIATION PROJECT","FacStreet":"3463 NORTH 3200 WEST","FacCity":"SALT LAKE CITY","FacState":"UT","RegistryID":"110070833419","FacSNCFlg":"N","FacQtrsWithNC":0,"FacInspectionCount":0,"FacFormalActionCount":0,"PercentBelowLowincome3mile":35.24,"PercentPeopleOfColor":17.07,"AcsPopulationDensity":342.61}},{"type":"Feature","geometry":{"type":"Point","coordinates":[-111.892483,40.77154]},"properties":{"FacName":"DUGWAY WARD-IRON\/MANGANESE REMOVAL","FacStreet":"50 E NORTH TEMPLE ST","FacCity":"SALT LAKE CITY","FacState":"UT","RegistryID":"110049712655","FacSNCFlg":"N","FacQtrsWithNC":0,"FacInspectionCount":0,"FacFormalActionCount":0,"PercentBelowLowincome3mile":29.72,"PercentPeopleOfColor":30.62,"AcsPopulationDensity":4658.1}},{"type":"Feature","geometry":{"type":"Point","coordinates":[-111.81767,40.68134]},"properties":{"FacName":"DUMKE RESIDENCE","FacStreet":"2590 E. CECIL DR","FacCity":"SALT LAKE CITY","FacState":"UT","RegistryID":"110072131134","FacSNCFlg":"N","FacQtrsWithNC":0,"FacInspectionCount":0,"FacFormalActionCount":0,"PercentBelowLowincome3mile":22.13,"PercentPeopleOfColor":24.42,"AcsPopulationDensity":3971.59}},{"type":"Feature","geometry":{"type":"Point","coordinates":[-111.97446,40.65053]},"properties":{"FacName":"DURA CRETE INCORPORATED","FacStreet":"1475 W 3500 S","FacCity":"SALT LAKE CITY","FacState":"UT","RegistryID":"110002283136","FacSNCFlg":"N","FacQtrsWithNC":0,"FacInspectionCount":2,"FacFormalActionCount":0,"PercentBelowLowincome3mile":20.21,"PercentPeopleOfColor":38.38,"AcsPopulationDensity":6749.97}},{"type":"Feature","geometry":{"type":"Point","coordinates":[-112.072099,40.782456]},"properties":{"FacName":"DURA-LINE INC.","FacStreet":"7591 WEST 700 NORTH","FacCity":"SALT LAKE CITY","FacState":"UT","RegistryID":"110071672001","FacSNCFlg":"N","FacQtrsWithNC":0,"FacInspectionCount":1,"FacFormalActionCount":0,"PercentBelowLowincome3mile":13.48,"PercentPeopleOfColor":15.84,"AcsPopulationDensity":43.29}},{"type":"Feature","geometry":{"type":"Point","coordinates":[-111.95481,40.7279]},"properties":{"FacName":"DYAD LABORATORIES","FacStreet":"1945 S FREMONT DR","FacCity":"SALT LAKE CITY","FacState":"UT","RegistryID":"110070435255","FacSNCFlg":"N","FacQtrsWithNC":0,"FacInspectionCount":0,"FacFormalActionCount":0,"PercentBelowLowincome3mile":25.59,"PercentPeopleOfColor":39.66,"AcsPopulationDensity":2378.07}},{"type":"Feature","geometry":{"type":"Point","coordinates":[-111.965544,40.740498]},"properties":{"FacName":"E.T. TECHNOLOGIES INC.","FacStreet":"3110 WEST CALIFORNIA AVE. STE D","FacCity":"SALT LAKE CITY","FacState":"UT","RegistryID":"110032662170","FacSNCFlg":"N","FacQtrsWithNC":3,"FacInspectionCount":3,"FacFormalActionCount":0,"PercentBelowLowincome3mile":27.67,"PercentPeopleOfColor":35.44,"AcsPopulationDensity":1558.51}},{"type":"Feature","geometry":{"type":"Point","coordinates":[-111.892483,40.77154]},"properties":{"FacName":"EARLEY PARK-EARLY PARK CHLORINATOR","FacStreet":"50 E NORTH TEMPLE ST","FacCity":"SALT LAKE CITY","FacState":"UT","RegistryID":"110052926973","FacSNCFlg":"N","FacQtrsWithNC":1,"FacInspectionCount":0,"FacFormalActionCount":0,"PercentBelowLowincome3mile":29.72,"PercentPeopleOfColor":30.62,"AcsPopulationDensity":4658.1}},{"type":"Feature","geometry":{"type":"Point","coordinates":[-111.850618,40.750816]},"properties":{"FacName":"EAST HIGH SCHOOL PARKING LOT","FacStreet":"1422 EAST SUNNYSIDE AVE.","FacCity":"SALT LAKE CITY","FacState":"UT","RegistryID":"110070710809","FacSNCFlg":"N","FacQtrsWithNC":0,"FacInspectionCount":0,"FacFormalActionCount":0,"PercentBelowLowincome3mile":25.66,"PercentPeopleOfColor":31.41,"AcsPopulationDensity":5209.9}},{"type":"Feature","geometry":{"type":"Point","coordinates":[-111.94335,40.72589]},"properties":{"FacName":"ECHELON BIOSCIENCES INC.","FacStreet":"1865 W 2100 S","FacCity":"SALT LAKE CITY","FacState":"UT","RegistryID":"110072069821","FacSNCFlg":"N","FacQtrsWithNC":0,"FacInspectionCount":0,"FacFormalActionCount":0,"PercentBelowLowincome3mile":25.76,"PercentPeopleOfColor":38.26,"AcsPopulationDensity":2614.45}},{"type":"Feature","geometry":{"type":"Point","coordinates":[-111.983224,40.720846]},"properties":{"FacName":"EDGECONNEX HOLDINGS LLC","FacStreet":"2302 S PRESIDENTS DRIVE","FacCity":"SALT LAKE CITY","FacState":"UT","RegistryID":"110070913455","FacSNCFlg":"N","FacQtrsWithNC":0,"FacInspectionCount":0,"FacFormalActionCount":0,"PercentBelowLowincome3mile":27.8,"PercentPeopleOfColor":42.57,"AcsPopulationDensity":2694.28}},{"type":"Feature","geometry":{"type":"Point","coordinates":[-111.8855,40.7638]},"properties":{"FacName":"EDISON","FacStreet":"250 S 200 E","FacCity":"SALT LAKE CITY","FacState":"UT","RegistryID":"110071817025","FacSNCFlg":"N","FacQtrsWithNC":1,"FacInspectionCount":0,"FacFormalActionCount":0,"PercentBelowLowincome3mile":28.13,"PercentPeopleOfColor":30.95,"AcsPopulationDensity":5065.12}},{"type":"Feature","geometry":{"type":"Point","coordinates":[-111.8997,40.71347]},"properties":{"FacName":"EDO CORP WESTERN DIVISION","FacStreet":"2645 SOUTH 300 WEST","FacCity":"SOUTH SALT LAKE","FacState":"UT","RegistryID":"110000469476","FacSNCFlg":"N","FacQtrsWithNC":2,"FacInspectionCount":2,"FacFormalActionCount":0,"PercentBelowLowincome3mile":22.19,"PercentPeopleOfColor":30.94,"AcsPopulationDensity":4398.74}},{"type":"Feature","geometry":{"type":"Point","coordinates":[-111.8997,40.71342]},"properties":{"FacName":"EDO CORP WESTERN DIVISION","FacStreet":"2645 SOUTH 300 WEST","FacCity":"SALT LAKE CITY","FacState":"UT","RegistryID":"110070745976","FacSNCFlg":"N","FacQtrsWithNC":0,"FacInspectionCount":0,"FacFormalActionCount":0,"PercentBelowLowincome3mile":22.2,"PercentPeopleOfColor":30.97,"AcsPopulationDensity":4400.73}},{"type":"Feature","geometry":{"type":"Point","coordinates":[-111.90707,40.75616]},"properties":{"FacName":"EIMCO JARVIS CLARK","FacStreet":"537 WEST 600 SOUTH","FacCity":"SALT LAKE CITY","FacState":"UT","RegistryID":"110005196171","FacSNCFlg":"N","FacQtrsWithNC":0,"FacInspectionCount":0,"FacFormalActionCount":0,"PercentBelowLowincome3mile":28.54,"PercentPeopleOfColor":31.16,"AcsPopulationDensity":4839.5}},{"type":"Feature","geometry":{"type":"Point","coordinates":[-111.9404,40.73779]},"properties":{"FacName":"EMERALD SERVICES INC.","FacStreet":"1725 WEST 1500 SOUTH","FacCity":"SALT LAKE CITY","FacState":"UT","RegistryID":"110014363857","FacSNCFlg":"N","FacQtrsWithNC":0,"FacInspectionCount":0,"FacFormalActionCount":0,"PercentBelowLowincome3mile":25.11,"PercentPeopleOfColor":33.86,"AcsPopulationDensity":2206.95}},{"type":"Feature","geometry":{"type":"Point","coordinates":[-111.91352,40.71752]},"properties":{"FacName":"EMERALD SERVICES, INC.","FacStreet":"2450 SOUTH 800 WEST","FacCity":"SALT LAKE CITY","FacState":"UT","RegistryID":"110018905979","FacSNCFlg":"N","FacQtrsWithNC":0,"FacInspectionCount":0,"FacFormalActionCount":0,"PercentBelowLowincome3mile":22.57,"PercentPeopleOfColor":32.7,"AcsPopulationDensity":3821.22}},{"type":"Feature","geometry":{"type":"Point","coordinates":[-111.912845,40.791177]},"properties":{"FacName":"EMERALD SERVICES, INC.","FacStreet":"1000 NORTH WARM SPRINGS RD","FacCity":"SALT LAKE CITY","FacState":"UT","RegistryID":"110015321891","FacSNCFlg":"N","FacQtrsWithNC":0,"FacInspectionCount":0,"FacFormalActionCount":0,"PercentBelowLowincome3mile":33.52,"PercentPeopleOfColor":29.14,"AcsPopulationDensity":2777.84}},{"type":"Feature","geometry":{"type":"Point","coordinates":[-111.8729,40.67998]},"properties":{"FacName":"EMERALD SERVICES, INC.","FacStreet":"500 SOUTH 650 WEST","FacCity":"SALT LAKE CITY","FacState":"UT","RegistryID":"110017286499","FacSNCFlg":"N","FacQtrsWithNC":0,"FacInspectionCount":4,"FacFormalActionCount":0,"PercentBelowLowincome3mile":22.92,"PercentPeopleOfColor":27.94,"AcsPopulationDensity":5471.07}},{"type":"Feature","geometry":{"type":"Point","coordinates":[-111.84,40.758]},"properties":{"FacName":"EMERGENCY DEPARTMENT EXPANSION","FacStreet":"500 FOOTHILL DRIVE","FacCity":"SALT LAKE CITY","FacState":"UT","RegistryID":"110071321397","FacSNCFlg":"N","FacQtrsWithNC":0,"FacInspectionCount":0,"FacFormalActionCount":0,"PercentBelowLowincome3mile":26.42,"PercentPeopleOfColor":32.27,"AcsPopulationDensity":4348.41}},{"type":"Feature","geometry":{"type":"Point","coordinates":[-111.89973,40.728]},"properties":{"FacName":"EMPIRE BODY & PAINT","FacStreet":"1940 S 300 W","FacCity":"SALT LAKE CITY","FacState":"UT","RegistryID":"110002264317","FacSNCFlg":"N","FacQtrsWithNC":0,"FacInspectionCount":0,"FacFormalActionCount":0,"PercentBelowLowincome3mile":21.87,"PercentPeopleOfColor":27.03,"AcsPopulationDensity":4505.5}},{"type":"Feature","geometry":{"type":"Point","coordinates":[-111.90587,40.75414]},"properties":{"FacName":"ENERGY MANAGEMENT CORP","FacStreet":"501 W 700 S","FacCity":"SALT LAKE CITY","FacState":"UT","RegistryID":"110054108103","FacSNCFlg":"N","FacQtrsWithNC":0,"FacInspectionCount":1,"FacFormalActionCount":0,"PercentBelowLowincome3mile":28.53,"PercentPeopleOfColor":31.46,"AcsPopulationDensity":4910.78}},{"type":"Feature","geometry":{"type":"Point","coordinates":[-111.89973,40.70663]},"properties":{"FacName":"ENGINEERING TECHNOLOGY CORPORATION (FORMERLY ENTEC)","FacStreet":"2975 SOUTH 300 WEST","FacCity":"SALT LAKE CITY","FacState":"UT","RegistryID":"110045429069","FacSNCFlg":"N","FacQtrsWithNC":0,"FacInspectionCount":0,"FacFormalActionCount":0,"PercentBelowLowincome3mile":23.4,"PercentPeopleOfColor":33.12,"AcsPopulationDensity":4775.65}},{"type":"Feature","geometry":{"type":"Point","coordinates":[-111.96591,40.74578]},"properties":{"FacName":"ENVIROSRVE ES-SALT LAKE CITY","FacStreet":"3121 DIRECTORS ROW","FacCity":"SALT LAKE CITY","FacState":"UT","RegistryID":"110072069278","FacSNCFlg":"N","FacQtrsWithNC":0,"FacInspectionCount":0,"FacFormalActionCount":0,"PercentBelowLowincome3mile":26.67,"PercentPeopleOfColor":31.21,"AcsPopulationDensity":1306.24}},{"type":"Feature","geometry":{"type":"Point","coordinates":[-111.92153,40.771425]},"properties":{"FacName":"ENVIROTECH MOLDED PRODUCTS, INC.","FacStreet":"1075 WEST NORTH TEMPLE","FacCity":"SALT LAKE CITY","FacState":"UT","RegistryID":"110006453480","FacSNCFlg":"N","FacQtrsWithNC":0,"FacInspectionCount":0,"FacFormalActionCount":0,"PercentBelowLowincome3mile":30.17,"PercentPeopleOfColor":26.53,"AcsPopulationDensity":3320.35}},{"type":"Feature","geometry":{"type":"Point","coordinates":[-111.88823,40.751169]},"properties":{"FacName":"EPIC BREWING COMPANY, LLC","FacStreet":"825 SOUTH STATE STREET","FacCity":"SALT LAKE CITY","FacState":"UT","RegistryID":"110071918732","FacSNCFlg":"N","FacQtrsWithNC":0,"FacInspectionCount":0,"FacFormalActionCount":0,"PercentBelowLowincome3mile":27.74,"PercentPeopleOfColor":31.57,"AcsPopulationDensity":5427.62}},{"type":"Feature","geometry":{"type":"Point","coordinates":[-111.89971,40.71627]},"properties":{"FacName":"ESCO SERVICES INC.","FacStreet":"2525 SOUTH 300 WEST","FacCity":"SALT LAKE CITY","FacState":"UT","RegistryID":"110039141880","FacSNCFlg":"N","FacQtrsWithNC":0,"FacInspectionCount":0,"FacFormalActionCount":0,"PercentBelowLowincome3mile":21.87,"PercentPeopleOfColor":29.83,"AcsPopulationDensity":4319.59}},{"type":"Feature","geometry":{"type":"Point","coordinates":[-112.001049,40.732503]},"properties":{"FacName":"ESSENDANT SALT LAKE CITY","FacStreet":"4625 WEST 1730 SOUTH STREET","FacCity":"SALT LAKE CITY","FacState":"UT","RegistryID":"110071674381","FacSNCFlg":"N","FacQtrsWithNC":0,"FacInspectionCount":0,"FacFormalActionCount":0,"PercentBelowLowincome3mile":29.16,"PercentPeopleOfColor":42.11,"AcsPopulationDensity":1535.15}},{"type":"Feature","geometry":{"type":"Point","coordinates":[-111.96772,40.74197]},"properties":{"FacName":"ESTES EXPRESS #225 SLC","FacStreet":"1234 SOUTH 3200 WEST","FacCity":"SALT LAKE CITY","FacState":"UT","RegistryID":"110005202128","FacSNCFlg":"Y","FacQtrsWithNC":8,"FacInspectionCount":2,"FacFormalActionCount":0,"PercentBelowLowincome3mile":27.84,"PercentPeopleOfColor":34.66,"AcsPopulationDensity":1442.84}},{"type":"Feature","geometry":{"type":"Point","coordinates":[-111.906451,40.715848]},"properties":{"FacName":"EUROPEAN MARBLE AND GRANITE","FacStreet":"2575 SOUTH 600 WEST","FacCity":"SALT LAKE CITY","FacState":"UT","RegistryID":"110071672343","FacSNCFlg":"N","FacQtrsWithNC":0,"FacInspectionCount":2,"FacFormalActionCount":0,"PercentBelowLowincome3mile":21.93,"PercentPeopleOfColor":32.08,"AcsPopulationDensity":4115.6}},{"type":"Feature","geometry":{"type":"Point","coordinates":[-111.89327,40.78259]},"properties":{"FacName":"EVO HOMES","FacStreet":"610 NORTH WEST CAPITOL STREET","FacCity":"SALT LAKE CITY","FacState":"UT","RegistryID":"110070831588","FacSNCFlg":"N","FacQtrsWithNC":0,"FacInspectionCount":0,"FacFormalActionCount":0,"PercentBelowLowincome3mile":32.76,"PercentPeopleOfColor":32.58,"AcsPopulationDensity":4103.38}},{"type":"Feature","geometry":{"type":"Point","coordinates":[-112.02174,40.765813]},"properties":{"FacName":"EXETER 150 SOUTH INDUSTRIAL PARK BUILDING 1","FacStreet":"5454 WEST 150 SOUTH STREET","FacCity":"SALT LAKE CITY","FacState":"UT","RegistryID":"110070703927","FacSNCFlg":"N","FacQtrsWithNC":0,"FacInspectionCount":0,"FacFormalActionCount":0,"PercentBelowLowincome3mile":31.22,"PercentPeopleOfColor":18.11,"AcsPopulationDensity":99.09}},{"type":"Feature","geometry":{"type":"Point","coordinates":[-112.0169,40.7675]},"properties":{"FacName":"EXETER 150 SOUTH INDUSTRIAL PARK BUILDING 2","FacStreet":"5252 WEST 150 SOUTH STREET","FacCity":"SALT LAKE CITY","FacState":"UT","RegistryID":"110070708507","FacSNCFlg":"N","FacQtrsWithNC":0,"FacInspectionCount":0,"FacFormalActionCount":0,"PercentBelowLowincome3mile":31.76,"PercentPeopleOfColor":16.58,"AcsPopulationDensity":99.52}},{"type":"Feature","geometry":{"type":"Point","coordinates":[-112.02503,40.76581]},"properties":{"FacName":"EXETER 150 SOUTH INDUSTRIAL PARK ROADWAY IMPROVEMENTS","FacStreet":"150 SOUTH 5600 W STREET","FacCity":"SALT LAKE CITY","FacState":"UT","RegistryID":"110070708684","FacSNCFlg":"N","FacQtrsWithNC":0,"FacInspectionCount":0,"FacFormalActionCount":0,"PercentBelowLowincome3mile":30.67,"PercentPeopleOfColor":18.52,"AcsPopulationDensity":96.94}},{"type":"Feature","geometry":{"type":"Point","coordinates":[-111.89396,40.73377]},"properties":{"FacName":"EXPRESS CLEANERS LLC (PREV. OHM)","FacStreet":"1689 SOUTH WEST TEMPLE","FacCity":"SALT LAKE CITY","FacState":"UT","RegistryID":"110005196769","FacSNCFlg":"N","FacQtrsWithNC":0,"FacInspectionCount":0,"FacFormalActionCount":0,"PercentBelowLowincome3mile":24.76,"PercentPeopleOfColor":29.46,"AcsPopulationDensity":5162.12}},{"type":"Feature","geometry":{"type":"Point","coordinates":[-111.91686,40.73318]},"properties":{"FacName":"EXPRESS STOP AKA SMOKE LAND","FacStreet":"1709 S 900 WEST","FacCity":"SALT LAKE CITY","FacState":"UT","RegistryID":"110070002891","FacSNCFlg":"N","FacQtrsWithNC":0,"FacInspectionCount":0,"FacFormalActionCount":0,"PercentBelowLowincome3mile":22.81,"PercentPeopleOfColor":28.11,"AcsPopulationDensity":3590.35}},{"type":"Feature","geometry":{"type":"Point","coordinates":[-111.952,40.7859]},"properties":{"FacName":"FAA ARTCC PARKING LOT REPAVING PROJECT","FacStreet":"700 N 2150 W","FacCity":"SALT LAKE CITY","FacState":"UT","RegistryID":"110071278831","FacSNCFlg":"N","FacQtrsWithNC":0,"FacInspectionCount":0,"FacFormalActionCount":0,"PercentBelowLowincome3mile":33.57,"PercentPeopleOfColor":21.11,"AcsPopulationDensity":1413.04}},{"type":"Feature","geometry":{"type":"Point","coordinates":[-111.955059,40.783748]},"properties":{"FacName":"FAA FMP","FacStreet":"645 NORTH 2265 WEST","FacCity":"SALT LAKE CITY","FacState":"UT","RegistryID":"110042294941","FacSNCFlg":"N","FacQtrsWithNC":0,"FacInspectionCount":0,"FacFormalActionCount":0,"PercentBelowLowincome3mile":33.26,"PercentPeopleOfColor":20.72,"AcsPopulationDensity":1371.66}},{"type":"Feature","geometry":{"type":"Point","coordinates":[-111.91968,40.77161]},"properties":{"FacName":"FAIR GROUNDS DEMO","FacStreet":"1000 WEST NORTH TEMPLE","FacCity":"SALT LAKE CITY","FacState":"UT","RegistryID":"110070708190","FacSNCFlg":"N","FacQtrsWithNC":0,"FacInspectionCount":0,"FacFormalActionCount":0,"PercentBelowLowincome3mile":30.08,"PercentPeopleOfColor":26.74,"AcsPopulationDensity":3451.4}},{"type":"Feature","geometry":{"type":"Point","coordinates":[-111.85968,40.72172]},"properties":{"FacName":"FAIRMONT HEIGHTS APARTMENTS","FacStreet":"2257 S 1100 E","FacCity":"SALT LAKE CITY","FacState":"UT","RegistryID":"110072133196","FacSNCFlg":"N","FacQtrsWithNC":0,"FacInspectionCount":0,"FacFormalActionCount":0,"PercentBelowLowincome3mile":20.82,"PercentPeopleOfColor":24.81,"AcsPopulationDensity":5714.65}},{"type":"Feature","geometry":{"type":"Point","coordinates":[-111.89971,40.7153]},"properties":{"FacName":"FARR'S ICE CREAM - SLC","FacStreet":"2575 S 300 W","FacCity":"SALT LAKE CITY","FacState":"UT","RegistryID":"110046386264","FacSNCFlg":"N","FacQtrsWithNC":0,"FacInspectionCount":1,"FacFormalActionCount":1,"PercentBelowLowincome3mile":21.97,"PercentPeopleOfColor":30.17,"AcsPopulationDensity":4343.93}},{"type":"Feature","geometry":{"type":"Point","coordinates":[-112.005752,40.730088]},"properties":{"FacName":"FASTENAL COMPANY (U-HUB)","FacStreet":"1871 SOUTH 4800 WEST","FacCity":"SALT LAKE CITY","FacState":"UT","RegistryID":"110043861639","FacSNCFlg":"N","FacQtrsWithNC":0,"FacInspectionCount":0,"FacFormalActionCount":0,"PercentBelowLowincome3mile":28.68,"PercentPeopleOfColor":42.23,"AcsPopulationDensity":1665.65}},{"type":"Feature","geometry":{"type":"Point","coordinates":[-111.96185,40.74034]},"properties":{"FacName":"FEDERAL EXPRESS - SLCRT","FacStreet":"2959 WEST CALIFORNIA","FacCity":"SALT LAKE CITY","FacState":"UT","RegistryID":"110032607392","FacSNCFlg":"N","FacQtrsWithNC":0,"FacInspectionCount":0,"FacFormalActionCount":0,"PercentBelowLowincome3mile":27.39,"PercentPeopleOfColor":35.34,"AcsPopulationDensity":1625.76}},{"type":"Feature","geometry":{"type":"Point","coordinates":[-111.99302,40.803548]},"properties":{"FacName":"FEDERAL EXPRESS SLCR","FacStreet":"3834 WEST 1580 NORTH","FacCity":"SALT LAKE CITY","FacState":"UT","RegistryID":"110064862643","FacSNCFlg":"N","FacQtrsWithNC":0,"FacInspectionCount":1,"FacFormalActionCount":0,"PercentBelowLowincome3mile":39.12,"PercentPeopleOfColor":18.91,"AcsPopulationDensity":299.62}},{"type":"Feature","geometry":{"type":"Point","coordinates":[-112.025,40.78556]},"properties":{"FacName":"FEDEX FREIGHT INC. NSL","FacStreet":"750 NORTH 5600 WEST","FacCity":"SALT LAKE CITY","FacState":"UT","RegistryID":"110030925202","FacSNCFlg":"N","FacQtrsWithNC":0,"FacInspectionCount":2,"FacFormalActionCount":0,"PercentBelowLowincome3mile":27.27,"PercentPeopleOfColor":12.42,"AcsPopulationDensity":77.54}},{"type":"Feature","geometry":{"type":"Point","coordinates":[-111.96762,40.72042]},"properties":{"FacName":"FEDEX FREIGHT SLC","FacStreet":"2325 SOUTH 3200 WEST","FacCity":"SALT LAKE CITY","FacState":"UT","RegistryID":"110070264277","FacSNCFlg":"N","FacQtrsWithNC":0,"FacInspectionCount":1,"FacFormalActionCount":0,"PercentBelowLowincome3mile":25.94,"PercentPeopleOfColor":41.69,"AcsPopulationDensity":2851.9}},{"type":"Feature","geometry":{"type":"Point","coordinates":[-112.02222,40.73838]},"properties":{"FacName":"FEDEX GROUND - SCUT","FacStreet":"1455 SOUTH 5500 WEST, UNIT B-1","FacCity":"SALT LAKE CITY","FacState":"UT","RegistryID":"110043767233","FacSNCFlg":"N","FacQtrsWithNC":0,"FacInspectionCount":0,"FacFormalActionCount":0,"PercentBelowLowincome3mile":28.42,"PercentPeopleOfColor":37.4,"AcsPopulationDensity":861.51}},{"type":"Feature","geometry":{"type":"Point","coordinates":[-112.02006,40.72624]},"properties":{"FacName":"FEDEX SERVICES - PACKAGE RESEARCH AND RECOVERY","FacStreet":"5420 WEST 2100 SOUTH, SUITE 106","FacCity":"SALT LAKE CITY","FacState":"UT","RegistryID":"110020746488","FacSNCFlg":"N","FacQtrsWithNC":1,"FacInspectionCount":1,"FacFormalActionCount":0,"PercentBelowLowincome3mile":27.64,"PercentPeopleOfColor":41.52,"AcsPopulationDensity":1864.73}},{"type":"Feature","geometry":{"type":"Point","coordinates":[-111.87107,40.75904]},"properties":{"FacName":"FENDALL ICE CREAM CO.","FacStreet":"470 SOUTH 700 EAST","FacCity":"SALT LAKE CITY","FacState":"UT","RegistryID":"110012368240","FacSNCFlg":"N","FacQtrsWithNC":0,"FacInspectionCount":0,"FacFormalActionCount":0,"PercentBelowLowincome3mile":27.52,"PercentPeopleOfColor":32.04,"AcsPopulationDensity":5066.39}},{"type":"Feature","geometry":{"type":"Point","coordinates":[-112.03923,40.66409]},"properties":{"FacName":"FETZER INC.","FacStreet":"6223 DOUBLE EAGLE CIRCLE","FacCity":"SALT LAKE CITY","FacState":"UT","RegistryID":"110070263016","FacSNCFlg":"N","FacQtrsWithNC":0,"FacInspectionCount":1,"FacFormalActionCount":0,"PercentBelowLowincome3mile":23.96,"PercentPeopleOfColor":41.6,"AcsPopulationDensity":4679.6}},{"type":"Feature","geometry":{"type":"Point","coordinates":[-111.88826,40.71566]},"properties":{"FacName":"FHP","FacStreet":"2500 SOUTH STATE STREET","FacCity":"SALT LAKE CITY","FacState":"UT","RegistryID":"110005195396","FacSNCFlg":"N","FacQtrsWithNC":0,"FacInspectionCount":0,"FacFormalActionCount":0,"PercentBelowLowincome3mile":21.76,"PercentPeopleOfColor":28.25,"AcsPopulationDensity":4719.65}},{"type":"Feature","geometry":{"type":"Point","coordinates":[-112.01459,40.77962]},"properties":{"FacName":"FIBER SCIENCE DIVISION","FacStreet":"506 NORTH BILLY MITCHELL ROAD","FacCity":"SALT LAKE CITY","FacState":"UT","RegistryID":"110000896754","FacSNCFlg":"N","FacQtrsWithNC":0,"FacInspectionCount":0,"FacFormalActionCount":0,"PercentBelowLowincome3mile":29.96,"PercentPeopleOfColor":13.5,"AcsPopulationDensity":89.93}},{"type":"Feature","geometry":{"type":"Point","coordinates":[-111.97117,40.74577]},"properties":{"FacName":"FINISHWORKS","FacStreet":"3350 WEST DIRECTORS ROW, SUITES 100-400","FacCity":"SALT LAKE CITY","FacState":"UT","RegistryID":"110063001291","FacSNCFlg":"N","FacQtrsWithNC":0,"FacInspectionCount":1,"FacFormalActionCount":0,"PercentBelowLowincome3mile":27.26,"PercentPeopleOfColor":30.92,"AcsPopulationDensity":1177.4}},{"type":"Feature","geometry":{"type":"Point","coordinates":[-111.81849,40.66548]},"properties":{"FacName":"FIRESTONE BUILDING PRODUCTS","FacStreet":"3790 WEST 2555 SOUTH","FacCity":"SALT LAKE CITY","FacState":"UT","RegistryID":"110063167013","FacSNCFlg":"N","FacQtrsWithNC":0,"FacInspectionCount":1,"FacFormalActionCount":0,"PercentBelowLowincome3mile":26.18,"PercentPeopleOfColor":27.85,"AcsPopulationDensity":3832.55}},{"type":"Feature","geometry":{"type":"Point","coordinates":[-111.86532,40.63155]},"properties":{"FacName":"FIRESTONE COMPLETE AUTO CARE (PREV. DAVID EARLY)","FacStreet":"910 EAST 6600 SOUTH","FacCity":"SALT LAKE CITY","FacState":"UT","RegistryID":"110005204260","FacSNCFlg":"N","FacQtrsWithNC":0,"FacInspectionCount":0,"FacFormalActionCount":0,"PercentBelowLowincome3mile":21.41,"PercentPeopleOfColor":25.91,"AcsPopulationDensity":4981.24}},{"type":"Feature","geometry":{"type":"Point","coordinates":[-111.87123,40.72314]},"properties":{"FacName":"FIRESTONE TIRE & RUBBER - 7TH EAST","FacStreet":"2191 SOUTH 700 EAST","FacCity":"SALT LAKE CITY","FacState":"UT","RegistryID":"110005204554","FacSNCFlg":"N","FacQtrsWithNC":0,"FacInspectionCount":0,"FacFormalActionCount":0,"PercentBelowLowincome3mile":21.26,"PercentPeopleOfColor":26.05,"AcsPopulationDensity":5629.97}},{"type":"Feature","geometry":{"type":"Point","coordinates":[-111.88486,40.76277]},"properties":{"FacName":"FIRESTONE TIRE & RUBBER - DWNTN","FacStreet":"204 EAST 300 SOUTH","FacCity":"SALT LAKE CITY","FacState":"UT","RegistryID":"110005204545","FacSNCFlg":"N","FacQtrsWithNC":0,"FacInspectionCount":0,"FacFormalActionCount":0,"PercentBelowLowincome3mile":28.03,"PercentPeopleOfColor":31.06,"AcsPopulationDensity":5110.99}},{"type":"Feature","geometry":{"type":"Point","coordinates":[-111.9344,40.7695]},"properties":{"FacName":"FL 139","FacStreet":"NAVAJO STREET AND 200 SOUTH","FacCity":"SALT LAKE CITY","FacState":"UT","RegistryID":"110072112344","FacSNCFlg":"N","FacQtrsWithNC":0,"FacInspectionCount":0,"FacFormalActionCount":0,"PercentBelowLowincome3mile":31.24,"PercentPeopleOfColor":25.29,"AcsPopulationDensity":2446.46}},{"type":"Feature","geometry":{"type":"Point","coordinates":[-111.9292,40.6703]},"properties":{"FacName":"FL 34 PHASE 2A AND 2B","FacStreet":"P.O. BOX 45360","FacCity":"SALT LAKE CITY","FacState":"UT","RegistryID":"110071527370","FacSNCFlg":"N","FacQtrsWithNC":0,"FacInspectionCount":0,"FacFormalActionCount":0,"PercentBelowLowincome3mile":21.08,"PercentPeopleOfColor":39.81,"AcsPopulationDensity":5351.45}},{"type":"Feature","geometry":{"type":"Point","coordinates":[-111.73113,40.77692]},"properties":{"FacName":"FL021 & FL004 EMIGRATION CREEK","FacStreet":"6251 EMIGRATION CANYON ROAD","FacCity":"SALT LAKE CITY","FacState":"UT","RegistryID":"110071955317","FacSNCFlg":"N","FacQtrsWithNC":0,"FacInspectionCount":0,"FacFormalActionCount":0,"PercentBelowLowincome3mile":11.39,"PercentPeopleOfColor":9.34,"AcsPopulationDensity":22.4}},{"type":"Feature","geometry":{"type":"Point","coordinates":[-111.7948,40.6849]},"properties":{"FacName":"FL046 HP PIPELINE REPLACEMENT PROJECT","FacStreet":"3300 SOUTH, VIRGINIA WAY AND WASATCH BOULEVARD","FacCity":"SALT LAKE CITY","FacState":"UT","RegistryID":"110072130672","FacSNCFlg":"N","FacQtrsWithNC":0,"FacInspectionCount":0,"FacFormalActionCount":0,"PercentBelowLowincome3mile":19.42,"PercentPeopleOfColor":20.13,"AcsPopulationDensity":2443.42}},{"type":"Feature","geometry":{"type":"Point","coordinates":[-111.9424,40.8327]},"properties":{"FacName":"FL143 REMOVE 1,760 FEET","FacStreet":"2200 WEST","FacCity":"SALT LAKE CITY","FacState":"UT","RegistryID":"110071994704","FacSNCFlg":"N","FacQtrsWithNC":0,"FacInspectionCount":0,"FacFormalActionCount":0,"PercentBelowLowincome3mile":30.79,"PercentPeopleOfColor":17.57,"AcsPopulationDensity":961.22}},{"type":"Feature","geometry":{"type":"Point","coordinates":[-111.847836,41.765378]},"properties":{"FacName":"FL152 LOGAN POWER TAPLINE","FacStreet":"1800 NORTH AND HIGHWAY 91","FacCity":"SALT LAKE CITY","FacState":"UT","RegistryID":"110072082416","FacSNCFlg":"N","FacQtrsWithNC":1,"FacInspectionCount":0,"FacFormalActionCount":0,"PercentBelowLowincome3mile":26.82,"PercentPeopleOfColor":17.27,"AcsPopulationDensity":2108.81}},{"type":"Feature","geometry":{"type":"Point","coordinates":[-111.92928,40.68974]},"properties":{"FacName":"FL34 PHASE 2B","FacStreet":"KINGSPOINTE LANE & 1300 WEST","FacCity":"SALT LAKE CITY","FacState":"UT","RegistryID":"110072132811","FacSNCFlg":"N","FacQtrsWithNC":1,"FacInspectionCount":0,"FacFormalActionCount":0,"PercentBelowLowincome3mile":23.31,"PercentPeopleOfColor":42.77,"AcsPopulationDensity":4853.7}},{"type":"Feature","geometry":{"type":"Point","coordinates":[-111.9144,40.7689]},"properties":{"FacName":"FLATS AT FOLSOM","FacStreet":"16 S 800 W","FacCity":"SALT LAKE CITY","FacState":"UT","RegistryID":"UTRC12309","FacSNCFlg":"N","FacQtrsWithNC":0,"FacInspectionCount":0,"FacFormalActionCount":0,"PercentBelowLowincome3mile":null,"PercentPeopleOfColor":null,"AcsPopulationDensity":null}},{"type":"Feature","geometry":{"type":"Point","coordinates":[-111.93881,40.63923]},"properties":{"FacName":"FLEX INVESTMENT BUILDING F","FacStreet":"1830 REDWOOD DEPOT LANE","FacCity":"SALT LAKE CITY","FacState":"UT","RegistryID":"110070711329","FacSNCFlg":"N","FacQtrsWithNC":0,"FacInspectionCount":0,"FacFormalActionCount":0,"PercentBelowLowincome3mile":16.39,"PercentPeopleOfColor":30.72,"AcsPopulationDensity":5633.97}},{"type":"Feature","geometry":{"type":"Point","coordinates":[-112.00514,40.74217]},"properties":{"FacName":"FLEXAN CALIFORNIA","FacStreet":"4752 W. CALIFORNIA AVE","FacCity":"SALT LAKE CITY","FacState":"UT","RegistryID":"110071726820","FacSNCFlg":"N","FacQtrsWithNC":0,"FacInspectionCount":1,"FacFormalActionCount":0,"PercentBelowLowincome3mile":27.85,"PercentPeopleOfColor":35.71,"AcsPopulationDensity":603.36}},{"type":"Feature","geometry":{"type":"Point","coordinates":[-111.972778,40.738247]},"properties":{"FacName":"FLEXAN GLADIOLA","FacStreet":"1518 GLADIOLA ST.","FacCity":"SALT LAKE CITY","FacState":"UT","RegistryID":"110071725316","FacSNCFlg":"N","FacQtrsWithNC":0,"FacInspectionCount":0,"FacFormalActionCount":0,"PercentBelowLowincome3mile":28.59,"PercentPeopleOfColor":38.24,"AcsPopulationDensity":1478.55}},{"type":"Feature","geometry":{"type":"Point","coordinates":[-111.915791,40.725603]},"properties":{"FacName":"FLYING J TRAVEL PLAZA","FacStreet":"850 W 2100 S","FacCity":"SALT LAKE CITY","FacState":"UT","RegistryID":"110002285107","FacSNCFlg":"N","FacQtrsWithNC":0,"FacInspectionCount":0,"FacFormalActionCount":0,"PercentBelowLowincome3mile":21.86,"PercentPeopleOfColor":29.28,"AcsPopulationDensity":3671.56}},{"type":"Feature","geometry":{"type":"Point","coordinates":[-111.9182,40.7687]},"properties":{"FacName":"FOLSOM APARTMENTS","FacStreet":"947 W SOUTH TEMPLE","FacCity":"SALT LAKE CITY","FacState":"UT","RegistryID":"110071895101","FacSNCFlg":"N","FacQtrsWithNC":0,"FacInspectionCount":0,"FacFormalActionCount":0,"PercentBelowLowincome3mile":29.72,"PercentPeopleOfColor":26.97,"AcsPopulationDensity":3648.89}},{"type":"Feature","geometry":{"type":"Point","coordinates":[-112.023913,40.732457]},"properties":{"FacName":"FOODAROM USA INC.","FacStreet":"5525 WEST 1730 SOUTH SUITE 202","FacCity":"SALT LAKE CITY","FacState":"UT","RegistryID":"110071140384","FacSNCFlg":"N","FacQtrsWithNC":1,"FacInspectionCount":1,"FacFormalActionCount":0,"PercentBelowLowincome3mile":27.42,"PercentPeopleOfColor":39.48,"AcsPopulationDensity":1310.43}},{"type":"Feature","geometry":{"type":"Point","coordinates":[-111.899962,40.756311]},"properties":{"FacName":"FORT DOUGLAS","FacStreet":"UNK","FacCity":"SALT LAKE CITY","FacState":"UT","RegistryID":"110052815753","FacSNCFlg":"N","FacQtrsWithNC":0,"FacInspectionCount":0,"FacFormalActionCount":0,"PercentBelowLowincome3mile":null,"PercentPeopleOfColor":null,"AcsPopulationDensity":null}},{"type":"Feature","geometry":{"type":"Point","coordinates":[-111.8237,40.7714]},"properties":{"FacName":"FORT DOUGLAS 3 MG TANK ADDITION PROJECT","FacStreet":"NORTH OF RED BUTTE CANYON ROAD AND EAST OF THE","FacCity":"SALT LAKE CITY","FacState":"UT","RegistryID":"110070875433","FacSNCFlg":"N","FacQtrsWithNC":0,"FacInspectionCount":0,"FacFormalActionCount":0,"PercentBelowLowincome3mile":28.87,"PercentPeopleOfColor":35.81,"AcsPopulationDensity":2783.26}},{"type":"Feature","geometry":{"type":"Point","coordinates":[-111.87153,40.63295]},"properties":{"FacName":"FORTY DAM ACRES","FacStreet":null,"FacCity":"SALT LAKE CITY","FacState":"UT","RegistryID":"110022995339","FacSNCFlg":"N","FacQtrsWithNC":2,"FacInspectionCount":0,"FacFormalActionCount":0,"PercentBelowLowincome3mile":21.22,"PercentPeopleOfColor":25.93,"AcsPopulationDensity":4932.81}},{"type":"Feature","geometry":{"type":"Point","coordinates":[-111.947633,40.713845]},"properties":{"FacName":"FRANKLIN QUEST CO.","FacStreet":"2640 DECKER LAKE BLVD","FacCity":"SALT LAKE CITY","FacState":"UT","RegistryID":"110005199105","FacSNCFlg":"N","FacQtrsWithNC":0,"FacInspectionCount":0,"FacFormalActionCount":0,"PercentBelowLowincome3mile":23.93,"PercentPeopleOfColor":41.91,"AcsPopulationDensity":3189.45}},{"type":"Feature","geometry":{"type":"Point","coordinates":[-111.9356,40.791]},"properties":{"FacName":"FY 19\/20 WATER MAIN REPLACEMENTS","FacStreet":"700 E. 3300 S., 1000 N. REDWOOD RD., BROOKSHIRE DR","FacCity":"SALT LAKE CITY","FacState":"UT","RegistryID":"110071348802","FacSNCFlg":"N","FacQtrsWithNC":0,"FacInspectionCount":0,"FacFormalActionCount":0,"PercentBelowLowincome3mile":34.67,"PercentPeopleOfColor":24.54,"AcsPopulationDensity":1743.82}},{"type":"Feature","geometry":{"type":"Point","coordinates":[-111.953505,40.830579]},"properties":{"FacName":"G.I. TRUCKING","FacStreet":"2860 W 2200 S","FacCity":"SALT LAKE CITY","FacState":"UT","RegistryID":"110002283984","FacSNCFlg":"N","FacQtrsWithNC":0,"FacInspectionCount":0,"FacFormalActionCount":0,"PercentBelowLowincome3mile":33.49,"PercentPeopleOfColor":19.03,"AcsPopulationDensity":748.6}},{"type":"Feature","geometry":{"type":"Point","coordinates":[-111.8937,40.7383]},"properties":{"FacName":"GABBOTT'S ROW","FacStreet":"11 W. MERRIMAC AVE","FacCity":"SALT LAKE CITY","FacState":"UT","RegistryID":"110071346142","FacSNCFlg":"N","FacQtrsWithNC":0,"FacInspectionCount":0,"FacFormalActionCount":0,"PercentBelowLowincome3mile":26.14,"PercentPeopleOfColor":31.53,"AcsPopulationDensity":5320.58}},{"type":"Feature","geometry":{"type":"Point","coordinates":[-111.8828,40.7571]},"properties":{"FacName":"GABLES ELEVATE","FacStreet":"285 E 600 S","FacCity":"SALT LAKE CITY","FacState":"UT","RegistryID":"110071505691","FacSNCFlg":"N","FacQtrsWithNC":1,"FacInspectionCount":0,"FacFormalActionCount":0,"PercentBelowLowincome3mile":27.79,"PercentPeopleOfColor":31.34,"AcsPopulationDensity":5323.19}},{"type":"Feature","geometry":{"type":"Point","coordinates":[-111.929669,40.768211]},"properties":{"FacName":"GADSBY PLANT","FacStreet":"1359 W NORTH TEMPLE-REAR","FacCity":"SALT LAKE CITY","FacState":"UT","RegistryID":"110071538590","FacSNCFlg":"N","FacQtrsWithNC":0,"FacInspectionCount":0,"FacFormalActionCount":0,"PercentBelowLowincome3mile":30.58,"PercentPeopleOfColor":25.26,"AcsPopulationDensity":2780.61}},{"type":"Feature","geometry":{"type":"Point","coordinates":[-111.943206,40.72134]},"properties":{"FacName":"GANS INK & SUPPLY CO","FacStreet":"1919 WEST 2300 SOUTH","FacCity":"SALT LAKE CITY","FacState":"UT","RegistryID":"110030487603","FacSNCFlg":"N","FacQtrsWithNC":0,"FacInspectionCount":2,"FacFormalActionCount":0,"PercentBelowLowincome3mile":24.58,"PercentPeopleOfColor":39.97,"AcsPopulationDensity":2878.16}},{"type":"Feature","geometry":{"type":"Point","coordinates":[-111.805,40.7195]},"properties":{"FacName":"GARCIA","FacStreet":"2379 CANNON POINT DRIVE","FacCity":"SALT LAKE CITY","FacState":"UT","RegistryID":"110071907303","FacSNCFlg":"N","FacQtrsWithNC":0,"FacInspectionCount":0,"FacFormalActionCount":0,"PercentBelowLowincome3mile":16.48,"PercentPeopleOfColor":19.06,"AcsPopulationDensity":2828.79}},{"type":"Feature","geometry":{"type":"Point","coordinates":[-111.805,40.7195]},"properties":{"FacName":"GARCIA","FacStreet":"2379 CANNON POINT DRIVE","FacCity":"SALT LAKE CITY","FacState":"UT","RegistryID":"110071376161","FacSNCFlg":"N","FacQtrsWithNC":0,"FacInspectionCount":0,"FacFormalActionCount":0,"PercentBelowLowincome3mile":16.48,"PercentPeopleOfColor":19.06,"AcsPopulationDensity":2828.79}},{"type":"Feature","geometry":{"type":"Point","coordinates":[-111.900372,40.686204]},"properties":{"FacName":"GARCO INDUSTRIAL PARK","FacStreet":"3944 SOUTH 300 WEST","FacCity":"SALT LAKE CITY","FacState":"UT","RegistryID":"110005194324","FacSNCFlg":"N","FacQtrsWithNC":0,"FacInspectionCount":0,"FacFormalActionCount":0,"PercentBelowLowincome3mile":23.17,"PercentPeopleOfColor":34.52,"AcsPopulationDensity":5258.16}},{"type":"Feature","geometry":{"type":"Point","coordinates":[-112.02501,40.76222]},"properties":{"FacName":"GARDNER LOGISTICS CENTER BUILDING I","FacStreet":"5598 WEST 300 SOUTH","FacCity":"SALT LAKE CITY","FacState":"UT","RegistryID":"110070713591","FacSNCFlg":"N","FacQtrsWithNC":0,"FacInspectionCount":0,"FacFormalActionCount":0,"PercentBelowLowincome3mile":30.56,"PercentPeopleOfColor":21.7,"AcsPopulationDensity":105.59}},{"type":"Feature","geometry":{"type":"Point","coordinates":[-111.8904,40.74978]},"properties":{"FacName":"GARFF WARNER BODY SHOP","FacStreet":"20 E 900 S","FacCity":"SALT LAKE CITY","FacState":"UT","RegistryID":"110002263470","FacSNCFlg":"N","FacQtrsWithNC":0,"FacInspectionCount":0,"FacFormalActionCount":0,"PercentBelowLowincome3mile":27.76,"PercentPeopleOfColor":31.76,"AcsPopulationDensity":5403.24}},{"type":"Feature","geometry":{"type":"Point","coordinates":[-112.003273,40.776613]},"properties":{"FacName":"GE OEC MEDICAL SYSTEMS","FacStreet":"640  WRIGHT BROTHERS DR.","FacCity":"SALT LAKE CITY","FacState":"UT","RegistryID":"110005211920","FacSNCFlg":"N","FacQtrsWithNC":0,"FacInspectionCount":0,"FacFormalActionCount":0,"PercentBelowLowincome3mile":36.1,"PercentPeopleOfColor":14.17,"AcsPopulationDensity":124.71}},{"type":"Feature","geometry":{"type":"Point","coordinates":[-112.006329,40.782724]},"properties":{"FacName":"GE OEC MEDICAL SYSTEMS","FacStreet":"384 WRIGHT BROTHERS DRIVE","FacCity":"SALT LAKE CITY","FacState":"UT","RegistryID":"110038451528","FacSNCFlg":"N","FacQtrsWithNC":0,"FacInspectionCount":0,"FacFormalActionCount":0,"PercentBelowLowincome3mile":30.24,"PercentPeopleOfColor":12.34,"AcsPopulationDensity":92.54}},{"type":"Feature","geometry":{"type":"Point","coordinates":[-112.005724,40.782498]},"properties":{"FacName":"GE OEC MEDICAL SYSTEMS, INC. BUILDING 3","FacStreet":"640 N. WRIGHT BROTHERS DRIVE","FacCity":"SALT LAKE CITY","FacState":"UT","RegistryID":"110061764826","FacSNCFlg":"N","FacQtrsWithNC":0,"FacInspectionCount":0,"FacFormalActionCount":0,"PercentBelowLowincome3mile":31.13,"PercentPeopleOfColor":12.62,"AcsPopulationDensity":96.87}},{"type":"Feature","geometry":{"type":"Point","coordinates":[-112.006329,40.782724]},"properties":{"FacName":"GE OEC MEDICAL SYSTEMS, INC. BUILDING 4","FacStreet":"4745 AMELIA EARHART DRIVE","FacCity":"SALT LAKE CITY","FacState":"UT","RegistryID":"110038451519","FacSNCFlg":"N","FacQtrsWithNC":0,"FacInspectionCount":0,"FacFormalActionCount":0,"PercentBelowLowincome3mile":30.24,"PercentPeopleOfColor":12.34,"AcsPopulationDensity":92.54}},{"type":"Feature","geometry":{"type":"Point","coordinates":[-111.970139,40.748605]},"properties":{"FacName":"GENEVA PIPE COMPANY - SALT LAKE CITY","FacStreet":"3355 HARVEY MILK BOULEVARD","FacCity":"SALT LAKE CITY","FacState":"UT","RegistryID":"110070794226","FacSNCFlg":"N","FacQtrsWithNC":0,"FacInspectionCount":0,"FacFormalActionCount":0,"PercentBelowLowincome3mile":26.44,"PercentPeopleOfColor":28.36,"AcsPopulationDensity":1096.95}},{"type":"Feature","geometry":{"type":"Point","coordinates":[-111.900584,40.686656]},"properties":{"FacName":"GENEVA ROCK PRODUCTS","FacStreet":"350 W. 3900 S.","FacCity":"SALT LAKE CITY","FacState":"UT","RegistryID":"110005197090","FacSNCFlg":"N","FacQtrsWithNC":0,"FacInspectionCount":0,"FacFormalActionCount":0,"PercentBelowLowincome3mile":23.18,"PercentPeopleOfColor":34.55,"AcsPopulationDensity":5248.94}},{"type":"Feature","geometry":{"type":"Point","coordinates":[-111.91267,40.76277]},"properties":{"FacName":"GENEVA ROCK PRODUCTS INC","FacStreet":"748 W 300 S","FacCity":"SALT LAKE CITY","FacState":"UT","RegistryID":"110020076460","FacSNCFlg":"N","FacQtrsWithNC":0,"FacInspectionCount":1,"FacFormalActionCount":0,"PercentBelowLowincome3mile":29.33,"PercentPeopleOfColor":28.78,"AcsPopulationDensity":4245.45}},{"type":"Feature","geometry":{"type":"Point","coordinates":[-112.03516,40.65309]},"properties":{"FacName":"GENEVA ROCK PRODUCTS: PIONEER SHOP","FacStreet":"6010 W. 5400 S.","FacCity":"SALT LAKE CITY","FacState":"UT","RegistryID":"110071140408","FacSNCFlg":"N","FacQtrsWithNC":0,"FacInspectionCount":0,"FacFormalActionCount":0,"PercentBelowLowincome3mile":24.58,"PercentPeopleOfColor":42.76,"AcsPopulationDensity":4015.66}},{"type":"Feature","geometry":{"type":"Point","coordinates":[-111.82844,40.75946]},"properties":{"FacName":"GENMARK INC","FacStreet":"421 WAKAKA WAY SUITE 201","FacCity":"SALT LAKE CITY","FacState":"UT","RegistryID":"110005205241","FacSNCFlg":"N","FacQtrsWithNC":0,"FacInspectionCount":0,"FacFormalActionCount":0,"PercentBelowLowincome3mile":25.79,"PercentPeopleOfColor":32.7,"AcsPopulationDensity":3672.89}},{"type":"Feature","geometry":{"type":"Point","coordinates":[-111.9111,40.74111]},"properties":{"FacName":"GENUINE PARTS CO","FacStreet":"1317 SOUTH 700 WEST","FacCity":"SALT LAKE CITY","FacState":"UT","RegistryID":"110005197116","FacSNCFlg":"N","FacQtrsWithNC":0,"FacInspectionCount":1,"FacFormalActionCount":0,"PercentBelowLowincome3mile":25.91,"PercentPeopleOfColor":28.3,"AcsPopulationDensity":4244.15}},{"type":"Feature","geometry":{"type":"Point","coordinates":[-111.98853,40.75508]},"properties":{"FacName":"GEOPIER NORTHWEST EQUIPMENT STORAGE YARD","FacStreet":"682 SOUTH 4050 WEST","FacCity":"SALT LAKE CITY","FacState":"UT","RegistryID":"110070706294","FacSNCFlg":"N","FacQtrsWithNC":0,"FacInspectionCount":0,"FacFormalActionCount":0,"PercentBelowLowincome3mile":25.55,"PercentPeopleOfColor":21.58,"AcsPopulationDensity":393.2}},{"type":"Feature","geometry":{"type":"Point","coordinates":[-111.894,40.70084]},"properties":{"FacName":"GERBER COLLISION & GLASS - SALT LAKE CITY","FacStreet":"3218 SOUTH WEST TEMPLE","FacCity":"SALT LAKE CITY","FacState":"UT","RegistryID":"110005202752","FacSNCFlg":"N","FacQtrsWithNC":0,"FacInspectionCount":0,"FacFormalActionCount":0,"PercentBelowLowincome3mile":23.5,"PercentPeopleOfColor":32.47,"AcsPopulationDensity":5034.42}},{"type":"Feature","geometry":{"type":"Point","coordinates":[-111.97211,40.75249]},"properties":{"FacName":"GLADIOLA PROPERTY SITE PLAN","FacStreet":"767 S. GLADIOLA STREET","FacCity":"SALT LAKE CITY","FacState":"UT","RegistryID":"110070708834","FacSNCFlg":"N","FacQtrsWithNC":0,"FacInspectionCount":0,"FacFormalActionCount":0,"PercentBelowLowincome3mile":26.22,"PercentPeopleOfColor":25.26,"AcsPopulationDensity":944.37}},{"type":"Feature","geometry":{"type":"Point","coordinates":[-111.9307,40.73686]},"properties":{"FacName":"GLENDALE ATHLETIC FACILITIES","FacStreet":"1430 ANDREW AVENUE","FacCity":"SALT LAKE CITY","FacState":"UT","RegistryID":"110072003943","FacSNCFlg":"N","FacQtrsWithNC":0,"FacInspectionCount":0,"FacFormalActionCount":0,"PercentBelowLowincome3mile":23.67,"PercentPeopleOfColor":30.96,"AcsPopulationDensity":2705.51}},{"type":"Feature","geometry":{"type":"Point","coordinates":[-111.9298,40.7431]},"properties":{"FacName":"GLENDALE TOWNHOMES","FacStreet":"1225 S GLENDALE DR","FacCity":"SALT LAKE CITY","FacState":"UT","RegistryID":"110071823923","FacSNCFlg":"N","FacQtrsWithNC":0,"FacInspectionCount":0,"FacFormalActionCount":0,"PercentBelowLowincome3mile":26.47,"PercentPeopleOfColor":29.11,"AcsPopulationDensity":2766.66}},{"type":"Feature","geometry":{"type":"Point","coordinates":[-111.90122,40.74832]},"properties":{"FacName":"GLENS POLISH AND PAINT INCORPORATED","FacStreet":"337 W AMERICAN AVE","FacCity":"SALT LAKE CITY","FacState":"UT","RegistryID":"110002155612","FacSNCFlg":"N","FacQtrsWithNC":0,"FacInspectionCount":0,"FacFormalActionCount":0,"PercentBelowLowincome3mile":28.1,"PercentPeopleOfColor":32.37,"AcsPopulationDensity":5103.61}},{"type":"Feature","geometry":{"type":"Point","coordinates":[-111.9443,40.771]},"properties":{"FacName":"GLO HOTEL","FacStreet":"1865 WEST NORTH TEMPLE","FacCity":"SALT LAKE CITY","FacState":"UT","RegistryID":"110070793400","FacSNCFlg":"N","FacQtrsWithNC":0,"FacInspectionCount":0,"FacFormalActionCount":0,"PercentBelowLowincome3mile":31.75,"PercentPeopleOfColor":24.08,"AcsPopulationDensity":1870.51}},{"type":"Feature","geometry":{"type":"Point","coordinates":[-111.86762,40.69816]},"properties":{"FacName":"GLYCOSURF, LLC","FacStreet":"300 W 825 N","FacCity":"SALT LAKE CITY","FacState":"UT","RegistryID":"110071063291","FacSNCFlg":"N","FacQtrsWithNC":0,"FacInspectionCount":0,"FacFormalActionCount":0,"PercentBelowLowincome3mile":21.7,"PercentPeopleOfColor":25.98,"AcsPopulationDensity":5520.11}},{"type":"Feature","geometry":{"type":"Point","coordinates":[-111.93901,40.75291]},"properties":{"FacName":"GOLD CROSS AMBULANCE","FacStreet":"762 SOUTH REDWOOD ROAD","FacCity":"SALT LAKE CITY","FacState":"UT","RegistryID":"110030923419","FacSNCFlg":"N","FacQtrsWithNC":0,"FacInspectionCount":1,"FacFormalActionCount":0,"PercentBelowLowincome3mile":29.71,"PercentPeopleOfColor":27.42,"AcsPopulationDensity":2238.69}},{"type":"Feature","geometry":{"type":"Point","coordinates":[-111.91388,40.769392]},"properties":{"FacName":"GOLDEN  EAGLE REFINERY, INC..","FacStreet":"7100 WEST SOUTH TEMPLE","FacCity":"SALT LAKE CITY","FacState":"UT","RegistryID":"110005210501","FacSNCFlg":"N","FacQtrsWithNC":0,"FacInspectionCount":0,"FacFormalActionCount":0,"PercentBelowLowincome3mile":30.11,"PercentPeopleOfColor":28.36,"AcsPopulationDensity":3960.05}},{"type":"Feature","geometry":{"type":"Point","coordinates":[-111.8681,40.67433]},"properties":{"FacName":"GOODRICH FLOOR COVERINGS WAREHOUSE","FacStreet":"836 EAST 4500 SOUTH","FacCity":"SALT LAKE CITY","FacState":"UT","RegistryID":"110070712683","FacSNCFlg":"N","FacQtrsWithNC":0,"FacInspectionCount":0,"FacFormalActionCount":0,"PercentBelowLowincome3mile":23.27,"PercentPeopleOfColor":27.09,"AcsPopulationDensity":5385.22}},{"type":"Feature","geometry":{"type":"Point","coordinates":[-111.9813,40.7292]},"properties":{"FacName":"GOODYEAR FLEX WAREHOUSE","FacStreet":"1864 SOUTH 3730 WEST","FacCity":"SALT LAKE CITY","FacState":"UT","RegistryID":"UTRC12393","FacSNCFlg":"N","FacQtrsWithNC":0,"FacInspectionCount":0,"FacFormalActionCount":0,"PercentBelowLowincome3mile":null,"PercentPeopleOfColor":null,"AcsPopulationDensity":null}},{"type":"Feature","geometry":{"type":"Point","coordinates":[-111.9081,40.7521]},"properties":{"FacName":"GRANARY DISTRICT FLOODPLAIN MITIGATION","FacStreet":"600 W","FacCity":"SALT LAKE CITY","FacState":"UT","RegistryID":"110071897031","FacSNCFlg":"N","FacQtrsWithNC":0,"FacInspectionCount":0,"FacFormalActionCount":0,"PercentBelowLowincome3mile":28.43,"PercentPeopleOfColor":31.08,"AcsPopulationDensity":4778.51}},{"type":"Feature","geometry":{"type":"Point","coordinates":[-111.93907,40.73858]},"properties":{"FacName":"GRANDMAS COMMERCIAL TIRE","FacStreet":"1462 SOUTH REDWOOD ROAD","FacCity":"SALT LAKE CITY","FacState":"UT","RegistryID":"110005210002","FacSNCFlg":"N","FacQtrsWithNC":0,"FacInspectionCount":0,"FacFormalActionCount":0,"PercentBelowLowincome3mile":24.96,"PercentPeopleOfColor":32.97,"AcsPopulationDensity":2242.03}},{"type":"Feature","geometry":{"type":"Point","coordinates":[-111.88831,40.66851]},"properties":{"FacName":"GRANDMAS TIRES","FacStreet":"4745 S STATE ST","FacCity":"SALT LAKE CITY","FacState":"UT","RegistryID":"110002287043","FacSNCFlg":"N","FacQtrsWithNC":0,"FacInspectionCount":0,"FacFormalActionCount":0,"PercentBelowLowincome3mile":21.92,"PercentPeopleOfColor":30.4,"AcsPopulationDensity":5193.73}},{"type":"Feature","geometry":{"type":"Point","coordinates":[-111.83366,40.69987]},"properties":{"FacName":"GRANDMAS TIRES & CAR CARE CLINIC","FacStreet":"2002 EAST 3300 SOUTH","FacCity":"SALT LAKE CITY","FacState":"UT","RegistryID":"110005209960","FacSNCFlg":"N","FacQtrsWithNC":0,"FacInspectionCount":0,"FacFormalActionCount":0,"PercentBelowLowincome3mile":21.48,"PercentPeopleOfColor":23.79,"AcsPopulationDensity":5143.8}},{"type":"Feature","geometry":{"type":"Point","coordinates":[-111.9142,40.7918]},"properties":{"FacName":"GRANITE BUILDING","FacStreet":"1065 N WARM SPRINGS RD","FacCity":"SALT LAKE CITY","FacState":"UT","RegistryID":"110071904072","FacSNCFlg":"N","FacQtrsWithNC":0,"FacInspectionCount":0,"FacFormalActionCount":0,"PercentBelowLowincome3mile":33.87,"PercentPeopleOfColor":29.05,"AcsPopulationDensity":2680.68}},{"type":"Feature","geometry":{"type":"Point","coordinates":[-111.76208,40.57118]},"properties":{"FacName":"GRANITE CLIFFS","FacStreet":"4921 E GRANITE CLIFFS ROAD","FacCity":"SALT LAKE CITY","FacState":"UT","RegistryID":"110071094049","FacSNCFlg":"N","FacQtrsWithNC":0,"FacInspectionCount":0,"FacFormalActionCount":0,"PercentBelowLowincome3mile":17.47,"PercentPeopleOfColor":23.04,"AcsPopulationDensity":436.27}},{"type":"Feature","geometry":{"type":"Point","coordinates":[-111.912845,40.791177]},"properties":{"FacName":"GRANITE CONSTRUCTION COMPANY","FacStreet":"1000 NORTH WARM SPRINGS ROAD","FacCity":"SALT LAKE CITY","FacState":"UT","RegistryID":"110005208729","FacSNCFlg":"N","FacQtrsWithNC":1,"FacInspectionCount":2,"FacFormalActionCount":0,"PercentBelowLowincome3mile":33.52,"PercentPeopleOfColor":29.14,"AcsPopulationDensity":2777.84}},{"type":"Feature","geometry":{"type":"Point","coordinates":[-111.931414,40.77852]},"properties":{"FacName":"GRANITE CONSTRUCTION COMPANY 00282","FacStreet":"PORTABLE","FacCity":"SALT LAKE CITY","FacState":"UT","RegistryID":"110012798268","FacSNCFlg":"N","FacQtrsWithNC":0,"FacInspectionCount":0,"FacFormalActionCount":0,"PercentBelowLowincome3mile":null,"PercentPeopleOfColor":null,"AcsPopulationDensity":null}},{"type":"Feature","geometry":{"type":"Point","coordinates":[-111.79566,40.62438]},"properties":{"FacName":"GRANITE CONSTRUCTION PRODUCTS","FacStreet":"6901 S WASATCH BLVD","FacCity":"SALT LAKE CITY","FacState":"UT","RegistryID":"110001881170","FacSNCFlg":"N","FacQtrsWithNC":0,"FacInspectionCount":0,"FacFormalActionCount":0,"PercentBelowLowincome3mile":27.23,"PercentPeopleOfColor":31.38,"AcsPopulationDensity":2010.2}},{"type":"Feature","geometry":{"type":"Point","coordinates":[-111.754044,40.623087]},"properties":{"FacName":"GRANITE HYDROELECTRIC","FacStreet":"GRANITE DAM","FacCity":"SALT LAKE CITY","FacState":"UT","RegistryID":"110072002526","FacSNCFlg":"N","FacQtrsWithNC":1,"FacInspectionCount":0,"FacFormalActionCount":0,"PercentBelowLowincome3mile":31.28,"PercentPeopleOfColor":39.5,"AcsPopulationDensity":399.15}},{"type":"Feature","geometry":{"type":"Point","coordinates":[-111.9012,40.70476]},"properties":{"FacName":"GRANITE SCHOOL DISTRICT WAREHOUSE","FacStreet":"340 WEST 3050 SOUTH","FacCity":"SALT LAKE CITY","FacState":"UT","RegistryID":"110005194191","FacSNCFlg":"N","FacQtrsWithNC":0,"FacInspectionCount":0,"FacFormalActionCount":0,"PercentBelowLowincome3mile":23.61,"PercentPeopleOfColor":33.84,"AcsPopulationDensity":4857.33}},{"type":"Feature","geometry":{"type":"Point","coordinates":[-112.02704,40.74617]},"properties":{"FacName":"GRANT MACKAY","FacStreet":"1106 S. LEGACY VIEW ST.","FacCity":"SALT LAKE CITY","FacState":"UT","RegistryID":"110033198420","FacSNCFlg":"N","FacQtrsWithNC":0,"FacInspectionCount":0,"FacFormalActionCount":0,"PercentBelowLowincome3mile":22.11,"PercentPeopleOfColor":37.57,"AcsPopulationDensity":367.52}},{"type":"Feature","geometry":{"type":"Point","coordinates":[-111.95022,40.719817]},"properties":{"FacName":"GRAPHIC COATING & STAMPING INC","FacStreet":"2355 SOUTH 2300 WEST","FacCity":"SALT LAKE CITY","FacState":"UT","RegistryID":"110005204803","FacSNCFlg":"N","FacQtrsWithNC":0,"FacInspectionCount":0,"FacFormalActionCount":0,"PercentBelowLowincome3mile":23.9,"PercentPeopleOfColor":40.75,"AcsPopulationDensity":2874.98}},{"type":"Feature","geometry":{"type":"Point","coordinates":[-111.9661,40.74578]},"properties":{"FacName":"GRAPHIC INK COMPANY, INC.","FacStreet":"3135 WEST DIRECTORS ROW","FacCity":"SALT LAKE CITY","FacState":"UT","RegistryID":"110005194477","FacSNCFlg":"N","FacQtrsWithNC":0,"FacInspectionCount":0,"FacFormalActionCount":0,"PercentBelowLowincome3mile":26.68,"PercentPeopleOfColor":31.17,"AcsPopulationDensity":1302.05}},{"type":"Feature","geometry":{"type":"Point","coordinates":[-111.952935,40.745883]},"properties":{"FacName":"GREA WESTERN CHEMICAL CO.","FacStreet":"2134 WEST DIRECTORS ROW","FacCity":"SALT LAKE CITY","FacState":"UT","RegistryID":"110032596867","FacSNCFlg":"N","FacQtrsWithNC":0,"FacInspectionCount":0,"FacFormalActionCount":0,"PercentBelowLowincome3mile":27.4,"PercentPeopleOfColor":31.86,"AcsPopulationDensity":1668.94}},{"type":"Feature","geometry":{"type":"Point","coordinates":[-111.95239,40.74579]},"properties":{"FacName":"GREAT WESTERN CHEMICAL","FacStreet":"2334 DIRECTORS ROW","FacCity":"SALT LAKE CITY","FacState":"UT","RegistryID":"110068692711","FacSNCFlg":"N","FacQtrsWithNC":null,"FacInspectionCount":0,"FacFormalActionCount":0,"PercentBelowLowincome3mile":27.43,"PercentPeopleOfColor":31.87,"AcsPopulationDensity":1686.24}},{"type":"Feature","geometry":{"type":"Point","coordinates":[-112.03031,40.77853]},"properties":{"FacName":"GREENCORE PARKING LOT EXPANSION","FacStreet":"5850 WEST AMELIA EARHART DRIVE","FacCity":"SALT LAKE CITY","FacState":"UT","RegistryID":"110061832897","FacSNCFlg":"N","FacQtrsWithNC":0,"FacInspectionCount":0,"FacFormalActionCount":0,"PercentBelowLowincome3mile":27.89,"PercentPeopleOfColor":14.38,"AcsPopulationDensity":78.99}},{"type":"Feature","geometry":{"type":"Point","coordinates":[-111.97713,40.70472]},"properties":{"FacName":"GREENFIBER SALT LAKE CITY INC","FacStreet":"3061 S 3600 W","FacCity":"SALT LAKE CITY","FacState":"UT","RegistryID":"110024887336","FacSNCFlg":"N","FacQtrsWithNC":0,"FacInspectionCount":1,"FacFormalActionCount":0,"PercentBelowLowincome3mile":24.45,"PercentPeopleOfColor":44.18,"AcsPopulationDensity":4071.49}},{"type":"Feature","geometry":{"type":"Point","coordinates":[-111.891064,40.7715]},"properties":{"FacName":"GREENFIELD CHURCH OF JESUS CHRIST PWS-GREENFIELD CHURCH OF JESUS CHRIST OF LAT","FacStreet":"NATURAL RESOURCES - 12TH FLOOR","FacCity":"SALT LAKE CITY","FacState":"UT","RegistryID":"110069302926","FacSNCFlg":"N","FacQtrsWithNC":0,"FacInspectionCount":0,"FacFormalActionCount":0,"PercentBelowLowincome3mile":null,"PercentPeopleOfColor":null,"AcsPopulationDensity":null}},{"type":"Feature","geometry":{"type":"Point","coordinates":[-111.92919,40.81677]},"properties":{"FacName":"GREENFIELD LOGISTICS LLC","FacStreet":"1325 WEST 2200 SOUTH, STE D","FacCity":"SALT LAKE CITY","FacState":"UT","RegistryID":"110038382728","FacSNCFlg":"N","FacQtrsWithNC":0,"FacInspectionCount":1,"FacFormalActionCount":0,"PercentBelowLowincome3mile":36.04,"PercentPeopleOfColor":21,"AcsPopulationDensity":1348.37}},{"type":"Feature","geometry":{"type":"Point","coordinates":[-111.961652,40.757218]},"properties":{"FacName":"GREENFIELD RAIL TRANSLOAD","FacStreet":"681 SOUTH MARCH STREET","FacCity":"SALT LAKE CITY","FacState":"UT","RegistryID":"110071214733","FacSNCFlg":"N","FacQtrsWithNC":0,"FacInspectionCount":0,"FacFormalActionCount":0,"PercentBelowLowincome3mile":29.05,"PercentPeopleOfColor":24.78,"AcsPopulationDensity":1368.2}},{"type":"Feature","geometry":{"type":"Point","coordinates":[-111.9077,40.7653]},"properties":{"FacName":"GREENPOINT GATEWAY","FacStreet":"592 WEST 200 SOUTH","FacCity":"SALT LAKE CITY","FacState":"UT","RegistryID":"110071073576","FacSNCFlg":"N","FacQtrsWithNC":0,"FacInspectionCount":0,"FacFormalActionCount":0,"PercentBelowLowincome3mile":29.59,"PercentPeopleOfColor":30.2,"AcsPopulationDensity":4546.87}},{"type":"Feature","geometry":{"type":"Point","coordinates":[-111.995298,40.73868]},"properties":{"FacName":"GREENWOOD MOTOR LINES DBA R+L CARRIERS","FacStreet":"4375 W 1385 S","FacCity":"SALT LAKE CITY","FacState":"UT","RegistryID":"110071842634","FacSNCFlg":"N","FacQtrsWithNC":0,"FacInspectionCount":0,"FacFormalActionCount":0,"PercentBelowLowincome3mile":32.82,"PercentPeopleOfColor":41.93,"AcsPopulationDensity":1007.67}},{"type":"Feature","geometry":{"type":"Point","coordinates":[-111.896881,40.76939]},"properties":{"FacName":"GREYHOUND LINES, INC","FacStreet":"160 W SOUTH TEMPLE","FacCity":"SALT LAKE CITY","FacState":"UT","RegistryID":"110002287365","FacSNCFlg":"N","FacQtrsWithNC":0,"FacInspectionCount":0,"FacFormalActionCount":0,"PercentBelowLowincome3mile":29.54,"PercentPeopleOfColor":30.21,"AcsPopulationDensity":4693.82}},{"type":"Feature","geometry":{"type":"Point","coordinates":[-111.90811,40.76227]},"properties":{"FacName":"GREYHOUND LINES, INC #850180","FacStreet":"300 SOUTH 600 WEST","FacCity":"SALT LAKE CITY","FacState":"UT","RegistryID":"110043263651","FacSNCFlg":"N","FacQtrsWithNC":0,"FacInspectionCount":1,"FacFormalActionCount":0,"PercentBelowLowincome3mile":29.16,"PercentPeopleOfColor":30.39,"AcsPopulationDensity":4642.63}},{"type":"Feature","geometry":{"type":"Point","coordinates":[-112.02221,40.73355]},"properties":{"FacName":"GRIMCO INC.","FacStreet":"1670 SOUTH 5500 WEST, STE. 200","FacCity":"SALT LAKE CITY","FacState":"UT","RegistryID":"110071214732","FacSNCFlg":"N","FacQtrsWithNC":0,"FacInspectionCount":0,"FacFormalActionCount":0,"PercentBelowLowincome3mile":27.66,"PercentPeopleOfColor":39.51,"AcsPopulationDensity":1219.8}},{"type":"Feature","geometry":{"type":"Point","coordinates":[-112.02199,40.75371]},"properties":{"FacName":"GRIP RUBBER, INC.","FacStreet":"751 SOUTH 5500 WEST","FacCity":"SALT LAKE CITY","FacState":"UT","RegistryID":"110071923277","FacSNCFlg":"N","FacQtrsWithNC":0,"FacInspectionCount":0,"FacFormalActionCount":0,"PercentBelowLowincome3mile":29.8,"PercentPeopleOfColor":28.65,"AcsPopulationDensity":134.13}},{"type":"Feature","geometry":{"type":"Point","coordinates":[-111.898733,40.78021]},"properties":{"FacName":"GROVE AT MARMALADE","FacStreet":"260 W 500 N #1-12","FacCity":"SALT LAKE CITY","FacState":"UT","RegistryID":"110070711368","FacSNCFlg":"N","FacQtrsWithNC":0,"FacInspectionCount":0,"FacFormalActionCount":0,"PercentBelowLowincome3mile":32.23,"PercentPeopleOfColor":31.81,"AcsPopulationDensity":4185.03}},{"type":"Feature","geometry":{"type":"Point","coordinates":[-111.97724,40.75055]},"properties":{"FacName":"GUSTO BRAZIL - SLC","FacStreet":"850 S 3600 W","FacCity":"SALT LAKE CITY","FacState":"UT","RegistryID":"110071944819","FacSNCFlg":"N","FacQtrsWithNC":0,"FacInspectionCount":1,"FacFormalActionCount":0,"PercentBelowLowincome3mile":26.47,"PercentPeopleOfColor":26.77,"AcsPopulationDensity":819.61}},{"type":"Feature","geometry":{"type":"Point","coordinates":[-111.953397,40.813212]},"properties":{"FacName":"GXO LOGISTICS SUPPLY CHAIN, INC","FacStreet":"2150 N 2200 W","FacCity":"SALT LAKE CITY","FacState":"UT","RegistryID":"110071503843","FacSNCFlg":"N","FacQtrsWithNC":0,"FacInspectionCount":1,"FacFormalActionCount":0,"PercentBelowLowincome3mile":39.68,"PercentPeopleOfColor":21.7,"AcsPopulationDensity":958.75}},{"type":"Feature","geometry":{"type":"Point","coordinates":[-112.00686,40.72557]},"properties":{"FacName":"H & E EQUIPMENT SERVICES (PREV. WHEELER MACH.)","FacStreet":"4899 WEST 2100 SOUTH","FacCity":"SALT LAKE CITY","FacState":"UT","RegistryID":"110042295478","FacSNCFlg":"N","FacQtrsWithNC":0,"FacInspectionCount":0,"FacFormalActionCount":0,"PercentBelowLowincome3mile":28.13,"PercentPeopleOfColor":41.75,"AcsPopulationDensity":2045.56}},{"type":"Feature","geometry":{"type":"Point","coordinates":[-111.86703,40.67846]},"properties":{"FacName":"HADLEY AUTO TRANSPORT","FacStreet":"2765 S 850 W","FacCity":"SALT LAKE CITY","FacState":"UT","RegistryID":"110002166548","FacSNCFlg":"N","FacQtrsWithNC":0,"FacInspectionCount":0,"FacFormalActionCount":0,"PercentBelowLowincome3mile":23.15,"PercentPeopleOfColor":27.02,"AcsPopulationDensity":5510.06}},{"type":"Feature","geometry":{"type":"Point","coordinates":[-111.8394,40.75079]},"properties":{"FacName":"HAGEN RESIDENCE BY QUALITY CUSTOM HOMES","FacStreet":"1772 EAST SUNNYSIDE AVE","FacCity":"SALT LAKE CITY","FacState":"UT","RegistryID":"110072003584","FacSNCFlg":"N","FacQtrsWithNC":0,"FacInspectionCount":0,"FacFormalActionCount":0,"PercentBelowLowincome3mile":24.7,"PercentPeopleOfColor":30.89,"AcsPopulationDensity":4688.32}},{"type":"Feature","geometry":{"type":"Point","coordinates":[-111.87651,40.75848]},"properties":{"FacName":"HALE'S MARKET","FacStreet":"511 EAST 500 SOUTH","FacCity":"SALT LAKE CITY","FacState":"UT","RegistryID":"110012365412","FacSNCFlg":"N","FacQtrsWithNC":0,"FacInspectionCount":0,"FacFormalActionCount":0,"PercentBelowLowincome3mile":27.83,"PercentPeopleOfColor":31.81,"AcsPopulationDensity":5168.54}},{"type":"Feature","geometry":{"type":"Point","coordinates":[-112.01277,40.66406]},"properties":{"FacName":"HALLMARK CABINET COMPANY- WOOD CABINET AND FURNITURE MANUFACTURING PLANT","FacStreet":"4851 SOUTH WAREHOUSE ROAD","FacCity":"SALT LAKE CITY","FacState":"UT","RegistryID":"110001882455","FacSNCFlg":"N","FacQtrsWithNC":0,"FacInspectionCount":0,"FacFormalActionCount":0,"PercentBelowLowincome3mile":23.81,"PercentPeopleOfColor":42.5,"AcsPopulationDensity":5709.22}},{"type":"Feature","geometry":{"type":"Point","coordinates":[-111.9426,40.74091]},"properties":{"FacName":"HALLMARK MOLDINGS INCORPORATED","FacStreet":"1810 WEST FORTUNE ROAD UNIT F","FacCity":"SALT LAKE CITY","FacState":"UT","RegistryID":"110009508666","FacSNCFlg":"N","FacQtrsWithNC":0,"FacInspectionCount":0,"FacFormalActionCount":0,"PercentBelowLowincome3mile":26.34,"PercentPeopleOfColor":32.49,"AcsPopulationDensity":1999.01}},{"type":"Feature","geometry":{"type":"Point","coordinates":[-111.89797,40.74349]},"properties":{"FacName":"HALVERSON COMPANY","FacStreet":"235 PAXTON AVE","FacCity":"SALT LAKE CITY","FacState":"UT","RegistryID":"110002265192","FacSNCFlg":"N","FacQtrsWithNC":0,"FacInspectionCount":0,"FacFormalActionCount":0,"PercentBelowLowincome3mile":27.23,"PercentPeopleOfColor":32.27,"AcsPopulationDensity":5160.93}},{"type":"Feature","geometry":{"type":"Point","coordinates":[-111.898133,40.743924]},"properties":{"FacName":"HALVERSON COMPANY","FacStreet":"235 W PAXTON AVE","FacCity":"SALT LAKE CITY","FacState":"UT","RegistryID":"110071823058","FacSNCFlg":"N","FacQtrsWithNC":0,"FacInspectionCount":0,"FacFormalActionCount":0,"PercentBelowLowincome3mile":27.3,"PercentPeopleOfColor":32.31,"AcsPopulationDensity":5157.96}},{"type":"Feature","geometry":{"type":"Point","coordinates":[-111.83142,40.72914]},"properties":{"FacName":"HAMBLETON","FacStreet":"2072 EAST WESTMINSTER AVE","FacCity":"SALT LAKE CITY","FacState":"UT","RegistryID":"110071180289","FacSNCFlg":"N","FacQtrsWithNC":0,"FacInspectionCount":0,"FacFormalActionCount":0,"PercentBelowLowincome3mile":20.99,"PercentPeopleOfColor":26.29,"AcsPopulationDensity":4762.1}},{"type":"Feature","geometry":{"type":"Point","coordinates":[-111.9565,40.75787]},"properties":{"FacName":"HAMMON PLATING CORPORATION","FacStreet":"2535 W 500 S","FacCity":"SALT LAKE CITY","FacState":"UT","RegistryID":"110071307915","FacSNCFlg":"N","FacQtrsWithNC":0,"FacInspectionCount":3,"FacFormalActionCount":0,"PercentBelowLowincome3mile":29.96,"PercentPeopleOfColor":25.68,"AcsPopulationDensity":1541.36}},{"type":"Feature","geometry":{"type":"Point","coordinates":[-112.01889,40.73114]},"properties":{"FacName":"HANDSTANDS PROMO","FacStreet":"1770 S 5350 W","FacCity":"SALT LAKE CITY","FacState":"UT","RegistryID":"110070827878","FacSNCFlg":"N","FacQtrsWithNC":null,"FacInspectionCount":0,"FacFormalActionCount":0,"PercentBelowLowincome3mile":null,"PercentPeopleOfColor":null,"AcsPopulationDensity":null}},{"type":"Feature","geometry":{"type":"Point","coordinates":[-112.0131,40.76882]},"properties":{"FacName":"HANDY TRUCK LINE, INC","FacStreet":"30 S 5100 W","FacCity":"SALT LAKE CITY","FacState":"UT","RegistryID":"110046386255","FacSNCFlg":"N","FacQtrsWithNC":0,"FacInspectionCount":1,"FacFormalActionCount":0,"PercentBelowLowincome3mile":32.01,"PercentPeopleOfColor":16.07,"AcsPopulationDensity":100.83}},{"type":"Feature","geometry":{"type":"Point","coordinates":[-112.081263,40.652841]},"properties":{"FacName":"HARPER CONTRACTING","FacStreet":"8201 W 5400 S","FacCity":"SALT LAKE CITY","FacState":"UT","RegistryID":"110041243080","FacSNCFlg":"N","FacQtrsWithNC":0,"FacInspectionCount":0,"FacFormalActionCount":0,"PercentBelowLowincome3mile":21.67,"PercentPeopleOfColor":38.61,"AcsPopulationDensity":1028.36}},{"type":"Feature","geometry":{"type":"Point","coordinates":[-111.95339,40.75801]},"properties":{"FacName":"HARRINGTON TRUCKING INC","FacStreet":"510 SOUTH DELONG STREET","FacCity":"SALT LAKE CITY","FacState":"UT","RegistryID":"110043645927","FacSNCFlg":"N","FacQtrsWithNC":0,"FacInspectionCount":0,"FacFormalActionCount":0,"PercentBelowLowincome3mile":30.11,"PercentPeopleOfColor":26.1,"AcsPopulationDensity":1639.92}},{"type":"Feature","geometry":{"type":"Point","coordinates":[-111.95501,40.74443]},"properties":{"FacName":"HB MANUFACTURING","FacStreet":"1164 S 2475 W","FacCity":"SALT LAKE CITY","FacState":"UT","RegistryID":"110002154016","FacSNCFlg":"N","FacQtrsWithNC":0,"FacInspectionCount":0,"FacFormalActionCount":0,"PercentBelowLowincome3mile":26.84,"PercentPeopleOfColor":32.68,"AcsPopulationDensity":1614.52}},{"type":"Feature","geometry":{"type":"Point","coordinates":[-111.836062,40.773604]},"properties":{"FacName":"HCH PROTON THERAPY CLINIC","FacStreet":"2000 CIRCLE OF HOPE DRIVE","FacCity":"SALT LAKE CITY","FacState":"UT","RegistryID":"110070712095","FacSNCFlg":"N","FacQtrsWithNC":0,"FacInspectionCount":0,"FacFormalActionCount":0,"PercentBelowLowincome3mile":28.54,"PercentPeopleOfColor":34.3,"AcsPopulationDensity":3335.92}},{"type":"Feature","geometry":{"type":"Point","coordinates":[-111.995575,40.731124]},"properties":{"FacName":"HD SUPPLY FACILITIES MAINTENANCE, LTD (UT003-2650)","FacStreet":"1972 S 4370 WEST","FacCity":"SALT LAKE CITY","FacState":"UT","RegistryID":"110031429835","FacSNCFlg":"N","FacQtrsWithNC":0,"FacInspectionCount":0,"FacFormalActionCount":0,"PercentBelowLowincome3mile":29.02,"PercentPeopleOfColor":41.65,"AcsPopulationDensity":1674.31}},{"type":"Feature","geometry":{"type":"Point","coordinates":[-112.03031,40.77853]},"properties":{"FacName":"HEARTHSIDE FOOD SOLUTIONS, INC.","FacStreet":"5850 W AMELIA EARHART DRIVE","FacCity":"SALT LAKE CITY","FacState":"UT","RegistryID":"110071933226","FacSNCFlg":"N","FacQtrsWithNC":0,"FacInspectionCount":0,"FacFormalActionCount":0,"PercentBelowLowincome3mile":27.89,"PercentPeopleOfColor":14.38,"AcsPopulationDensity":78.99}},{"type":"Feature","geometry":{"type":"Point","coordinates":[-111.892483,40.77154]},"properties":{"FacName":"HELAMAN HOLLOW RECREATION CAMP-IRON REMOVAL","FacStreet":"50 E NORTH TEMPLE ST","FacCity":"SALT LAKE CITY","FacState":"UT","RegistryID":"110052899351","FacSNCFlg":"N","FacQtrsWithNC":0,"FacInspectionCount":0,"FacFormalActionCount":0,"PercentBelowLowincome3mile":29.72,"PercentPeopleOfColor":30.62,"AcsPopulationDensity":4658.1}},{"type":"Feature","geometry":{"type":"Point","coordinates":[-111.87906,40.79745]},"properties":{"FacName":"HEMMERSMEIER","FacStreet":"407 CAPITOL OAKS LANE","FacCity":"SALT LAKE CITY","FacState":"UT","RegistryID":"110070706392","FacSNCFlg":"N","FacQtrsWithNC":0,"FacInspectionCount":0,"FacFormalActionCount":0,"PercentBelowLowincome3mile":35.11,"PercentPeopleOfColor":37.12,"AcsPopulationDensity":2970.85}},{"type":"Feature","geometry":{"type":"Point","coordinates":[-111.97521,40.72803]},"properties":{"FacName":"HENKEL","FacStreet":"3540 WEST 1987 SOUTH","FacCity":"SALT LAKE CITY","FacState":"UT","RegistryID":"110037945873","FacSNCFlg":"N","FacQtrsWithNC":0,"FacInspectionCount":1,"FacFormalActionCount":0,"PercentBelowLowincome3mile":28.51,"PercentPeopleOfColor":41.04,"AcsPopulationDensity":2194.68}},{"type":"Feature","geometry":{"type":"Point","coordinates":[-111.97553,40.728]},"properties":{"FacName":"HENKEL CORPORATION U.S. OPERATIONS","FacStreet":"3540 WEST 1987 SOUTH","FacCity":"SALT LAKE CITY","FacState":"UT","RegistryID":"110063109130","FacSNCFlg":"N","FacQtrsWithNC":0,"FacInspectionCount":0,"FacFormalActionCount":0,"PercentBelowLowincome3mile":28.52,"PercentPeopleOfColor":41.04,"AcsPopulationDensity":2195.34}},{"type":"Feature","geometry":{"type":"Point","coordinates":[-112.005757,40.731658]},"properties":{"FacName":"HENRIES CLEANERS","FacStreet":"1781 EAST 4800 SOUTH","FacCity":"SALT LAKE CITY","FacState":"UT","RegistryID":"110005199445","FacSNCFlg":"N","FacQtrsWithNC":0,"FacInspectionCount":0,"FacFormalActionCount":0,"PercentBelowLowincome3mile":28.88,"PercentPeopleOfColor":42.31,"AcsPopulationDensity":1528.8}},{"type":"Feature","geometry":{"type":"Point","coordinates":[-111.88433,40.76289]},"properties":{"FacName":"HENRIES CLEANERS","FacStreet":"223 E 300 S","FacCity":"SALT LAKE CITY","FacState":"UT","RegistryID":"110002263238","FacSNCFlg":"N","FacQtrsWithNC":0,"FacInspectionCount":0,"FacFormalActionCount":0,"PercentBelowLowincome3mile":28.01,"PercentPeopleOfColor":31.05,"AcsPopulationDensity":5106.95}},{"type":"Feature","geometry":{"type":"Point","coordinates":[-111.86501,40.71268]},"properties":{"FacName":"HERITAGE CLEANERS","FacStreet":"909 EAST 2700 SOUTH","FacCity":"SALT LAKE CITY","FacState":"UT","RegistryID":"110005195172","FacSNCFlg":"N","FacQtrsWithNC":0,"FacInspectionCount":0,"FacFormalActionCount":0,"PercentBelowLowincome3mile":20.32,"PercentPeopleOfColor":22.94,"AcsPopulationDensity":5609.32}},{"type":"Feature","geometry":{"type":"Point","coordinates":[-111.87299,40.76718]},"properties":{"FacName":"HERO PROPERTY MANAGEMENT","FacStreet":"623 E 100 S SUITE 2","FacCity":"SALT LAKE CITY","FacState":"UT","RegistryID":"110072071813","FacSNCFlg":"N","FacQtrsWithNC":null,"FacInspectionCount":1,"FacFormalActionCount":0,"PercentBelowLowincome3mile":28.39,"PercentPeopleOfColor":31.16,"AcsPopulationDensity":4712.02}},{"type":"Feature","geometry":{"type":"Point","coordinates":[-112.02445,40.510437]},"properties":{"FacName":"HERRIMAN CORNER COMMERCIAL SUBDIVISION LOT 4","FacStreet":"13348 S ROSECREST RD","FacCity":"SALT LAKE CITY","FacState":"UT","RegistryID":"110070709257","FacSNCFlg":"N","FacQtrsWithNC":0,"FacInspectionCount":0,"FacFormalActionCount":0,"PercentBelowLowincome3mile":24.98,"PercentPeopleOfColor":38.89,"AcsPopulationDensity":1631.98}},{"type":"Feature","geometry":{"type":"Point","coordinates":[-111.980083,40.782864]},"properties":{"FacName":"HERTZ CORPORATION","FacStreet":"681 NORTH 3800 WEST","FacCity":"SALT LAKE CITY","FacState":"UT","RegistryID":"110064114159","FacSNCFlg":"N","FacQtrsWithNC":0,"FacInspectionCount":0,"FacFormalActionCount":0,"PercentBelowLowincome3mile":37.46,"PercentPeopleOfColor":20.69,"AcsPopulationDensity":687.32}},{"type":"Feature","geometry":{"type":"Point","coordinates":[-111.94772,40.73776]},"properties":{"FacName":"HERTZ EQUIPMENT RENTAL CORPORATION","FacStreet":"2006 W 1500 S","FacCity":"SALT LAKE CITY","FacState":"UT","RegistryID":"110002286295","FacSNCFlg":"N","FacQtrsWithNC":0,"FacInspectionCount":0,"FacFormalActionCount":0,"PercentBelowLowincome3mile":26.52,"PercentPeopleOfColor":35.98,"AcsPopulationDensity":1963.82}},{"type":"Feature","geometry":{"type":"Point","coordinates":[-112.054074,40.653604]},"properties":{"FacName":"HEXCEL CORPORATION: SALT LAKE OPERATIONS","FacStreet":"6800 W 5400 S","FacCity":"WEST VALLEY CITY","FacState":"UT","RegistryID":"110020094351","FacSNCFlg":"N","FacQtrsWithNC":1,"FacInspectionCount":8,"FacFormalActionCount":0,"PercentBelowLowincome3mile":24.16,"PercentPeopleOfColor":44.16,"AcsPopulationDensity":3087.21}},{"type":"Feature","geometry":{"type":"Point","coordinates":[-111.89398,40.72418]},"properties":{"FacName":"HI GRADE MEATS INCORPORATED","FacStreet":"2160 SOUTH WEST TEMPLE","FacCity":"SALT LAKE CITY","FacState":"UT","RegistryID":"110015657412","FacSNCFlg":"N","FacQtrsWithNC":0,"FacInspectionCount":0,"FacFormalActionCount":0,"PercentBelowLowincome3mile":21.74,"PercentPeopleOfColor":26.87,"AcsPopulationDensity":4621.3}},{"type":"Feature","geometry":{"type":"Point","coordinates":[-111.976151,40.738139]},"properties":{"FacName":"HIGH WEST DISTILLERY","FacStreet":"3555 W 1500 S","FacCity":"SALT LAKE CITY","FacState":"UT","RegistryID":"110071708261","FacSNCFlg":"N","FacQtrsWithNC":0,"FacInspectionCount":0,"FacFormalActionCount":0,"PercentBelowLowincome3mile":29.3,"PercentPeopleOfColor":38.49,"AcsPopulationDensity":1406.13}},{"type":"Feature","geometry":{"type":"Point","coordinates":[-111.84198,40.72431]},"properties":{"FacName":"HIGHLAND HIGH SCHOOL","FacStreet":"2166 SOUTH 1700 EAST","FacCity":"SALT LAKE CITY","FacState":"UT","RegistryID":"110011667017","FacSNCFlg":"N","FacQtrsWithNC":0,"FacInspectionCount":0,"FacFormalActionCount":0,"PercentBelowLowincome3mile":20.45,"PercentPeopleOfColor":24.93,"AcsPopulationDensity":5394.09}},{"type":"Feature","geometry":{"type":"Point","coordinates":[-111.89398,40.72418]},"properties":{"FacName":"HIGRADE APARTMENTS","FacStreet":"2160 SOUTH WEST TEMPLE","FacCity":"SALT LAKE CITY","FacState":"UT","RegistryID":"110070705820","FacSNCFlg":"N","FacQtrsWithNC":0,"FacInspectionCount":0,"FacFormalActionCount":0,"PercentBelowLowincome3mile":21.74,"PercentPeopleOfColor":26.87,"AcsPopulationDensity":4621.3}},{"type":"Feature","geometry":{"type":"Point","coordinates":[-111.892483,40.77154]},"properties":{"FacName":"HILLIARD WARD (LDS CHURCH)-WATER TREATMENT PLANT","FacStreet":"50 EAST NORTH TEMPLE STREET, 12TH FLOOR","FacCity":"SALT LAKE CITY","FacState":"UT","RegistryID":"110050583472","FacSNCFlg":"N","FacQtrsWithNC":9,"FacInspectionCount":0,"FacFormalActionCount":2,"PercentBelowLowincome3mile":29.72,"PercentPeopleOfColor":30.62,"AcsPopulationDensity":4658.1}},{"type":"Feature","geometry":{"type":"Point","coordinates":[-111.8997,40.71117]},"properties":{"FacName":"HINCKLEY DODGE BODY SHOP","FacStreet":"2775 SOUTH 300 WEST","FacCity":"SALT LAKE CITY","FacState":"UT","RegistryID":"110002262863","FacSNCFlg":"N","FacQtrsWithNC":0,"FacInspectionCount":0,"FacFormalActionCount":0,"PercentBelowLowincome3mile":22.61,"PercentPeopleOfColor":32.1,"AcsPopulationDensity":4511.57}},{"type":"Feature","geometry":{"type":"Point","coordinates":[-111.88826,40.72098]},"properties":{"FacName":"HINCKLEY DODGE INCORPORATED","FacStreet":"2309 SOUTH STATE STREET","FacCity":"SALT LAKE CITY","FacState":"UT","RegistryID":"110002285358","FacSNCFlg":"N","FacQtrsWithNC":0,"FacInspectionCount":0,"FacFormalActionCount":0,"PercentBelowLowincome3mile":21.71,"PercentPeopleOfColor":27.48,"AcsPopulationDensity":4765.4}},{"type":"Feature","geometry":{"type":"Point","coordinates":[-112.016051,40.763279]},"properties":{"FacName":"HK SYSTEMS SALT LAKE MANUFACTURING FACILITY","FacStreet":"265 SOUTH 5200 WEST","FacCity":"SALT LAKE CITY","FacState":"UT","RegistryID":"110028718092","FacSNCFlg":"N","FacQtrsWithNC":0,"FacInspectionCount":0,"FacFormalActionCount":0,"PercentBelowLowincome3mile":32.11,"PercentPeopleOfColor":19.07,"AcsPopulationDensity":107.27}},{"type":"Feature","geometry":{"type":"Point","coordinates":[-111.8217,40.7592]},"properties":{"FacName":"HMHI TRANSITIONAL RESEARCH BUILDING","FacStreet":"501 SOUTH CHIPETA WAY","FacCity":"SALT LAKE CITY","FacState":"UT","RegistryID":"110071444193","FacSNCFlg":"N","FacQtrsWithNC":0,"FacInspectionCount":0,"FacFormalActionCount":0,"PercentBelowLowincome3mile":25.92,"PercentPeopleOfColor":34.22,"AcsPopulationDensity":3092.38}},{"type":"Feature","geometry":{"type":"Point","coordinates":[-111.85249,40.7056]},"properties":{"FacName":"HOGGAN CABIN","FacStreet":"6954 EAST MOUNT AIRE ROAD 86","FacCity":"SALT LAKE CITY","FacState":"UT","RegistryID":"110070705467","FacSNCFlg":"N","FacQtrsWithNC":0,"FacInspectionCount":0,"FacFormalActionCount":0,"PercentBelowLowincome3mile":20,"PercentPeopleOfColor":22.81,"AcsPopulationDensity":5648.49}},{"type":"Feature","geometry":{"type":"Point","coordinates":[-111.97462,40.71847]},"properties":{"FacName":"HOHMANN & BARNARD - UTAH","FacStreet":"3498 WEST 2400 SOUTH","FacCity":"SALT LAKE CITY","FacState":"UT","RegistryID":"110071248931","FacSNCFlg":"N","FacQtrsWithNC":0,"FacInspectionCount":0,"FacFormalActionCount":0,"PercentBelowLowincome3mile":26.35,"PercentPeopleOfColor":43.06,"AcsPopulationDensity":2961.9}},{"type":"Feature","geometry":{"type":"Point","coordinates":[-112.0123,40.7746]},"properties":{"FacName":"HOLIDAY INN \/ CANDLEWOOD SUITES","FacStreet":"263 N. CHARLES LINDBERG DR","FacCity":"SALT LAKE CITY","FacState":"UT","RegistryID":"110071863127","FacSNCFlg":"N","FacQtrsWithNC":0,"FacInspectionCount":0,"FacFormalActionCount":0,"PercentBelowLowincome3mile":31.14,"PercentPeopleOfColor":14.64,"AcsPopulationDensity":96.13}},{"type":"Feature","geometry":{"type":"Point","coordinates":[-111.82311,40.66718]},"properties":{"FacName":"HOLLADAY CLEANERS INC","FacStreet":"4720 SOUTH HOLLADAY BLVD","FacCity":"SALT LAKE CITY","FacState":"UT","RegistryID":"110005204778","FacSNCFlg":"N","FacQtrsWithNC":0,"FacInspectionCount":0,"FacFormalActionCount":0,"PercentBelowLowincome3mile":26.22,"PercentPeopleOfColor":27.35,"AcsPopulationDensity":4191.58}},{"type":"Feature","geometry":{"type":"Point","coordinates":[-111.83814,40.67427]},"properties":{"FacName":"HOLLIDAY WATER COMPANY","FacStreet":"1887 E 4500 S","FacCity":"HOLLADAY","FacState":"UT","RegistryID":"110017904794","FacSNCFlg":"N","FacQtrsWithNC":0,"FacInspectionCount":0,"FacFormalActionCount":0,"PercentBelowLowincome3mile":23.41,"PercentPeopleOfColor":25.82,"AcsPopulationDensity":5065.82}},{"type":"Feature","geometry":{"type":"Point","coordinates":[-111.89976,40.68379]},"properties":{"FacName":"HOME DEPOT DC #5937","FacStreet":"2302 S COMMERCE CENTER DRIVE","FacCity":"SALT LAKE CITY","FacState":"UT","RegistryID":"110071228866","FacSNCFlg":"N","FacQtrsWithNC":0,"FacInspectionCount":0,"FacFormalActionCount":0,"PercentBelowLowincome3mile":23.1,"PercentPeopleOfColor":34.46,"AcsPopulationDensity":5289.49}},{"type":"Feature","geometry":{"type":"Point","coordinates":[-111.85309,40.623]},"properties":{"FacName":"HOME DEPOT STORE #4402","FacStreet":"1310 E PARK CENTRE DR","FacCity":"SALT LAKE CITY","FacState":"UT","RegistryID":"110002154374","FacSNCFlg":"N","FacQtrsWithNC":0,"FacInspectionCount":0,"FacFormalActionCount":0,"PercentBelowLowincome3mile":21.89,"PercentPeopleOfColor":26.79,"AcsPopulationDensity":4963.26}},{"type":"Feature","geometry":{"type":"Point","coordinates":[-111.90117,40.72542]},"properties":{"FacName":"HOME DEPOT STORE #4403","FacStreet":"328 WEST 2100 SOUTH","FacCity":"SALT LAKE CITY","FacState":"UT","RegistryID":"110008177267","FacSNCFlg":"N","FacQtrsWithNC":0,"FacInspectionCount":0,"FacFormalActionCount":0,"PercentBelowLowincome3mile":21.19,"PercentPeopleOfColor":27.02,"AcsPopulationDensity":4293.32}},{"type":"Feature","geometry":{"type":"Point","coordinates":[-111.849896,40.697591]},"properties":{"FacName":"HOME DEPOT STORE #4413","FacStreet":"3398 SOUTH HIGHLAND DRIVE","FacCity":"SALT LAKE CITY","FacState":"UT","RegistryID":"110032992803","FacSNCFlg":"N","FacQtrsWithNC":0,"FacInspectionCount":0,"FacFormalActionCount":0,"PercentBelowLowincome3mile":21.82,"PercentPeopleOfColor":25.12,"AcsPopulationDensity":5652.03}},{"type":"Feature","geometry":{"type":"Point","coordinates":[-111.890741,40.701591]},"properties":{"FacName":"HOMERIVER GROUP PROPERTY MANAGEMENT","FacStreet":"3195 S. MAIN STREET ~ SUITE 100","FacCity":"SALT LAKE CITY","FacState":"UT","RegistryID":"110071497798","FacSNCFlg":"N","FacQtrsWithNC":null,"FacInspectionCount":1,"FacFormalActionCount":0,"PercentBelowLowincome3mile":22.95,"PercentPeopleOfColor":31.41,"AcsPopulationDensity":5072.34}},{"type":"Feature","geometry":{"type":"Point","coordinates":[-112.01057,40.77143]},"properties":{"FacName":"HOMEWOOD SUITES","FacStreet":"4923 WEST DOUGLAS CORRIGAN WAY","FacCity":"SALT LAKE CITY","FacState":"UT","RegistryID":"110070709289","FacSNCFlg":"N","FacQtrsWithNC":0,"FacInspectionCount":0,"FacFormalActionCount":0,"PercentBelowLowincome3mile":31.86,"PercentPeopleOfColor":15.42,"AcsPopulationDensity":100.27}},{"type":"Feature","geometry":{"type":"Point","coordinates":[-111.8424,40.6893]},"properties":{"FacName":"HONEYCUT HOLLOW SUBDIVISION","FacStreet":"3825 S ARROYO RD","FacCity":"SALT LAKE CITY","FacState":"UT","RegistryID":"UTRC12391","FacSNCFlg":"N","FacQtrsWithNC":0,"FacInspectionCount":0,"FacFormalActionCount":0,"PercentBelowLowincome3mile":null,"PercentPeopleOfColor":null,"AcsPopulationDensity":null}},{"type":"Feature","geometry":{"type":"Point","coordinates":[-112.000278,40.723611]},"properties":{"FacName":"HONEYWELL ELECTONIC MATERIALS - SALT LAKE CITY","FacStreet":"4603 WEST 2100 SOUTH","FacCity":"SALT LAKE CITY","FacState":"UT","RegistryID":"110000469644","FacSNCFlg":"N","FacQtrsWithNC":0,"FacInspectionCount":0,"FacFormalActionCount":1,"PercentBelowLowincome3mile":27.21,"PercentPeopleOfColor":41.13,"AcsPopulationDensity":2314.75}},{"type":"Feature","geometry":{"type":"Point","coordinates":[-112.00116,40.72557]},"properties":{"FacName":"HONEYWELL ELECTRONIC MATERIALS","FacStreet":"4603 WEST 2100 SOUTH","FacCity":"SALT LAKE CITY","FacState":"UT","RegistryID":"110060369587","FacSNCFlg":"N","FacQtrsWithNC":0,"FacInspectionCount":1,"FacFormalActionCount":0,"PercentBelowLowincome3mile":27.59,"PercentPeopleOfColor":40.85,"AcsPopulationDensity":2125.18}},{"type":"Feature","geometry":{"type":"Point","coordinates":[-111.7548,40.7798]},"properties":{"FacName":"HOOGLAND RESIDENCE","FacStreet":"475 NORTH OLD OAK ROAD","FacCity":"SALT LAKE CITY","FacState":"UT","RegistryID":"110071377051","FacSNCFlg":"N","FacQtrsWithNC":0,"FacInspectionCount":0,"FacFormalActionCount":0,"PercentBelowLowincome3mile":10.33,"PercentPeopleOfColor":9.37,"AcsPopulationDensity":22.33}},{"type":"Feature","geometry":{"type":"Point","coordinates":[-111.903439,40.778048]},"properties":{"FacName":"HORIZON SNACK FOODS","FacStreet":"443 WEST 400 NORTH","FacCity":"SALT LAKE CITY","FacState":"UT","RegistryID":"110014406847","FacSNCFlg":"N","FacQtrsWithNC":0,"FacInspectionCount":0,"FacFormalActionCount":0,"PercentBelowLowincome3mile":31.91,"PercentPeopleOfColor":31.52,"AcsPopulationDensity":4173.35}},{"type":"Feature","geometry":{"type":"Point","coordinates":[-112.00586,40.78221]},"properties":{"FacName":"HOYT ARCHERY","FacStreet":"593 NORTH WRIGHT BROTHERS DRIVE","FacCity":"SALT LAKE CITY","FacState":"UT","RegistryID":"110055948505","FacSNCFlg":"N","FacQtrsWithNC":0,"FacInspectionCount":0,"FacFormalActionCount":0,"PercentBelowLowincome3mile":30.94,"PercentPeopleOfColor":12.62,"AcsPopulationDensity":95.93}},{"type":"Feature","geometry":{"type":"Point","coordinates":[-112.00586,40.78221]},"properties":{"FacName":"HOYT ARCHERY INC.","FacStreet":"593 N WRIGHT BROTHERS DRIVE","FacCity":"SALT LAKE CITY","FacState":"UT","RegistryID":"110070840105","FacSNCFlg":"N","FacQtrsWithNC":0,"FacInspectionCount":0,"FacFormalActionCount":0,"PercentBelowLowincome3mile":30.94,"PercentPeopleOfColor":12.62,"AcsPopulationDensity":95.93}},{"type":"Feature","geometry":{"type":"Point","coordinates":[-112.00586,40.78221]},"properties":{"FacName":"HOYT ARCHERY, INC.","FacStreet":"593 NORTH WRIGHT BROTHER DRIVE","FacCity":"SALT LAKE CITY","FacState":"UT","RegistryID":"110071923539","FacSNCFlg":"N","FacQtrsWithNC":0,"FacInspectionCount":0,"FacFormalActionCount":0,"PercentBelowLowincome3mile":30.94,"PercentPeopleOfColor":12.62,"AcsPopulationDensity":95.93}},{"type":"Feature","geometry":{"type":"Point","coordinates":[-112.0232,40.759]},"properties":{"FacName":"HQF BUILDING D","FacStreet":"473 S 5600 W","FacCity":"SALT LAKE CITY","FacState":"UT","RegistryID":"110071884980","FacSNCFlg":"N","FacQtrsWithNC":0,"FacInspectionCount":0,"FacFormalActionCount":0,"PercentBelowLowincome3mile":30.68,"PercentPeopleOfColor":24.17,"AcsPopulationDensity":114.96}},{"type":"Feature","geometry":{"type":"Point","coordinates":[-111.8952,40.7704]},"properties":{"FacName":"HQF CAMPUS CONCRETE REPLACEMENT","FacStreet":"50 EAST NORTH TEMPLE STREET","FacCity":"SALT LAKE CITY","FacState":"UT","RegistryID":"110071439242","FacSNCFlg":"N","FacQtrsWithNC":0,"FacInspectionCount":0,"FacFormalActionCount":0,"PercentBelowLowincome3mile":29.65,"PercentPeopleOfColor":30.35,"AcsPopulationDensity":4680.15}},{"type":"Feature","geometry":{"type":"Point","coordinates":[-111.992408,40.73072]},"properties":{"FacName":"HSB STONE CUTTING YARD","FacStreet":"1765 S 4250 W","FacCity":"SALT LAKE CITY","FacState":"UT","RegistryID":"110071362856","FacSNCFlg":"N","FacQtrsWithNC":0,"FacInspectionCount":0,"FacFormalActionCount":0,"PercentBelowLowincome3mile":29.39,"PercentPeopleOfColor":41.58,"AcsPopulationDensity":1732.99}},{"type":"Feature","geometry":{"type":"Point","coordinates":[-111.85654,40.70709]},"properties":{"FacName":"HUDSON 1204","FacStreet":"1204 EAST HUDSON AVE","FacCity":"SALT LAKE CITY","FacState":"UT","RegistryID":"110070696772","FacSNCFlg":"N","FacQtrsWithNC":0,"FacInspectionCount":0,"FacFormalActionCount":0,"PercentBelowLowincome3mile":20.1,"PercentPeopleOfColor":22.74,"AcsPopulationDensity":5634.18}},{"type":"Feature","geometry":{"type":"Point","coordinates":[-111.766,40.7662]},"properties":{"FacName":"HUGHES GARAGE","FacStreet":"5757 EMIGRATION CANYON ROAD","FacCity":"SALT LAKE CITY","FacState":"UT","RegistryID":"110071728441","FacSNCFlg":"N","FacQtrsWithNC":0,"FacInspectionCount":0,"FacFormalActionCount":0,"PercentBelowLowincome3mile":20.13,"PercentPeopleOfColor":30.23,"AcsPopulationDensity":130.96}},{"type":"Feature","geometry":{"type":"Point","coordinates":[-111.9471,40.8215]},"properties":{"FacName":"HUNTER ARENA","FacStreet":"2441 N. ROSE PARK LN.","FacCity":"SALT LAKE CITY","FacState":"UT","RegistryID":"110070946777","FacSNCFlg":"N","FacQtrsWithNC":0,"FacInspectionCount":0,"FacFormalActionCount":0,"PercentBelowLowincome3mile":36.3,"PercentPeopleOfColor":19.93,"AcsPopulationDensity":995.47}},{"type":"Feature","geometry":{"type":"Point","coordinates":[-112.03093,40.7717]},"properties":{"FacName":"HUNTER DOUGLAS FABRICATION INC","FacStreet":"111 N APOLLO DR.","FacCity":"SALT LAKE CITY","FacState":"UT","RegistryID":"110070325722","FacSNCFlg":"N","FacQtrsWithNC":0,"FacInspectionCount":1,"FacFormalActionCount":0,"PercentBelowLowincome3mile":29.13,"PercentPeopleOfColor":15.88,"AcsPopulationDensity":83.82}},{"type":"Feature","geometry":{"type":"Point","coordinates":[-111.905445,40.674927]},"properties":{"FacName":"HYDRAULIC CONTROLS INCORPORATED","FacStreet":"4477 S 500 W","FacCity":"SALT LAKE CITY","FacState":"UT","RegistryID":"110002262818","FacSNCFlg":"N","FacQtrsWithNC":0,"FacInspectionCount":0,"FacFormalActionCount":0,"PercentBelowLowincome3mile":22.95,"PercentPeopleOfColor":36.33,"AcsPopulationDensity":5124.79}},{"type":"Feature","geometry":{"type":"Point","coordinates":[-111.9149,40.71499]},"properties":{"FacName":"HYDRO ENGINEERING INC","FacStreet":"865 W 2600 S","FacCity":"SALT LAKE CITY","FacState":"UT","RegistryID":"110070321639","FacSNCFlg":"N","FacQtrsWithNC":0,"FacInspectionCount":0,"FacFormalActionCount":0,"PercentBelowLowincome3mile":22.72,"PercentPeopleOfColor":33.78,"AcsPopulationDensity":3925.55}},{"type":"Feature","geometry":{"type":"Point","coordinates":[-111.978743,40.727648]},"properties":{"FacName":"HYDRO HEALTH LLC","FacStreet":"3653 W 1987 S","FacCity":"SALT LAKE CITY","FacState":"UT","RegistryID":"110070945323","FacSNCFlg":"N","FacQtrsWithNC":null,"FacInspectionCount":0,"FacFormalActionCount":2,"PercentBelowLowincome3mile":28.55,"PercentPeopleOfColor":41.08,"AcsPopulationDensity":2201.32}},{"type":"Feature","geometry":{"type":"Point","coordinates":[-111.9503,40.7283]},"properties":{"FacName":"I-215; SR-201 TO NORTH TEMPLE","FacStreet":"I-215; SR-201 TO NORTH TEMPLE","FacCity":"SALT LAKE CITY","FacState":"UT","RegistryID":"110071997665","FacSNCFlg":"N","FacQtrsWithNC":0,"FacInspectionCount":0,"FacFormalActionCount":0,"PercentBelowLowincome3mile":25.83,"PercentPeopleOfColor":38.79,"AcsPopulationDensity":2394.75}},{"type":"Feature","geometry":{"type":"Point","coordinates":[-111.7453,40.7348]},"properties":{"FacName":"I-80 SOUTH QUARRY","FacStreet":"5602 EAST I-80 E FWY","FacCity":"SALT LAKE CITY","FacState":"UT","RegistryID":"110071204871","FacSNCFlg":"N","FacQtrsWithNC":0,"FacInspectionCount":1,"FacFormalActionCount":0,"PercentBelowLowincome3mile":21.65,"PercentPeopleOfColor":11.52,"AcsPopulationDensity":35.98}},{"type":"Feature","geometry":{"type":"Point","coordinates":[-111.8536,40.7197]},"properties":{"FacName":"I-80; 1300 E TO 2300 E I-215; 3300 S TO 4500 S","FacStreet":"I-80; 1300 E TO 2300 E & I-215; 3300 S TO 4500 S","FacCity":"SALT LAKE CITY","FacState":"UT","RegistryID":"110070939205","FacSNCFlg":"N","FacQtrsWithNC":0,"FacInspectionCount":2,"FacFormalActionCount":1,"PercentBelowLowincome3mile":20.46,"PercentPeopleOfColor":23.68,"AcsPopulationDensity":5637.55}},{"type":"Feature","geometry":{"type":"Point","coordinates":[-111.90547,40.68267]},"properties":{"FacName":"IC GROUP - IC SECURITY PRINTERS INC.","FacStreet":"4080 S  500 W SUITE 300","FacCity":"SALT LAKE CITY","FacState":"UT","RegistryID":"110000469662","FacSNCFlg":"N","FacQtrsWithNC":1,"FacInspectionCount":1,"FacFormalActionCount":0,"PercentBelowLowincome3mile":23.25,"PercentPeopleOfColor":36.44,"AcsPopulationDensity":5194.33}},{"type":"Feature","geometry":{"type":"Point","coordinates":[-111.9045,40.777]},"properties":{"FacName":"ICE HOUSE","FacStreet":"300 N 450 W","FacCity":"SALT LAKE CITY","FacState":"UT","RegistryID":"110070940893","FacSNCFlg":"N","FacQtrsWithNC":0,"FacInspectionCount":1,"FacFormalActionCount":0,"PercentBelowLowincome3mile":31.74,"PercentPeopleOfColor":31.4,"AcsPopulationDensity":4192.46}},{"type":"Feature","geometry":{"type":"Point","coordinates":[-111.9525,40.7313]},"properties":{"FacName":"IMAGEFIRST OF NEVADA, LLC","FacStreet":"2295 WEST CUSTER ROAD","FacCity":"SALT LAKE CITY","FacState":"UT","RegistryID":"110071919357","FacSNCFlg":"N","FacQtrsWithNC":0,"FacInspectionCount":0,"FacFormalActionCount":0,"PercentBelowLowincome3mile":26.31,"PercentPeopleOfColor":38.04,"AcsPopulationDensity":2223.61}},{"type":"Feature","geometry":{"type":"Point","coordinates":[-111.954707,40.837732]},"properties":{"FacName":"IMPACT SIGNS INC","FacStreet":"3270 WEST 2200 SOUTH","FacCity":"SALT LAKE CITY","FacState":"UT","RegistryID":"110005206384","FacSNCFlg":"N","FacQtrsWithNC":0,"FacInspectionCount":0,"FacFormalActionCount":0,"PercentBelowLowincome3mile":32.03,"PercentPeopleOfColor":18.04,"AcsPopulationDensity":689.75}},{"type":"Feature","geometry":{"type":"Point","coordinates":[-111.92211,40.75131]},"properties":{"FacName":"INDIANA AVENUE JORDAN RIVER BRIDGE REHABILITATION","FacStreet":"800 NORTH 1100 WEST","FacCity":"SALT LAKE CITY","FacState":"UT","RegistryID":"110070710385","FacSNCFlg":"N","FacQtrsWithNC":0,"FacInspectionCount":0,"FacFormalActionCount":0,"PercentBelowLowincome3mile":27.88,"PercentPeopleOfColor":27.27,"AcsPopulationDensity":3542.56}},{"type":"Feature","geometry":{"type":"Point","coordinates":[-111.892483,40.77154]},"properties":{"FacName":"INDIANOLA LDS CHAPEL-HYPOCHLORINATOR  (IRON MANGANESE)","FacStreet":"50 E NORTH TEMPLE ST","FacCity":"SALT LAKE CITY","FacState":"UT","RegistryID":"110052864254","FacSNCFlg":"N","FacQtrsWithNC":8,"FacInspectionCount":0,"FacFormalActionCount":0,"PercentBelowLowincome3mile":29.72,"PercentPeopleOfColor":30.62,"AcsPopulationDensity":4658.1}},{"type":"Feature","geometry":{"type":"Point","coordinates":[-111.89969,40.73399]},"properties":{"FacName":"INDUSTRIAL SUPPLY CO","FacStreet":"1635 S 300 W","FacCity":"SALT LAKE CITY","FacState":"UT","RegistryID":"110002264772","FacSNCFlg":"N","FacQtrsWithNC":0,"FacInspectionCount":0,"FacFormalActionCount":0,"PercentBelowLowincome3mile":24.38,"PercentPeopleOfColor":28.83,"AcsPopulationDensity":4873.36}},{"type":"Feature","geometry":{"type":"Point","coordinates":[-111.90412,40.7563]},"properties":{"FacName":"INDUSTRY NEIGHBORHOOD PARKING STRUCTURE","FacStreet":"461 W 600 S","FacCity":"SALT LAKE CITY","FacState":"UT","RegistryID":"110071181440","FacSNCFlg":"N","FacQtrsWithNC":0,"FacInspectionCount":0,"FacFormalActionCount":0,"PercentBelowLowincome3mile":28.46,"PercentPeopleOfColor":31.13,"AcsPopulationDensity":4949.13}},{"type":"Feature","geometry":{"type":"Point","coordinates":[-111.9061,40.756]},"properties":{"FacName":"INDUSTRY SLC - STAGE 5","FacStreet":"513 W 600 S","FacCity":"SALT LAKE CITY","FacState":"UT","RegistryID":"110071252798","FacSNCFlg":"N","FacQtrsWithNC":0,"FacInspectionCount":0,"FacFormalActionCount":0,"PercentBelowLowincome3mile":28.5,"PercentPeopleOfColor":31.19,"AcsPopulationDensity":4880.6}},{"type":"Feature","geometry":{"type":"Point","coordinates":[-111.98447,40.73647]},"properties":{"FacName":"INMAR RX SOLUTIONS","FacStreet":"3907 W. NINIGRET DR.","FacCity":"SALT LAKE CITY","FacState":"UT","RegistryID":"110071355507","FacSNCFlg":"N","FacQtrsWithNC":0,"FacInspectionCount":0,"FacFormalActionCount":0,"PercentBelowLowincome3mile":30.9,"PercentPeopleOfColor":40.25,"AcsPopulationDensity":1349.41}},{"type":"Feature","geometry":{"type":"Point","coordinates":[-111.891121,40.7081]},"properties":{"FacName":"INNOSYS INC.","FacStreet":"2900 SOUTH MAIN STREET","FacCity":"SALT LAKE CITY","FacState":"UT","RegistryID":"110041685236","FacSNCFlg":"N","FacQtrsWithNC":0,"FacInspectionCount":1,"FacFormalActionCount":1,"PercentBelowLowincome3mile":22.68,"PercentPeopleOfColor":30.56,"AcsPopulationDensity":4798.89}},{"type":"Feature","geometry":{"type":"Point","coordinates":[-111.978889,40.730882]},"properties":{"FacName":"INNOSYS INC.","FacStreet":"3622 WEST 1820 SOUTH","FacCity":"SALT LAKE CITY","FacState":"UT","RegistryID":"110005211984","FacSNCFlg":"N","FacQtrsWithNC":0,"FacInspectionCount":0,"FacFormalActionCount":0,"PercentBelowLowincome3mile":29.27,"PercentPeopleOfColor":40.42,"AcsPopulationDensity":1901.13}},{"type":"Feature","geometry":{"type":"Point","coordinates":[-111.8789,40.7533]},"properties":{"FacName":"INNOVATION PARK AT LIBERTY WELLS","FacStreet":"700 S 400 E","FacCity":"SALT LAKE CITY","FacState":"UT","RegistryID":"110071784754","FacSNCFlg":"N","FacQtrsWithNC":0,"FacInspectionCount":0,"FacFormalActionCount":0,"PercentBelowLowincome3mile":27.38,"PercentPeopleOfColor":31.57,"AcsPopulationDensity":5367.58}},{"type":"Feature","geometry":{"type":"Point","coordinates":[-111.98636,40.734423]},"properties":{"FacName":"INTELLIBED HEADQUARTERS","FacStreet":"1680 S DISTRIBUTION DRIVE","FacCity":"SALT LAKE CITY","FacState":"UT","RegistryID":"110071358620","FacSNCFlg":"N","FacQtrsWithNC":0,"FacInspectionCount":0,"FacFormalActionCount":0,"PercentBelowLowincome3mile":30.71,"PercentPeopleOfColor":41.61,"AcsPopulationDensity":1485.15}},{"type":"Feature","geometry":{"type":"Point","coordinates":[-111.892483,40.77154]},"properties":{"FacName":"INTERLACHEN LDS MEETINGHOUSE-WTP1","FacStreet":"50 E. NORTH TEMPLE ST","FacCity":"SALT LAKE CITY","FacState":"UT","RegistryID":"110070785868","FacSNCFlg":"N","FacQtrsWithNC":1,"FacInspectionCount":0,"FacFormalActionCount":0,"PercentBelowLowincome3mile":29.72,"PercentPeopleOfColor":30.62,"AcsPopulationDensity":4658.1}},{"type":"Feature","geometry":{"type":"Point","coordinates":[-112.00577,40.73817]},"properties":{"FacName":"INTERLINE BRANDS","FacStreet":"1420 SOUTH 4800 WEST SUITE D","FacCity":"SALT LAKE CITY","FacState":"UT","RegistryID":"110045429087","FacSNCFlg":"N","FacQtrsWithNC":0,"FacInspectionCount":0,"FacFormalActionCount":0,"PercentBelowLowincome3mile":28.39,"PercentPeopleOfColor":40.04,"AcsPopulationDensity":936.78}},{"type":"Feature","geometry":{"type":"Point","coordinates":[-111.892243,40.656483]},"properties":{"FacName":"INTERMOUNTAIN CENTRAL LABORATORY","FacStreet":"5252 SOUTH INTERMOUNTAIN DRIVE","FacCity":"SALT LAKE CITY","FacState":"UT","RegistryID":"110071261990","FacSNCFlg":"N","FacQtrsWithNC":0,"FacInspectionCount":1,"FacFormalActionCount":0,"PercentBelowLowincome3mile":21.59,"PercentPeopleOfColor":30.67,"AcsPopulationDensity":5337.07}},{"type":"Feature","geometry":{"type":"Point","coordinates":[-111.897262,40.68484]},"properties":{"FacName":"INTERMOUNTAIN COATING INC","FacStreet":"4033 SOUTH 210 WEST","FacCity":"SALT LAKE CITY","FacState":"UT","RegistryID":"110008173840","FacSNCFlg":"N","FacQtrsWithNC":0,"FacInspectionCount":0,"FacFormalActionCount":0,"PercentBelowLowincome3mile":23.12,"PercentPeopleOfColor":33.75,"AcsPopulationDensity":5315.81}},{"type":"Feature","geometry":{"type":"Point","coordinates":[-111.88824,40.734483]},"properties":{"FacName":"INTERMOUNTAIN RADIATOR INC","FacStreet":"1612 SOUTH STATE STREET","FacCity":"SALT LAKE CITY","FacState":"UT","RegistryID":"110005205768","FacSNCFlg":"N","FacQtrsWithNC":0,"FacInspectionCount":0,"FacFormalActionCount":0,"PercentBelowLowincome3mile":25.34,"PercentPeopleOfColor":30.7,"AcsPopulationDensity":5506.71}},{"type":"Feature","geometry":{"type":"Point","coordinates":[-111.95802,40.74852]},"properties":{"FacName":"INTERMOUNTAIN RIGGING & HEAVY HAUL","FacStreet":"961 S PIONEER RD","FacCity":"SALT LAKE CITY","FacState":"UT","RegistryID":"110002264184","FacSNCFlg":"N","FacQtrsWithNC":0,"FacInspectionCount":0,"FacFormalActionCount":0,"PercentBelowLowincome3mile":27.4,"PercentPeopleOfColor":30.58,"AcsPopulationDensity":1497.34}},{"type":"Feature","geometry":{"type":"Point","coordinates":[-111.95802,40.74852]},"properties":{"FacName":"INTERMOUNTAIN RIGGING AND HEAVYHAUL (IRH)","FacStreet":"961 SOUTH PIONEER ROAD","FacCity":"SALT LAKE CITY","FacState":"UT","RegistryID":"110031305399","FacSNCFlg":"N","FacQtrsWithNC":0,"FacInspectionCount":1,"FacFormalActionCount":0,"PercentBelowLowincome3mile":27.4,"PercentPeopleOfColor":30.58,"AcsPopulationDensity":1497.34}},{"type":"Feature","geometry":{"type":"Point","coordinates":[-111.8954,40.6998]},"properties":{"FacName":"INTERMOUNTAIN STATES MARKETING","FacStreet":"136 WEST 3300 SOUTH","FacCity":"SALT LAKE CITY","FacState":"UT","RegistryID":"110005194663","FacSNCFlg":"N","FacQtrsWithNC":0,"FacInspectionCount":0,"FacFormalActionCount":0,"PercentBelowLowincome3mile":23.83,"PercentPeopleOfColor":32.99,"AcsPopulationDensity":5041.26}},{"type":"Feature","geometry":{"type":"Point","coordinates":[-111.953525,40.781461]},"properties":{"FacName":"INTERNATIONAL AIRPORT CAMPUS","FacStreet":"551 NORTH 2200 WEST","FacCity":"SALT LAKE CITY","FacState":"UT","RegistryID":"110005206794","FacSNCFlg":"N","FacQtrsWithNC":0,"FacInspectionCount":0,"FacFormalActionCount":0,"PercentBelowLowincome3mile":32.71,"PercentPeopleOfColor":21.1,"AcsPopulationDensity":1452.34}},{"type":"Feature","geometry":{"type":"Point","coordinates":[-111.95666,40.73776]},"properties":{"FacName":"INTERNATIONAL PAPER","FacStreet":"2590 WEST 1500 SOUTH","FacCity":"SALT LAKE CITY","FacState":"UT","RegistryID":"110037102140","FacSNCFlg":"N","FacQtrsWithNC":0,"FacInspectionCount":1,"FacFormalActionCount":0,"PercentBelowLowincome3mile":27.76,"PercentPeopleOfColor":36.28,"AcsPopulationDensity":1826.58}},{"type":"Feature","geometry":{"type":"Point","coordinates":[-111.98981,40.72825]},"properties":{"FacName":"INX INTERNATIONAL INK COMPANY","FacStreet":"1989 SOUTH 4130 WEST SUITE A","FacCity":"SALT LAKE CITY","FacState":"UT","RegistryID":"110005209791","FacSNCFlg":"N","FacQtrsWithNC":0,"FacInspectionCount":0,"FacFormalActionCount":0,"PercentBelowLowincome3mile":28.55,"PercentPeopleOfColor":40.86,"AcsPopulationDensity":1989.1}},{"type":"Feature","geometry":{"type":"Point","coordinates":[-112.025095,40.867238]},"properties":{"FacName":"IPS PIPELINE REALIGNMENT PROJECT","FacStreet":"1200 RECLAMATION ROAD","FacCity":"SALT LAKE CITY","FacState":"UT","RegistryID":"110071928234","FacSNCFlg":"N","FacQtrsWithNC":0,"FacInspectionCount":0,"FacFormalActionCount":0,"PercentBelowLowincome3mile":null,"PercentPeopleOfColor":null,"AcsPopulationDensity":null}},{"type":"Feature","geometry":{"type":"Point","coordinates":[-111.841,40.7581]},"properties":{"FacName":"IR SITE PREP","FacStreet":"500 FOOTHILL DR","FacCity":"SALT LAKE CITY","FacState":"UT","RegistryID":"110071067448","FacSNCFlg":"N","FacQtrsWithNC":0,"FacInspectionCount":0,"FacFormalActionCount":0,"PercentBelowLowincome3mile":26.49,"PercentPeopleOfColor":32.23,"AcsPopulationDensity":4385.56}},{"type":"Feature","geometry":{"type":"Point","coordinates":[-111.995572,40.751116]},"properties":{"FacName":"IRH WEST","FacStreet":"4340 WEST 850 SOUTH","FacCity":"SALT LAKE CITY","FacState":"UT","RegistryID":"110063023641","FacSNCFlg":"N","FacQtrsWithNC":0,"FacInspectionCount":1,"FacFormalActionCount":0,"PercentBelowLowincome3mile":27.4,"PercentPeopleOfColor":32.75,"AcsPopulationDensity":196.47}},{"type":"Feature","geometry":{"type":"Point","coordinates":[-111.9452,40.74757]},"properties":{"FacName":"J & J SHUTTERS","FacStreet":"993 S BENDING RIVER RD","FacCity":"SALT LAKE CITY","FacState":"UT","RegistryID":"110070707786","FacSNCFlg":"N","FacQtrsWithNC":0,"FacInspectionCount":0,"FacFormalActionCount":0,"PercentBelowLowincome3mile":28.64,"PercentPeopleOfColor":30.6,"AcsPopulationDensity":1902.25}},{"type":"Feature","geometry":{"type":"Point","coordinates":[-111.59192,40.6215]},"properties":{"FacName":"JACKSON RESIDENCE LOT 6","FacStreet":"1648 E. OLD SAGE COURT","FacCity":"SALT LAKE CITY","FacState":"UT","RegistryID":"110072004499","FacSNCFlg":"N","FacQtrsWithNC":0,"FacInspectionCount":0,"FacFormalActionCount":0,"PercentBelowLowincome3mile":19.16,"PercentPeopleOfColor":18.32,"AcsPopulationDensity":64.59}},{"type":"Feature","geometry":{"type":"Point","coordinates":[-111.83853,40.68801]},"properties":{"FacName":"JACO ENVIRONMENTAL","FacStreet":"780 WEST 1860 SOUTH","FacCity":"SALT LAKE CITY","FacState":"UT","RegistryID":"110015321917","FacSNCFlg":"N","FacQtrsWithNC":0,"FacInspectionCount":0,"FacFormalActionCount":0,"PercentBelowLowincome3mile":22.96,"PercentPeopleOfColor":26.23,"AcsPopulationDensity":5313.23}},{"type":"Feature","geometry":{"type":"Point","coordinates":[-112.03621,40.78046]},"properties":{"FacName":"JANEY LOU'S, INC.","FacStreet":"550 NORTH JOHN GLENN ROAD","FacCity":"SALT LAKE CITY","FacState":"UT","RegistryID":"110071916685","FacSNCFlg":"N","FacQtrsWithNC":0,"FacInspectionCount":0,"FacFormalActionCount":0,"PercentBelowLowincome3mile":26.35,"PercentPeopleOfColor":14.3,"AcsPopulationDensity":72.67}},{"type":"Feature","geometry":{"type":"Point","coordinates":[-112.027439,40.760275]},"properties":{"FacName":"JB HUNT TRANSPORT, INC.","FacStreet":"450 SOUTH 5700 WEST","FacCity":"SALT LAKE CITY","FacState":"UT","RegistryID":"110071444210","FacSNCFlg":"N","FacQtrsWithNC":0,"FacInspectionCount":0,"FacFormalActionCount":0,"PercentBelowLowincome3mile":29.98,"PercentPeopleOfColor":24.21,"AcsPopulationDensity":110.08}},{"type":"Feature","geometry":{"type":"Point","coordinates":[-111.944757,40.739161]},"properties":{"FacName":"JBC MAINTENANCE & REPAIR","FacStreet":"1425 S INDUSTRIAL RD #9","FacCity":"SALT LAKE CITY","FacState":"UT","RegistryID":"110046385835","FacSNCFlg":"N","FacQtrsWithNC":0,"FacInspectionCount":0,"FacFormalActionCount":0,"PercentBelowLowincome3mile":26.24,"PercentPeopleOfColor":34.49,"AcsPopulationDensity":1970.08}},{"type":"Feature","geometry":{"type":"Point","coordinates":[-111.89121,40.76241]},"properties":{"FacName":"JC PENNEY COMPANY","FacStreet":"310 SOUTH MAIN STREET","FacCity":"SALT LAKE CITY","FacState":"UT","RegistryID":"110009507113","FacSNCFlg":"N","FacQtrsWithNC":0,"FacInspectionCount":0,"FacFormalActionCount":0,"PercentBelowLowincome3mile":28.4,"PercentPeopleOfColor":30.9,"AcsPopulationDensity":5078.4}},{"type":"Feature","geometry":{"type":"Point","coordinates":[-111.91738,40.71524]},"properties":{"FacName":"JEDCOR DEV\/FAB INC.","FacStreet":"2560 SOUTH 900 WEST","FacCity":"SOUTH SALT LAKE","FacState":"UT","RegistryID":"110031380921","FacSNCFlg":"N","FacQtrsWithNC":0,"FacInspectionCount":0,"FacFormalActionCount":0,"PercentBelowLowincome3mile":22.84,"PercentPeopleOfColor":34.44,"AcsPopulationDensity":3900.47}},{"type":"Feature","geometry":{"type":"Point","coordinates":[-111.91197,40.72559]},"properties":{"FacName":"JERRY SEINER CHEVROLET INCORPORATED","FacStreet":"730 W 2100 S","FacCity":"SALT LAKE CITY","FacState":"UT","RegistryID":"110002287944","FacSNCFlg":"N","FacQtrsWithNC":0,"FacInspectionCount":0,"FacFormalActionCount":0,"PercentBelowLowincome3mile":21.51,"PercentPeopleOfColor":28.45,"AcsPopulationDensity":3844.34}},{"type":"Feature","geometry":{"type":"Point","coordinates":[-111.86769,40.76057]},"properties":{"FacName":"JIFFY LUBE #1224","FacStreet":"804 E 400 S","FacCity":"SALT LAKE CITY","FacState":"UT","RegistryID":"110020097250","FacSNCFlg":"N","FacQtrsWithNC":0,"FacInspectionCount":0,"FacFormalActionCount":0,"PercentBelowLowincome3mile":27.42,"PercentPeopleOfColor":32.15,"AcsPopulationDensity":4935.48}},{"type":"Feature","geometry":{"type":"Point","coordinates":[-111.89122,40.68357]},"properties":{"FacName":"JK'S AUTOMOTIVE","FacStreet":"4051 SOUTH MAIN","FacCity":"SALT LAKE CITY","FacState":"UT","RegistryID":"110005208863","FacSNCFlg":"N","FacQtrsWithNC":0,"FacInspectionCount":0,"FacFormalActionCount":0,"PercentBelowLowincome3mile":22.76,"PercentPeopleOfColor":32.52,"AcsPopulationDensity":5345.43}},{"type":"Feature","geometry":{"type":"Point","coordinates":[-112.00999,40.78135]},"properties":{"FacName":"JOHN H HARLAND CO","FacStreet":"4867 HAROLD GATTY DRIVE","FacCity":"SALT LAKE CITY","FacState":"UT","RegistryID":"110031312611","FacSNCFlg":"N","FacQtrsWithNC":0,"FacInspectionCount":0,"FacFormalActionCount":0,"PercentBelowLowincome3mile":30.12,"PercentPeopleOfColor":12.8,"AcsPopulationDensity":91.42}},{"type":"Feature","geometry":{"type":"Point","coordinates":[-112.0642,40.7289]},"properties":{"FacName":"JONES DUMP SITE","FacStreet":"1924 SOUTH 7200 WEST","FacCity":"SALT LAKE CITY","FacState":"UT","RegistryID":"110071729775","FacSNCFlg":"N","FacQtrsWithNC":0,"FacInspectionCount":0,"FacFormalActionCount":0,"PercentBelowLowincome3mile":18.42,"PercentPeopleOfColor":31.42,"AcsPopulationDensity":2940.7}},{"type":"Feature","geometry":{"type":"Point","coordinates":[-111.98883,40.75471]},"properties":{"FacName":"JONES EXCAVATING","FacStreet":"4095 WEST 700 SOUTH","FacCity":"SALT LAKE CITY","FacState":"UT","RegistryID":"110072003625","FacSNCFlg":"N","FacQtrsWithNC":0,"FacInspectionCount":0,"FacFormalActionCount":0,"PercentBelowLowincome3mile":25.24,"PercentPeopleOfColor":21.89,"AcsPopulationDensity":381.72}},{"type":"Feature","geometry":{"type":"Point","coordinates":[-111.92666,40.764982]},"properties":{"FacName":"JORDAN RIVER BOAT RAMP","FacStreet":"1224 WEST 200 SOUTH","FacCity":"SALT LAKE CITY","FacState":"UT","RegistryID":"110070866594","FacSNCFlg":"N","FacQtrsWithNC":0,"FacInspectionCount":0,"FacFormalActionCount":0,"PercentBelowLowincome3mile":30.04,"PercentPeopleOfColor":25.31,"AcsPopulationDensity":3059.69}},{"type":"Feature","geometry":{"type":"Point","coordinates":[-111.925639,40.77142]},"properties":{"FacName":"JORDAN RIVER BOAT RAMP (NORTH)","FacStreet":"1215 WEST NORTH TEMPLE","FacCity":"SALT LAKE CITY","FacState":"UT","RegistryID":"110070884119","FacSNCFlg":"N","FacQtrsWithNC":0,"FacInspectionCount":0,"FacFormalActionCount":0,"PercentBelowLowincome3mile":30.53,"PercentPeopleOfColor":25.93,"AcsPopulationDensity":2973.54}},{"type":"Feature","geometry":{"type":"Point","coordinates":[-111.88824,40.72803]},"properties":{"FacName":"JORDAN VALLEY MUNICIPALITY","FacStreet":"2001 S STATE STREET","FacCity":"SALT LAKE CITY","FacState":"UT","RegistryID":"110071898883","FacSNCFlg":"N","FacQtrsWithNC":0,"FacInspectionCount":0,"FacFormalActionCount":0,"PercentBelowLowincome3mile":23.04,"PercentPeopleOfColor":28.04,"AcsPopulationDensity":5230.47}},{"type":"Feature","geometry":{"type":"Point","coordinates":[-111.967333,40.639383]},"properties":{"FacName":"JORDAN VALLEY WATER CONSERVANCY DISTRICT","FacStreet":"6171 SOUTH 3200 WEST","FacCity":"SALT LAKE CITY","FacState":"UT","RegistryID":"110071674353","FacSNCFlg":"N","FacQtrsWithNC":0,"FacInspectionCount":0,"FacFormalActionCount":0,"PercentBelowLowincome3mile":18.53,"PercentPeopleOfColor":35.46,"AcsPopulationDensity":6234.35}},{"type":"Feature","geometry":{"type":"Point","coordinates":[-111.89551,40.71508]},"properties":{"FacName":"JUDKINS COMPANY","FacStreet":"135 W STRATFORD AVE","FacCity":"SALT LAKE CITY","FacState":"UT","RegistryID":"110002154524","FacSNCFlg":"N","FacQtrsWithNC":0,"FacInspectionCount":0,"FacFormalActionCount":0,"PercentBelowLowincome3mile":22.1,"PercentPeopleOfColor":29.23,"AcsPopulationDensity":4456.73}},{"type":"Feature","geometry":{"type":"Point","coordinates":[-111.8997,40.6998]},"properties":{"FacName":"JVWCD - 3300 SOUTH PIPELINE PHASE 2 (B&C)","FacStreet":"300 W 3300 S","FacCity":"SALT LAKE CITY","FacState":"UT","RegistryID":"110071436795","FacSNCFlg":"N","FacQtrsWithNC":2,"FacInspectionCount":1,"FacFormalActionCount":0,"PercentBelowLowincome3mile":24.1,"PercentPeopleOfColor":34.23,"AcsPopulationDensity":5000.31}},{"type":"Feature","geometry":{"type":"Point","coordinates":[-111.93901,40.75291]},"properties":{"FacName":"KEDMAN COMPANY","FacStreet":"762 SOUTH REDWOOD ROAD","FacCity":"SALT LAKE CITY","FacState":"UT","RegistryID":"110005196135","FacSNCFlg":"N","FacQtrsWithNC":0,"FacInspectionCount":0,"FacFormalActionCount":0,"PercentBelowLowincome3mile":29.71,"PercentPeopleOfColor":27.42,"AcsPopulationDensity":2238.69}},{"type":"Feature","geometry":{"type":"Point","coordinates":[-111.99083,40.72622]},"properties":{"FacName":"KEENE COATINGS CORPORATION","FacStreet":"4170 WEST 2100 SOUTH","FacCity":"SALT LAKE CITY","FacState":"UT","RegistryID":"110005208177","FacSNCFlg":"N","FacQtrsWithNC":0,"FacInspectionCount":0,"FacFormalActionCount":0,"PercentBelowLowincome3mile":27.78,"PercentPeopleOfColor":40.51,"AcsPopulationDensity":2172.97}},{"type":"Feature","geometry":{"type":"Point","coordinates":[-112.01745,40.75479]},"properties":{"FacName":"KENICHI UCHIDA USARC","FacStreet":"5290 WEST 700 SOUTH","FacCity":"SALT LAKE CITY","FacState":"UT","RegistryID":"110012232208","FacSNCFlg":"N","FacQtrsWithNC":0,"FacInspectionCount":0,"FacFormalActionCount":0,"PercentBelowLowincome3mile":31.25,"PercentPeopleOfColor":26.11,"AcsPopulationDensity":127.82}},{"type":"Feature","geometry":{"type":"Point","coordinates":[-112.088275,40.741612]},"properties":{"FacName":"KENNECOTT UTAH COPPER, LLC","FacStreet":"11984 W HWY 202","FacCity":"SALT LAKE CITY","FacState":"UT","RegistryID":"110064246711","FacSNCFlg":"N","FacQtrsWithNC":6,"FacInspectionCount":4,"FacFormalActionCount":0,"PercentBelowLowincome3mile":14.89,"PercentPeopleOfColor":23.22,"AcsPopulationDensity":1766.83}},{"type":"Feature","geometry":{"type":"Point","coordinates":[-111.6235,40.6379]},"properties":{"FacName":"KESSLER CABIN","FacStreet":"10806 MOOSE RUN","FacCity":"SALT LAKE CITY","FacState":"UT","RegistryID":"110071879829","FacSNCFlg":"N","FacQtrsWithNC":0,"FacInspectionCount":0,"FacFormalActionCount":0,"PercentBelowLowincome3mile":11.63,"PercentPeopleOfColor":18.62,"AcsPopulationDensity":34.45}},{"type":"Feature","geometry":{"type":"Point","coordinates":[-111.90852,40.75413]},"properties":{"FacName":"KIITOS BREWING COMPANY","FacStreet":"608 WEST 700 SOUTH","FacCity":"SALT LAKE CITY","FacState":"UT","RegistryID":"110071911554","FacSNCFlg":"N","FacQtrsWithNC":0,"FacInspectionCount":0,"FacFormalActionCount":0,"PercentBelowLowincome3mile":28.47,"PercentPeopleOfColor":30.93,"AcsPopulationDensity":4754.86}},{"type":"Feature","geometry":{"type":"Point","coordinates":[-112.043494,40.725746]},"properties":{"FacName":"KILGORE COMPANIES LLC","FacStreet":"7050 WEST 2100 SOUTH","FacCity":"SALT LAKE CITY","FacState":"UT","RegistryID":"110070158162","FacSNCFlg":"N","FacQtrsWithNC":2,"FacInspectionCount":3,"FacFormalActionCount":0,"PercentBelowLowincome3mile":25.69,"PercentPeopleOfColor":37.06,"AcsPopulationDensity":2262.31}},{"type":"Feature","geometry":{"type":"Point","coordinates":[-112.057961,40.725645]},"properties":{"FacName":"KILGORE COMPANIES OFFICE AND SHOP","FacStreet":"7057 WEST 2100 SOUTH","FacCity":"SALT LAKE CITY","FacState":"UT","RegistryID":"110046338959","FacSNCFlg":"N","FacQtrsWithNC":0,"FacInspectionCount":0,"FacFormalActionCount":0,"PercentBelowLowincome3mile":20.85,"PercentPeopleOfColor":32.96,"AcsPopulationDensity":3018.92}},{"type":"Feature","geometry":{"type":"Point","coordinates":[-112.0246,40.732452]},"properties":{"FacName":"KIMBALL 5600 WEST BUIDLING W","FacStreet":"5575 WEST 1730 SOUTH","FacCity":"SALT LAKE CITY","FacState":"UT","RegistryID":"110070704890","FacSNCFlg":"N","FacQtrsWithNC":0,"FacInspectionCount":0,"FacFormalActionCount":0,"PercentBelowLowincome3mile":27.39,"PercentPeopleOfColor":39.34,"AcsPopulationDensity":1312.13}},{"type":"Feature","geometry":{"type":"Point","coordinates":[-111.865237,40.66908]},"properties":{"FacName":"KMART #4159","FacStreet":"4670 S 900 E","FacCity":"SALT LAKE CITY","FacState":"UT","RegistryID":"110002287908","FacSNCFlg":"N","FacQtrsWithNC":0,"FacInspectionCount":0,"FacFormalActionCount":0,"PercentBelowLowincome3mile":23.46,"PercentPeopleOfColor":27.03,"AcsPopulationDensity":5329.96}},{"type":"Feature","geometry":{"type":"Point","coordinates":[-111.94853,40.68212]},"properties":{"FacName":"KMART #4162","FacStreet":"1770 W 4100 S","FacCity":"SALT LAKE CITY","FacState":"UT","RegistryID":"110002167556","FacSNCFlg":"N","FacQtrsWithNC":0,"FacInspectionCount":0,"FacFormalActionCount":0,"PercentBelowLowincome3mile":23.3,"PercentPeopleOfColor":43.11,"AcsPopulationDensity":5436.78}},{"type":"Feature","geometry":{"type":"Point","coordinates":[-111.987994,40.738279]},"properties":{"FacName":"KOMATSU","FacStreet":"1486 SOUTH DISTRIBUTION DRIVE","FacCity":"SALT LAKE CITY","FacState":"UT","RegistryID":"110042380857","FacSNCFlg":"N","FacQtrsWithNC":0,"FacInspectionCount":1,"FacFormalActionCount":0,"PercentBelowLowincome3mile":31.84,"PercentPeopleOfColor":40.33,"AcsPopulationDensity":1165.59}},{"type":"Feature","geometry":{"type":"Point","coordinates":[-111.952896,40.737769]},"properties":{"FacName":"KOMATSU EUIPMENT COMPANY","FacStreet":"2320 WEST 1500 SOUTH","FacCity":"SALT LAKE CITY","FacState":"UT","RegistryID":"110009506463","FacSNCFlg":"N","FacQtrsWithNC":0,"FacInspectionCount":0,"FacFormalActionCount":0,"PercentBelowLowincome3mile":27.36,"PercentPeopleOfColor":36.18,"AcsPopulationDensity":1887.15}},{"type":"Feature","geometry":{"type":"Point","coordinates":[-111.9093,40.7734]},"properties":{"FacName":"KOZO HOUSE APARTMENTS","FacStreet":"600 W 200 N","FacCity":"SALT LAKE CITY","FacState":"UT","RegistryID":"110071644453","FacSNCFlg":"N","FacQtrsWithNC":0,"FacInspectionCount":0,"FacFormalActionCount":0,"PercentBelowLowincome3mile":31.06,"PercentPeopleOfColor":30.76,"AcsPopulationDensity":4135.04}},{"type":"Feature","geometry":{"type":"Point","coordinates":[-111.8883,40.67825]},"properties":{"FacName":"KWAL HOWELLS PAINT AND WALLCOVERING","FacStreet":"4285 SOUTH STATE STREET","FacCity":"SALT LAKE CITY","FacState":"UT","RegistryID":"110002287203","FacSNCFlg":"N","FacQtrsWithNC":0,"FacInspectionCount":0,"FacFormalActionCount":0,"PercentBelowLowincome3mile":22.45,"PercentPeopleOfColor":31.33,"AcsPopulationDensity":5326.05}},{"type":"Feature","geometry":{"type":"Point","coordinates":[-111.95353,40.783]},"properties":{"FacName":"L 3 COMMUNICATIONS INCORPORATED","FacStreet":"640 NORTH 2200 WEST","FacCity":"SALT LAKE CITY","FacState":"UT","RegistryID":"110001882936","FacSNCFlg":"N","FacQtrsWithNC":1,"FacInspectionCount":1,"FacFormalActionCount":0,"PercentBelowLowincome3mile":33.03,"PercentPeopleOfColor":21.02,"AcsPopulationDensity":1425.91}},{"type":"Feature","geometry":{"type":"Point","coordinates":[-111.89187,40.75195]},"properties":{"FacName":"L W AUTO BODY, INC.","FacStreet":"16 WEST 800 SOUTH","FacCity":"SALT LAKE CITY","FacState":"UT","RegistryID":"110005200184","FacSNCFlg":"N","FacQtrsWithNC":0,"FacInspectionCount":0,"FacFormalActionCount":0,"PercentBelowLowincome3mile":28.05,"PercentPeopleOfColor":31.71,"AcsPopulationDensity":5367.17}},{"type":"Feature","geometry":{"type":"Point","coordinates":[-111.88942,40.77154]},"properties":{"FacName":"L.D.S. CHURCH HQ OFFICE BLDG.","FacStreet":"50 EAST NORTH TEMPLE","FacCity":"SALT LAKE CITY","FacState":"UT","RegistryID":"110009506882","FacSNCFlg":"N","FacQtrsWithNC":0,"FacInspectionCount":0,"FacFormalActionCount":0,"PercentBelowLowincome3mile":29.49,"PercentPeopleOfColor":30.83,"AcsPopulationDensity":4676.18}},{"type":"Feature","geometry":{"type":"Point","coordinates":[-111.953516,40.778149]},"properties":{"FacName":"L3 BUILDING C EXTERIOR IMPROVEMENTS","FacStreet":"420 NORTH 2200 WEST","FacCity":"SALT LAKE CITY","FacState":"UT","RegistryID":"110070710377","FacSNCFlg":"N","FacQtrsWithNC":0,"FacInspectionCount":0,"FacFormalActionCount":0,"PercentBelowLowincome3mile":32.07,"PercentPeopleOfColor":21.36,"AcsPopulationDensity":1506.33}},{"type":"Feature","geometry":{"type":"Point","coordinates":[-111.95266,40.796209]},"properties":{"FacName":"L3 TECHNOLOGIES, INC. - PACIFIC LANDING","FacStreet":"1220 NORTH 2200 WEST","FacCity":"SALT LAKE CITY","FacState":"UT","RegistryID":"110071506364","FacSNCFlg":"N","FacQtrsWithNC":0,"FacInspectionCount":0,"FacFormalActionCount":0,"PercentBelowLowincome3mile":36.51,"PercentPeopleOfColor":21.81,"AcsPopulationDensity":1167.75}},{"type":"Feature","geometry":{"type":"Point","coordinates":[-111.892483,40.77154]},"properties":{"FacName":"LA SAL BRANCH MEETING HOUSE-CARTRIDGE FILTER","FacStreet":"50 E NORTH TEMPLE ST","FacCity":"SALT LAKE CITY","FacState":"UT","RegistryID":"110052763960","FacSNCFlg":"N","FacQtrsWithNC":1,"FacInspectionCount":0,"FacFormalActionCount":0,"PercentBelowLowincome3mile":29.72,"PercentPeopleOfColor":30.62,"AcsPopulationDensity":4658.1}},{"type":"Feature","geometry":{"type":"Point","coordinates":[-111.92035,40.73659]},"properties":{"FacName":"LAHWRAN RESIDENCE","FacStreet":"2427 CANNON POINT DRIVE","FacCity":"SALT LAKE CITY","FacState":"UT","RegistryID":"110071814221","FacSNCFlg":"N","FacQtrsWithNC":0,"FacInspectionCount":0,"FacFormalActionCount":0,"PercentBelowLowincome3mile":24.15,"PercentPeopleOfColor":28.66,"AcsPopulationDensity":3391.33}},{"type":"Feature","geometry":{"type":"Point","coordinates":[-111.946184,40.789001]},"properties":{"FacName":"LAKE CITY INTERNATIONAL TRUCKS","FacStreet":"1933 WEST 900 SOUTH","FacCity":"SALT LAKE CITY","FacState":"UT","RegistryID":"110005209078","FacSNCFlg":"N","FacQtrsWithNC":0,"FacInspectionCount":0,"FacFormalActionCount":0,"PercentBelowLowincome3mile":33.99,"PercentPeopleOfColor":21.79,"AcsPopulationDensity":1491.75}},{"type":"Feature","geometry":{"type":"Point","coordinates":[-111.98209,40.74799]},"properties":{"FacName":"LAKE CITY TRUCKS","FacStreet":"964 SOUTH 3800 WEST","FacCity":"SALT LAKE CITY","FacState":"UT","RegistryID":"110005211902","FacSNCFlg":"N","FacQtrsWithNC":0,"FacInspectionCount":0,"FacFormalActionCount":0,"PercentBelowLowincome3mile":26.05,"PercentPeopleOfColor":28.73,"AcsPopulationDensity":701.69}},{"type":"Feature","geometry":{"type":"Point","coordinates":[-111.717554,40.262532]},"properties":{"FacName":"LAKEVIEW FIELDS","FacStreet":"1900 S GENEVA ROAD","FacCity":"SALT LAKE CITY","FacState":"UT","RegistryID":"110070713690","FacSNCFlg":"N","FacQtrsWithNC":0,"FacInspectionCount":0,"FacFormalActionCount":0,"PercentBelowLowincome3mile":41.83,"PercentPeopleOfColor":25.07,"AcsPopulationDensity":4120.11}},{"type":"Feature","geometry":{"type":"Point","coordinates":[-111.91551,40.821775]},"properties":{"FacName":"LAKEVIEW ROCK PRODUCT PIT'S","FacStreet":"2500 NORTH BECK STREET","FacCity":"SALT LAKE CITY","FacState":"UT","RegistryID":"110070705836","FacSNCFlg":"N","FacQtrsWithNC":0,"FacInspectionCount":2,"FacFormalActionCount":0,"PercentBelowLowincome3mile":32.89,"PercentPeopleOfColor":20.17,"AcsPopulationDensity":1445.4}},{"type":"Feature","geometry":{"type":"Point","coordinates":[-111.664031,41.024099]},"properties":{"FacName":"LAMOILLE VALLEY LDS CHURCH-TREATMENT PLANT","FacStreet":null,"FacCity":"SALT LAKE CITY","FacState":"UT","RegistryID":"110063360107","FacSNCFlg":"N","FacQtrsWithNC":0,"FacInspectionCount":0,"FacFormalActionCount":0,"PercentBelowLowincome3mile":null,"PercentPeopleOfColor":null,"AcsPopulationDensity":null}},{"type":"Feature","geometry":{"type":"Point","coordinates":[-111.491,40.4403]},"properties":{"FacName":"LAMPLIGHTER","FacStreet":"1615 S. FOOTHILL DR.","FacCity":"SALT LAKE CITY","FacState":"UT","RegistryID":"110071512481","FacSNCFlg":"N","FacQtrsWithNC":0,"FacInspectionCount":0,"FacFormalActionCount":0,"PercentBelowLowincome3mile":19.73,"PercentPeopleOfColor":19.91,"AcsPopulationDensity":41}},{"type":"Feature","geometry":{"type":"Point","coordinates":[-111.952437,40.73777]},"properties":{"FacName":"LANG EXPLORATORY DRILLING","FacStreet":"2286 W 1500 S","FacCity":"SALT LAKE CITY","FacState":"UT","RegistryID":"110002154276","FacSNCFlg":"N","FacQtrsWithNC":0,"FacInspectionCount":0,"FacFormalActionCount":0,"PercentBelowLowincome3mile":27.28,"PercentPeopleOfColor":36.19,"AcsPopulationDensity":1894.3}},{"type":"Feature","geometry":{"type":"Point","coordinates":[-111.933123,40.771409]},"properties":{"FacName":"LARRY H MILLER REAL ESTATE POWER DISTRICT","FacStreet":"1465 W NORTH TEMPLE ST.","FacCity":"SALT LAKE CITY","FacState":"UT","RegistryID":"110072084849","FacSNCFlg":"N","FacQtrsWithNC":0,"FacInspectionCount":2,"FacFormalActionCount":0,"PercentBelowLowincome3mile":31.41,"PercentPeopleOfColor":25.46,"AcsPopulationDensity":2475.91}},{"type":"Feature","geometry":{"type":"Point","coordinates":[-111.90542,40.74069]},"properties":{"FacName":"LARRY H MILLER SUPER FORD","FacStreet":"1340 SOUTH 500 WEST","FacCity":"SALT LAKE CITY","FacState":"UT","RegistryID":"110013295941","FacSNCFlg":"N","FacQtrsWithNC":0,"FacInspectionCount":0,"FacFormalActionCount":0,"PercentBelowLowincome3mile":26.5,"PercentPeopleOfColor":29.55,"AcsPopulationDensity":4669.78}},{"type":"Feature","geometry":{"type":"Point","coordinates":[-111.905412,40.741132]},"properties":{"FacName":"LARRY H. MILLER TRUCKLAND COLLISION CNTR","FacStreet":"1320 SOUTH 500 WEST","FacCity":"SALT LAKE CITY","FacState":"UT","RegistryID":"110014363777","FacSNCFlg":"N","FacQtrsWithNC":0,"FacInspectionCount":0,"FacFormalActionCount":0,"PercentBelowLowincome3mile":26.63,"PercentPeopleOfColor":29.72,"AcsPopulationDensity":4688.2}},{"type":"Feature","geometry":{"type":"Point","coordinates":[-111.851299,40.764543]},"properties":{"FacName":"LATIGO BIOTHERAPEUTICS, INC.","FacStreet":"1390 PRESIDENT'S CIRCLE","FacCity":"SALT LAKE CITY","FacState":"UT","RegistryID":"110070862392","FacSNCFlg":"N","FacQtrsWithNC":0,"FacInspectionCount":1,"FacFormalActionCount":0,"PercentBelowLowincome3mile":27.57,"PercentPeopleOfColor":32.73,"AcsPopulationDensity":4354.91}},{"type":"Feature","geometry":{"type":"Point","coordinates":[-111.892483,40.77154]},"properties":{"FacName":"LATTER DAY SAINTS CHURCH-TP001 - FILTRATION","FacStreet":"50 E NORTH TEMPLE ST","FacCity":"SALT LAKE CITY","FacState":"UT","RegistryID":"110051153014","FacSNCFlg":"N","FacQtrsWithNC":10,"FacInspectionCount":0,"FacFormalActionCount":0,"PercentBelowLowincome3mile":29.72,"PercentPeopleOfColor":30.62,"AcsPopulationDensity":4658.1}},{"type":"Feature","geometry":{"type":"Point","coordinates":[-111.90546,40.68396]},"properties":{"FacName":"LAWNLIFE CORP","FacStreet":"4060 SOUTH 500 WEST SUITE #6","FacCity":"SALT LAKE CITY","FacState":"UT","RegistryID":"110005203555","FacSNCFlg":"N","FacQtrsWithNC":0,"FacInspectionCount":0,"FacFormalActionCount":0,"PercentBelowLowincome3mile":23.22,"PercentPeopleOfColor":36.43,"AcsPopulationDensity":5210.35}},{"type":"Feature","geometry":{"type":"Point","coordinates":[-111.89972,40.677609]},"properties":{"FacName":"LCI ENTERPRISES","FacStreet":"5157 SOUTH 300 WEST","FacCity":"SALT LAKE CITY","FacState":"UT","RegistryID":"110005208239","FacSNCFlg":"N","FacQtrsWithNC":0,"FacInspectionCount":0,"FacFormalActionCount":0,"PercentBelowLowincome3mile":22.93,"PercentPeopleOfColor":34.34,"AcsPopulationDensity":5242.21}},{"type":"Feature","geometry":{"type":"Point","coordinates":[-111.89396,40.77089]},"properties":{"FacName":"LDS CHURCH MUSEUM","FacStreet":"45 N WEST TEMPLE","FacCity":"SALT LAKE CITY","FacState":"UT","RegistryID":"110020110501","FacSNCFlg":"N","FacQtrsWithNC":0,"FacInspectionCount":0,"FacFormalActionCount":0,"PercentBelowLowincome3mile":29.68,"PercentPeopleOfColor":30.46,"AcsPopulationDensity":4673.99}},{"type":"Feature","geometry":{"type":"Point","coordinates":[-111.9469,40.7298]},"properties":{"FacName":"LDS CHURCH PRINTING CENTER- SALT LAKE PRINTING CENTER - LDS CHURCH","FacStreet":"1980 INDUSTRIAL CIRCLE","FacCity":"SALT LAKE CITY","FacState":"UT","RegistryID":"110001882115","FacSNCFlg":"N","FacQtrsWithNC":0,"FacInspectionCount":0,"FacFormalActionCount":0,"PercentBelowLowincome3mile":26.02,"PercentPeopleOfColor":37.61,"AcsPopulationDensity":2347.78}},{"type":"Feature","geometry":{"type":"Point","coordinates":[-111.88056,40.7785]},"properties":{"FacName":"LDS HOSPITAL","FacStreet":"8TH AVE & C ST","FacCity":"SALT LAKE CITY","FacState":"UT","RegistryID":"110011603292","FacSNCFlg":"N","FacQtrsWithNC":0,"FacInspectionCount":0,"FacFormalActionCount":0,"PercentBelowLowincome3mile":31.13,"PercentPeopleOfColor":33.24,"AcsPopulationDensity":4179.8}},{"type":"Feature","geometry":{"type":"Point","coordinates":[-111.892483,40.77154]},"properties":{"FacName":"LDS LARMIE WY STAKE REC CAMP\/BATEL RANCH-TREATMENT","FacStreet":"50 EAST NORTH TEMPLE STREET, 12TH FLOOR","FacCity":"SALT LAKE CITY","FacState":"UT","RegistryID":"110063347150","FacSNCFlg":"N","FacQtrsWithNC":2,"FacInspectionCount":0,"FacFormalActionCount":0,"PercentBelowLowincome3mile":29.72,"PercentPeopleOfColor":30.62,"AcsPopulationDensity":4658.1}},{"type":"Feature","geometry":{"type":"Point","coordinates":[-111.956797,40.784617]},"properties":{"FacName":"LE BUS","FacStreet":"542 SOUTH 2350 WEST","FacCity":"SALT LAKE CITY","FacState":"UT","RegistryID":"110020824722","FacSNCFlg":"N","FacQtrsWithNC":0,"FacInspectionCount":0,"FacFormalActionCount":0,"PercentBelowLowincome3mile":33.66,"PercentPeopleOfColor":20.39,"AcsPopulationDensity":1316.1}},{"type":"Feature","geometry":{"type":"Point","coordinates":[-111.82949,40.72548]},"properties":{"FacName":"LEAVITTS LAUNDRY & DRYCLEANING","FacStreet":"2149 EAST 2100 SOUTH","FacCity":"SALT LAKE CITY","FacState":"UT","RegistryID":"110005208257","FacSNCFlg":"N","FacQtrsWithNC":0,"FacInspectionCount":0,"FacFormalActionCount":0,"PercentBelowLowincome3mile":19.69,"PercentPeopleOfColor":23.42,"AcsPopulationDensity":4546.88}},{"type":"Feature","geometry":{"type":"Point","coordinates":[-112.027395,40.744095]},"properties":{"FacName":"LEGACY EQUIPMENT COMPANY, LLC DBA OWEN EQUIPMENT","FacStreet":"1220 SOUTH LEGACY VIEW STREET","FacCity":"SALT LAKE CITY","FacState":"UT","RegistryID":"110070306279","FacSNCFlg":"N","FacQtrsWithNC":0,"FacInspectionCount":0,"FacFormalActionCount":0,"PercentBelowLowincome3mile":25.34,"PercentPeopleOfColor":36.73,"AcsPopulationDensity":496.77}},{"type":"Feature","geometry":{"type":"Point","coordinates":[-112.027624,40.748112]},"properties":{"FacName":"LEGACY INDUSTRIAL PARK","FacStreet":"1020 SOUTH LEGACY VIEW STREET","FacCity":"SALT LAKE CITY","FacState":"UT","RegistryID":"110070818367","FacSNCFlg":"N","FacQtrsWithNC":0,"FacInspectionCount":0,"FacFormalActionCount":0,"PercentBelowLowincome3mile":20.89,"PercentPeopleOfColor":37.66,"AcsPopulationDensity":287.64}},{"type":"Feature","geometry":{"type":"Point","coordinates":[-111.84724,40.69124]},"properties":{"FacName":"LEONE CLEANERS","FacStreet":"3667 SOUTH HIGHLAND DRIVE","FacCity":"SALT LAKE CITY","FacState":"UT","RegistryID":"110005208738","FacSNCFlg":"N","FacQtrsWithNC":0,"FacInspectionCount":0,"FacFormalActionCount":0,"PercentBelowLowincome3mile":22.86,"PercentPeopleOfColor":26.38,"AcsPopulationDensity":5660.34}},{"type":"Feature","geometry":{"type":"Point","coordinates":[-111.95551,40.73312]},"properties":{"FacName":"LEVOLOR\/KIRSCH WINDOW FASHIONS","FacStreet":"2525 WEST 1700 SOUTH","FacCity":"SALT LAKE CITY","FacState":"UT","RegistryID":"110037446001","FacSNCFlg":"N","FacQtrsWithNC":0,"FacInspectionCount":0,"FacFormalActionCount":0,"PercentBelowLowincome3mile":26.77,"PercentPeopleOfColor":37.97,"AcsPopulationDensity":2102.43}},{"type":"Feature","geometry":{"type":"Point","coordinates":[-111.90701,40.75832]},"properties":{"FacName":"LEWIS BROTHERS STAGES","FacStreet":"549 W 500 S","FacCity":"SALT LAKE CITY","FacState":"UT","RegistryID":"110002290618","FacSNCFlg":"N","FacQtrsWithNC":0,"FacInspectionCount":0,"FacFormalActionCount":0,"PercentBelowLowincome3mile":28.61,"PercentPeopleOfColor":30.89,"AcsPopulationDensity":4811.84}},{"type":"Feature","geometry":{"type":"Point","coordinates":[-111.89892,40.74234]},"properties":{"FacName":"LIBERTY CORNER APARTMENTS","FacStreet":"1300 S 262 W","FacCity":"SALT LAKE CITY","FacState":"UT","RegistryID":"110072072742","FacSNCFlg":"N","FacQtrsWithNC":0,"FacInspectionCount":0,"FacFormalActionCount":0,"PercentBelowLowincome3mile":27.13,"PercentPeopleOfColor":32.04,"AcsPopulationDensity":5120.37}},{"type":"Feature","geometry":{"type":"Point","coordinates":[-111.8989,40.7421]},"properties":{"FacName":"LIBERTY CORNER APARTMENTS","FacStreet":"1265 SOUTH 300 WEST","FacCity":"SALT LAKE CITY","FacState":"UT","RegistryID":"110071662134","FacSNCFlg":"N","FacQtrsWithNC":0,"FacInspectionCount":0,"FacFormalActionCount":0,"PercentBelowLowincome3mile":27.08,"PercentPeopleOfColor":31.98,"AcsPopulationDensity":5118.21}},{"type":"Feature","geometry":{"type":"Point","coordinates":[-111.875,40.7475]},"properties":{"FacName":"LIBERTY PARK ROTARY PLAY PARK","FacStreet":"600 HARVEY MILK BLVD. SALT LAKE CITY, UT 84015","FacCity":"SALT LAKE CITY","FacState":"UT","RegistryID":"110072075166","FacSNCFlg":"N","FacQtrsWithNC":0,"FacInspectionCount":0,"FacFormalActionCount":0,"PercentBelowLowincome3mile":26.31,"PercentPeopleOfColor":31.26,"AcsPopulationDensity":5523.18}},{"type":"Feature","geometry":{"type":"Point","coordinates":[-111.9087,40.79851]},"properties":{"FacName":"LIBERTY TIRE RECYCLING","FacStreet":"1398 N BECK STREET","FacCity":"SALT LAKE CITY","FacState":"UT","RegistryID":"110041905150","FacSNCFlg":"N","FacQtrsWithNC":0,"FacInspectionCount":0,"FacFormalActionCount":0,"PercentBelowLowincome3mile":34.84,"PercentPeopleOfColor":29.04,"AcsPopulationDensity":2556.44}},{"type":"Feature","geometry":{"type":"Point","coordinates":[-111.8888,40.752]},"properties":{"FacName":"LIFE ON STATE","FacStreet":"STATE STREET FROM 800 TO 600 SOUTH","FacCity":"SALT LAKE CITY","FacState":"UT","RegistryID":"110071402148","FacSNCFlg":"N","FacQtrsWithNC":0,"FacInspectionCount":0,"FacFormalActionCount":0,"PercentBelowLowincome3mile":27.86,"PercentPeopleOfColor":31.57,"AcsPopulationDensity":5412.56}},{"type":"Feature","geometry":{"type":"Point","coordinates":[-111.92162,40.82147]},"properties":{"FacName":"LINDE GAS NORTH AMERICA\/BOC AMERICAS","FacStreet":"CHEVRON SITE 2351 N. 1100 W.","FacCity":"SALT LAKE CITY","FacState":"UT","RegistryID":"110022884306","FacSNCFlg":"N","FacQtrsWithNC":0,"FacInspectionCount":0,"FacFormalActionCount":0,"PercentBelowLowincome3mile":33.62,"PercentPeopleOfColor":20.1,"AcsPopulationDensity":1394.27}},{"type":"Feature","geometry":{"type":"Point","coordinates":[-111.93896,40.708866]},"properties":{"FacName":"LINDHARDT REFRIGERATION","FacStreet":"2854 S. REDWOOD RD.","FacCity":"SALT LAKE CITY","FacState":"UT","RegistryID":"110001886013","FacSNCFlg":"N","FacQtrsWithNC":0,"FacInspectionCount":0,"FacFormalActionCount":0,"PercentBelowLowincome3mile":23.85,"PercentPeopleOfColor":42.93,"AcsPopulationDensity":3679.55}},{"type":"Feature","geometry":{"type":"Point","coordinates":[-111.96772,40.74279]},"properties":{"FacName":"LINK TRUCKING INC","FacStreet":"1235 SOUTH 3200 WEST","FacCity":"SALT LAKE CITY","FacState":"UT","RegistryID":"110032599855","FacSNCFlg":"N","FacQtrsWithNC":0,"FacInspectionCount":0,"FacFormalActionCount":0,"PercentBelowLowincome3mile":27.72,"PercentPeopleOfColor":33.9,"AcsPopulationDensity":1405.1}},{"type":"Feature","geometry":{"type":"Point","coordinates":[-111.89121,40.75806]},"properties":{"FacName":"LITTLE AMERICA","FacStreet":"500 SOUTH MAIN","FacCity":"SALT LAKE CITY","FacState":"UT","RegistryID":"110005207980","FacSNCFlg":"N","FacQtrsWithNC":0,"FacInspectionCount":0,"FacFormalActionCount":0,"PercentBelowLowincome3mile":28.34,"PercentPeopleOfColor":31.32,"AcsPopulationDensity":5229.51}},{"type":"Feature","geometry":{"type":"Point","coordinates":[-111.718829,40.784853]},"properties":{"FacName":"LITTLE MOUNTAIN GATE STATION","FacStreet":"6800 EAST EMIGRATION ROAD","FacCity":"SALT LAKE CITY","FacState":"UT","RegistryID":"110070801582","FacSNCFlg":"N","FacQtrsWithNC":0,"FacInspectionCount":0,"FacFormalActionCount":0,"PercentBelowLowincome3mile":9.92,"PercentPeopleOfColor":9.11,"AcsPopulationDensity":21.8}},{"type":"Feature","geometry":{"type":"Point","coordinates":[-111.99055,40.73428]},"properties":{"FacName":"LN CURTIS AND SONS","FacStreet":"1635 SOUTH GRAMERCY ROAD","FacCity":"SALT LAKE CITY","FacState":"UT","RegistryID":"110070712535","FacSNCFlg":"N","FacQtrsWithNC":0,"FacInspectionCount":0,"FacFormalActionCount":0,"PercentBelowLowincome3mile":30.79,"PercentPeopleOfColor":42.6,"AcsPopulationDensity":1447.08}},{"type":"Feature","geometry":{"type":"Point","coordinates":[-111.892483,40.77154]},"properties":{"FacName":"LODGE CAMPGROUND - LOMIA GIRLS CAMP-LODGE SPRING CHLORINATOR","FacStreet":"50 E NORTH TEMPLE ST","FacCity":"SALT LAKE CITY","FacState":"UT","RegistryID":"110052910427","FacSNCFlg":"N","FacQtrsWithNC":0,"FacInspectionCount":0,"FacFormalActionCount":0,"PercentBelowLowincome3mile":29.72,"PercentPeopleOfColor":30.62,"AcsPopulationDensity":4658.1}},{"type":"Feature","geometry":{"type":"Point","coordinates":[-111.834942,40.63946]},"properties":{"FacName":"LONNIE'S CLEANERS","FacStreet":"6157 SOUTH HIGHLAND DRIVE","FacCity":"SALT LAKE CITY","FacState":"UT","RegistryID":"110005198561","FacSNCFlg":"N","FacQtrsWithNC":0,"FacInspectionCount":0,"FacFormalActionCount":0,"PercentBelowLowincome3mile":25.81,"PercentPeopleOfColor":28.55,"AcsPopulationDensity":4210.97}},{"type":"Feature","geometry":{"type":"Point","coordinates":[-111.95542,40.66762]},"properties":{"FacName":"LONNIES CLEANERS","FacStreet":"2572 W 4700 S","FacCity":"SALT LAKE CITY","FacState":"UT","RegistryID":"110002264969","FacSNCFlg":"N","FacQtrsWithNC":0,"FacInspectionCount":0,"FacFormalActionCount":0,"PercentBelowLowincome3mile":21.55,"PercentPeopleOfColor":39.92,"AcsPopulationDensity":6641.27}},{"type":"Feature","geometry":{"type":"Point","coordinates":[-111.95578,40.74047]},"properties":{"FacName":"LOOMIS FARGO & COMPANY","FacStreet":"2535 CALIFORNIA AVE","FacCity":"SALT LAKE CITY","FacState":"UT","RegistryID":"110005206543","FacSNCFlg":"N","FacQtrsWithNC":0,"FacInspectionCount":0,"FacFormalActionCount":0,"PercentBelowLowincome3mile":27.02,"PercentPeopleOfColor":34.93,"AcsPopulationDensity":1707.02}},{"type":"Feature","geometry":{"type":"Point","coordinates":[-111.95802,40.76258]},"properties":{"FacName":"LOS ACRES VERDES","FacStreet":"285 S 2650 W","FacCity":"SALT LAKE CITY","FacState":"UT","RegistryID":"110070705334","FacSNCFlg":"N","FacQtrsWithNC":0,"FacInspectionCount":0,"FacFormalActionCount":0,"PercentBelowLowincome3mile":30.17,"PercentPeopleOfColor":23.04,"AcsPopulationDensity":1505.72}},{"type":"Feature","geometry":{"type":"Point","coordinates":[-111.98686,40.63228]},"properties":{"FacName":"LOT 4 SLC PORT GLC","FacStreet":"990 N. 6550 W.","FacCity":"SALT LAKE CITY","FacState":"UT","RegistryID":"110070832556","FacSNCFlg":"N","FacQtrsWithNC":0,"FacInspectionCount":0,"FacFormalActionCount":0,"PercentBelowLowincome3mile":20.81,"PercentPeopleOfColor":35.43,"AcsPopulationDensity":5968.27}},{"type":"Feature","geometry":{"type":"Point","coordinates":[-111.8019,40.7161]},"properties":{"FacName":"LOT 9 CANNON POINT","FacStreet":"2438 SOUTH CANNON POINT DRIVE","FacCity":"SALT LAKE CITY","FacState":"UT","RegistryID":"110071239772","FacSNCFlg":"N","FacQtrsWithNC":0,"FacInspectionCount":0,"FacFormalActionCount":0,"PercentBelowLowincome3mile":16.47,"PercentPeopleOfColor":18.16,"AcsPopulationDensity":2744.42}},{"type":"Feature","geometry":{"type":"Point","coordinates":[-111.8925,40.7546]},"properties":{"FacName":"LOTUS ALCHEMY","FacStreet":"48 W. 700 S.","FacCity":"SALT LAKE CITY","FacState":"UT","RegistryID":"110071438154","FacSNCFlg":"N","FacQtrsWithNC":0,"FacInspectionCount":0,"FacFormalActionCount":0,"PercentBelowLowincome3mile":28.3,"PercentPeopleOfColor":31.56,"AcsPopulationDensity":5312.28}},{"type":"Feature","geometry":{"type":"Point","coordinates":[-111.92178,40.71381]},"properties":{"FacName":"LOUIS AND COMPANY (PREV. MACH.\/HARDWARE)","FacStreet":"2650 SOUTH 1030 WEST","FacCity":"SALT LAKE CITY","FacState":"UT","RegistryID":"110012232468","FacSNCFlg":"N","FacQtrsWithNC":0,"FacInspectionCount":0,"FacFormalActionCount":0,"PercentBelowLowincome3mile":23.35,"PercentPeopleOfColor":36.74,"AcsPopulationDensity":3968.54}},{"type":"Feature","geometry":{"type":"Point","coordinates":[-111.89969,40.74008]},"properties":{"FacName":"LOWE'S OF SALT LAKE CITY, UT #2275","FacStreet":"1335 SOUTH 300 WEST","FacCity":"SALT LAKE CITY","FacState":"UT","RegistryID":"110061764951","FacSNCFlg":"N","FacQtrsWithNC":0,"FacInspectionCount":0,"FacFormalActionCount":0,"PercentBelowLowincome3mile":26.54,"PercentPeopleOfColor":30.99,"AcsPopulationDensity":5027.86}},{"type":"Feature","geometry":{"type":"Point","coordinates":[-111.992652,40.728517]},"properties":{"FacName":"LR DYNAMICS INC.","FacStreet":"1949 SOUTH 4250 WEST","FacCity":"SALT LAKE CITY","FacState":"UT","RegistryID":"110071932497","FacSNCFlg":"N","FacQtrsWithNC":0,"FacInspectionCount":0,"FacFormalActionCount":0,"PercentBelowLowincome3mile":28.43,"PercentPeopleOfColor":40.9,"AcsPopulationDensity":1935.11}},{"type":"Feature","geometry":{"type":"Point","coordinates":[-111.94415,40.73778]},"properties":{"FacName":"LUCENCY CORP","FacStreet":"1875 WEST 1500 SOUTH","FacCity":"SALT LAKE CITY","FacState":"UT","RegistryID":"110056978971","FacSNCFlg":"N","FacQtrsWithNC":0,"FacInspectionCount":1,"FacFormalActionCount":0,"PercentBelowLowincome3mile":26,"PercentPeopleOfColor":35.25,"AcsPopulationDensity":2044.84}},{"type":"Feature","geometry":{"type":"Point","coordinates":[-111.93938,40.78535]},"properties":{"FacName":"LUCKY 1708","FacStreet":"729 NORTH REDWOOD ROAD","FacCity":"SALT LAKE CITY","FacState":"UT","RegistryID":"110066951659","FacSNCFlg":"N","FacQtrsWithNC":0,"FacInspectionCount":0,"FacFormalActionCount":0,"PercentBelowLowincome3mile":33.66,"PercentPeopleOfColor":24.23,"AcsPopulationDensity":1778.93}},{"type":"Feature","geometry":{"type":"Point","coordinates":[-111.96484,40.73124]},"properties":{"FacName":"LUMENIS, INC.","FacStreet":"1870 SOUTH MILESTONE DRIVE","FacCity":"SALT LAKE CITY","FacState":"UT","RegistryID":"110063001282","FacSNCFlg":"N","FacQtrsWithNC":0,"FacInspectionCount":0,"FacFormalActionCount":0,"PercentBelowLowincome3mile":27.07,"PercentPeopleOfColor":39.25,"AcsPopulationDensity":2020.85}},{"type":"Feature","geometry":{"type":"Point","coordinates":[-111.9206,40.7708]},"properties":{"FacName":"LUSSO APARTMENTS","FacStreet":"1025 W NORTH TEMPLE","FacCity":"SALT LAKE CITY","FacState":"UT","RegistryID":"110070939222","FacSNCFlg":"N","FacQtrsWithNC":0,"FacInspectionCount":0,"FacFormalActionCount":0,"PercentBelowLowincome3mile":30.07,"PercentPeopleOfColor":26.61,"AcsPopulationDensity":3409.91}},{"type":"Feature","geometry":{"type":"Point","coordinates":[-111.918889,40.791667]},"properties":{"FacName":"M-GRAPHICS AND SIGNS","FacStreet":"1027 N VICTORIA WAY","FacCity":"SALT LAKE CITY","FacState":"UT","RegistryID":"110070791688","FacSNCFlg":"N","FacQtrsWithNC":0,"FacInspectionCount":1,"FacFormalActionCount":0,"PercentBelowLowincome3mile":34.08,"PercentPeopleOfColor":28.08,"AcsPopulationDensity":2464.99}},{"type":"Feature","geometry":{"type":"Point","coordinates":[-111.89973,40.69755]},"properties":{"FacName":"MAACO AUTO PAINT & BODYWORKS","FacStreet":"3403 SOUTH 300 WEST","FacCity":"SALT LAKE CITY","FacState":"UT","RegistryID":"110005198179","FacSNCFlg":"N","FacQtrsWithNC":0,"FacInspectionCount":0,"FacFormalActionCount":0,"PercentBelowLowincome3mile":24,"PercentPeopleOfColor":34.26,"AcsPopulationDensity":5058.3}},{"type":"Feature","geometry":{"type":"Point","coordinates":[-111.89969,40.739986]},"properties":{"FacName":"MAACO AUTO PAINTING","FacStreet":"1361 SOUTH 300 WEST","FacCity":"SALT LAKE CITY","FacState":"UT","RegistryID":"110005209345","FacSNCFlg":"N","FacQtrsWithNC":0,"FacInspectionCount":0,"FacFormalActionCount":0,"PercentBelowLowincome3mile":26.51,"PercentPeopleOfColor":30.95,"AcsPopulationDensity":5024.8}},{"type":"Feature","geometry":{"type":"Point","coordinates":[-111.981953,40.754634]},"properties":{"FacName":"MAC TRANZ INC.","FacStreet":"3763 WEST 700 SOUTH BUILDING 3 SUITE 4","FacCity":"SALT LAKE CITY","FacState":"UT","RegistryID":"110071498099","FacSNCFlg":"N","FacQtrsWithNC":null,"FacInspectionCount":1,"FacFormalActionCount":0,"PercentBelowLowincome3mile":26.03,"PercentPeopleOfColor":22.45,"AcsPopulationDensity":600.99}},{"type":"Feature","geometry":{"type":"Point","coordinates":[-111.8997,40.78744]},"properties":{"FacName":"MACKS INN RESORT\/SPRINGHILL SUITES-TREATMENT PLANT","FacStreet":"825  N 300 W","FacCity":"SALT LAKE CITY","FacState":"UT","RegistryID":"110053960166","FacSNCFlg":"N","FacQtrsWithNC":0,"FacInspectionCount":0,"FacFormalActionCount":0,"PercentBelowLowincome3mile":33.44,"PercentPeopleOfColor":32.97,"AcsPopulationDensity":3722.23}},{"type":"Feature","geometry":{"type":"Point","coordinates":[-111.93558,40.7802]},"properties":{"FacName":"MACLAND","FacStreet":"1570 WEST 500 NORTH","FacCity":"SALT LAKE CITY","FacState":"UT","RegistryID":"110070713840","FacSNCFlg":"N","FacQtrsWithNC":0,"FacInspectionCount":0,"FacFormalActionCount":0,"PercentBelowLowincome3mile":32.74,"PercentPeopleOfColor":25.79,"AcsPopulationDensity":2054.4}},{"type":"Feature","geometry":{"type":"Point","coordinates":[-111.95802,40.74224]},"properties":{"FacName":"MAGNUSON METALS UTAH, LLC","FacStreet":"1215 SOUTH PIONEER ROAD","FacCity":"SALT LAKE CITY","FacState":"UT","RegistryID":"110055370682","FacSNCFlg":"N","FacQtrsWithNC":0,"FacInspectionCount":0,"FacFormalActionCount":0,"PercentBelowLowincome3mile":26.91,"PercentPeopleOfColor":34.14,"AcsPopulationDensity":1602.28}},{"type":"Feature","geometry":{"type":"Point","coordinates":[-111.984665,40.74231]},"properties":{"FacName":"MAHI HOSPITALITY LLC - AVID BY IHG SALT LAKE CITY AIRPORT","FacStreet":"3930 W CALIFORNIA AVE","FacCity":"SALT LAKE CITY","FacState":"UT","RegistryID":"110070709275","FacSNCFlg":"N","FacQtrsWithNC":0,"FacInspectionCount":0,"FacFormalActionCount":0,"PercentBelowLowincome3mile":29.61,"PercentPeopleOfColor":36.41,"AcsPopulationDensity":943.83}},{"type":"Feature","geometry":{"type":"Point","coordinates":[-111.98055,40.794167]},"properties":{"FacName":"MAINTENANCE HANGAR RAMP REPLACEMENT","FacStreet":"SALT LAKE INTERNATIONAL AIRPORT","FacCity":"SALT LAKE CITY","FacState":"UT","RegistryID":"110070703790","FacSNCFlg":"N","FacQtrsWithNC":0,"FacInspectionCount":0,"FacFormalActionCount":0,"PercentBelowLowincome3mile":40.08,"PercentPeopleOfColor":20.42,"AcsPopulationDensity":569.47}},{"type":"Feature","geometry":{"type":"Point","coordinates":[-111.986677,40.721087]},"properties":{"FacName":"MAJOR DRILLING AMERICA, INC","FacStreet":"2200 SOUTH 4000 WEST","FacCity":"SALT LAKE CITY","FacState":"UT","RegistryID":"110039191923","FacSNCFlg":"N","FacQtrsWithNC":0,"FacInspectionCount":0,"FacFormalActionCount":0,"PercentBelowLowincome3mile":27.83,"PercentPeopleOfColor":42.18,"AcsPopulationDensity":2646.8}},{"type":"Feature","geometry":{"type":"Point","coordinates":[-112.03031,40.77853]},"properties":{"FacName":"MAKERS PRIDE (FORMALLY HEARTHSIDE FOODS)","FacStreet":"5850 WEST AMELIA EARHART DR.","FacCity":"SALT LAKE CITY","FacState":"UT","RegistryID":"110070837772","FacSNCFlg":"N","FacQtrsWithNC":0,"FacInspectionCount":0,"FacFormalActionCount":0,"PercentBelowLowincome3mile":27.89,"PercentPeopleOfColor":14.38,"AcsPopulationDensity":78.99}},{"type":"Feature","geometry":{"type":"Point","coordinates":[-111.892483,40.77154]},"properties":{"FacName":"MANTUA MAPLE HILL CAMP-GIRLS HOME FILTRATION","FacStreet":"50 E NORTH TEMPLE ST","FacCity":"SALT LAKE CITY","FacState":"UT","RegistryID":"110052769517","FacSNCFlg":"N","FacQtrsWithNC":6,"FacInspectionCount":0,"FacFormalActionCount":0,"PercentBelowLowincome3mile":29.72,"PercentPeopleOfColor":30.62,"AcsPopulationDensity":4658.1}},{"type":"Feature","geometry":{"type":"Point","coordinates":[-111.892483,40.77154]},"properties":{"FacName":"MANTUA VALLEY CAMP-IRON AND MANGANESE TREATMENT PLANT","FacStreet":"50 EAST NORTH TEMPLE STREET","FacCity":"SALT LAKE CITY","FacState":"UT","RegistryID":"110052927017","FacSNCFlg":"N","FacQtrsWithNC":4,"FacInspectionCount":0,"FacFormalActionCount":0,"PercentBelowLowincome3mile":29.72,"PercentPeopleOfColor":30.62,"AcsPopulationDensity":4658.1}},{"type":"Feature","geometry":{"type":"Point","coordinates":[-111.880333,40.68707]},"properties":{"FacName":"MANWILL PLUMBING & HEATING, INC.","FacStreet":"385 E 3900 S","FacCity":"SALT LAKE CITY","FacState":"UT","RegistryID":"110002289951","FacSNCFlg":"N","FacQtrsWithNC":0,"FacInspectionCount":0,"FacFormalActionCount":0,"PercentBelowLowincome3mile":22.64,"PercentPeopleOfColor":30.29,"AcsPopulationDensity":5468.1}},{"type":"Feature","geometry":{"type":"Point","coordinates":[-111.892483,40.77154]},"properties":{"FacName":"MAPLE RISE CAMPGROUND-WELL 1 HYPOCHLORINATOR","FacStreet":"50 E NORTH TEMPLE ST","FacCity":"SALT LAKE CITY","FacState":"UT","RegistryID":"110052991875","FacSNCFlg":"N","FacQtrsWithNC":0,"FacInspectionCount":0,"FacFormalActionCount":0,"PercentBelowLowincome3mile":29.72,"PercentPeopleOfColor":30.62,"AcsPopulationDensity":4658.1}},{"type":"Feature","geometry":{"type":"Point","coordinates":[-111.7772,40.7661]},"properties":{"FacName":"MARAT MAMAEV 4315","FacStreet":"4315 OAK MOUNTAIN CIR","FacCity":"SALT LAKE CITY","FacState":"UT","RegistryID":"110071849503","FacSNCFlg":"N","FacQtrsWithNC":0,"FacInspectionCount":0,"FacFormalActionCount":0,"PercentBelowLowincome3mile":19.44,"PercentPeopleOfColor":28.82,"AcsPopulationDensity":247.17}},{"type":"Feature","geometry":{"type":"Point","coordinates":[-111.91309,40.79669]},"properties":{"FacName":"MARATHON PETROLEUM COMPANY SALT LAKE CITY REFINERY","FacStreet":"474 WEST 900 NORTH","FacCity":"SALT LAKE CITY","FacState":"UT","RegistryID":"110071339856","FacSNCFlg":"N","FacQtrsWithNC":null,"FacInspectionCount":1,"FacFormalActionCount":0,"PercentBelowLowincome3mile":34.79,"PercentPeopleOfColor":28.77,"AcsPopulationDensity":2468.99}},{"type":"Feature","geometry":{"type":"Point","coordinates":[-111.90441,40.7889]},"properties":{"FacName":"MARATHON PETROLEUM \u2013 SALT LAKE CITY REFINERY","FacStreet":"474 WEST 900 NORTH","FacCity":"SALT LAKE CITY","FacState":"UT","RegistryID":"110000469243","FacSNCFlg":"N","FacQtrsWithNC":0,"FacInspectionCount":5,"FacFormalActionCount":0,"PercentBelowLowincome3mile":32.54,"PercentPeopleOfColor":31.6,"AcsPopulationDensity":3332.29}},{"type":"Feature","geometry":{"type":"Point","coordinates":[-111.90023,40.78746]},"properties":{"FacName":"MARATHON PIPE LINE LLC","FacStreet":"825 NORTH 300 WEST, SUITE NE-200","FacCity":"SALT LAKE CITY","FacState":"UT","RegistryID":"110071141714","FacSNCFlg":"N","FacQtrsWithNC":0,"FacInspectionCount":0,"FacFormalActionCount":0,"PercentBelowLowincome3mile":33.37,"PercentPeopleOfColor":32.91,"AcsPopulationDensity":3701.38}},{"type":"Feature","geometry":{"type":"Point","coordinates":[-111.9794,40.7515]},"properties":{"FacName":"MARCONI MEDICAL SYSTEMS INC","FacStreet":"3695 WEST 800 SOUTH","FacCity":"SALT LAKE CITY","FacState":"UT","RegistryID":"110063085664","FacSNCFlg":"N","FacQtrsWithNC":0,"FacInspectionCount":0,"FacFormalActionCount":0,"PercentBelowLowincome3mile":26.13,"PercentPeopleOfColor":25.78,"AcsPopulationDensity":718.75}},{"type":"Feature","geometry":{"type":"Point","coordinates":[-111.88828,40.69387]},"properties":{"FacName":"MARK MILLER SUBARU","FacStreet":"3535 S STATE ST","FacCity":"SALT LAKE CITY","FacState":"UT","RegistryID":"110002264594","FacSNCFlg":"N","FacQtrsWithNC":0,"FacInspectionCount":0,"FacFormalActionCount":0,"PercentBelowLowincome3mile":22.73,"PercentPeopleOfColor":31.57,"AcsPopulationDensity":5329.23}},{"type":"Feature","geometry":{"type":"Point","coordinates":[-111.89394,40.75317]},"properties":{"FacName":"MARK MILLER TOYOTA","FacStreet":"730 S WEST TEMPLE","FacCity":"SALT LAKE CITY","FacState":"UT","RegistryID":"110002296122","FacSNCFlg":"N","FacQtrsWithNC":0,"FacInspectionCount":0,"FacFormalActionCount":0,"PercentBelowLowincome3mile":28.27,"PercentPeopleOfColor":31.66,"AcsPopulationDensity":5312.16}},{"type":"Feature","geometry":{"type":"Point","coordinates":[-111.92797,40.76511]},"properties":{"FacName":"MARK STEEL CORP - JORDAN RIVER","FacStreet":"1230 W 200 SOUTH","FacCity":"SALT LAKE CITY","FacState":"UT","RegistryID":"110005197072","FacSNCFlg":"N","FacQtrsWithNC":0,"FacInspectionCount":0,"FacFormalActionCount":0,"PercentBelowLowincome3mile":30.2,"PercentPeopleOfColor":25.2,"AcsPopulationDensity":2960.46}},{"type":"Feature","geometry":{"type":"Point","coordinates":[-111.952,40.743]},"properties":{"FacName":"MARMON KEYSTONE","FacStreet":"1243 SOUTH SWANER ROAD","FacCity":"SALT LAKE CITY","FacState":"UT","RegistryID":"110071846912","FacSNCFlg":"N","FacQtrsWithNC":0,"FacInspectionCount":0,"FacFormalActionCount":0,"PercentBelowLowincome3mile":26.85,"PercentPeopleOfColor":33.22,"AcsPopulationDensity":1717.16}},{"type":"Feature","geometry":{"type":"Point","coordinates":[-111.91696,40.71148]},"properties":{"FacName":"MARTIN DOOR MANUFACTURING INC.","FacStreet":"2828 S 900 W","FacCity":"SALT LAKE CITY","FacState":"UT","RegistryID":"110002290351","FacSNCFlg":"N","FacQtrsWithNC":0,"FacInspectionCount":0,"FacFormalActionCount":0,"PercentBelowLowincome3mile":22.93,"PercentPeopleOfColor":35.54,"AcsPopulationDensity":4192.68}},{"type":"Feature","geometry":{"type":"Point","coordinates":[-111.89396,40.68453]},"properties":{"FacName":"MARV'S BODY SHOP","FacStreet":"4016 SOUTH WEST TEMPLE","FacCity":"SALT LAKE CITY","FacState":"UT","RegistryID":"110005203038","FacSNCFlg":"N","FacQtrsWithNC":0,"FacInspectionCount":0,"FacFormalActionCount":0,"PercentBelowLowincome3mile":22.98,"PercentPeopleOfColor":33.06,"AcsPopulationDensity":5326.79}},{"type":"Feature","geometry":{"type":"Point","coordinates":[-111.98463,40.75762]},"properties":{"FacName":"MARWOOD DESIGN","FacStreet":"3886 IRON ROSE PL","FacCity":"SALT LAKE CITY","FacState":"UT","RegistryID":"110071453573","FacSNCFlg":"N","FacQtrsWithNC":1,"FacInspectionCount":1,"FacFormalActionCount":0,"PercentBelowLowincome3mile":27.01,"PercentPeopleOfColor":20.43,"AcsPopulationDensity":521.37}},{"type":"Feature","geometry":{"type":"Point","coordinates":[-111.969289,40.761209]},"properties":{"FacName":"MATHESON TRUCKING","FacStreet":"588 S GLADIOLA ST","FacCity":"SALT LAKE CITY","FacState":"UT","RegistryID":"110071527907","FacSNCFlg":"N","FacQtrsWithNC":0,"FacInspectionCount":0,"FacFormalActionCount":0,"PercentBelowLowincome3mile":28.9,"PercentPeopleOfColor":20.77,"AcsPopulationDensity":1078.38}},{"type":"Feature","geometry":{"type":"Point","coordinates":[-111.885,40.7523]},"properties":{"FacName":"MAVEN FLATS","FacStreet":"777 S 200 E","FacCity":"SALT LAKE CITY","FacState":"UT","RegistryID":"110071821491","FacSNCFlg":"N","FacQtrsWithNC":0,"FacInspectionCount":0,"FacFormalActionCount":0,"PercentBelowLowincome3mile":27.59,"PercentPeopleOfColor":31.42,"AcsPopulationDensity":5433.99}},{"type":"Feature","geometry":{"type":"Point","coordinates":[-111.85433,40.6265]},"properties":{"FacName":"MAVERIK #306","FacStreet":"1300 EAST 6855 SOUTH","FacCity":"SALT LAKE CITY","FacState":"UT","RegistryID":"110071307914","FacSNCFlg":"N","FacQtrsWithNC":0,"FacInspectionCount":0,"FacFormalActionCount":0,"PercentBelowLowincome3mile":21.88,"PercentPeopleOfColor":26.75,"AcsPopulationDensity":4913.51}},{"type":"Feature","geometry":{"type":"Point","coordinates":[-111.95801,40.73484]},"properties":{"FacName":"MAX WAY TRUCKING","FacStreet":"1625 PIONEER ROAD","FacCity":"SALT LAKE CITY","FacState":"UT","RegistryID":"110070705082","FacSNCFlg":"N","FacQtrsWithNC":0,"FacInspectionCount":0,"FacFormalActionCount":0,"PercentBelowLowincome3mile":27.42,"PercentPeopleOfColor":37.37,"AcsPopulationDensity":1955}},{"type":"Feature","geometry":{"type":"Point","coordinates":[-111.89688,40.74582]},"properties":{"FacName":"MAXFIELD CANDY COMPANY","FacStreet":"1050 S. 200 W.","FacCity":"SALT LAKE CITY","FacState":"UT","RegistryID":"110001885005","FacSNCFlg":"N","FacQtrsWithNC":0,"FacInspectionCount":0,"FacFormalActionCount":0,"PercentBelowLowincome3mile":27.45,"PercentPeopleOfColor":32.42,"AcsPopulationDensity":5198.84}},{"type":"Feature","geometry":{"type":"Point","coordinates":[-111.90078,40.71265]},"properties":{"FacName":"MAXIM INCORPORATED","FacStreet":"331 WEST 2700 SOUTH","FacCity":"SALT LAKE CITY","FacState":"UT","RegistryID":"110005204956","FacSNCFlg":"N","FacQtrsWithNC":0,"FacInspectionCount":0,"FacFormalActionCount":0,"PercentBelowLowincome3mile":22.23,"PercentPeopleOfColor":31.79,"AcsPopulationDensity":4418.17}},{"type":"Feature","geometry":{"type":"Point","coordinates":[-111.930411,40.720826]},"properties":{"FacName":"MAXIM TECHNOLOGIES, INC.","FacStreet":"1127 WEST 2320 SOUTH STE B","FacCity":"SALT LAKE CITY","FacState":"UT","RegistryID":"110009508611","FacSNCFlg":"N","FacQtrsWithNC":0,"FacInspectionCount":0,"FacFormalActionCount":0,"PercentBelowLowincome3mile":24.54,"PercentPeopleOfColor":36.97,"AcsPopulationDensity":3344.27}},{"type":"Feature","geometry":{"type":"Point","coordinates":[-111.9042,40.78238]},"properties":{"FacName":"MAY FOUNDRY & MACHINE","FacStreet":"454 WEST 600 NORTH","FacCity":"SALT LAKE CITY","FacState":"UT","RegistryID":"110011675650","FacSNCFlg":"N","FacQtrsWithNC":0,"FacInspectionCount":0,"FacFormalActionCount":0,"PercentBelowLowincome3mile":32.21,"PercentPeopleOfColor":31.93,"AcsPopulationDensity":3900.44}},{"type":"Feature","geometry":{"type":"Point","coordinates":[-111.92737,40.81676]},"properties":{"FacName":"MBCI SALT LAKE","FacStreet":"1155 WEST 2300 NORTH","FacCity":"SALT LAKE CITY","FacState":"UT","RegistryID":"110070703792","FacSNCFlg":"N","FacQtrsWithNC":0,"FacInspectionCount":0,"FacFormalActionCount":0,"PercentBelowLowincome3mile":35.8,"PercentPeopleOfColor":20.99,"AcsPopulationDensity":1371.86}},{"type":"Feature","geometry":{"type":"Point","coordinates":[-111.85388,40.76431]},"properties":{"FacName":"MCINNES CLEANERS","FacStreet":"222 SOUTH 1300 EAST","FacCity":"SALT LAKE CITY","FacState":"UT","RegistryID":"110005197946","FacSNCFlg":"N","FacQtrsWithNC":0,"FacInspectionCount":0,"FacFormalActionCount":0,"PercentBelowLowincome3mile":27.67,"PercentPeopleOfColor":32.7,"AcsPopulationDensity":4430.4}},{"type":"Feature","geometry":{"type":"Point","coordinates":[-111.834992,40.640563]},"properties":{"FacName":"MCINNIS CLEANERS INC.","FacStreet":"6083 HIGHLAND DRIVE","FacCity":"SALT LAKE CITY","FacState":"UT","RegistryID":"110005206525","FacSNCFlg":"N","FacQtrsWithNC":0,"FacInspectionCount":0,"FacFormalActionCount":0,"PercentBelowLowincome3mile":26.02,"PercentPeopleOfColor":28.5,"AcsPopulationDensity":4228.57}},{"type":"Feature","geometry":{"type":"Point","coordinates":[-111.986479,40.730237]},"properties":{"FacName":"MCMAHAN LASER CORP","FacStreet":"3959 WEST 1829 SOUTH","FacCity":"SALT LAKE CITY","FacState":"UT","RegistryID":"110005204581","FacSNCFlg":"N","FacQtrsWithNC":0,"FacInspectionCount":0,"FacFormalActionCount":0,"PercentBelowLowincome3mile":29.5,"PercentPeopleOfColor":41.22,"AcsPopulationDensity":1843.22}},{"type":"Feature","geometry":{"type":"Point","coordinates":[-111.9797,40.73089]},"properties":{"FacName":"MEADOW GOLD DAIRIES","FacStreet":"3730 WEST 1820 SOUTH","FacCity":"SALT LAKE CITY","FacState":"UT","RegistryID":"110011683151","FacSNCFlg":"N","FacQtrsWithNC":0,"FacInspectionCount":1,"FacFormalActionCount":0,"PercentBelowLowincome3mile":29.31,"PercentPeopleOfColor":40.49,"AcsPopulationDensity":1890.09}},{"type":"Feature","geometry":{"type":"Point","coordinates":[-111.90595,40.64596]},"properties":{"FacName":"MEDLINE INDUSTRIES, LP C71","FacStreet":"264 SOUTH 5750 WEST","FacCity":"SALT LAKE CITY","FacState":"UT","RegistryID":"110071842562","FacSNCFlg":"N","FacQtrsWithNC":0,"FacInspectionCount":0,"FacFormalActionCount":0,"PercentBelowLowincome3mile":19,"PercentPeopleOfColor":30.55,"AcsPopulationDensity":5575.82}},{"type":"Feature","geometry":{"type":"Point","coordinates":[-111.902291,40.716036]},"properties":{"FacName":"MEGAHERTZ CORP.","FacStreet":"433 LAWDALE","FacCity":"SALT LAKE CITY","FacState":"UT","RegistryID":"110005206829","FacSNCFlg":"N","FacQtrsWithNC":0,"FacInspectionCount":0,"FacFormalActionCount":0,"PercentBelowLowincome3mile":21.79,"PercentPeopleOfColor":30.81,"AcsPopulationDensity":4273.71}},{"type":"Feature","geometry":{"type":"Point","coordinates":[-111.99454,40.74548]},"properties":{"FacName":"MERIDIAN COMMERCE CENTER BUILDING","FacStreet":"4324 WEST COMMERICAL WAY","FacCity":"SALT LAKE CITY","FacState":"UT","RegistryID":"110070705269","FacSNCFlg":"N","FacQtrsWithNC":0,"FacInspectionCount":0,"FacFormalActionCount":0,"PercentBelowLowincome3mile":28.98,"PercentPeopleOfColor":34.32,"AcsPopulationDensity":404.56}},{"type":"Feature","geometry":{"type":"Point","coordinates":[-111.902055,40.712532]},"properties":{"FacName":"METAL CRAFT TRAILERS INC.","FacStreet":"2720 LEMEL CIR","FacCity":"SALT LAKE CITY","FacState":"UT","RegistryID":"110005197848","FacSNCFlg":"N","FacQtrsWithNC":0,"FacInspectionCount":0,"FacFormalActionCount":0,"PercentBelowLowincome3mile":22.17,"PercentPeopleOfColor":32.27,"AcsPopulationDensity":4390.21}},{"type":"Feature","geometry":{"type":"Point","coordinates":[-111.8997,40.735243]},"properties":{"FacName":"METALS FINISHING INCORPORATED","FacStreet":"1578 S 300 W","FacCity":"SALT LAKE CITY","FacState":"UT","RegistryID":"110002263675","FacSNCFlg":"N","FacQtrsWithNC":0,"FacInspectionCount":0,"FacFormalActionCount":0,"PercentBelowLowincome3mile":24.85,"PercentPeopleOfColor":29.12,"AcsPopulationDensity":4895.13}},{"type":"Feature","geometry":{"type":"Point","coordinates":[-111.952778,40.73]},"properties":{"FacName":"METECH RECYCLING","FacStreet":"2350 WEST BRIDGER ROAD","FacCity":"SALT LAKE CITY","FacState":"UT","RegistryID":"110042428441","FacSNCFlg":"N","FacQtrsWithNC":12,"FacInspectionCount":0,"FacFormalActionCount":0,"PercentBelowLowincome3mile":26.05,"PercentPeopleOfColor":38.56,"AcsPopulationDensity":2283.84}},{"type":"Feature","geometry":{"type":"Point","coordinates":[-111.954379,40.72998]},"properties":{"FacName":"METECH RECYCLING INC","FacStreet":"2350 W BRIDGER ROAD","FacCity":"SALT LAKE CITY","FacState":"UT","RegistryID":"110071345900","FacSNCFlg":"N","FacQtrsWithNC":0,"FacInspectionCount":1,"FacFormalActionCount":0,"PercentBelowLowincome3mile":26.02,"PercentPeopleOfColor":38.79,"AcsPopulationDensity":2268.55}},{"type":"Feature","geometry":{"type":"Point","coordinates":[-111.94383,40.76171]},"properties":{"FacName":"METECH RECYCLING, INC.","FacStreet":"369 SOUTH ORANGE STREET","FacCity":"SALT LAKE CITY","FacState":"UT","RegistryID":"110071063290","FacSNCFlg":"N","FacQtrsWithNC":0,"FacInspectionCount":1,"FacFormalActionCount":0,"PercentBelowLowincome3mile":31.65,"PercentPeopleOfColor":25.85,"AcsPopulationDensity":1970.9}},{"type":"Feature","geometry":{"type":"Point","coordinates":[-111.96961,40.74578]},"properties":{"FacName":"METEX, INC.","FacStreet":"3260 WEST DIRECTORS ROW  SUITE B","FacCity":"SALT LAKE CITY","FacState":"UT","RegistryID":"110043419164","FacSNCFlg":"N","FacQtrsWithNC":0,"FacInspectionCount":0,"FacFormalActionCount":0,"PercentBelowLowincome3mile":27.06,"PercentPeopleOfColor":30.92,"AcsPopulationDensity":1217.54}},{"type":"Feature","geometry":{"type":"Point","coordinates":[-111.90302,40.74977]},"properties":{"FacName":"METRO GROUP, INC.","FacStreet":"401 WEST 900 SOUTH","FacCity":"SALT LAKE CITY","FacState":"UT","RegistryID":"110030922651","FacSNCFlg":"N","FacQtrsWithNC":0,"FacInspectionCount":0,"FacFormalActionCount":0,"PercentBelowLowincome3mile":28.35,"PercentPeopleOfColor":32.2,"AcsPopulationDensity":5049.89}},{"type":"Feature","geometry":{"type":"Point","coordinates":[-111.96589,40.7496]},"properties":{"FacName":"METRO RECYCLING","FacStreet":"3150 W 900 S","FacCity":"SALT LAKE CITY","FacState":"UT","RegistryID":"110055002839","FacSNCFlg":"N","FacQtrsWithNC":0,"FacInspectionCount":0,"FacFormalActionCount":0,"PercentBelowLowincome3mile":26.44,"PercentPeopleOfColor":28.42,"AcsPopulationDensity":1206.21}},{"type":"Feature","geometry":{"type":"Point","coordinates":[-111.899962,40.756311]},"properties":{"FacName":"METROPOLITAN WD OF SLC","FacStreet":"UNK","FacCity":"SALT LAKE CITY","FacState":"UT","RegistryID":"110017904865","FacSNCFlg":"N","FacQtrsWithNC":0,"FacInspectionCount":0,"FacFormalActionCount":0,"PercentBelowLowincome3mile":null,"PercentPeopleOfColor":null,"AcsPopulationDensity":null}},{"type":"Feature","geometry":{"type":"Point","coordinates":[-111.892483,40.77154]},"properties":{"FacName":"MIA SHALOM RECREATION CAMP-PUMP HOUSE CHLORINATOR","FacStreet":"50 E NORTH TEMPLE ST","FacCity":"SALT LAKE CITY","FacState":"UT","RegistryID":"110053029030","FacSNCFlg":"N","FacQtrsWithNC":1,"FacInspectionCount":0,"FacFormalActionCount":0,"PercentBelowLowincome3mile":29.72,"PercentPeopleOfColor":30.62,"AcsPopulationDensity":4658.1}},{"type":"Feature","geometry":{"type":"Point","coordinates":[-111.9157,40.7164]},"properties":{"FacName":"MIDWEST CABINET DIVISION","FacStreet":"850 WEST 2500 SOUTH","FacCity":"SALT LAKE CITY","FacState":"UT","RegistryID":"110037445832","FacSNCFlg":"N","FacQtrsWithNC":0,"FacInspectionCount":0,"FacFormalActionCount":0,"PercentBelowLowincome3mile":22.81,"PercentPeopleOfColor":33.54,"AcsPopulationDensity":3828.07}},{"type":"Feature","geometry":{"type":"Point","coordinates":[-111.97213,40.74481]},"properties":{"FacName":"MIDWEST MOTOR EXPRESS","FacStreet":"1150 GLADIOLA STREET","FacCity":"SALT LAKE CITY","FacState":"UT","RegistryID":"110072073706","FacSNCFlg":"N","FacQtrsWithNC":0,"FacInspectionCount":0,"FacFormalActionCount":0,"PercentBelowLowincome3mile":27.66,"PercentPeopleOfColor":32.1,"AcsPopulationDensity":1194.2}},{"type":"Feature","geometry":{"type":"Point","coordinates":[-111.902458,40.756153]},"properties":{"FacName":"MIDWEST MOTOR EXPRESS INC","FacStreet":"2200 S 400 W","FacCity":"SALT LAKE CITY","FacState":"UT","RegistryID":"110071725226","FacSNCFlg":"N","FacQtrsWithNC":0,"FacInspectionCount":0,"FacFormalActionCount":0,"PercentBelowLowincome3mile":28.48,"PercentPeopleOfColor":31.16,"AcsPopulationDensity":5006.73}},{"type":"Feature","geometry":{"type":"Point","coordinates":[-111.95802,40.74211]},"properties":{"FacName":"MIDWESTERN FAB\/DELTA EQUIPMENT\/D.E.I","FacStreet":"1235 SOUTH PIONEER RD.","FacCity":"SALT LAKE CITY","FacState":"UT","RegistryID":"110000469270","FacSNCFlg":"N","FacQtrsWithNC":0,"FacInspectionCount":5,"FacFormalActionCount":0,"PercentBelowLowincome3mile":26.92,"PercentPeopleOfColor":34.21,"AcsPopulationDensity":1607.31}},{"type":"Feature","geometry":{"type":"Point","coordinates":[-111.84461,40.69463]},"properties":{"FacName":"MILLCREEK CANYON UPHILL BIKE LANES","FacStreet":"MILLCREEK CANYON MP 1.5 TO MP 3.2","FacCity":"SALT LAKE CITY","FacState":"UT","RegistryID":"110070709812","FacSNCFlg":"N","FacQtrsWithNC":0,"FacInspectionCount":0,"FacFormalActionCount":0,"PercentBelowLowincome3mile":22.2,"PercentPeopleOfColor":25.81,"AcsPopulationDensity":5596.57}},{"type":"Feature","geometry":{"type":"Point","coordinates":[-111.7369,40.6975]},"properties":{"FacName":"MILLCREEK CANYON UT FLAP SAL 10 (1)","FacStreet":"7101 MILLCREEK CANYON ROAD","FacCity":"SALT LAKE CITY","FacState":"UT","RegistryID":"110071925061","FacSNCFlg":"N","FacQtrsWithNC":0,"FacInspectionCount":2,"FacFormalActionCount":0,"PercentBelowLowincome3mile":18.35,"PercentPeopleOfColor":13.22,"AcsPopulationDensity":77.09}},{"type":"Feature","geometry":{"type":"Point","coordinates":[-111.8252,40.69987]},"properties":{"FacName":"MILLCREEK DRY CLEANERS","FacStreet":"2270 E 3300 S","FacCity":"SALT LAKE CITY","FacState":"UT","RegistryID":"110002264727","FacSNCFlg":"N","FacQtrsWithNC":0,"FacInspectionCount":0,"FacFormalActionCount":0,"PercentBelowLowincome3mile":21.17,"PercentPeopleOfColor":22.65,"AcsPopulationDensity":4419.11}},{"type":"Feature","geometry":{"type":"Point","coordinates":[-111.870273,40.678227]},"properties":{"FacName":"MILLCREEK TERRACE LOTS 2-6","FacStreet":"4311 S 730 E","FacCity":"SALT LAKE CITY","FacState":"UT","RegistryID":"110070710040","FacSNCFlg":"N","FacQtrsWithNC":0,"FacInspectionCount":0,"FacFormalActionCount":0,"PercentBelowLowincome3mile":23,"PercentPeopleOfColor":27.31,"AcsPopulationDensity":5464.14}},{"type":"Feature","geometry":{"type":"Point","coordinates":[-111.86461,40.66364]},"properties":{"FacName":"MILLER & COMPANY REAL ESTATE SERVICES, INC.","FacStreet":"4885 SOUTH 900 EAST","FacCity":"SALT LAKE CITY","FacState":"UT","RegistryID":"110016672135","FacSNCFlg":"N","FacQtrsWithNC":null,"FacInspectionCount":1,"FacFormalActionCount":0,"PercentBelowLowincome3mile":23.54,"PercentPeopleOfColor":26.85,"AcsPopulationDensity":5319.14}},{"type":"Feature","geometry":{"type":"Point","coordinates":[-111.9024,40.7562]},"properties":{"FacName":"MILLER BUILDING DEMOLITION AND REUSE","FacStreet":"400 W 600 S","FacCity":"SALT LAKE CITY","FacState":"UT","RegistryID":"UTRC11835","FacSNCFlg":"N","FacQtrsWithNC":0,"FacInspectionCount":0,"FacFormalActionCount":0,"PercentBelowLowincome3mile":null,"PercentPeopleOfColor":null,"AcsPopulationDensity":null}},{"type":"Feature","geometry":{"type":"Point","coordinates":[-111.96301,40.75403]},"properties":{"FacName":"MILLER ELECTRIC","FacStreet":"700 SOUTH FULTON STREET","FacCity":"SALT LAKE CITY","FacState":"UT","RegistryID":"110005208943","FacSNCFlg":"N","FacQtrsWithNC":0,"FacInspectionCount":0,"FacFormalActionCount":0,"PercentBelowLowincome3mile":27.84,"PercentPeopleOfColor":26.42,"AcsPopulationDensity":1280.89}},{"type":"Feature","geometry":{"type":"Point","coordinates":[-111.85,40.74]},"properties":{"FacName":"MILLER PROJECT","FacStreet":"1264 YALE AVE","FacCity":"SALT LAKE CITY","FacState":"UT","RegistryID":"110071312172","FacSNCFlg":"N","FacQtrsWithNC":0,"FacInspectionCount":0,"FacFormalActionCount":0,"PercentBelowLowincome3mile":24.57,"PercentPeopleOfColor":30.3,"AcsPopulationDensity":5561.68}},{"type":"Feature","geometry":{"type":"Point","coordinates":[-111.891224,40.679581]},"properties":{"FacName":"MINERALS EQUIPMENT COMPANY","FacStreet":"4221 SOUTH MAIN STREET","FacCity":"SALT LAKE CITY","FacState":"UT","RegistryID":"110005194182","FacSNCFlg":"N","FacQtrsWithNC":0,"FacInspectionCount":0,"FacFormalActionCount":0,"PercentBelowLowincome3mile":22.57,"PercentPeopleOfColor":32.12,"AcsPopulationDensity":5334.03}},{"type":"Feature","geometry":{"type":"Point","coordinates":[-111.5856,40.4223]},"properties":{"FacName":"MIT R&D PARK","FacStreet":"4334 W. LAKE PARK BLVD.","FacCity":"SALT LAKE CITY","FacState":"UT","RegistryID":"110071881775","FacSNCFlg":"N","FacQtrsWithNC":0,"FacInspectionCount":0,"FacFormalActionCount":0,"PercentBelowLowincome3mile":19.09,"PercentPeopleOfColor":17.09,"AcsPopulationDensity":25.49}},{"type":"Feature","geometry":{"type":"Point","coordinates":[-111.88977,40.6998]},"properties":{"FacName":"MOBILITY WORKS","FacStreet":"68 EAST 3300 SOUTH","FacCity":"SALT LAKE CITY","FacState":"UT","RegistryID":"110072069060","FacSNCFlg":"N","FacQtrsWithNC":0,"FacInspectionCount":0,"FacFormalActionCount":0,"PercentBelowLowincome3mile":22.86,"PercentPeopleOfColor":31.24,"AcsPopulationDensity":5153.04}},{"type":"Feature","geometry":{"type":"Point","coordinates":[-111.89106,40.73534]},"properties":{"FacName":"MODA ON MAIN TOWNHOMES","FacStreet":"1570 S. MAIN STREET","FacCity":"SALT LAKE CITY","FacState":"UT","RegistryID":"110070709090","FacSNCFlg":"N","FacQtrsWithNC":0,"FacInspectionCount":0,"FacFormalActionCount":0,"PercentBelowLowincome3mile":25.45,"PercentPeopleOfColor":30.8,"AcsPopulationDensity":5388.92}},{"type":"Feature","geometry":{"type":"Point","coordinates":[-111.9044,40.7788]},"properties":{"FacName":"MODERA MARMALADE","FacStreet":"472 WEST 400 NORTH","FacCity":"SALT LAKE CITY","FacState":"UT","RegistryID":"110071880222","FacSNCFlg":"Y","FacQtrsWithNC":2,"FacInspectionCount":0,"FacFormalActionCount":0,"PercentBelowLowincome3mile":31.96,"PercentPeopleOfColor":31.63,"AcsPopulationDensity":4092.52}},{"type":"Feature","geometry":{"type":"Point","coordinates":[-111.852163,40.757252]},"properties":{"FacName":"MODERN DISPLAY","FacStreet":"500 WEST 324 NORTH","FacCity":"SALT LAKE CITY","FacState":"UT","RegistryID":"110005211127","FacSNCFlg":"N","FacQtrsWithNC":0,"FacInspectionCount":0,"FacFormalActionCount":0,"PercentBelowLowincome3mile":26.81,"PercentPeopleOfColor":32.28,"AcsPopulationDensity":4820.39}},{"type":"Feature","geometry":{"type":"Point","coordinates":[-111.87107,40.75966]},"properties":{"FacName":"MODERN DISPLAY","FacStreet":"424 SOUTH 700 EAST","FacCity":"SALT LAKE CITY","FacState":"UT","RegistryID":"110005194805","FacSNCFlg":"N","FacQtrsWithNC":0,"FacInspectionCount":0,"FacFormalActionCount":0,"PercentBelowLowincome3mile":27.57,"PercentPeopleOfColor":32.07,"AcsPopulationDensity":5037.59}},{"type":"Feature","geometry":{"type":"Point","coordinates":[-111.97146,40.75839]},"properties":{"FacName":"MODERN DISPLAY SERVICES INC.","FacStreet":"3370 WEST 500 SOUTH","FacCity":"SALT LAKE CITY","FacState":"UT","RegistryID":"110005212153","FacSNCFlg":"N","FacQtrsWithNC":0,"FacInspectionCount":0,"FacFormalActionCount":0,"PercentBelowLowincome3mile":27.47,"PercentPeopleOfColor":21.33,"AcsPopulationDensity":952.95}},{"type":"Feature","geometry":{"type":"Point","coordinates":[-112.0512,40.7426]},"properties":{"FacName":"MODULE 8 AQUIFER TESTING","FacStreet":"6030 WEST CALIFORNIA AVENUE","FacCity":"SALT LAKE CITY","FacState":"UT","RegistryID":"110071377386","FacSNCFlg":"N","FacQtrsWithNC":1,"FacInspectionCount":0,"FacFormalActionCount":0,"PercentBelowLowincome3mile":21.26,"PercentPeopleOfColor":35.84,"AcsPopulationDensity":818.86}},{"type":"Feature","geometry":{"type":"Point","coordinates":[-112.00576,40.73543]},"properties":{"FacName":"MODUS MEDIA INTERNATIONAL","FacStreet":"1545 SOUTH 4800 WEST","FacCity":"SALT LAKE CITY","FacState":"UT","RegistryID":"110005210048","FacSNCFlg":"N","FacQtrsWithNC":0,"FacInspectionCount":0,"FacFormalActionCount":0,"PercentBelowLowincome3mile":28.89,"PercentPeopleOfColor":41.38,"AcsPopulationDensity":1196.73}},{"type":"Feature","geometry":{"type":"Point","coordinates":[-112.00576,40.73442]},"properties":{"FacName":"MOM BRANDS","FacStreet":"1630 SOUTH 4800 WEST SUITE G","FacCity":"SALT LAKE CITY","FacState":"UT","RegistryID":"110060369578","FacSNCFlg":"N","FacQtrsWithNC":0,"FacInspectionCount":1,"FacFormalActionCount":0,"PercentBelowLowincome3mile":28.96,"PercentPeopleOfColor":41.74,"AcsPopulationDensity":1290.35}},{"type":"Feature","geometry":{"type":"Point","coordinates":[-112.026422,40.735812]},"properties":{"FacName":"MOM BRANDS UTAH DISTRIBUTION CENTER","FacStreet":"1550 SOUTH 5600 WEST","FacCity":"SALT LAKE CITY","FacState":"UT","RegistryID":"110070866019","FacSNCFlg":"N","FacQtrsWithNC":0,"FacInspectionCount":0,"FacFormalActionCount":0,"PercentBelowLowincome3mile":28.22,"PercentPeopleOfColor":37.43,"AcsPopulationDensity":1054.68}},{"type":"Feature","geometry":{"type":"Point","coordinates":[-111.989159,40.755826]},"properties":{"FacName":"MOMENTUM RECYCLING","FacStreet":"658 S 4050 W","FacCity":"SALT LAKE CITY","FacState":"UT","RegistryID":"110071296111","FacSNCFlg":"N","FacQtrsWithNC":0,"FacInspectionCount":0,"FacFormalActionCount":0,"PercentBelowLowincome3mile":26.03,"PercentPeopleOfColor":20.94,"AcsPopulationDensity":376.34}},{"type":"Feature","geometry":{"type":"Point","coordinates":[-111.993504,40.727505]},"properties":{"FacName":"MONDELEZ GLOBAL LLC - SLC","FacStreet":"4275 WEST 1980 SOUTH","FacCity":"SALT LAKE CITY","FacState":"UT","RegistryID":"110071427212","FacSNCFlg":"N","FacQtrsWithNC":0,"FacInspectionCount":0,"FacFormalActionCount":0,"PercentBelowLowincome3mile":27.92,"PercentPeopleOfColor":40.62,"AcsPopulationDensity":2022.63}},{"type":"Feature","geometry":{"type":"Point","coordinates":[-111.91744,40.71946]},"properties":{"FacName":"MONDI BAGS USA, LLC - SALT LAKE CITY BAG MANUFACTURING PLANT","FacStreet":"2357 S 900 W","FacCity":"SALT LAKE CITY","FacState":"UT","RegistryID":"110058032347","FacSNCFlg":"N","FacQtrsWithNC":0,"FacInspectionCount":1,"FacFormalActionCount":0,"PercentBelowLowincome3mile":22.75,"PercentPeopleOfColor":32.98,"AcsPopulationDensity":3709.48}},{"type":"Feature","geometry":{"type":"Point","coordinates":[-111.9114,40.80071]},"properties":{"FacName":"MONTANA BRAND PRODUCE CO INC","FacStreet":"1507 BECK ST","FacCity":"SALT LAKE CITY","FacState":"UT","RegistryID":"110020103065","FacSNCFlg":"N","FacQtrsWithNC":0,"FacInspectionCount":2,"FacFormalActionCount":0,"PercentBelowLowincome3mile":35.17,"PercentPeopleOfColor":27.79,"AcsPopulationDensity":2352.26}},{"type":"Feature","geometry":{"type":"Point","coordinates":[-111.84682,40.6871]},"properties":{"FacName":"MONTE VISTA","FacStreet":"1555 EAST 3900 SOUTH","FacCity":"SALT LAKE CITY","FacState":"UT","RegistryID":"110012358894","FacSNCFlg":"N","FacQtrsWithNC":0,"FacInspectionCount":0,"FacFormalActionCount":0,"PercentBelowLowincome3mile":23.29,"PercentPeopleOfColor":26.48,"AcsPopulationDensity":5580.29}},{"type":"Feature","geometry":{"type":"Point","coordinates":[-111.96924,40.72145]},"properties":{"FacName":"MONTEK COMPANY - SALT LAKE OPERATIONS","FacStreet":"2268 S 3270 W","FacCity":"WEST VALLEY CITY","FacState":"UT","RegistryID":"110012414556","FacSNCFlg":"N","FacQtrsWithNC":0,"FacInspectionCount":0,"FacFormalActionCount":0,"PercentBelowLowincome3mile":26.37,"PercentPeopleOfColor":41.85,"AcsPopulationDensity":2779.32}},{"type":"Feature","geometry":{"type":"Point","coordinates":[-111.664031,41.024099]},"properties":{"FacName":"MONTPELIER LDS CHURCH-TREATMENT PLANT","FacStreet":null,"FacCity":"SALT LAKE CITY","FacState":"UT","RegistryID":"110063360090","FacSNCFlg":"N","FacQtrsWithNC":0,"FacInspectionCount":0,"FacFormalActionCount":0,"PercentBelowLowincome3mile":null,"PercentPeopleOfColor":null,"AcsPopulationDensity":null}},{"type":"Feature","geometry":{"type":"Point","coordinates":[-111.950151,40.721718]},"properties":{"FacName":"MOOG INC. SALT LAKE","FacStreet":"2268 SOUTH 3270WEST","FacCity":"SALT LAKE CITY","FacState":"UT","RegistryID":"110030926498","FacSNCFlg":"N","FacQtrsWithNC":0,"FacInspectionCount":0,"FacFormalActionCount":0,"PercentBelowLowincome3mile":24.17,"PercentPeopleOfColor":40.48,"AcsPopulationDensity":2767.18}},{"type":"Feature","geometry":{"type":"Point","coordinates":[-111.85416,40.67225]},"properties":{"FacName":"MOORE HALL US ARMY RESERVE CNTR","FacStreet":"4550 SOUTH 1300 EAST","FacCity":"SALT LAKE CITY","FacState":"UT","RegistryID":"110010155857","FacSNCFlg":"N","FacQtrsWithNC":0,"FacInspectionCount":0,"FacFormalActionCount":0,"PercentBelowLowincome3mile":23.81,"PercentPeopleOfColor":26.05,"AcsPopulationDensity":5224.51}},{"type":"Feature","geometry":{"type":"Point","coordinates":[-111.179466,40.703474]},"properties":{"FacName":"MORGAN ASPHALT","FacStreet":"SR 201 7600 WEST","FacCity":"SALT LAKE CITY","FacState":"UT","RegistryID":"110071508657","FacSNCFlg":"N","FacQtrsWithNC":0,"FacInspectionCount":0,"FacFormalActionCount":0,"PercentBelowLowincome3mile":7.17,"PercentPeopleOfColor":18.8,"AcsPopulationDensity":50.93}},{"type":"Feature","geometry":{"type":"Point","coordinates":[-111.89523,40.68233]},"properties":{"FacName":"MORGRO CHEMICAL CO","FacStreet":"145 W CENTRAL AVE","FacCity":"SALT LAKE CITY","FacState":"UT","RegistryID":"110002262444","FacSNCFlg":"N","FacQtrsWithNC":0,"FacInspectionCount":1,"FacFormalActionCount":0,"PercentBelowLowincome3mile":22.85,"PercentPeopleOfColor":33.28,"AcsPopulationDensity":5344.17}},{"type":"Feature","geometry":{"type":"Point","coordinates":[-111.953506,40.815212]},"properties":{"FacName":"MOSQUITO ABATEMENT","FacStreet":"2215 N. 2200 W.","FacCity":"SALT LAKE CITY","FacState":"UT","RegistryID":"110071377696","FacSNCFlg":"N","FacQtrsWithNC":0,"FacInspectionCount":0,"FacFormalActionCount":0,"PercentBelowLowincome3mile":38.74,"PercentPeopleOfColor":20.93,"AcsPopulationDensity":944.37}},{"type":"Feature","geometry":{"type":"Point","coordinates":[-111.99558,40.73197]},"properties":{"FacName":"MOTION-UT13","FacStreet":"1750 S 4370 W","FacCity":"SALT LAKE CITY","FacState":"UT","RegistryID":"110071674351","FacSNCFlg":"N","FacQtrsWithNC":0,"FacInspectionCount":0,"FacFormalActionCount":0,"PercentBelowLowincome3mile":29.33,"PercentPeopleOfColor":41.95,"AcsPopulationDensity":1604.18}},{"type":"Feature","geometry":{"type":"Point","coordinates":[-112.01004,40.76587]},"properties":{"FacName":"MOTOR SPORTSLAND","FacStreet":"4988 W 150 S","FacCity":"SALT LAKE CITY","FacState":"UT","RegistryID":"110070711807","FacSNCFlg":"N","FacQtrsWithNC":0,"FacInspectionCount":0,"FacFormalActionCount":0,"PercentBelowLowincome3mile":32.73,"PercentPeopleOfColor":16.94,"AcsPopulationDensity":106.25}},{"type":"Feature","geometry":{"type":"Point","coordinates":[-111.7242,40.7325]},"properties":{"FacName":"MOUNT AIRE POWER PROJECT","FacStreet":"2065 - 1727 S MOUNT AIRE RD","FacCity":"SALT LAKE CITY","FacState":"UT","RegistryID":"110071297088","FacSNCFlg":"N","FacQtrsWithNC":0,"FacInspectionCount":0,"FacFormalActionCount":0,"PercentBelowLowincome3mile":24.95,"PercentPeopleOfColor":12.53,"AcsPopulationDensity":33.92}},{"type":"Feature","geometry":{"type":"Point","coordinates":[-111.93355,40.63472]},"properties":{"FacName":"MOUNTAIN AIRS","FacStreet":"1183 S. 1480 W.","FacCity":"SALT LAKE CITY","FacState":"UT","RegistryID":"110012358279","FacSNCFlg":"N","FacQtrsWithNC":0,"FacInspectionCount":0,"FacFormalActionCount":0,"PercentBelowLowincome3mile":15.75,"PercentPeopleOfColor":28.34,"AcsPopulationDensity":5500.4}},{"type":"Feature","geometry":{"type":"Point","coordinates":[-111.86538,40.71931]},"properties":{"FacName":"MOUNTAIN DELL CAFE AND GOLF COURSE-MTN DELL CAFE SPRING CHLORINATOR","FacStreet":"2375 S 900 E","FacCity":"SALT LAKE CITY","FacState":"UT","RegistryID":"110052972789","FacSNCFlg":"N","FacQtrsWithNC":4,"FacInspectionCount":0,"FacFormalActionCount":2,"PercentBelowLowincome3mile":20.97,"PercentPeopleOfColor":24.52,"AcsPopulationDensity":5637.23}},{"type":"Feature","geometry":{"type":"Point","coordinates":[-111.7218,40.7506]},"properties":{"FacName":"MOUNTAIN DELL DAM - REBUILDING OF OUTLET GATES AND VALVES","FacStreet":"7101 EAST IEIGHTYEAST FWY","FacCity":"SALT LAKE CITY","FacState":"UT","RegistryID":"110071728113","FacSNCFlg":"N","FacQtrsWithNC":0,"FacInspectionCount":0,"FacFormalActionCount":0,"PercentBelowLowincome3mile":21.03,"PercentPeopleOfColor":11.44,"AcsPopulationDensity":28.8}},{"type":"Feature","geometry":{"type":"Point","coordinates":[-112.05832,40.74024]},"properties":{"FacName":"MOUNTAIN VIEW LANDFILL","FacStreet":"6976 WEST CALIFORNIA AVE.","FacCity":"SALT LAKE CITY","FacState":"UT","RegistryID":"110032607374","FacSNCFlg":"N","FacQtrsWithNC":0,"FacInspectionCount":1,"FacFormalActionCount":0,"PercentBelowLowincome3mile":20.2,"PercentPeopleOfColor":35.26,"AcsPopulationDensity":1195.25}},{"type":"Feature","geometry":{"type":"Point","coordinates":[-111.90253,40.77875]},"properties":{"FacName":"MOUNTAIN WEST CIDER COMPANY, INC.","FacStreet":"425 NORTH 400 WEST","FacCity":"SALT LAKE CITY","FacState":"UT","RegistryID":"110071918267","FacSNCFlg":"N","FacQtrsWithNC":0,"FacInspectionCount":0,"FacFormalActionCount":0,"PercentBelowLowincome3mile":32.02,"PercentPeopleOfColor":31.61,"AcsPopulationDensity":4164.9}},{"type":"Feature","geometry":{"type":"Point","coordinates":[-111.9308,40.72592]},"properties":{"FacName":"MOUNTAIN WEST TRUCK CENTER","FacStreet":"1475 W 2100 S","FacCity":"SALT LAKE CITY","FacState":"UT","RegistryID":"110046386237","FacSNCFlg":"N","FacQtrsWithNC":0,"FacInspectionCount":0,"FacFormalActionCount":0,"PercentBelowLowincome3mile":24.12,"PercentPeopleOfColor":34.66,"AcsPopulationDensity":3090.44}},{"type":"Feature","geometry":{"type":"Point","coordinates":[-111.939271,40.772331]},"properties":{"FacName":"MOUNTAINWEST INDUSTRIAL","FacStreet":"130 SOUTH REDWOOD ROAD BUILDING L","FacCity":"SALT LAKE CITY","FacState":"UT","RegistryID":"110008173877","FacSNCFlg":"N","FacQtrsWithNC":0,"FacInspectionCount":0,"FacFormalActionCount":0,"PercentBelowLowincome3mile":32.2,"PercentPeopleOfColor":25.33,"AcsPopulationDensity":2049.33}},{"type":"Feature","geometry":{"type":"Point","coordinates":[-112.0246,40.732452]},"properties":{"FacName":"MOUNTAIVIEW BUILDING W","FacStreet":"5575 WEST 1730 SOUTH","FacCity":"SALT LAKE CITY","FacState":"UT","RegistryID":"110070713729","FacSNCFlg":"N","FacQtrsWithNC":0,"FacInspectionCount":0,"FacFormalActionCount":0,"PercentBelowLowincome3mile":27.39,"PercentPeopleOfColor":39.34,"AcsPopulationDensity":1312.13}},{"type":"Feature","geometry":{"type":"Point","coordinates":[-111.892483,40.77154]},"properties":{"FacName":"MT STERLING RECREATION CAMP-MT. STERLING CAMP CHLORINATOR","FacStreet":"50 E NORTH TEMPLE ST","FacCity":"SALT LAKE CITY","FacState":"UT","RegistryID":"110063370775","FacSNCFlg":"N","FacQtrsWithNC":1,"FacInspectionCount":0,"FacFormalActionCount":0,"PercentBelowLowincome3mile":29.72,"PercentPeopleOfColor":30.62,"AcsPopulationDensity":4658.1}},{"type":"Feature","geometry":{"type":"Point","coordinates":[-111.88831,40.67072]},"properties":{"FacName":"MURDOCK HYUNDAI MURRAY","FacStreet":"4646 SOUTH STATE STREET","FacCity":"SALT LAKE CITY","FacState":"UT","RegistryID":"110005201398","FacSNCFlg":"N","FacQtrsWithNC":5,"FacInspectionCount":1,"FacFormalActionCount":0,"PercentBelowLowincome3mile":22.06,"PercentPeopleOfColor":30.81,"AcsPopulationDensity":5152.8}},{"type":"Feature","geometry":{"type":"Point","coordinates":[-111.891278,40.674649]},"properties":{"FacName":"MURRAY DESERET INDUSTRIES","FacStreet":"4485 SOUTH MAIN STREET","FacCity":"SALT LAKE CITY","FacState":"UT","RegistryID":"110002291243","FacSNCFlg":"N","FacQtrsWithNC":0,"FacInspectionCount":0,"FacFormalActionCount":0,"PercentBelowLowincome3mile":22.41,"PercentPeopleOfColor":31.77,"AcsPopulationDensity":5216.16}},{"type":"Feature","geometry":{"type":"Point","coordinates":[-111.90826,40.76804]},"properties":{"FacName":"MYERS CONTAINER CORP","FacStreet":"49 SOUTH 600 WEST","FacCity":"SALT LAKE CITY","FacState":"UT","RegistryID":"110032754954","FacSNCFlg":"N","FacQtrsWithNC":0,"FacInspectionCount":0,"FacFormalActionCount":0,"PercentBelowLowincome3mile":30.15,"PercentPeopleOfColor":30.48,"AcsPopulationDensity":4451.71}},{"type":"Feature","geometry":{"type":"Point","coordinates":[-111.95351,40.77633]},"properties":{"FacName":"MYRIAD GENETICS, INC. WEST CAMPUS","FacStreet":"322 NORTH 2200 WEST","FacCity":"SALT LAKE CITY","FacState":"UT","RegistryID":"110002303187","FacSNCFlg":"N","FacQtrsWithNC":0,"FacInspectionCount":0,"FacFormalActionCount":0,"PercentBelowLowincome3mile":31.69,"PercentPeopleOfColor":21.46,"AcsPopulationDensity":1534.65}},{"type":"Feature","geometry":{"type":"Point","coordinates":[-111.90534,40.74726]},"properties":{"FacName":"NAMMO COMPOSITE SOLUTIONS, LLC","FacStreet":"1000 SOUTH 500 WEST","FacCity":"SALT LAKE CITY","FacState":"UT","RegistryID":"110055415545","FacSNCFlg":"N","FacQtrsWithNC":0,"FacInspectionCount":0,"FacFormalActionCount":0,"PercentBelowLowincome3mile":28.05,"PercentPeopleOfColor":31.6,"AcsPopulationDensity":4922.54}},{"type":"Feature","geometry":{"type":"Point","coordinates":[-111.98314,40.72829]},"properties":{"FacName":"NAPA SLC ANNEX","FacStreet":"1970 S. 3850 W.","FacCity":"SALT LAKE CITY","FacState":"UT","RegistryID":"110071063352","FacSNCFlg":"N","FacQtrsWithNC":0,"FacInspectionCount":1,"FacFormalActionCount":0,"PercentBelowLowincome3mile":28.76,"PercentPeopleOfColor":40.81,"AcsPopulationDensity":2079.84}},{"type":"Feature","geometry":{"type":"Point","coordinates":[-111.88964,40.742594]},"properties":{"FacName":"NATE WADE SUBARU   PARTS","FacStreet":"1240 MAJOR ST","FacCity":"SALT LAKE CITY","FacState":"UT","RegistryID":"110002262916","FacSNCFlg":"N","FacQtrsWithNC":0,"FacInspectionCount":0,"FacFormalActionCount":0,"PercentBelowLowincome3mile":26.47,"PercentPeopleOfColor":32.03,"AcsPopulationDensity":5416.75}},{"type":"Feature","geometry":{"type":"Point","coordinates":[-111.88963,40.74076]},"properties":{"FacName":"NATE WADE SUBARU BODY SHOP","FacStreet":"1331 SOUTH MAJOR STREET","FacCity":"SALT LAKE CITY","FacState":"UT","RegistryID":"110002154347","FacSNCFlg":"N","FacQtrsWithNC":0,"FacInspectionCount":0,"FacFormalActionCount":0,"PercentBelowLowincome3mile":26.22,"PercentPeopleOfColor":31.89,"AcsPopulationDensity":5437.19}},{"type":"Feature","geometry":{"type":"Point","coordinates":[-111.89329,40.69978]},"properties":{"FacName":"NATIONAL COATINGS & SUPPLIES (PREV. CARQUEST)","FacStreet":"80 WEST 3300 SOUTH","FacCity":"SALT LAKE CITY","FacState":"UT","RegistryID":"110037445896","FacSNCFlg":"N","FacQtrsWithNC":0,"FacInspectionCount":0,"FacFormalActionCount":0,"PercentBelowLowincome3mile":23.42,"PercentPeopleOfColor":32.33,"AcsPopulationDensity":5083.46}},{"type":"Feature","geometry":{"type":"Point","coordinates":[-112.005768,40.737769]},"properties":{"FacName":"NATIONAL COATINGS & SUPPLIES INC. SLC DC OFFSITE 8957","FacStreet":"1477 SOUTH 4800 WEST","FacCity":"SALT LAKE CITY","FacState":"UT","RegistryID":"110071307913","FacSNCFlg":"N","FacQtrsWithNC":1,"FacInspectionCount":1,"FacFormalActionCount":0,"PercentBelowLowincome3mile":28.47,"PercentPeopleOfColor":40.27,"AcsPopulationDensity":974.46}},{"type":"Feature","geometry":{"type":"Point","coordinates":[-111.950243,40.715101]},"properties":{"FacName":"NATIONAL COATINGS & SUPPLIES, INC.","FacStreet":"2580 S DECKER LAKE BLVD SUITE 100","FacCity":"SALT LAKE CITY","FacState":"UT","RegistryID":"110070595678","FacSNCFlg":"N","FacQtrsWithNC":0,"FacInspectionCount":1,"FacFormalActionCount":0,"PercentBelowLowincome3mile":23.87,"PercentPeopleOfColor":41.67,"AcsPopulationDensity":3137.96}},{"type":"Feature","geometry":{"type":"Point","coordinates":[-111.99265,40.72753]},"properties":{"FacName":"NATIONAL COATINGS & SUPPLIES-SALT LAKE CITY DC-8957","FacStreet":"2037 SOUTH 4250 WEST","FacCity":"SALT LAKE CITY","FacState":"UT","RegistryID":"110045429078","FacSNCFlg":"N","FacQtrsWithNC":0,"FacInspectionCount":0,"FacFormalActionCount":0,"PercentBelowLowincome3mile":28,"PercentPeopleOfColor":40.64,"AcsPopulationDensity":2028.9}},{"type":"Feature","geometry":{"type":"Point","coordinates":[-111.90255,40.78433]},"properties":{"FacName":"NATIONAL FILTER MEDIA","FacStreet":"691 N 400 W","FacCity":"SALT LAKE CITY","FacState":"UT","RegistryID":"110002267163","FacSNCFlg":"N","FacQtrsWithNC":0,"FacInspectionCount":1,"FacFormalActionCount":0,"PercentBelowLowincome3mile":32.55,"PercentPeopleOfColor":32.25,"AcsPopulationDensity":3850.04}},{"type":"Feature","geometry":{"type":"Point","coordinates":[-111.89623,40.70729]},"properties":{"FacName":"NATIONAL LASER COMPANY","FacStreet":"175 WEST 2950 SOUTH","FacCity":"SALT LAKE CITY","FacState":"UT","RegistryID":"110015686024","FacSNCFlg":"N","FacQtrsWithNC":0,"FacInspectionCount":0,"FacFormalActionCount":0,"PercentBelowLowincome3mile":23.2,"PercentPeopleOfColor":32.1,"AcsPopulationDensity":4736.15}},{"type":"Feature","geometry":{"type":"Point","coordinates":[-111.95551,40.73312]},"properties":{"FacName":"NATIONAL VISION INC","FacStreet":"2525 WEST 1700 SOUTH","FacCity":"SALT LAKE CITY","FacState":"UT","RegistryID":"110056155823","FacSNCFlg":"N","FacQtrsWithNC":0,"FacInspectionCount":0,"FacFormalActionCount":0,"PercentBelowLowincome3mile":26.77,"PercentPeopleOfColor":37.97,"AcsPopulationDensity":2102.43}},{"type":"Feature","geometry":{"type":"Point","coordinates":[-111.835645,40.741834]},"properties":{"FacName":"NATURA SOLVE PRODUCTS, LLC","FacStreet":"1920 LAIRD DRIVE","FacCity":"SALT LAKE CITY","FacState":"UT","RegistryID":"110071846270","FacSNCFlg":"N","FacQtrsWithNC":null,"FacInspectionCount":1,"FacFormalActionCount":0,"PercentBelowLowincome3mile":23.46,"PercentPeopleOfColor":29.13,"AcsPopulationDensity":4963.74}},{"type":"Feature","geometry":{"type":"Point","coordinates":[-111.981537,40.749441]},"properties":{"FacName":"NAVAJO STREET RECONSTRUCTION","FacStreet":"NAVAJO STREET","FacCity":"SALT LAKE CITY","FacState":"UT","RegistryID":"110072129579","FacSNCFlg":"N","FacQtrsWithNC":0,"FacInspectionCount":0,"FacFormalActionCount":0,"PercentBelowLowincome3mile":null,"PercentPeopleOfColor":null,"AcsPopulationDensity":null}},{"type":"Feature","geometry":{"type":"Point","coordinates":[-111.830092,40.762021]},"properties":{"FacName":"NAVAL AND MARINE CORPS RESERVE CENTER SALT LAKE CITY","FacStreet":"116 POLLOCK RD","FacCity":"SALT LAKE CITY","FacState":"UT","RegistryID":"110006883088","FacSNCFlg":"N","FacQtrsWithNC":0,"FacInspectionCount":0,"FacFormalActionCount":0,"PercentBelowLowincome3mile":26.3,"PercentPeopleOfColor":32.78,"AcsPopulationDensity":3677.45}},{"type":"Feature","geometry":{"type":"Point","coordinates":[-111.89368,40.67425]},"properties":{"FacName":"NCS-MURRAY UT INDUSTRIAL-8959","FacStreet":"79 W 4500 S STE 25","FacCity":"SALT LAKE CITY","FacState":"UT","RegistryID":"110072069820","FacSNCFlg":"N","FacQtrsWithNC":0,"FacInspectionCount":0,"FacFormalActionCount":0,"PercentBelowLowincome3mile":22.33,"PercentPeopleOfColor":32.53,"AcsPopulationDensity":5210.7}},{"type":"Feature","geometry":{"type":"Point","coordinates":[-111.98326,40.75622]},"properties":{"FacName":"NELSON  SCRAP METAL","FacStreet":"625 SOUTH IRON ROSE PLACE","FacCity":"SALT LAKE CITY","FacState":"UT","RegistryID":"110056335880","FacSNCFlg":"N","FacQtrsWithNC":0,"FacInspectionCount":1,"FacFormalActionCount":0,"PercentBelowLowincome3mile":26.45,"PercentPeopleOfColor":21.31,"AcsPopulationDensity":561.03}},{"type":"Feature","geometry":{"type":"Point","coordinates":[-111.93882,40.63726]},"properties":{"FacName":"NELSON LABORATORIES, LLC","FacStreet":"6280 S REDWOOD RD","FacCity":"SALT LAKE CITY","FacState":"UT","RegistryID":"110020501955","FacSNCFlg":"N","FacQtrsWithNC":0,"FacInspectionCount":1,"FacFormalActionCount":1,"PercentBelowLowincome3mile":16.23,"PercentPeopleOfColor":29.89,"AcsPopulationDensity":5613.56}},{"type":"Feature","geometry":{"type":"Point","coordinates":[-111.93881,40.636225]},"properties":{"FacName":"NELSON LABS, LLC","FacStreet":"6300 SOUTH REDWOOD ROAD","FacCity":"SALT LAKE CITY","FacState":"UT","RegistryID":"110071228867","FacSNCFlg":"N","FacQtrsWithNC":0,"FacInspectionCount":1,"FacFormalActionCount":0,"PercentBelowLowincome3mile":16.14,"PercentPeopleOfColor":29.48,"AcsPopulationDensity":5593.93}},{"type":"Feature","geometry":{"type":"Point","coordinates":[-111.866256,40.724714]},"properties":{"FacName":"NESTLE DREYERS ICE CREAM SLOC","FacStreet":"850 EAST 2100 SOUTH","FacCity":"SALT LAKE CITY","FacState":"UT","RegistryID":"110002349263","FacSNCFlg":"N","FacQtrsWithNC":0,"FacInspectionCount":1,"FacFormalActionCount":0,"PercentBelowLowincome3mile":21.36,"PercentPeopleOfColor":26.2,"AcsPopulationDensity":5768.93}},{"type":"Feature","geometry":{"type":"Point","coordinates":[-111.886,40.7272]},"properties":{"FacName":"NEW CITY PLAZA RENOVATION","FacStreet":"1996 SOUTH 200 EAST","FacCity":"SALT LAKE CITY","FacState":"UT","RegistryID":"110071223146","FacSNCFlg":"N","FacQtrsWithNC":0,"FacInspectionCount":0,"FacFormalActionCount":0,"PercentBelowLowincome3mile":22.59,"PercentPeopleOfColor":27.62,"AcsPopulationDensity":5273.68}},{"type":"Feature","geometry":{"type":"Point","coordinates":[-111.98112,40.7515]},"properties":{"FacName":"NEW PRIME, INC","FacStreet":"3720 WEST 800 SOUTH","FacCity":"SALT LAKE CITY","FacState":"UT","RegistryID":"110064877888","FacSNCFlg":"N","FacQtrsWithNC":0,"FacInspectionCount":0,"FacFormalActionCount":0,"PercentBelowLowincome3mile":25.9,"PercentPeopleOfColor":25.76,"AcsPopulationDensity":654.59}},{"type":"Feature","geometry":{"type":"Point","coordinates":[-111.868356,40.700212]},"properties":{"FacName":"NEW PRIME, INC.","FacStreet":"3270 WEST 800 SOUTH","FacCity":"SALT LAKE CITY","FacState":"UT","RegistryID":"110071928374","FacSNCFlg":"N","FacQtrsWithNC":0,"FacInspectionCount":0,"FacFormalActionCount":0,"PercentBelowLowincome3mile":21.53,"PercentPeopleOfColor":25.53,"AcsPopulationDensity":5465.53}},{"type":"Feature","geometry":{"type":"Point","coordinates":[-112.03861,40.78361]},"properties":{"FacName":"NEW STATE CORRECTIONAL FACILITY","FacStreet":"8000 WEST 1400 NORTH","FacCity":"SALT LAKE CITY","FacState":"UT","RegistryID":"110070706935","FacSNCFlg":"N","FacQtrsWithNC":0,"FacInspectionCount":0,"FacFormalActionCount":0,"PercentBelowLowincome3mile":25.11,"PercentPeopleOfColor":13.82,"AcsPopulationDensity":68.5}},{"type":"Feature","geometry":{"type":"Point","coordinates":[-111.926668,40.800898]},"properties":{"FacName":"NEW WRF-SW-1A INFLUENT PUMP STATION","FacStreet":"1200 RECLAMATION ROAD","FacCity":"SALT LAKE CITY","FacState":"UT","RegistryID":"110071525620","FacSNCFlg":"Y","FacQtrsWithNC":4,"FacInspectionCount":0,"FacFormalActionCount":0,"PercentBelowLowincome3mile":35.87,"PercentPeopleOfColor":24.68,"AcsPopulationDensity":1757.1}},{"type":"Feature","geometry":{"type":"Point","coordinates":[-111.9268,40.8012]},"properties":{"FacName":"NEW WRF-SW-1A INFLUENT PUMP STATION","FacStreet":"12000 RECLAMATION ROAD","FacCity":"SALT LAKE CITY","FacState":"UT","RegistryID":"110071507192","FacSNCFlg":"N","FacQtrsWithNC":0,"FacInspectionCount":0,"FacFormalActionCount":0,"PercentBelowLowincome3mile":35.83,"PercentPeopleOfColor":24.52,"AcsPopulationDensity":1742.36}},{"type":"Feature","geometry":{"type":"Point","coordinates":[-111.827171,40.680849]},"properties":{"FacName":"NEWTON RESIDENCE","FacStreet":"4175 CLOVER LANE","FacCity":"SALT LAKE CITY","FacState":"UT","RegistryID":"UTP000001819","FacSNCFlg":"N","FacQtrsWithNC":0,"FacInspectionCount":0,"FacFormalActionCount":0,"PercentBelowLowincome3mile":null,"PercentPeopleOfColor":null,"AcsPopulationDensity":null}},{"type":"Feature","geometry":{"type":"Point","coordinates":[-111.607462,40.628387]},"properties":{"FacName":"NGUYEN CABIN","FacStreet":"11438 EAST QUAKIE LANE","FacCity":"SALT LAKE CITY","FacState":"UT","RegistryID":"110070704415","FacSNCFlg":"N","FacQtrsWithNC":0,"FacInspectionCount":0,"FacFormalActionCount":0,"PercentBelowLowincome3mile":14.54,"PercentPeopleOfColor":20.6,"AcsPopulationDensity":46.12}},{"type":"Feature","geometry":{"type":"Point","coordinates":[-111.992652,40.728517]},"properties":{"FacName":"NICHOLS INC.","FacStreet":"1949 SOUTH 4250 WEST","FacCity":"SALT LAKE CITY","FacState":"UT","RegistryID":"110005211948","FacSNCFlg":"N","FacQtrsWithNC":0,"FacInspectionCount":0,"FacFormalActionCount":0,"PercentBelowLowincome3mile":28.43,"PercentPeopleOfColor":40.9,"AcsPopulationDensity":1935.11}},{"type":"Feature","geometry":{"type":"Point","coordinates":[-111.964889,40.73681]},"properties":{"FacName":"NINIGRET TECHNOLOGIES PARK, LC. PREV. ENGELHARD","FacStreet":"2950 ANDREWS AVE","FacCity":"SALT LAKE CITY","FacState":"UT","RegistryID":"110032754936","FacSNCFlg":"N","FacQtrsWithNC":0,"FacInspectionCount":0,"FacFormalActionCount":0,"PercentBelowLowincome3mile":28.01,"PercentPeopleOfColor":37.11,"AcsPopulationDensity":1722.6}},{"type":"Feature","geometry":{"type":"Point","coordinates":[-111.889255,40.636092]},"properties":{"FacName":"NORDSTROM INC 032","FacStreet":"6191 SOUTH STATE #200","FacCity":"SALT LAKE CITY","FacState":"UT","RegistryID":"110070435230","FacSNCFlg":"N","FacQtrsWithNC":0,"FacInspectionCount":0,"FacFormalActionCount":0,"PercentBelowLowincome3mile":18.08,"PercentPeopleOfColor":25.8,"AcsPopulationDensity":5429.33}},{"type":"Feature","geometry":{"type":"Point","coordinates":[-111.92924,40.62922]},"properties":{"FacName":"NORDSTROM INC 073","FacStreet":"55 S.W. TEMPLE","FacCity":"SALT LAKE CITY","FacState":"UT","RegistryID":"110070435231","FacSNCFlg":"N","FacQtrsWithNC":0,"FacInspectionCount":0,"FacFormalActionCount":0,"PercentBelowLowincome3mile":14.56,"PercentPeopleOfColor":25.65,"AcsPopulationDensity":5444.9}},{"type":"Feature","geometry":{"type":"Point","coordinates":[-111.94016,40.77814]},"properties":{"FacName":"NORTH ASPEN APARTMENTS","FacStreet":"1722 WEST 400 NORTH","FacCity":"SALT LAKE CITY","FacState":"UT","RegistryID":"110043466950","FacSNCFlg":"N","FacQtrsWithNC":null,"FacInspectionCount":0,"FacFormalActionCount":1,"PercentBelowLowincome3mile":32.82,"PercentPeopleOfColor":24.93,"AcsPopulationDensity":1906.32}},{"type":"Feature","geometry":{"type":"Point","coordinates":[-111.8878,40.7786]},"properties":{"FacName":"NORTH CAPITOL BUILDING","FacStreet":"320 STATE CAPITOL","FacCity":"SALT LAKE CITY","FacState":"UT","RegistryID":"110071322238","FacSNCFlg":"N","FacQtrsWithNC":0,"FacInspectionCount":2,"FacFormalActionCount":0,"PercentBelowLowincome3mile":31.34,"PercentPeopleOfColor":32.34,"AcsPopulationDensity":4283.25}},{"type":"Feature","geometry":{"type":"Point","coordinates":[-111.980714,40.783553]},"properties":{"FacName":"NORTH CARGO APRON SITE DEVELOPMENT","FacStreet":"776 NORTH TERMINAL DRIVE","FacCity":"SALT LAKE CITY","FacState":"UT","RegistryID":"110071081639","FacSNCFlg":"N","FacQtrsWithNC":1,"FacInspectionCount":0,"FacFormalActionCount":0,"PercentBelowLowincome3mile":37.95,"PercentPeopleOfColor":20.69,"AcsPopulationDensity":660.43}},{"type":"Feature","geometry":{"type":"Point","coordinates":[-111.9523,40.8326]},"properties":{"FacName":"NORTH CREEK INFRASTRUCTURE","FacStreet":"2200 WEST, 2950 NORTH, 3030 NORTH","FacCity":"SALT LAKE CITY","FacState":"UT","RegistryID":"110072085177","FacSNCFlg":"N","FacQtrsWithNC":0,"FacInspectionCount":0,"FacFormalActionCount":0,"PercentBelowLowincome3mile":32.72,"PercentPeopleOfColor":18.58,"AcsPopulationDensity":758.29}},{"type":"Feature","geometry":{"type":"Point","coordinates":[-111.80706,40.6856]},"properties":{"FacName":"NORTH CREEK SLC","FacStreet":"2111 W. 3030 N.","FacCity":"SALT LAKE CITY","FacState":"UT","RegistryID":"110071950368","FacSNCFlg":"N","FacQtrsWithNC":0,"FacInspectionCount":0,"FacFormalActionCount":0,"PercentBelowLowincome3mile":21.11,"PercentPeopleOfColor":22.23,"AcsPopulationDensity":3230.33}},{"type":"Feature","geometry":{"type":"Point","coordinates":[-111.9677,40.73956]},"properties":{"FacName":"NORTH PARK TRANSPORTATION","FacStreet":"1361 SOUTH 3200 WEST","FacCity":"SALT LAKE CITY","FacState":"UT","RegistryID":"110030920706","FacSNCFlg":"N","FacQtrsWithNC":0,"FacInspectionCount":1,"FacFormalActionCount":0,"PercentBelowLowincome3mile":28.08,"PercentPeopleOfColor":36.63,"AcsPopulationDensity":1546.95}},{"type":"Feature","geometry":{"type":"Point","coordinates":[-111.95339,40.810303]},"properties":{"FacName":"NORTH POINT BUILDING 1","FacStreet":"1950 NORTH 2200 WEST","FacCity":"SALT LAKE CITY","FacState":"UT","RegistryID":"110070567166","FacSNCFlg":"N","FacQtrsWithNC":0,"FacInspectionCount":0,"FacFormalActionCount":0,"PercentBelowLowincome3mile":40.74,"PercentPeopleOfColor":22.28,"AcsPopulationDensity":961.8}},{"type":"Feature","geometry":{"type":"Point","coordinates":[-111.953745,40.835328]},"properties":{"FacName":"NORTH POINT INNOVATION PARK BY OCC INDUSTRIAL","FacStreet":"3130 NORTH 2200 WEST","FacCity":"SALT LAKE CITY","FacState":"UT","RegistryID":"110072081666","FacSNCFlg":"N","FacQtrsWithNC":0,"FacInspectionCount":0,"FacFormalActionCount":0,"PercentBelowLowincome3mile":32.46,"PercentPeopleOfColor":18.35,"AcsPopulationDensity":716.1}},{"type":"Feature","geometry":{"type":"Point","coordinates":[-111.92293,40.81676]},"properties":{"FacName":"NORTH SALT LAKE BATCH PLANT","FacStreet":"1110 WEST 2300 NORTH","FacCity":"SALT LAKE CITY","FacState":"UT","RegistryID":"110046339048","FacSNCFlg":"N","FacQtrsWithNC":0,"FacInspectionCount":1,"FacFormalActionCount":0,"PercentBelowLowincome3mile":35.27,"PercentPeopleOfColor":21.04,"AcsPopulationDensity":1423.69}},{"type":"Feature","geometry":{"type":"Point","coordinates":[-111.895,40.7737]},"properties":{"FacName":"NORTH TEMPLE & STATE STREET RECONNECT","FacStreet":"200 N & N W TEMPLE ST","FacCity":"SALT LAKE CITY","FacState":"UT","RegistryID":"110071251800","FacSNCFlg":"N","FacQtrsWithNC":0,"FacInspectionCount":1,"FacFormalActionCount":0,"PercentBelowLowincome3mile":30.48,"PercentPeopleOfColor":30.82,"AcsPopulationDensity":4541.71}},{"type":"Feature","geometry":{"type":"Point","coordinates":[-111.900046,40.771509]},"properties":{"FacName":"NORTH TEMPLE AND 300 WEST APARTMENTS","FacStreet":"308 WEST NORTH TEMPLE","FacCity":"SALT LAKE CITY","FacState":"UT","RegistryID":"110070710722","FacSNCFlg":"N","FacQtrsWithNC":0,"FacInspectionCount":0,"FacFormalActionCount":0,"PercentBelowLowincome3mile":30.3,"PercentPeopleOfColor":30.48,"AcsPopulationDensity":4547.87}},{"type":"Feature","geometry":{"type":"Point","coordinates":[-112.062897,40.762447]},"properties":{"FacName":"NORTH TEMPLE LANDFILL - LEACHATE","FacStreet":"330 NORTH 7200 WEST","FacCity":"SALT LAKE CITY","FacState":"UT","RegistryID":"110070708541","FacSNCFlg":"N","FacQtrsWithNC":0,"FacInspectionCount":0,"FacFormalActionCount":0,"PercentBelowLowincome3mile":21.07,"PercentPeopleOfColor":25.8,"AcsPopulationDensity":67.32}},{"type":"Feature","geometry":{"type":"Point","coordinates":[-111.91522,40.77143]},"properties":{"FacName":"NORTH TEMPLE MICRO APARTMENTS","FacStreet":"837 WEST NORTH TEMPLE","FacCity":"SALT LAKE CITY","FacState":"UT","RegistryID":"110070926318","FacSNCFlg":"N","FacQtrsWithNC":0,"FacInspectionCount":0,"FacFormalActionCount":0,"PercentBelowLowincome3mile":30.24,"PercentPeopleOfColor":28.09,"AcsPopulationDensity":3779.1}},{"type":"Feature","geometry":{"type":"Point","coordinates":[-111.95356,40.810174]},"properties":{"FacName":"NORTHPOINT BUSINESS PARK","FacStreet":"1932 N 2200 W","FacCity":"SALT LAKE CITY","FacState":"UT","RegistryID":"110070710151","FacSNCFlg":"N","FacQtrsWithNC":0,"FacInspectionCount":0,"FacFormalActionCount":0,"PercentBelowLowincome3mile":40.81,"PercentPeopleOfColor":22.29,"AcsPopulationDensity":958.32}},{"type":"Feature","geometry":{"type":"Point","coordinates":[-111.953499,40.830008]},"properties":{"FacName":"NORTHPOINT COMMERCE CENTER","FacStreet":"2828 N 2200 W","FacCity":"SALT LAKE CITY","FacState":"UT","RegistryID":"110071953150","FacSNCFlg":"N","FacQtrsWithNC":0,"FacInspectionCount":0,"FacFormalActionCount":0,"PercentBelowLowincome3mile":33.62,"PercentPeopleOfColor":19.12,"AcsPopulationDensity":752.77}},{"type":"Feature","geometry":{"type":"Point","coordinates":[-111.95422,40.77149]},"properties":{"FacName":"NORTHROP GRUMMAN SYSTEMS CORPORATION","FacStreet":"2211 WEST NORTH TEMPLE","FacCity":"SALT LAKE CITY","FacState":"UT","RegistryID":"110000896772","FacSNCFlg":"N","FacQtrsWithNC":0,"FacInspectionCount":1,"FacFormalActionCount":0,"PercentBelowLowincome3mile":30.94,"PercentPeopleOfColor":21.55,"AcsPopulationDensity":1556.37}},{"type":"Feature","geometry":{"type":"Point","coordinates":[-112.04247,40.76287]},"properties":{"FacName":"NORTHROP GRUMMAN SYSTEMS CORPORATION","FacStreet":"6320 W 300 S","FacCity":"SALT LAKE CITY","FacState":"UT","RegistryID":"110071899829","FacSNCFlg":"N","FacQtrsWithNC":0,"FacInspectionCount":0,"FacFormalActionCount":0,"PercentBelowLowincome3mile":27.06,"PercentPeopleOfColor":24.78,"AcsPopulationDensity":93.41}},{"type":"Feature","geometry":{"type":"Point","coordinates":[-112.036614,40.76222]},"properties":{"FacName":"NORTHROP GRUMMAN SYSTEMS CORPORATION - COPPER CROSSING","FacStreet":"6320 WEST 300 SOUTH","FacCity":"SALT LAKE CITY","FacState":"UT","RegistryID":"110072067887","FacSNCFlg":"N","FacQtrsWithNC":0,"FacInspectionCount":0,"FacFormalActionCount":0,"PercentBelowLowincome3mile":28.29,"PercentPeopleOfColor":24.54,"AcsPopulationDensity":99.89}},{"type":"Feature","geometry":{"type":"Point","coordinates":[-111.907085,40.741693]},"properties":{"FacName":"NORTHWEST MOTOR WELDING UTAH","FacStreet":"550 WEST 1300 SOUTH","FacCity":"SALT LAKE CITY","FacState":"UT","RegistryID":"110005204055","FacSNCFlg":"N","FacQtrsWithNC":0,"FacInspectionCount":0,"FacFormalActionCount":0,"PercentBelowLowincome3mile":26.63,"PercentPeopleOfColor":29.37,"AcsPopulationDensity":4587.18}},{"type":"Feature","geometry":{"type":"Point","coordinates":[-111.92583,40.801667]},"properties":{"FacName":"NORTHWEST OIL DRAIN: SPA-1 REMOVAL AND REGRADING","FacStreet":"W 2300 NORTH STREET BETWEEN SOUTH REDWOOD AND 1200","FacCity":"SALT LAKE CITY","FacState":"UT","RegistryID":"110070712654","FacSNCFlg":"N","FacQtrsWithNC":0,"FacInspectionCount":0,"FacFormalActionCount":0,"PercentBelowLowincome3mile":35.94,"PercentPeopleOfColor":24.6,"AcsPopulationDensity":1762.94}},{"type":"Feature","geometry":{"type":"Point","coordinates":[-111.95737,40.78357]},"properties":{"FacName":"NORTHWEST PIPELINE AVIATION","FacStreet":"649 NORTH 2360 WEST","FacCity":"SALT LAKE CITY","FacState":"UT","RegistryID":"110005206062","FacSNCFlg":"N","FacQtrsWithNC":0,"FacInspectionCount":0,"FacFormalActionCount":0,"PercentBelowLowincome3mile":33.5,"PercentPeopleOfColor":20.33,"AcsPopulationDensity":1319.55}},{"type":"Feature","geometry":{"type":"Point","coordinates":[-111.827318,40.761682]},"properties":{"FacName":"NORTHWEST PIPELINE CORPORATION","FacStreet":"295 CHIPETA WAY\/P.O. BOX 58900","FacCity":"SALT LAKE CITY","FacState":"UT","RegistryID":"110011618197","FacSNCFlg":"N","FacQtrsWithNC":0,"FacInspectionCount":0,"FacFormalActionCount":0,"PercentBelowLowincome3mile":26.11,"PercentPeopleOfColor":32.92,"AcsPopulationDensity":3503.74}},{"type":"Feature","geometry":{"type":"Point","coordinates":[-111.85819,40.68706]},"properties":{"FacName":"NORTHWEST TOXICOLOGY INC","FacStreet":"1141 EAST 3900 SOUTH","FacCity":"SALT LAKE CITY","FacState":"UT","RegistryID":"110005205205","FacSNCFlg":"N","FacQtrsWithNC":0,"FacInspectionCount":0,"FacFormalActionCount":0,"PercentBelowLowincome3mile":23.85,"PercentPeopleOfColor":27.36,"AcsPopulationDensity":5603.04}},{"type":"Feature","geometry":{"type":"Point","coordinates":[-111.88655,40.64922]},"properties":{"FacName":"NOVA CONSULTING GROUP, INC.","FacStreet":"141 EAST 5600 SOUTH, SUITE 200","FacCity":"MURRAY","FacState":"UT","RegistryID":"110030900595","FacSNCFlg":"N","FacQtrsWithNC":0,"FacInspectionCount":0,"FacFormalActionCount":0,"PercentBelowLowincome3mile":21.1,"PercentPeopleOfColor":29.37,"AcsPopulationDensity":5410.26}},{"type":"Feature","geometry":{"type":"Point","coordinates":[-111.92972,40.77141]},"properties":{"FacName":"NTO PARKING LOT","FacStreet":"1407 WEST NORTH TEMPLE","FacCity":"SALT LAKE CITY","FacState":"UT","RegistryID":"110070705455","FacSNCFlg":"N","FacQtrsWithNC":0,"FacInspectionCount":0,"FacFormalActionCount":0,"PercentBelowLowincome3mile":31.04,"PercentPeopleOfColor":25.51,"AcsPopulationDensity":2686.6}},{"type":"Feature","geometry":{"type":"Point","coordinates":[-111.91114,40.73497]},"properties":{"FacName":"NUCOR REBAR FABRICATION SALT LAKE INC","FacStreet":"1626 S 700 W","FacCity":"SALT LAKE CITY","FacState":"UT","RegistryID":"110041904623","FacSNCFlg":"N","FacQtrsWithNC":0,"FacInspectionCount":0,"FacFormalActionCount":0,"PercentBelowLowincome3mile":23.98,"PercentPeopleOfColor":28.42,"AcsPopulationDensity":4106.17}},{"type":"Feature","geometry":{"type":"Point","coordinates":[-111.911326,40.747168]},"properties":{"FacName":"NUSET INDUSTRIES, ORRCO, 02 BL (NUSETI)","FacStreet":"977 S 700 W","FacCity":"SALT LAKE CITY","FacState":"UT","RegistryID":"110001132694","FacSNCFlg":"N","FacQtrsWithNC":1,"FacInspectionCount":1,"FacFormalActionCount":0,"PercentBelowLowincome3mile":27.72,"PercentPeopleOfColor":29.08,"AcsPopulationDensity":4425.63}},{"type":"Feature","geometry":{"type":"Point","coordinates":[-111.95359,40.78785]},"properties":{"FacName":"NUTRIX INTERNATIONAL, LLC","FacStreet":"810 NORTH 2200 WEST","FacCity":"SALT LAKE CITY","FacState":"UT","RegistryID":"110031313335","FacSNCFlg":"N","FacQtrsWithNC":0,"FacInspectionCount":0,"FacFormalActionCount":0,"PercentBelowLowincome3mile":34.01,"PercentPeopleOfColor":20.86,"AcsPopulationDensity":1340.06}},{"type":"Feature","geometry":{"type":"Point","coordinates":[-112.0553,40.7854]},"properties":{"FacName":"NWQ - BUILDING 5","FacStreet":"6680 WEST 700 NORTH","FacCity":"SALT LAKE CITY","FacState":"UT","RegistryID":"110070876838","FacSNCFlg":"N","FacQtrsWithNC":0,"FacInspectionCount":0,"FacFormalActionCount":0,"PercentBelowLowincome3mile":19.58,"PercentPeopleOfColor":14.71,"AcsPopulationDensity":53.92}},{"type":"Feature","geometry":{"type":"Point","coordinates":[-112.0575,40.7949]},"properties":{"FacName":"NWQ LOT 9","FacStreet":"905 NORTH 6715 WEST","FacCity":"SALT LAKE CITY","FacState":"UT","RegistryID":"110071143742","FacSNCFlg":"N","FacQtrsWithNC":0,"FacInspectionCount":0,"FacFormalActionCount":0,"PercentBelowLowincome3mile":16.17,"PercentPeopleOfColor":13.9,"AcsPopulationDensity":47.9}},{"type":"Feature","geometry":{"type":"Point","coordinates":[-112.075,40.7844]},"properties":{"FacName":"NWQ PHASE IV","FacStreet":"7640 WEST 700 NORTH","FacCity":"SALT LAKE CITY","FacState":"UT","RegistryID":"110071906576","FacSNCFlg":"N","FacQtrsWithNC":0,"FacInspectionCount":0,"FacFormalActionCount":0,"PercentBelowLowincome3mile":11.88,"PercentPeopleOfColor":16.16,"AcsPopulationDensity":41.44}},{"type":"Feature","geometry":{"type":"Point","coordinates":[-112.0691,40.7826]},"properties":{"FacName":"NWQ RAIL PLAT A LOT 3","FacStreet":"7719 WEST 700 NORTH","FacCity":"SALT LAKE CITY","FacState":"UT","RegistryID":"110071438768","FacSNCFlg":"N","FacQtrsWithNC":0,"FacInspectionCount":0,"FacFormalActionCount":0,"PercentBelowLowincome3mile":14.68,"PercentPeopleOfColor":15.65,"AcsPopulationDensity":45.13}},{"type":"Feature","geometry":{"type":"Point","coordinates":[-111.9154,40.76905]},"properties":{"FacName":"NWS ARCTIC MOUNTAIN WINCO FOODS HELENA-TREATMENT","FacStreet":"11 S JEREMY ST","FacCity":"SALT LAKE CITY","FacState":"UT","RegistryID":"110070786580","FacSNCFlg":"N","FacQtrsWithNC":0,"FacInspectionCount":0,"FacFormalActionCount":0,"PercentBelowLowincome3mile":29.98,"PercentPeopleOfColor":27.93,"AcsPopulationDensity":3866.43}},{"type":"Feature","geometry":{"type":"Point","coordinates":[-112.03821,40.75503]},"properties":{"FacName":"O'REILLY AUTO ENTERPRISES LLC DC 14","FacStreet":"6130 WEST 700 SOUTH","FacCity":"SALT LAKE CITY","FacState":"UT","RegistryID":"110045566008","FacSNCFlg":"N","FacQtrsWithNC":0,"FacInspectionCount":0,"FacFormalActionCount":0,"PercentBelowLowincome3mile":27.1,"PercentPeopleOfColor":30.34,"AcsPopulationDensity":125.71}},{"type":"Feature","geometry":{"type":"Point","coordinates":[-111.873028,40.69987]},"properties":{"FacName":"O'REILLY AUTO PARTS #2723","FacStreet":"631 EAST 3300 SOUTH","FacCity":"SALT LAKE CITY","FacState":"UT","RegistryID":"110070246872","FacSNCFlg":"N","FacQtrsWithNC":0,"FacInspectionCount":0,"FacFormalActionCount":0,"PercentBelowLowincome3mile":21.46,"PercentPeopleOfColor":27.09,"AcsPopulationDensity":5441.75}},{"type":"Feature","geometry":{"type":"Point","coordinates":[-111.93966,40.74356]},"properties":{"FacName":"O'REILLY AUTO PARTS 4776","FacStreet":"1730 WEST SEQUOIA VISTA CIRCLE","FacCity":"SALT LAKE CITY","FacState":"UT","RegistryID":"110070122963","FacSNCFlg":"N","FacQtrsWithNC":0,"FacInspectionCount":0,"FacFormalActionCount":0,"PercentBelowLowincome3mile":26.94,"PercentPeopleOfColor":30.11,"AcsPopulationDensity":2127.9}},{"type":"Feature","geometry":{"type":"Point","coordinates":[-111.88825,40.76882]},"properties":{"FacName":"O.C. TANNER FLAGSHIP JEWELRY STORE","FacStreet":"15 S STATE STREET","FacCity":"SALT LAKE CITY","FacState":"UT","RegistryID":"110071915592","FacSNCFlg":"N","FacQtrsWithNC":0,"FacInspectionCount":0,"FacFormalActionCount":0,"PercentBelowLowincome3mile":28.92,"PercentPeopleOfColor":30.57,"AcsPopulationDensity":4817.83}},{"type":"Feature","geometry":{"type":"Point","coordinates":[-111.899758,40.691027]},"properties":{"FacName":"OASIS QUARTZ","FacStreet":"3678 S 300 W","FacCity":"SOUTH SALT LAKE","FacState":"UT","RegistryID":"110072075693","FacSNCFlg":"N","FacQtrsWithNC":0,"FacInspectionCount":1,"FacFormalActionCount":0,"PercentBelowLowincome3mile":23.43,"PercentPeopleOfColor":34.23,"AcsPopulationDensity":5184.68}},{"type":"Feature","geometry":{"type":"Point","coordinates":[-111.88824,40.72817]},"properties":{"FacName":"OC TANNER MANUFACTURING CO","FacStreet":"1930 SOUTH STATE STREET","FacCity":"SALT LAKE CITY","FacState":"UT","RegistryID":"110000469467","FacSNCFlg":"N","FacQtrsWithNC":0,"FacInspectionCount":0,"FacFormalActionCount":0,"PercentBelowLowincome3mile":23.1,"PercentPeopleOfColor":28.08,"AcsPopulationDensity":5238.36}},{"type":"Feature","geometry":{"type":"Point","coordinates":[-111.91686,40.728707]},"properties":{"FacName":"OCEAN BEAUTY SEAFOODS LLC","FacStreet":"1911 S 900 W","FacCity":"SALT LAKE CITY","FacState":"UT","RegistryID":"110046386246","FacSNCFlg":"N","FacQtrsWithNC":0,"FacInspectionCount":0,"FacFormalActionCount":0,"PercentBelowLowincome3mile":21.81,"PercentPeopleOfColor":28.48,"AcsPopulationDensity":3579.16}},{"type":"Feature","geometry":{"type":"Point","coordinates":[-111.90777,40.64064]},"properties":{"FacName":"OEMETA INC.","FacStreet":"5655 WEST 610 SOUTH","FacCity":"SALT LAKE CITY","FacState":"UT","RegistryID":"110070624394","FacSNCFlg":"N","FacQtrsWithNC":0,"FacInspectionCount":0,"FacFormalActionCount":0,"PercentBelowLowincome3mile":17.76,"PercentPeopleOfColor":28.77,"AcsPopulationDensity":5588.84}},{"type":"Feature","geometry":{"type":"Point","coordinates":[-111.89676,40.77215]},"properties":{"FacName":"OFFICE BLDG WEST\/TRAVEL LODGE","FacStreet":"120 N 200 W","FacCity":"SALT LAKE CITY","FacState":"UT","RegistryID":"110072072469","FacSNCFlg":"N","FacQtrsWithNC":0,"FacInspectionCount":0,"FacFormalActionCount":0,"PercentBelowLowincome3mile":30.19,"PercentPeopleOfColor":30.55,"AcsPopulationDensity":4582.37}},{"type":"Feature","geometry":{"type":"Point","coordinates":[-111.9928,40.7549]},"properties":{"FacName":"OKLAND B-YARD","FacStreet":"4250 W. 700 E.","FacCity":"SALT LAKE CITY","FacState":"UT","RegistryID":"110071824550","FacSNCFlg":"N","FacQtrsWithNC":0,"FacInspectionCount":0,"FacFormalActionCount":0,"PercentBelowLowincome3mile":26.29,"PercentPeopleOfColor":23.37,"AcsPopulationDensity":254.18}},{"type":"Feature","geometry":{"type":"Point","coordinates":[-111.892483,40.77154]},"properties":{"FacName":"OLD PINERY RECREATION AREA-OLD PINERY CHLORINATOR","FacStreet":"50 E NORTH TEMPLE ST","FacCity":"SALT LAKE CITY","FacState":"UT","RegistryID":"110052795436","FacSNCFlg":"N","FacQtrsWithNC":7,"FacInspectionCount":0,"FacFormalActionCount":0,"PercentBelowLowincome3mile":29.72,"PercentPeopleOfColor":30.62,"AcsPopulationDensity":4658.1}},{"type":"Feature","geometry":{"type":"Point","coordinates":[-112.0841,40.5196]},"properties":{"FacName":"OLYMPIA MASS GRADING AND MATERIALS PROCESSING PHASE 2","FacStreet":"7800 WEST","FacCity":"SALT LAKE CITY","FacState":"UT","RegistryID":"110071886357","FacSNCFlg":"N","FacQtrsWithNC":0,"FacInspectionCount":0,"FacFormalActionCount":0,"PercentBelowLowincome3mile":40.96,"PercentPeopleOfColor":61.1,"AcsPopulationDensity":285.3}},{"type":"Feature","geometry":{"type":"Point","coordinates":[-111.91114,40.73516]},"properties":{"FacName":"OLYMPIA SALES COMPANY","FacStreet":"1537 SOUTH 700 WEST","FacCity":"SALT LAKE CITY","FacState":"UT","RegistryID":"110009507783","FacSNCFlg":"N","FacQtrsWithNC":0,"FacInspectionCount":0,"FacFormalActionCount":0,"PercentBelowLowincome3mile":24.04,"PercentPeopleOfColor":28.45,"AcsPopulationDensity":4113.18}},{"type":"Feature","geometry":{"type":"Point","coordinates":[-111.94977,40.71777]},"properties":{"FacName":"OMNICARE OF SALT LAKE CITY 471","FacStreet":"2280 WEST ALEXANDER STREET","FacCity":"SALT LAKE CITY","FacState":"UT","RegistryID":"110045566017","FacSNCFlg":"N","FacQtrsWithNC":0,"FacInspectionCount":0,"FacFormalActionCount":0,"PercentBelowLowincome3mile":23.81,"PercentPeopleOfColor":41.09,"AcsPopulationDensity":2991.39}},{"type":"Feature","geometry":{"type":"Point","coordinates":[-111.9289,40.72283]},"properties":{"FacName":"OMNICUS","FacStreet":"2250 SOUTH 1300 WEST","FacCity":"SALT LAKE CITY","FacState":"UT","RegistryID":"110005206295","FacSNCFlg":"N","FacQtrsWithNC":0,"FacInspectionCount":0,"FacFormalActionCount":0,"PercentBelowLowincome3mile":24.11,"PercentPeopleOfColor":35.53,"AcsPopulationDensity":3330.45}},{"type":"Feature","geometry":{"type":"Point","coordinates":[-111.943831,40.762732]},"properties":{"FacName":"ORANGE STREET","FacStreet":"290 SOUTH ORANGE STREET","FacCity":"SALT LAKE CITY","FacState":"UT","RegistryID":"110070249417","FacSNCFlg":"N","FacQtrsWithNC":0,"FacInspectionCount":0,"FacFormalActionCount":0,"PercentBelowLowincome3mile":31.72,"PercentPeopleOfColor":25.63,"AcsPopulationDensity":1969.73}},{"type":"Feature","geometry":{"type":"Point","coordinates":[-111.915073,40.733521]},"properties":{"FacName":"ORKIN PEST CONTROL CO INC","FacStreet":"8400 WEST 1700 SOUTH SUITE 13","FacCity":"SALT LAKE CITY","FacState":"UT","RegistryID":"110005209871","FacSNCFlg":"N","FacQtrsWithNC":0,"FacInspectionCount":0,"FacFormalActionCount":0,"PercentBelowLowincome3mile":23.26,"PercentPeopleOfColor":28.13,"AcsPopulationDensity":3742.23}},{"type":"Feature","geometry":{"type":"Point","coordinates":[-111.8997,40.713407]},"properties":{"FacName":"OSHA-USDOL ANALYTICAL LABRORTORY","FacStreet":"1781 SO 300 WEST","FacCity":"SALT LAKE CITY","FacState":"UT","RegistryID":"110005199356","FacSNCFlg":"N","FacQtrsWithNC":0,"FacInspectionCount":0,"FacFormalActionCount":0,"PercentBelowLowincome3mile":22.2,"PercentPeopleOfColor":30.97,"AcsPopulationDensity":4401.44}},{"type":"Feature","geometry":{"type":"Point","coordinates":[-111.89692,40.67314]},"properties":{"FacName":"OTTLEY FLOOR CO. INC.","FacStreet":"4540 SOUTH 200 WEST","FacCity":"SALT LAKE CITY","FacState":"UT","RegistryID":"110013360692","FacSNCFlg":"N","FacQtrsWithNC":0,"FacInspectionCount":0,"FacFormalActionCount":0,"PercentBelowLowincome3mile":22.31,"PercentPeopleOfColor":33.61,"AcsPopulationDensity":5202.8}},{"type":"Feature","geometry":{"type":"Point","coordinates":[-111.98086,40.7147]},"properties":{"FacName":"OTTO BOCK HEALTH CARE","FacStreet":"3820 WEST GREAT LAKES DRIVE","FacCity":"SALT LAKE CITY","FacState":"UT","RegistryID":"110043985863","FacSNCFlg":"N","FacQtrsWithNC":0,"FacInspectionCount":1,"FacFormalActionCount":0,"PercentBelowLowincome3mile":26.28,"PercentPeopleOfColor":43.6,"AcsPopulationDensity":3243.51}},{"type":"Feature","geometry":{"type":"Point","coordinates":[-111.943588,40.657009]},"properties":{"FacName":"PACCAR PARKING LOT","FacStreet":"5200 WEST 1950 SOUTH","FacCity":"SALT LAKE CITY","FacState":"UT","RegistryID":"110070707169","FacSNCFlg":"N","FacQtrsWithNC":0,"FacInspectionCount":0,"FacFormalActionCount":0,"PercentBelowLowincome3mile":19.23,"PercentPeopleOfColor":37.08,"AcsPopulationDensity":5778.18}},{"type":"Feature","geometry":{"type":"Point","coordinates":[-111.86547,40.70913]},"properties":{"FacName":"PACIFIC STEEL SALT LAKE","FacStreet":"2850 WEST 900","FacCity":"SALT LAKE CITY","FacState":"UT","RegistryID":"110071951022","FacSNCFlg":"N","FacQtrsWithNC":0,"FacInspectionCount":0,"FacFormalActionCount":0,"PercentBelowLowincome3mile":20.5,"PercentPeopleOfColor":23.32,"AcsPopulationDensity":5552.33}},{"type":"Feature","geometry":{"type":"Point","coordinates":[-111.90209,40.72494]},"properties":{"FacName":"PACIFIC SUPPLY","FacStreet":"2114 SOUTH 400 WEST","FacCity":"SALT LAKE CITY","FacState":"UT","RegistryID":"110005209639","FacSNCFlg":"N","FacQtrsWithNC":0,"FacInspectionCount":0,"FacFormalActionCount":0,"PercentBelowLowincome3mile":21.18,"PercentPeopleOfColor":27.18,"AcsPopulationDensity":4258.79}},{"type":"Feature","geometry":{"type":"Point","coordinates":[-111.9346,40.72353]},"properties":{"FacName":"PACIFIC WEST","FacStreet":"1515 W 2200 S","FacCity":"SALT LAKE CITY","FacState":"UT","RegistryID":"110009508381","FacSNCFlg":"N","FacQtrsWithNC":0,"FacInspectionCount":0,"FacFormalActionCount":0,"PercentBelowLowincome3mile":25.23,"PercentPeopleOfColor":37.35,"AcsPopulationDensity":3023.73}},{"type":"Feature","geometry":{"type":"Point","coordinates":[-111.9031,40.7537]},"properties":{"FacName":"PACIFIC YARD APARTMENTS","FacStreet":"704 SOUTH 400 WEST","FacCity":"SALT LAKE CITY","FacState":"UT","RegistryID":"110071428348","FacSNCFlg":"N","FacQtrsWithNC":0,"FacInspectionCount":0,"FacFormalActionCount":0,"PercentBelowLowincome3mile":28.53,"PercentPeopleOfColor":31.58,"AcsPopulationDensity":5035.34}},{"type":"Feature","geometry":{"type":"Point","coordinates":[-111.9031,40.7537]},"properties":{"FacName":"PACIFIC YARD APARTMENTS","FacStreet":"704 SOUTH 400 WEST","FacCity":"SALT LAKE CITY","FacState":"UT","RegistryID":"110071862858","FacSNCFlg":"N","FacQtrsWithNC":0,"FacInspectionCount":0,"FacFormalActionCount":0,"PercentBelowLowincome3mile":28.53,"PercentPeopleOfColor":31.58,"AcsPopulationDensity":5035.34}},{"type":"Feature","geometry":{"type":"Point","coordinates":[-111.926354,40.768613]},"properties":{"FacName":"PACIFICORP ENERGY- GADSBY POWER PLANT","FacStreet":"1407 WEST NORTH TEMPLE","FacCity":"SALT LAKE CITY","FacState":"UT","RegistryID":"110000896816","FacSNCFlg":"N","FacQtrsWithNC":5,"FacInspectionCount":6,"FacFormalActionCount":1,"PercentBelowLowincome3mile":30.29,"PercentPeopleOfColor":25.5,"AcsPopulationDensity":2993.76}},{"type":"Feature","geometry":{"type":"Point","coordinates":[-111.930198,40.771432]},"properties":{"FacName":"PACIFICORP ENERGY-GADSBY PLANT","FacStreet":"1359 WEST NORTH TEMPLE","FacCity":"SALT LAKE CITY","FacState":"UT","RegistryID":"110032595939","FacSNCFlg":"N","FacQtrsWithNC":0,"FacInspectionCount":0,"FacFormalActionCount":0,"PercentBelowLowincome3mile":31.1,"PercentPeopleOfColor":25.51,"AcsPopulationDensity":2656.19}},{"type":"Feature","geometry":{"type":"Point","coordinates":[-112.002098,40.72611]},"properties":{"FacName":"PACKAGING CORP. OF AMERICAN","FacStreet":"4540 WEST 2100 SOUTH","FacCity":"SALT LAKE CITY","FacState":"UT","RegistryID":"110005206437","FacSNCFlg":"N","FacQtrsWithNC":0,"FacInspectionCount":0,"FacFormalActionCount":0,"PercentBelowLowincome3mile":27.82,"PercentPeopleOfColor":41.05,"AcsPopulationDensity":2067.05}},{"type":"Feature","geometry":{"type":"Point","coordinates":[-111.9038,40.75849]},"properties":{"FacName":"PACKAGING CORPORATION OF AMERICA","FacStreet":"460 WEST 500 SOUTH","FacCity":"SALT LAKE CITY","FacState":"UT","RegistryID":"110002136741","FacSNCFlg":"N","FacQtrsWithNC":0,"FacInspectionCount":1,"FacFormalActionCount":0,"PercentBelowLowincome3mile":28.49,"PercentPeopleOfColor":30.88,"AcsPopulationDensity":4912.92}},{"type":"Feature","geometry":{"type":"Point","coordinates":[-111.93872,40.81152]},"properties":{"FacName":"PAINTBALL ADDICTS","FacStreet":"1998 N REDWOOD ROAD","FacCity":"SALT LAKE CITY","FacState":"UT","RegistryID":"110070704058","FacSNCFlg":"N","FacQtrsWithNC":0,"FacInspectionCount":0,"FacFormalActionCount":0,"PercentBelowLowincome3mile":37.84,"PercentPeopleOfColor":21.83,"AcsPopulationDensity":1237.68}},{"type":"Feature","geometry":{"type":"Point","coordinates":[-111.97211,40.753394]},"properties":{"FacName":"PALLET EXPRESS","FacStreet":"731 S GLADIOLA ST","FacCity":"SALT LAKE CITY","FacState":"UT","RegistryID":"110072074308","FacSNCFlg":"N","FacQtrsWithNC":0,"FacInspectionCount":0,"FacFormalActionCount":0,"PercentBelowLowincome3mile":26.14,"PercentPeopleOfColor":24.44,"AcsPopulationDensity":924.93}},{"type":"Feature","geometry":{"type":"Point","coordinates":[-111.91925,40.71475]},"properties":{"FacName":"PAM, A DIVISION OF U.S. OIL CO., INC.","FacStreet":"960 WEST 2610 SOUTH","FacCity":"SALT LAKE CITY","FacState":"UT","RegistryID":"110032960892","FacSNCFlg":"N","FacQtrsWithNC":0,"FacInspectionCount":0,"FacFormalActionCount":0,"PercentBelowLowincome3mile":22.97,"PercentPeopleOfColor":35.32,"AcsPopulationDensity":3932.48}},{"type":"Feature","geometry":{"type":"Point","coordinates":[-111.88673,40.73068]},"properties":{"FacName":"PARALLEL PROPERTY MANAGEMENT","FacStreet":"141 E DOWNINGTON AVENUE","FacCity":"SALT LAKE CITY","FacState":"UT","RegistryID":"110071941236","FacSNCFlg":"N","FacQtrsWithNC":null,"FacInspectionCount":0,"FacFormalActionCount":0,"PercentBelowLowincome3mile":24.14,"PercentPeopleOfColor":28.92,"AcsPopulationDensity":5431.07}},{"type":"Feature","geometry":{"type":"Point","coordinates":[-111.898,40.736]},"properties":{"FacName":"PARAMOUNT AVE NORTH STAR DRIVE","FacStreet":"NORTH STAR DRIVE\/ 1460 WEST & PARAMOUNT AVENUE","FacCity":"SALT LAKE CITY","FacState":"UT","RegistryID":"110071850158","FacSNCFlg":"N","FacQtrsWithNC":0,"FacInspectionCount":0,"FacFormalActionCount":0,"PercentBelowLowincome3mile":25.22,"PercentPeopleOfColor":29.57,"AcsPopulationDensity":4997.97}},{"type":"Feature","geometry":{"type":"Point","coordinates":[-111.97718,40.72282]},"properties":{"FacName":"PARKER HANNIFIN","FacStreet":"2220 SOUTH 3600 WEST","FacCity":"SALT LAKE CITY","FacState":"UT","RegistryID":"110070748945","FacSNCFlg":"N","FacQtrsWithNC":0,"FacInspectionCount":0,"FacFormalActionCount":0,"PercentBelowLowincome3mile":27.78,"PercentPeopleOfColor":42.08,"AcsPopulationDensity":2609.89}},{"type":"Feature","geometry":{"type":"Point","coordinates":[-111.9771,40.722399]},"properties":{"FacName":"PARKER HANNIFIN CORP EPS DIV","FacStreet":"2220 SOUTH \/ 3600 WEST","FacCity":"WEST VALLEY CITY","FacState":"UT","RegistryID":"110011676775","FacSNCFlg":"N","FacQtrsWithNC":0,"FacInspectionCount":1,"FacFormalActionCount":0,"PercentBelowLowincome3mile":27.69,"PercentPeopleOfColor":42.19,"AcsPopulationDensity":2642.24}},{"type":"Feature","geometry":{"type":"Point","coordinates":[-111.838725,40.758351]},"properties":{"FacName":"PARKING GARAGE EXPANSION, PH 2","FacStreet":"500 FOOTHILL DR","FacCity":"SALT LAKE CITY","FacState":"UT","RegistryID":"110070204690","FacSNCFlg":"N","FacQtrsWithNC":0,"FacInspectionCount":0,"FacFormalActionCount":0,"PercentBelowLowincome3mile":26.41,"PercentPeopleOfColor":32.41,"AcsPopulationDensity":4274.78}},{"type":"Feature","geometry":{"type":"Point","coordinates":[-111.7731,40.725109]},"properties":{"FacName":"PARLEY'S PIT","FacStreet":"I-80 QUARRY EXIT PARLEY'S","FacCity":"SALT LAKE CITY","FacState":"UT","RegistryID":"110071711510","FacSNCFlg":"N","FacQtrsWithNC":0,"FacInspectionCount":1,"FacFormalActionCount":0,"PercentBelowLowincome3mile":15.07,"PercentPeopleOfColor":14.49,"AcsPopulationDensity":937.01}},{"type":"Feature","geometry":{"type":"Point","coordinates":[-111.723417,40.748472]},"properties":{"FacName":"PARLEYS WATER TREATMENT FACILITY","FacStreet":"6650 PARLEYS PLANT LANE","FacCity":"SALT LAKE CITY","FacState":"UT","RegistryID":"110071919975","FacSNCFlg":"N","FacQtrsWithNC":0,"FacInspectionCount":0,"FacFormalActionCount":0,"PercentBelowLowincome3mile":21.74,"PercentPeopleOfColor":11.59,"AcsPopulationDensity":29.33}},{"type":"Feature","geometry":{"type":"Point","coordinates":[-111.89396,40.73653]},"properties":{"FacName":"PARLEYS WATER TREATMENT PLANT","FacStreet":"1530 SOUTH WEST TEMPLE","FacCity":"SALT LAKE CITY","FacState":"UT","RegistryID":"110064119350","FacSNCFlg":"N","FacQtrsWithNC":0,"FacInspectionCount":4,"FacFormalActionCount":0,"PercentBelowLowincome3mile":25.68,"PercentPeopleOfColor":30.83,"AcsPopulationDensity":5267.41}},{"type":"Feature","geometry":{"type":"Point","coordinates":[-111.89108,40.73413]},"properties":{"FacName":"PASSEY & SON JEWELRY LLC","FacStreet":"1625 SOUTH MAIN STREET","FacCity":"SALT LAKE CITY","FacState":"UT","RegistryID":"110071929604","FacSNCFlg":"N","FacQtrsWithNC":0,"FacInspectionCount":0,"FacFormalActionCount":0,"PercentBelowLowincome3mile":25.1,"PercentPeopleOfColor":30.15,"AcsPopulationDensity":5339.46}},{"type":"Feature","geometry":{"type":"Point","coordinates":[-111.91116,40.73236]},"properties":{"FacName":"PASTRIES PLUS, INC.","FacStreet":"1756 SOUTH 700 WEST","FacCity":"SALT LAKE CITY","FacState":"UT","RegistryID":"110014406856","FacSNCFlg":"N","FacQtrsWithNC":0,"FacInspectionCount":0,"FacFormalActionCount":0,"PercentBelowLowincome3mile":22.83,"PercentPeopleOfColor":27.79,"AcsPopulationDensity":3987.62}},{"type":"Feature","geometry":{"type":"Point","coordinates":[-111.965583,40.761694]},"properties":{"FacName":"PATRIOT SERVICE COMPANY LLC","FacStreet":"3070 WEST 500 S","FacCity":"SALT LAKE CITY","FacState":"UT","RegistryID":"110070891755","FacSNCFlg":"N","FacQtrsWithNC":0,"FacInspectionCount":0,"FacFormalActionCount":0,"PercentBelowLowincome3mile":29.4,"PercentPeopleOfColor":21.45,"AcsPopulationDensity":1258.51}},{"type":"Feature","geometry":{"type":"Point","coordinates":[-111.9013,40.7432]},"properties":{"FacName":"PAXTON 365","FacStreet":"365 PAXTON AVENUE","FacCity":"SALT LAKE CITY","FacState":"UT","RegistryID":"110070707130","FacSNCFlg":"N","FacQtrsWithNC":0,"FacInspectionCount":0,"FacFormalActionCount":0,"PercentBelowLowincome3mile":27.35,"PercentPeopleOfColor":31.86,"AcsPopulationDensity":5029.01}},{"type":"Feature","geometry":{"type":"Point","coordinates":[-111.891514,40.764601]},"properties":{"FacName":"PEACEFUL PROPERTY MANAGEMENT","FacStreet":"222 S MAIN STREET SUITE 500","FacCity":"SALT LAKE CITY","FacState":"UT","RegistryID":"110071497793","FacSNCFlg":"N","FacQtrsWithNC":null,"FacInspectionCount":1,"FacFormalActionCount":0,"PercentBelowLowincome3mile":28.59,"PercentPeopleOfColor":30.62,"AcsPopulationDensity":4983.04}},{"type":"Feature","geometry":{"type":"Point","coordinates":[-111.907085,40.741693]},"properties":{"FacName":"PEAK POWDER COATING, LLC","FacStreet":"550 WEST 1300 SOUTH","FacCity":"SALT LAKE CITY","FacState":"UT","RegistryID":"110071919064","FacSNCFlg":"N","FacQtrsWithNC":0,"FacInspectionCount":0,"FacFormalActionCount":0,"PercentBelowLowincome3mile":26.63,"PercentPeopleOfColor":29.37,"AcsPopulationDensity":4587.18}},{"type":"Feature","geometry":{"type":"Point","coordinates":[-112.005685,40.734338]},"properties":{"FacName":"PECZUH PRINTING","FacStreet":"1633 SOUTH 4800 WEST","FacCity":"SALT LAKE CITY","FacState":"UT","RegistryID":"110071423353","FacSNCFlg":"N","FacQtrsWithNC":0,"FacInspectionCount":0,"FacFormalActionCount":0,"PercentBelowLowincome3mile":28.97,"PercentPeopleOfColor":41.8,"AcsPopulationDensity":1298.98}},{"type":"Feature","geometry":{"type":"Point","coordinates":[-111.865237,40.66908]},"properties":{"FacName":"PENSKE AUTO CENTER","FacStreet":"4670 SOUTH 900 EAST","FacCity":"SALT LAKE CITY","FacState":"UT","RegistryID":"110005208328","FacSNCFlg":"N","FacQtrsWithNC":0,"FacInspectionCount":0,"FacFormalActionCount":0,"PercentBelowLowincome3mile":23.46,"PercentPeopleOfColor":27.03,"AcsPopulationDensity":5329.96}},{"type":"Feature","geometry":{"type":"Point","coordinates":[-111.95111,40.74412]},"properties":{"FacName":"PENSKE TRUCK LEASING","FacStreet":"1172 SOUTH SWANER ROAD","FacCity":"SALT LAKE CITY","FacState":"UT","RegistryID":"110009508595","FacSNCFlg":"N","FacQtrsWithNC":0,"FacInspectionCount":0,"FacFormalActionCount":0,"PercentBelowLowincome3mile":27.06,"PercentPeopleOfColor":32.52,"AcsPopulationDensity":1730.04}},{"type":"Feature","geometry":{"type":"Point","coordinates":[-112.027378,40.758534]},"properties":{"FacName":"PENSKE TRUCK LEASING CO., LP","FacStreet":"530 S 5700 W","FacCity":"SALT LAKE CITY","FacState":"UT","RegistryID":"110071674355","FacSNCFlg":"N","FacQtrsWithNC":0,"FacInspectionCount":0,"FacFormalActionCount":0,"PercentBelowLowincome3mile":29.8,"PercentPeopleOfColor":25.81,"AcsPopulationDensity":115.34}},{"type":"Feature","geometry":{"type":"Point","coordinates":[-111.98222,40.74647]},"properties":{"FacName":"PENUMBRA INC.","FacStreet":"1070 SOUTH 3800 WEST, SUITE 500","FacCity":"SALT LAKE CITY","FacState":"UT","RegistryID":"110070676918","FacSNCFlg":"N","FacQtrsWithNC":0,"FacInspectionCount":0,"FacFormalActionCount":0,"PercentBelowLowincome3mile":26.63,"PercentPeopleOfColor":30.08,"AcsPopulationDensity":757.55}},{"type":"Feature","geometry":{"type":"Point","coordinates":[-111.80768,40.54627]},"properties":{"FacName":"PEPPERWOOD LOT 1057","FacStreet":"9 COBBLEWOOD COVE","FacCity":"SALT LAKE CITY","FacState":"UT","RegistryID":"110070712422","FacSNCFlg":"N","FacQtrsWithNC":0,"FacInspectionCount":0,"FacFormalActionCount":0,"PercentBelowLowincome3mile":14.46,"PercentPeopleOfColor":21.8,"AcsPopulationDensity":2082.72}},{"type":"Feature","geometry":{"type":"Point","coordinates":[-111.97067,40.72854]},"properties":{"FacName":"PEPSI BEVERAGES COMPANY","FacStreet":"3388 WEST 1987 SOUTH","FacCity":"SALT LAKE CITY","FacState":"UT","RegistryID":"110043480337","FacSNCFlg":"N","FacQtrsWithNC":0,"FacInspectionCount":1,"FacFormalActionCount":0,"PercentBelowLowincome3mile":28.2,"PercentPeopleOfColor":40.56,"AcsPopulationDensity":2187.6}},{"type":"Feature","geometry":{"type":"Point","coordinates":[-111.8519,40.7864]},"properties":{"FacName":"PERUN RESIDENCE - THE MODERN HILLSIDE","FacStreet":"690 N NEW BONNEVILLE PL","FacCity":"SALT LAKE CITY","FacState":"UT","RegistryID":"110071447505","FacSNCFlg":"N","FacQtrsWithNC":0,"FacInspectionCount":0,"FacFormalActionCount":0,"PercentBelowLowincome3mile":32.27,"PercentPeopleOfColor":37.36,"AcsPopulationDensity":3020.12}},{"type":"Feature","geometry":{"type":"Point","coordinates":[-111.80557,40.715443]},"properties":{"FacName":"PESQUE RESIDENCE BY E BUILDERS","FacStreet":"2584 S SCENIC DRIVE","FacCity":"SALT LAKE CITY","FacState":"UT","RegistryID":"110072001339","FacSNCFlg":"N","FacQtrsWithNC":0,"FacInspectionCount":0,"FacFormalActionCount":0,"PercentBelowLowincome3mile":16.62,"PercentPeopleOfColor":18.59,"AcsPopulationDensity":2997.76}},{"type":"Feature","geometry":{"type":"Point","coordinates":[-112.02221,40.72907]},"properties":{"FacName":"PETERBILT PARKING LOT EXPANSION","FacStreet":"1910 SOUTH 5500 WEST","FacCity":"SALT LAKE CITY","FacState":"UT","RegistryID":"110055530876","FacSNCFlg":"N","FacQtrsWithNC":0,"FacInspectionCount":0,"FacFormalActionCount":0,"PercentBelowLowincome3mile":27.55,"PercentPeopleOfColor":40.59,"AcsPopulationDensity":1598.69}},{"type":"Feature","geometry":{"type":"Point","coordinates":[-111.89973,40.72762]},"properties":{"FacName":"PETERSON FILTERS CORPORATION","FacStreet":"1949 SOUTH 300 WEST","FacCity":"SALT LAKE CITY","FacState":"UT","RegistryID":"110016691542","FacSNCFlg":"N","FacQtrsWithNC":0,"FacInspectionCount":0,"FacFormalActionCount":0,"PercentBelowLowincome3mile":21.69,"PercentPeopleOfColor":26.97,"AcsPopulationDensity":4473.83}},{"type":"Feature","geometry":{"type":"Point","coordinates":[-111.886787,40.769356]},"properties":{"FacName":"PETRO SOURCE TRANSPORTATION","FacStreet":"136 EAST SOUTH TEMPLE","FacCity":"SALT LAKE CITY","FacState":"UT","RegistryID":"110031308476","FacSNCFlg":"N","FacQtrsWithNC":0,"FacInspectionCount":0,"FacFormalActionCount":0,"PercentBelowLowincome3mile":28.94,"PercentPeopleOfColor":30.73,"AcsPopulationDensity":4797.8}},{"type":"Feature","geometry":{"type":"Point","coordinates":[-111.824055,40.757251]},"properties":{"FacName":"PHARMACEUTICAL MANUFACTURING FACILITY","FacStreet":"575 CHIPETA WAY","FacCity":"SALT LAKE CITY","FacState":"UT","RegistryID":"110009506267","FacSNCFlg":"N","FacQtrsWithNC":0,"FacInspectionCount":1,"FacFormalActionCount":0,"PercentBelowLowincome3mile":25.6,"PercentPeopleOfColor":33.57,"AcsPopulationDensity":3354.1}},{"type":"Feature","geometry":{"type":"Point","coordinates":[-111.85974,40.69989]},"properties":{"FacName":"PHILLIPS PETROLEUM CO. SS#27609","FacStreet":"1100 EAST 3300 SOUTH","FacCity":"SALT LAKE CITY","FacState":"UT","RegistryID":"110005206918","FacSNCFlg":"N","FacQtrsWithNC":0,"FacInspectionCount":0,"FacFormalActionCount":0,"PercentBelowLowincome3mile":21.34,"PercentPeopleOfColor":24.6,"AcsPopulationDensity":5622.44}},{"type":"Feature","geometry":{"type":"Point","coordinates":[-111.93889,40.67937]},"properties":{"FacName":"PHILLIPS PETROLEUM COMPANY SS#27485","FacStreet":"4216 SOUTH REDWOOD ROAD","FacCity":"SALT LAKE CITY","FacState":"UT","RegistryID":"110009508354","FacSNCFlg":"N","FacQtrsWithNC":0,"FacInspectionCount":0,"FacFormalActionCount":0,"PercentBelowLowincome3mile":22.88,"PercentPeopleOfColor":43.29,"AcsPopulationDensity":5311.32}},{"type":"Feature","geometry":{"type":"Point","coordinates":[-111.87455,40.76935]},"properties":{"FacName":"PHRAGMITES CONTROL","FacStreet":"559 EAST SOUTH TEMPLE","FacCity":"SALT LAKE CITY","FacState":"UT","RegistryID":"110071402785","FacSNCFlg":"N","FacQtrsWithNC":0,"FacInspectionCount":0,"FacFormalActionCount":0,"PercentBelowLowincome3mile":28.84,"PercentPeopleOfColor":31.33,"AcsPopulationDensity":4631.53}},{"type":"Feature","geometry":{"type":"Point","coordinates":[-111.90748,40.69977]},"properties":{"FacName":"PICK-N-PULL","FacStreet":"585 WEST 3300 SOUTH","FacCity":"SALT LAKE CITY","FacState":"UT","RegistryID":"110013402353","FacSNCFlg":"N","FacQtrsWithNC":0,"FacInspectionCount":1,"FacFormalActionCount":0,"PercentBelowLowincome3mile":23.39,"PercentPeopleOfColor":35.33,"AcsPopulationDensity":4935.55}},{"type":"Feature","geometry":{"type":"Point","coordinates":[-111.902,40.7531]},"properties":{"FacName":"PICKLE & HIDE","FacStreet":"739 SOUTH 400 WEST","FacCity":"SALT LAKE CITY","FacState":"UT","RegistryID":"110071506027","FacSNCFlg":"N","FacQtrsWithNC":0,"FacInspectionCount":0,"FacFormalActionCount":0,"PercentBelowLowincome3mile":28.51,"PercentPeopleOfColor":31.66,"AcsPopulationDensity":5088.6}},{"type":"Feature","geometry":{"type":"Point","coordinates":[-111.931414,40.77852]},"properties":{"FacName":"PINNACLE RESORT HOMEOWNERS ASSOCIATION","FacStreet":null,"FacCity":"SALT LAKE CITY","FacState":"UT","RegistryID":"110052945211","FacSNCFlg":"N","FacQtrsWithNC":1,"FacInspectionCount":0,"FacFormalActionCount":0,"PercentBelowLowincome3mile":null,"PercentPeopleOfColor":null,"AcsPopulationDensity":null}},{"type":"Feature","geometry":{"type":"Point","coordinates":[-112.02703,40.74395]},"properties":{"FacName":"PIONEER METAL FINISHING, LLC","FacStreet":"1225 S LEGACY VIEW STREET","FacCity":"SALT LAKE CITY","FacState":"UT","RegistryID":"110020824713","FacSNCFlg":"N","FacQtrsWithNC":12,"FacInspectionCount":3,"FacFormalActionCount":0,"PercentBelowLowincome3mile":25.67,"PercentPeopleOfColor":36.48,"AcsPopulationDensity":506.18}},{"type":"Feature","geometry":{"type":"Point","coordinates":[-111.8997,40.76173]},"properties":{"FacName":"PIONEER PARK PHASE 1 IMPROVEMENTS","FacStreet":"350 S 300 W","FacCity":"SALT LAKE CITY","FacState":"UT","RegistryID":"110072113623","FacSNCFlg":"N","FacQtrsWithNC":0,"FacInspectionCount":0,"FacFormalActionCount":0,"PercentBelowLowincome3mile":28.62,"PercentPeopleOfColor":30.52,"AcsPopulationDensity":4926.11}},{"type":"Feature","geometry":{"type":"Point","coordinates":[-111.937306,40.746417]},"properties":{"FacName":"PLANET AUTO UTAH","FacStreet":"1040 S PROSPECT STREET","FacCity":"SALT LAKE CITY","FacState":"UT","RegistryID":"110071076460","FacSNCFlg":"N","FacQtrsWithNC":0,"FacInspectionCount":0,"FacFormalActionCount":0,"PercentBelowLowincome3mile":27.84,"PercentPeopleOfColor":28.52,"AcsPopulationDensity":2272.68}},{"type":"Feature","geometry":{"type":"Point","coordinates":[-111.9426,40.74091]},"properties":{"FacName":"PMT SERVICES","FacStreet":"1810 SOUTH FORTUNE RD SUITE K","FacCity":"SALT LAKE CITY","FacState":"UT","RegistryID":"110009508167","FacSNCFlg":"N","FacQtrsWithNC":0,"FacInspectionCount":0,"FacFormalActionCount":0,"PercentBelowLowincome3mile":26.34,"PercentPeopleOfColor":32.49,"AcsPopulationDensity":1999.01}},{"type":"Feature","geometry":{"type":"Point","coordinates":[-111.9308,40.72592]},"properties":{"FacName":"POLAR SERVICE CENTERS","FacStreet":"1475 W 2100 S","FacCity":"SALT LAKE CITY","FacState":"UT","RegistryID":"110002289844","FacSNCFlg":"N","FacQtrsWithNC":0,"FacInspectionCount":1,"FacFormalActionCount":0,"PercentBelowLowincome3mile":24.12,"PercentPeopleOfColor":34.66,"AcsPopulationDensity":3090.44}},{"type":"Feature","geometry":{"type":"Point","coordinates":[-111.96427,40.7405]},"properties":{"FacName":"POLARIS LABORATORIES","FacStreet":"3060 WEST CALIFORNIA AVE, STE B","FacCity":"SALT LAKE CITY","FacState":"UT","RegistryID":"110043769393","FacSNCFlg":"N","FacQtrsWithNC":0,"FacInspectionCount":1,"FacFormalActionCount":0,"PercentBelowLowincome3mile":27.58,"PercentPeopleOfColor":35.3,"AcsPopulationDensity":1583.6}},{"type":"Feature","geometry":{"type":"Point","coordinates":[-111.99266,40.72939]},"properties":{"FacName":"POLARITYTE CENTRAL CAMPUS","FacStreet":"1960 SOUTH 4250 WEST","FacCity":"SALT LAKE CITY","FacState":"UT","RegistryID":"110070633533","FacSNCFlg":"N","FacQtrsWithNC":0,"FacInspectionCount":1,"FacFormalActionCount":0,"PercentBelowLowincome3mile":28.82,"PercentPeopleOfColor":41.15,"AcsPopulationDensity":1852.95}},{"type":"Feature","geometry":{"type":"Point","coordinates":[-111.9526,40.8126]},"properties":{"FacName":"PORT 22 DEMO PROJECT","FacStreet":"2072 NORTH 2200 WEST","FacCity":"SALT LAKE CITY","FacState":"UT","RegistryID":"110071867163","FacSNCFlg":"N","FacQtrsWithNC":0,"FacInspectionCount":0,"FacFormalActionCount":0,"PercentBelowLowincome3mile":39.83,"PercentPeopleOfColor":21.89,"AcsPopulationDensity":979.44}},{"type":"Feature","geometry":{"type":"Point","coordinates":[-112.2376,41.9759]},"properties":{"FacName":"PORTAGE IHP","FacStreet":"P.O. BOX 45360","FacCity":"SALT LAKE CITY","FacState":"UT","RegistryID":"110071945053","FacSNCFlg":"N","FacQtrsWithNC":0,"FacInspectionCount":0,"FacFormalActionCount":0,"PercentBelowLowincome3mile":12.79,"PercentPeopleOfColor":8.14,"AcsPopulationDensity":6.09}},{"type":"Feature","geometry":{"type":"Point","coordinates":[-111.900675,40.757906]},"properties":{"FacName":"POST HOUSE APARTMENTS","FacStreet":"550 SOUTH 300 WEST","FacCity":"SALT LAKE CITY","FacState":"UT","RegistryID":"110070868272","FacSNCFlg":"N","FacQtrsWithNC":0,"FacInspectionCount":1,"FacFormalActionCount":0,"PercentBelowLowincome3mile":28.49,"PercentPeopleOfColor":30.95,"AcsPopulationDensity":5014.61}},{"type":"Feature","geometry":{"type":"Point","coordinates":[-111.901,40.7575]},"properties":{"FacName":"POST HOUSE APARTMENTS","FacStreet":"550 SOUTH 300 WEST","FacCity":"SALT LAKE CITY","FacState":"UT","RegistryID":"110070704286","FacSNCFlg":"N","FacQtrsWithNC":0,"FacInspectionCount":1,"FacFormalActionCount":0,"PercentBelowLowincome3mile":28.49,"PercentPeopleOfColor":30.98,"AcsPopulationDensity":5017.02}},{"type":"Feature","geometry":{"type":"Point","coordinates":[-111.90199,40.78238]},"properties":{"FacName":"POWER ENGINEERING CO INCORPORATED","FacStreet":"364 W 600 N","FacCity":"SALT LAKE CITY","FacState":"UT","RegistryID":"110002295285","FacSNCFlg":"N","FacQtrsWithNC":0,"FacInspectionCount":0,"FacFormalActionCount":0,"PercentBelowLowincome3mile":32.39,"PercentPeopleOfColor":32.08,"AcsPopulationDensity":3993.92}},{"type":"Feature","geometry":{"type":"Point","coordinates":[-111.905436,40.742559]},"properties":{"FacName":"PPG PAINTS STORE 9437","FacStreet":"1268 SOUTH 500 WEST","FacCity":"SALT LAKE CITY","FacState":"UT","RegistryID":"110071674348","FacSNCFlg":"N","FacQtrsWithNC":0,"FacInspectionCount":0,"FacFormalActionCount":0,"PercentBelowLowincome3mile":26.98,"PercentPeopleOfColor":30.21,"AcsPopulationDensity":4745.24}},{"type":"Feature","geometry":{"type":"Point","coordinates":[-111.82476,40.62706]},"properties":{"FacName":"PRAXAIR","FacStreet":"6880 SOUTH 2300 EAST","FacCity":"SALT LAKE CITY","FacState":"UT","RegistryID":"110002304015","FacSNCFlg":"N","FacQtrsWithNC":0,"FacInspectionCount":0,"FacFormalActionCount":0,"PercentBelowLowincome3mile":24.57,"PercentPeopleOfColor":29.44,"AcsPopulationDensity":3682.1}},{"type":"Feature","geometry":{"type":"Point","coordinates":[-111.9466,40.72316]},"properties":{"FacName":"PRECISION TECH INC.","FacStreet":"2117 WEST 2200 SOUTH","FacCity":"SALT LAKE CITY","FacState":"UT","RegistryID":"110005208596","FacSNCFlg":"N","FacQtrsWithNC":0,"FacInspectionCount":0,"FacFormalActionCount":0,"PercentBelowLowincome3mile":24.74,"PercentPeopleOfColor":39.67,"AcsPopulationDensity":2711.66}},{"type":"Feature","geometry":{"type":"Point","coordinates":[-111.89273,40.70739]},"properties":{"FacName":"PRECISION TECHNOLOGY INC.","FacStreet":"65 WEST CENTURY PARK WAY","FacCity":"SOUTH SALT LAKE","FacState":"UT","RegistryID":"110064119555","FacSNCFlg":"N","FacQtrsWithNC":0,"FacInspectionCount":1,"FacFormalActionCount":0,"PercentBelowLowincome3mile":22.87,"PercentPeopleOfColor":31.15,"AcsPopulationDensity":4791.1}},{"type":"Feature","geometry":{"type":"Point","coordinates":[-111.95802,40.7425]},"properties":{"FacName":"PRECISION TRUCK & TRAILER REPAIR","FacStreet":"1220 SOUTH PIONEER ROAD","FacCity":"SALT LAKE CITY","FacState":"UT","RegistryID":"110005205777","FacSNCFlg":"N","FacQtrsWithNC":0,"FacInspectionCount":0,"FacFormalActionCount":0,"PercentBelowLowincome3mile":26.88,"PercentPeopleOfColor":33.99,"AcsPopulationDensity":1592.65}},{"type":"Feature","geometry":{"type":"Point","coordinates":[-112.024261,40.667576]},"properties":{"FacName":"PREMIUM MANUFACTURING INC","FacStreet":"5575 WEST 4700 SOUTH","FacCity":"SALT LAKE CITY","FacState":"UT","RegistryID":"110070838008","FacSNCFlg":"N","FacQtrsWithNC":0,"FacInspectionCount":0,"FacFormalActionCount":0,"PercentBelowLowincome3mile":23.98,"PercentPeopleOfColor":42.14,"AcsPopulationDensity":5418.04}},{"type":"Feature","geometry":{"type":"Point","coordinates":[-112.005754,40.730785]},"properties":{"FacName":"PRETIUM PACKAGING, LLC","FacStreet":"1831 S 4800 W","FacCity":"SALT LAKE CITY","FacState":"UT","RegistryID":"110070346983","FacSNCFlg":"N","FacQtrsWithNC":0,"FacInspectionCount":1,"FacFormalActionCount":0,"PercentBelowLowincome3mile":28.79,"PercentPeopleOfColor":42.3,"AcsPopulationDensity":1604.27}},{"type":"Feature","geometry":{"type":"Point","coordinates":[-111.81975,40.69193]},"properties":{"FacName":"PRIDE TRANSPORT","FacStreet":"5499 W. 2500 SOUTH","FacCity":"SALT LAKE CITY","FacState":"UT","RegistryID":"110007210099","FacSNCFlg":"N","FacQtrsWithNC":0,"FacInspectionCount":0,"FacFormalActionCount":0,"PercentBelowLowincome3mile":21.3,"PercentPeopleOfColor":22.89,"AcsPopulationDensity":4019.79}},{"type":"Feature","geometry":{"type":"Point","coordinates":[-111.95802,40.74489]},"properties":{"FacName":"PRIDE TRANSPORT","FacStreet":"1135 SOUTH PIONEER ROAD","FacCity":"SALT LAKE CITY","FacState":"UT","RegistryID":"110030924114","FacSNCFlg":"N","FacQtrsWithNC":0,"FacInspectionCount":0,"FacFormalActionCount":0,"PercentBelowLowincome3mile":26.7,"PercentPeopleOfColor":32.58,"AcsPopulationDensity":1520.58}},{"type":"Feature","geometry":{"type":"Point","coordinates":[-111.840119,40.772735]},"properties":{"FacName":"PRIMARY CHILDRENS HOSPITAL","FacStreet":"100 N.MEDICAL DRIVE","FacCity":"SALT LAKE CITY","FacState":"UT","RegistryID":"110028051578","FacSNCFlg":"N","FacQtrsWithNC":1,"FacInspectionCount":1,"FacFormalActionCount":0,"PercentBelowLowincome3mile":28.18,"PercentPeopleOfColor":33.54,"AcsPopulationDensity":3550.39}},{"type":"Feature","geometry":{"type":"Point","coordinates":[-111.91571,40.71498]},"properties":{"FacName":"PRIME COATINGS AND SUPPLY INC","FacStreet":"875 WEST 2600 SOUTH","FacCity":"SALT LAKE CITY","FacState":"UT","RegistryID":"110009509120","FacSNCFlg":"N","FacQtrsWithNC":0,"FacInspectionCount":0,"FacFormalActionCount":0,"PercentBelowLowincome3mile":22.76,"PercentPeopleOfColor":34.01,"AcsPopulationDensity":3920.77}},{"type":"Feature","geometry":{"type":"Point","coordinates":[-111.90848,40.75413]},"properties":{"FacName":"PRIME FIELD SERVICE CORP","FacStreet":"619 W 700 S","FacCity":"SALT LAKE CITY","FacState":"UT","RegistryID":"110070312734","FacSNCFlg":"N","FacQtrsWithNC":0,"FacInspectionCount":0,"FacFormalActionCount":0,"PercentBelowLowincome3mile":28.47,"PercentPeopleOfColor":30.95,"AcsPopulationDensity":4757.87}},{"type":"Feature","geometry":{"type":"Point","coordinates":[-111.908225,40.751908]},"properties":{"FacName":"PRIME MACHINE INC","FacStreet":"575 WEST 800 SOUTH","FacCity":"SALT LAKE CITY","FacState":"UT","RegistryID":"110005207560","FacSNCFlg":"N","FacQtrsWithNC":0,"FacInspectionCount":1,"FacFormalActionCount":0,"PercentBelowLowincome3mile":28.41,"PercentPeopleOfColor":31.01,"AcsPopulationDensity":4768.18}},{"type":"Feature","geometry":{"type":"Point","coordinates":[-111.911203,40.757135]},"properties":{"FacName":"PRIME MACHINE, INC (DBA PRIME FIELD SERVICE)","FacStreet":"619 SOUTH 700 WEST","FacCity":"SALT LAKE CITY","FacState":"UT","RegistryID":"110070257782","FacSNCFlg":"N","FacQtrsWithNC":0,"FacInspectionCount":1,"FacFormalActionCount":0,"PercentBelowLowincome3mile":28.58,"PercentPeopleOfColor":29.87,"AcsPopulationDensity":4508.1}},{"type":"Feature","geometry":{"type":"Point","coordinates":[-111.906333,40.732223]},"properties":{"FacName":"PRIME SNAX","FacStreet":"1750 S. 500 W. STE. 700","FacCity":"SALT LAKE CITY","FacState":"UT","RegistryID":"110071657568","FacSNCFlg":"N","FacQtrsWithNC":0,"FacInspectionCount":0,"FacFormalActionCount":0,"PercentBelowLowincome3mile":23.2,"PercentPeopleOfColor":27.79,"AcsPopulationDensity":4306.72}},{"type":"Feature","geometry":{"type":"Point","coordinates":[-111.947333,40.731667]},"properties":{"FacName":"PRINT SERVICES DIVISION","FacStreet":"1980 WEST INDUSTRIAL CIRCLE","FacCity":"SALT LAKE CITY","FacState":"UT","RegistryID":"110071364984","FacSNCFlg":"N","FacQtrsWithNC":0,"FacInspectionCount":0,"FacFormalActionCount":0,"PercentBelowLowincome3mile":26.35,"PercentPeopleOfColor":37.34,"AcsPopulationDensity":2264.28}},{"type":"Feature","geometry":{"type":"Point","coordinates":[-111.90693,40.71492]},"properties":{"FacName":"PRINTECH","FacStreet":"2625 SOUTH 600 NORTH","FacCity":"SALT LAKE CITY","FacState":"UT","RegistryID":"110031435043","FacSNCFlg":"N","FacQtrsWithNC":0,"FacInspectionCount":0,"FacFormalActionCount":0,"PercentBelowLowincome3mile":22.05,"PercentPeopleOfColor":32.57,"AcsPopulationDensity":4124.88}},{"type":"Feature","geometry":{"type":"Point","coordinates":[-112.03624,40.78265]},"properties":{"FacName":"PRINTED CIRCUIT BOARD MANUFACTURING","FacStreet":"620 N JOHN GLENN ROAD","FacCity":"SALT LAKE CITY","FacState":"UT","RegistryID":"110022400846","FacSNCFlg":"N","FacQtrsWithNC":0,"FacInspectionCount":0,"FacFormalActionCount":0,"PercentBelowLowincome3mile":25.81,"PercentPeopleOfColor":13.8,"AcsPopulationDensity":71.08}},{"type":"Feature","geometry":{"type":"Point","coordinates":[-111.897037,40.741597]},"properties":{"FacName":"PRO AUTO CARE","FacStreet":"209 WEST 13 SOUTH","FacCity":"SALT LAKE CITY","FacState":"UT","RegistryID":"110018856692","FacSNCFlg":"N","FacQtrsWithNC":0,"FacInspectionCount":0,"FacFormalActionCount":0,"PercentBelowLowincome3mile":26.89,"PercentPeopleOfColor":32,"AcsPopulationDensity":5193.25}},{"type":"Feature","geometry":{"type":"Point","coordinates":[-111.89398,40.68595]},"properties":{"FacName":"PROFESSIONAL CARE BODY SHOP","FacStreet":"3947 S WEST TEMPLE","FacCity":"SALT LAKE CITY","FacState":"UT","RegistryID":"110002262658","FacSNCFlg":"N","FacQtrsWithNC":0,"FacInspectionCount":0,"FacFormalActionCount":0,"PercentBelowLowincome3mile":23.09,"PercentPeopleOfColor":33.12,"AcsPopulationDensity":5318.88}},{"type":"Feature","geometry":{"type":"Point","coordinates":[-111.91352,40.7694]},"properties":{"FacName":"PROGRESSIVE PLATING INC.","FacStreet":"777 WEST SOUTH TEMPLE","FacCity":"SALT LAKE CITY","FacState":"UT","RegistryID":"110005211154","FacSNCFlg":"N","FacQtrsWithNC":0,"FacInspectionCount":0,"FacFormalActionCount":0,"PercentBelowLowincome3mile":30.15,"PercentPeopleOfColor":28.53,"AcsPopulationDensity":3989.64}},{"type":"Feature","geometry":{"type":"Point","coordinates":[-111.80904,40.67702]},"properties":{"FacName":"PROJECT JAZZ","FacStreet":"2611 W 2950 N","FacCity":"SALT LAKE CITY","FacState":"UT","RegistryID":"110071952125","FacSNCFlg":"N","FacQtrsWithNC":0,"FacInspectionCount":0,"FacFormalActionCount":0,"PercentBelowLowincome3mile":22.94,"PercentPeopleOfColor":24.24,"AcsPopulationDensity":3262.87}},{"type":"Feature","geometry":{"type":"Point","coordinates":[-112.06323,40.75386]},"properties":{"FacName":"PROJECT ROCKY \/ SLC GLC LOT 11","FacStreet":"734 N. 7200 WEST","FacCity":"SALT LAKE CITY","FacState":"UT","RegistryID":"110071942325","FacSNCFlg":"N","FacQtrsWithNC":0,"FacInspectionCount":1,"FacFormalActionCount":0,"PercentBelowLowincome3mile":18.56,"PercentPeopleOfColor":16.87,"AcsPopulationDensity":218.05}},{"type":"Feature","geometry":{"type":"Point","coordinates":[-111.9204,40.7709]},"properties":{"FacName":"PROMONTORY PLACE","FacStreet":"1025 WEST NORTH TEMPLE","FacCity":"SALT LAKE CITY","FacState":"UT","RegistryID":"110071907241","FacSNCFlg":"N","FacQtrsWithNC":0,"FacInspectionCount":0,"FacFormalActionCount":0,"PercentBelowLowincome3mile":30.06,"PercentPeopleOfColor":26.63,"AcsPopulationDensity":3421.16}},{"type":"Feature","geometry":{"type":"Point","coordinates":[-111.88831,40.66776]},"properties":{"FacName":"PROMPT DRY CLEANERS","FacStreet":"4774 SOUTH STATE ST","FacCity":"MURRAY","FacState":"UT","RegistryID":"110005205633","FacSNCFlg":"N","FacQtrsWithNC":0,"FacInspectionCount":0,"FacFormalActionCount":0,"PercentBelowLowincome3mile":21.89,"PercentPeopleOfColor":30.28,"AcsPopulationDensity":5202.15}},{"type":"Feature","geometry":{"type":"Point","coordinates":[-111.89104,40.75056]},"properties":{"FacName":"PROPER BREWING CO.","FacStreet":"857 SOUTH MAIN STREET","FacCity":"SALT LAKE CITY","FacState":"UT","RegistryID":"110071913850","FacSNCFlg":"N","FacQtrsWithNC":0,"FacInspectionCount":0,"FacFormalActionCount":0,"PercentBelowLowincome3mile":27.87,"PercentPeopleOfColor":31.76,"AcsPopulationDensity":5391.61}},{"type":"Feature","geometry":{"type":"Point","coordinates":[-111.947324,40.773554]},"properties":{"FacName":"PROPERTY MANAGEMENT","FacStreet":"195 N 1950 WEST","FacCity":"SALT LAKE CITY","FacState":"UT","RegistryID":"110070030999","FacSNCFlg":"N","FacQtrsWithNC":0,"FacInspectionCount":0,"FacFormalActionCount":0,"PercentBelowLowincome3mile":31.34,"PercentPeopleOfColor":22.97,"AcsPopulationDensity":1784.28}},{"type":"Feature","geometry":{"type":"Point","coordinates":[-111.88393,40.68707]},"properties":{"FacName":"PROPERTY MANAGEMENT SYSTEMS INC.","FacStreet":"262 EAST 3900 SOUTH","FacCity":"SALT LAKE CITY","FacState":"UT","RegistryID":"110028089994","FacSNCFlg":"N","FacQtrsWithNC":null,"FacInspectionCount":1,"FacFormalActionCount":0,"PercentBelowLowincome3mile":22.73,"PercentPeopleOfColor":31.21,"AcsPopulationDensity":5390.76}},{"type":"Feature","geometry":{"type":"Point","coordinates":[-111.89396,40.68371]},"properties":{"FacName":"PUREAG LLC","FacStreet":"4045 SOUTH WEST TEMPLE","FacCity":"SALT LAKE CITY","FacState":"UT","RegistryID":"110071992580","FacSNCFlg":"N","FacQtrsWithNC":null,"FacInspectionCount":0,"FacFormalActionCount":0,"PercentBelowLowincome3mile":22.92,"PercentPeopleOfColor":33.05,"AcsPopulationDensity":5332.43}},{"type":"Feature","geometry":{"type":"Point","coordinates":[-111.93902,40.7453]},"properties":{"FacName":"PYRAMID AUTO SALES","FacStreet":"1086 S REDWOOD RD","FacCity":"SALT LAKE CITY","FacState":"UT","RegistryID":"110070706187","FacSNCFlg":"N","FacQtrsWithNC":0,"FacInspectionCount":0,"FacFormalActionCount":0,"PercentBelowLowincome3mile":27.62,"PercentPeopleOfColor":29.3,"AcsPopulationDensity":2174.05}},{"type":"Feature","geometry":{"type":"Point","coordinates":[-112.0539,40.7945]},"properties":{"FacName":"QUADRANT 1","FacStreet":"1100 N 6550 W","FacCity":"SALT LAKE CITY","FacState":"UT","RegistryID":"110070874388","FacSNCFlg":"N","FacQtrsWithNC":0,"FacInspectionCount":0,"FacFormalActionCount":0,"PercentBelowLowincome3mile":17.64,"PercentPeopleOfColor":13.59,"AcsPopulationDensity":50.49}},{"type":"Feature","geometry":{"type":"Point","coordinates":[-112.0618,40.7953]},"properties":{"FacName":"QUADRANT 4","FacStreet":"1196 N 7200 W","FacCity":"SALT LAKE CITY","FacState":"UT","RegistryID":"110071924191","FacSNCFlg":"N","FacQtrsWithNC":0,"FacInspectionCount":0,"FacFormalActionCount":0,"PercentBelowLowincome3mile":14.51,"PercentPeopleOfColor":14.51,"AcsPopulationDensity":45.18}},{"type":"Feature","geometry":{"type":"Point","coordinates":[-112.0601,40.7943]},"properties":{"FacName":"QUADRANT II","FacStreet":"1184 N. 6880 W.","FacCity":"SALT LAKE CITY","FacState":"UT","RegistryID":"110071222990","FacSNCFlg":"N","FacQtrsWithNC":0,"FacInspectionCount":0,"FacFormalActionCount":0,"PercentBelowLowincome3mile":15.42,"PercentPeopleOfColor":14.22,"AcsPopulationDensity":46.52}},{"type":"Feature","geometry":{"type":"Point","coordinates":[-112.0601,40.7943]},"properties":{"FacName":"QUADRANT PHASE 2 GRADING","FacStreet":"6775 W. 1000 N.","FacCity":"SALT LAKE CITY","FacState":"UT","RegistryID":"110070936856","FacSNCFlg":"N","FacQtrsWithNC":0,"FacInspectionCount":0,"FacFormalActionCount":0,"PercentBelowLowincome3mile":15.42,"PercentPeopleOfColor":14.22,"AcsPopulationDensity":46.52}},{"type":"Feature","geometry":{"type":"Point","coordinates":[-111.93856,40.81331]},"properties":{"FacName":"QUALAWASH HOLDINGS, LLC","FacStreet":"2125 NORTH REDWOOD ROAD","FacCity":"SALT LAKE CITY","FacState":"UT","RegistryID":"110005196947","FacSNCFlg":"N","FacQtrsWithNC":0,"FacInspectionCount":2,"FacFormalActionCount":0,"PercentBelowLowincome3mile":37.76,"PercentPeopleOfColor":21.58,"AcsPopulationDensity":1233.24}},{"type":"Feature","geometry":{"type":"Point","coordinates":[-112.023768,40.789445]},"properties":{"FacName":"QUALITY DISTRIBUTION","FacStreet":"5550 WEST JOHN CANNON DR","FacCity":"SALT LAKE CITY","FacState":"UT","RegistryID":"110070596815","FacSNCFlg":"N","FacQtrsWithNC":0,"FacInspectionCount":0,"FacFormalActionCount":0,"PercentBelowLowincome3mile":26.54,"PercentPeopleOfColor":11.4,"AcsPopulationDensity":75.34}},{"type":"Feature","geometry":{"type":"Point","coordinates":[-111.89687,40.74657]},"properties":{"FacName":"QUALITY LINEN & TOWEL SUPPLY","FacStreet":"1024 SOUTH 200 WEST","FacCity":"SALT LAKE CITY","FacState":"UT","RegistryID":"110002296024","FacSNCFlg":"N","FacQtrsWithNC":0,"FacInspectionCount":0,"FacFormalActionCount":0,"PercentBelowLowincome3mile":27.56,"PercentPeopleOfColor":32.43,"AcsPopulationDensity":5204.71}},{"type":"Feature","geometry":{"type":"Point","coordinates":[-111.90549,40.760027]},"properties":{"FacName":"QUALITY PLATING COMPANY, INC.","FacStreet":"420 S 500 W","FacCity":"SALT LAKE CITY","FacState":"UT","RegistryID":"110064118627","FacSNCFlg":"N","FacQtrsWithNC":1,"FacInspectionCount":1,"FacFormalActionCount":0,"PercentBelowLowincome3mile":28.64,"PercentPeopleOfColor":30.67,"AcsPopulationDensity":4818.24}},{"type":"Feature","geometry":{"type":"Point","coordinates":[-111.907465,40.760218]},"properties":{"FacName":"QUALITY PLATING COMPANY, INC.","FacStreet":"420 SOUTH 500 WEST","FacCity":"SALT LAKE CITY","FacState":"UT","RegistryID":"110009115670","FacSNCFlg":"N","FacQtrsWithNC":0,"FacInspectionCount":0,"FacFormalActionCount":0,"PercentBelowLowincome3mile":28.82,"PercentPeopleOfColor":30.63,"AcsPopulationDensity":4741.11}},{"type":"Feature","geometry":{"type":"Point","coordinates":[-111.94383,40.76312]},"properties":{"FacName":"QUESTAR GAS HIGH PRESSURE WELD SHOP","FacStreet":"270 SOUTH ORANGE STREET","FacCity":"SALT LAKE CITY","FacState":"UT","RegistryID":"110069285972","FacSNCFlg":"N","FacQtrsWithNC":0,"FacInspectionCount":0,"FacFormalActionCount":0,"PercentBelowLowincome3mile":31.73,"PercentPeopleOfColor":25.54,"AcsPopulationDensity":1967.48}},{"type":"Feature","geometry":{"type":"Point","coordinates":[-111.884261,40.755812]},"properties":{"FacName":"QUESTAR PIPELINE CO COUNTY=DAGGETT??","FacStreet":"KASTLER STATION S16,T3N, R24E CLAY BASIN","FacCity":"SALT LAKE CITY","FacState":"UT","RegistryID":"110007185170","FacSNCFlg":"N","FacQtrsWithNC":0,"FacInspectionCount":5,"FacFormalActionCount":0,"PercentBelowLowincome3mile":null,"PercentPeopleOfColor":null,"AcsPopulationDensity":null}},{"type":"Feature","geometry":{"type":"Point","coordinates":[-111.92439,40.76497]},"properties":{"FacName":"QUESTAR PIPELINE COMPANY","FacStreet":"1140 WEST 200 SOUTH","FacCity":"SALT LAKE CITY","FacState":"UT","RegistryID":"110032607089","FacSNCFlg":"N","FacQtrsWithNC":0,"FacInspectionCount":0,"FacFormalActionCount":0,"PercentBelowLowincome3mile":29.84,"PercentPeopleOfColor":25.7,"AcsPopulationDensity":3231.96}},{"type":"Feature","geometry":{"type":"Point","coordinates":[-111.905154,40.70066]},"properties":{"FacName":"QUIKRETE - SALT LAKE CITY, UT PLANT","FacStreet":"490 W 3300 S","FacCity":"SALT LAKE CITY","FacState":"UT","RegistryID":"110071433638","FacSNCFlg":"N","FacQtrsWithNC":null,"FacInspectionCount":0,"FacFormalActionCount":0,"PercentBelowLowincome3mile":23.75,"PercentPeopleOfColor":34.94,"AcsPopulationDensity":4935.23}},{"type":"Feature","geometry":{"type":"Point","coordinates":[-111.90509,40.6999]},"properties":{"FacName":"QUIKRETE COLORADO DRI-MIX CONCRETE CO.","FacStreet":"490 W. 3300 S.","FacCity":"SALT LAKE CITY","FacState":"UT","RegistryID":"110001881018","FacSNCFlg":"N","FacQtrsWithNC":0,"FacInspectionCount":0,"FacFormalActionCount":0,"PercentBelowLowincome3mile":23.79,"PercentPeopleOfColor":35.03,"AcsPopulationDensity":4959.75}},{"type":"Feature","geometry":{"type":"Point","coordinates":[-111.89397,40.72302]},"properties":{"FacName":"R & R CAR REPAIR","FacStreet":"2212 SOUTH WEST TEMPLE #32","FacCity":"SALT LAKE CITY","FacState":"UT","RegistryID":"110005197474","FacSNCFlg":"N","FacQtrsWithNC":0,"FacInspectionCount":0,"FacFormalActionCount":0,"PercentBelowLowincome3mile":21.63,"PercentPeopleOfColor":26.99,"AcsPopulationDensity":4570.15}},{"type":"Feature","geometry":{"type":"Point","coordinates":[-111.91108,40.7469]},"properties":{"FacName":"R P PAINTING & DECORATING","FacStreet":"1020 SOUTH 700 WEST","FacCity":"SALT LAKE CITY","FacState":"UT","RegistryID":"110005211591","FacSNCFlg":"N","FacQtrsWithNC":0,"FacInspectionCount":0,"FacFormalActionCount":0,"PercentBelowLowincome3mile":27.67,"PercentPeopleOfColor":29.14,"AcsPopulationDensity":4440.45}},{"type":"Feature","geometry":{"type":"Point","coordinates":[-111.9737,40.730867]},"properties":{"FacName":"R S HUGHES COMPANY INC","FacStreet":"3445 WEST 1820 SOUTH","FacCity":"SALT LAKE CITY","FacState":"UT","RegistryID":"110005202048","FacSNCFlg":"N","FacQtrsWithNC":0,"FacInspectionCount":0,"FacFormalActionCount":0,"PercentBelowLowincome3mile":28.91,"PercentPeopleOfColor":39.9,"AcsPopulationDensity":1962.11}},{"type":"Feature","geometry":{"type":"Point","coordinates":[-111.89399,40.71715]},"properties":{"FacName":"R W MARSH & SON INC","FacStreet":"2465 SOUTH WEST TEMPLE","FacCity":"SALT LAKE CITY","FacState":"UT","RegistryID":"110005196082","FacSNCFlg":"N","FacQtrsWithNC":0,"FacInspectionCount":0,"FacFormalActionCount":0,"PercentBelowLowincome3mile":21.8,"PercentPeopleOfColor":28.5,"AcsPopulationDensity":4469.02}},{"type":"Feature","geometry":{"type":"Point","coordinates":[-111.99532,40.73871]},"properties":{"FacName":"R+L CARRIERS - SLC","FacStreet":"4375 WEST 1385 SOUTH","FacCity":"SALT LAKE CITY","FacState":"UT","RegistryID":"110071849639","FacSNCFlg":"N","FacQtrsWithNC":0,"FacInspectionCount":0,"FacFormalActionCount":0,"PercentBelowLowincome3mile":32.81,"PercentPeopleOfColor":41.91,"AcsPopulationDensity":1004.24}},{"type":"Feature","geometry":{"type":"Point","coordinates":[-111.901251,40.719099]},"properties":{"FacName":"R-ZERO SYSTEMS, INC","FacStreet":"345 W BEARCAT DR","FacCity":"SALT LAKE CITY","FacState":"UT","RegistryID":"110070943864","FacSNCFlg":"N","FacQtrsWithNC":null,"FacInspectionCount":1,"FacFormalActionCount":1,"PercentBelowLowincome3mile":21.66,"PercentPeopleOfColor":29.06,"AcsPopulationDensity":4235.26}},{"type":"Feature","geometry":{"type":"Point","coordinates":[-111.99139,40.75171]},"properties":{"FacName":"RADMAN ENTERPRISES","FacStreet":"810 S 4190 W","FacCity":"SALT LAKE CITY","FacState":"UT","RegistryID":"110071960604","FacSNCFlg":"N","FacQtrsWithNC":0,"FacInspectionCount":0,"FacFormalActionCount":0,"PercentBelowLowincome3mile":23.31,"PercentPeopleOfColor":26.61,"AcsPopulationDensity":301.94}},{"type":"Feature","geometry":{"type":"Point","coordinates":[-112.01262,41.2172]},"properties":{"FacName":"RAIL BEARING SERVICE INCORPORATED","FacStreet":"2675 INDUSTRIAL DRIVE","FacCity":"OGDEN","FacState":"UT","RegistryID":"110002264022","FacSNCFlg":"N","FacQtrsWithNC":0,"FacInspectionCount":0,"FacFormalActionCount":0,"PercentBelowLowincome3mile":18.01,"PercentPeopleOfColor":16.7,"AcsPopulationDensity":2115.27}},{"type":"Feature","geometry":{"type":"Point","coordinates":[-111.90547,40.68509]},"properties":{"FacName":"RAPCO DISTRIBUTING","FacStreet":"3984 S 500 W","FacCity":"SALT LAKE CITY","FacState":"UT","RegistryID":"110070827094","FacSNCFlg":"N","FacQtrsWithNC":0,"FacInspectionCount":0,"FacFormalActionCount":0,"PercentBelowLowincome3mile":23.17,"PercentPeopleOfColor":36.38,"AcsPopulationDensity":5220.19}},{"type":"Feature","geometry":{"type":"Point","coordinates":[-111.97084,40.72576]},"properties":{"FacName":"RASMUSSEN EQUIPMENT COMPANY","FacStreet":"3333 WEST 2100 SOUTH","FacCity":"SALT LAKE CITY","FacState":"UT","RegistryID":"110002296284","FacSNCFlg":"N","FacQtrsWithNC":0,"FacInspectionCount":0,"FacFormalActionCount":0,"PercentBelowLowincome3mile":27.6,"PercentPeopleOfColor":41.48,"AcsPopulationDensity":2439.77}},{"type":"Feature","geometry":{"type":"Point","coordinates":[-111.92471,40.71913]},"properties":{"FacName":"RAYTHEON APPLIED SIGNAL TECHNOLOGY","FacStreet":"1128 WEST 2400 SOUTH","FacCity":"SALT LAKE CITY","FacState":"UT","RegistryID":"110067549264","FacSNCFlg":"N","FacQtrsWithNC":0,"FacInspectionCount":0,"FacFormalActionCount":0,"PercentBelowLowincome3mile":23.53,"PercentPeopleOfColor":35.49,"AcsPopulationDensity":3638.46}},{"type":"Feature","geometry":{"type":"Point","coordinates":[-112.0132,40.7272]},"properties":{"FacName":"RB HEALTH MANUFACTURING LLC","FacStreet":"2002 S 5070 W","FacCity":"SALT LAKE CITY","FacState":"UT","RegistryID":"110071252564","FacSNCFlg":"N","FacQtrsWithNC":0,"FacInspectionCount":0,"FacFormalActionCount":0,"PercentBelowLowincome3mile":28.51,"PercentPeopleOfColor":42.68,"AcsPopulationDensity":1824.74}},{"type":"Feature","geometry":{"type":"Point","coordinates":[-112.01228,40.72783]},"properties":{"FacName":"RB HEALTH MANUFACTURING, LLC","FacStreet":"2002 SOUTH 5070 WEST","FacCity":"SALT LAKE CITY","FacState":"UT","RegistryID":"110071911950","FacSNCFlg":"N","FacQtrsWithNC":0,"FacInspectionCount":0,"FacFormalActionCount":0,"PercentBelowLowincome3mile":28.62,"PercentPeopleOfColor":42.82,"AcsPopulationDensity":1775.53}},{"type":"Feature","geometry":{"type":"Point","coordinates":[-112.01228,40.72783]},"properties":{"FacName":"RB MANUFACTURING LLC","FacStreet":"2002 SOUTH 5070 WEST","FacCity":"SALT LAKE CITY","FacState":"UT","RegistryID":"110005210529","FacSNCFlg":"N","FacQtrsWithNC":1,"FacInspectionCount":1,"FacFormalActionCount":0,"PercentBelowLowincome3mile":28.62,"PercentPeopleOfColor":42.82,"AcsPopulationDensity":1775.53}},{"type":"Feature","geometry":{"type":"Point","coordinates":[-111.907264,40.68517]},"properties":{"FacName":"REACTION POLYMERS, INC.","FacStreet":"2984 S 500 W","FacCity":"SALT LAKE CITY","FacState":"UT","RegistryID":"110070825603","FacSNCFlg":"N","FacQtrsWithNC":0,"FacInspectionCount":0,"FacFormalActionCount":0,"PercentBelowLowincome3mile":23.34,"PercentPeopleOfColor":36.9,"AcsPopulationDensity":5211.85}},{"type":"Feature","geometry":{"type":"Point","coordinates":[-111.99214,40.7406]},"properties":{"FacName":"READING TRUCK EQUIPMENT - SALT LAKE CITY","FacStreet":"4285 W. 1385 S","FacCity":"SALT LAKE CITY","FacState":"UT","RegistryID":"110071355504","FacSNCFlg":"N","FacQtrsWithNC":0,"FacInspectionCount":0,"FacFormalActionCount":0,"PercentBelowLowincome3mile":33.16,"PercentPeopleOfColor":39.41,"AcsPopulationDensity":873.05}},{"type":"Feature","geometry":{"type":"Point","coordinates":[-111.99237,40.74334]},"properties":{"FacName":"READY ALLIANCE GROUP, INC","FacStreet":"1175 S MERIDIAN PARK ROAD","FacCity":"SALT LAKE CITY","FacState":"UT","RegistryID":"110071948889","FacSNCFlg":"N","FacQtrsWithNC":null,"FacInspectionCount":1,"FacFormalActionCount":1,"PercentBelowLowincome3mile":31.24,"PercentPeopleOfColor":35.82,"AcsPopulationDensity":622.14}},{"type":"Feature","geometry":{"type":"Point","coordinates":[-111.9205,40.80427]},"properties":{"FacName":"REAGAN OUTDOOR ADVERTISING","FacStreet":"1775 NORTH WARM SPRINGS ROAD","FacCity":"SALT LAKE CITY","FacState":"UT","RegistryID":"110005209513","FacSNCFlg":"N","FacQtrsWithNC":0,"FacInspectionCount":0,"FacFormalActionCount":0,"PercentBelowLowincome3mile":36.49,"PercentPeopleOfColor":24.64,"AcsPopulationDensity":1846.21}},{"type":"Feature","geometry":{"type":"Point","coordinates":[-111.90414,40.76902]},"properties":{"FacName":"RECURSION PHARMACEUTICALS","FacStreet":"41 SOUTH RIO GRANDE STREET","FacCity":"SALT LAKE CITY","FacState":"UT","RegistryID":"110072067886","FacSNCFlg":"N","FacQtrsWithNC":0,"FacInspectionCount":0,"FacFormalActionCount":0,"PercentBelowLowincome3mile":30.07,"PercentPeopleOfColor":30.29,"AcsPopulationDensity":4545.24}},{"type":"Feature","geometry":{"type":"Point","coordinates":[-111.85388,40.76453]},"properties":{"FacName":"RED HANGER INC #3","FacStreet":"209 SOUTH 1300 EAST","FacCity":"SALT LAKE CITY","FacState":"UT","RegistryID":"110005197704","FacSNCFlg":"N","FacQtrsWithNC":0,"FacInspectionCount":0,"FacFormalActionCount":0,"PercentBelowLowincome3mile":27.67,"PercentPeopleOfColor":32.67,"AcsPopulationDensity":4419.01}},{"type":"Feature","geometry":{"type":"Point","coordinates":[-111.94892,40.71776]},"properties":{"FacName":"RED LEAF RESOURCES","FacStreet":"2209 WEST ALEXANDER STREET","FacCity":"SALT LAKE CITY","FacState":"UT","RegistryID":"110072069823","FacSNCFlg":"N","FacQtrsWithNC":0,"FacInspectionCount":0,"FacFormalActionCount":0,"PercentBelowLowincome3mile":23.8,"PercentPeopleOfColor":41.02,"AcsPopulationDensity":2992.87}},{"type":"Feature","geometry":{"type":"Point","coordinates":[-111.90253,40.77929]},"properties":{"FacName":"RED ROCK BREWERY","FacStreet":"443 NORTH 400 WEST","FacCity":"SALT LAKE CITY","FacState":"UT","RegistryID":"110071930872","FacSNCFlg":"N","FacQtrsWithNC":0,"FacInspectionCount":0,"FacFormalActionCount":0,"PercentBelowLowincome3mile":32.09,"PercentPeopleOfColor":31.69,"AcsPopulationDensity":4136.78}},{"type":"Feature","geometry":{"type":"Point","coordinates":[-111.89729,40.74978]},"properties":{"FacName":"REDEVELOPMENT AGENCY OF SALT LAKE CITY","FacStreet":"208 WEST 900 SOUTH","FacCity":"SALT LAKE CITY","FacState":"UT","RegistryID":"110069415742","FacSNCFlg":"N","FacQtrsWithNC":0,"FacInspectionCount":1,"FacFormalActionCount":0,"PercentBelowLowincome3mile":28.05,"PercentPeopleOfColor":32.14,"AcsPopulationDensity":5244.01}},{"type":"Feature","geometry":{"type":"Point","coordinates":[-111.93887,40.67128]},"properties":{"FacName":"REDWOOD CAMPUS","FacStreet":"4600 SOUTH REDWOOD ROAD","FacCity":"SALT LAKE CITY","FacState":"UT","RegistryID":"110001882945","FacSNCFlg":"N","FacQtrsWithNC":0,"FacInspectionCount":0,"FacFormalActionCount":0,"PercentBelowLowincome3mile":21.45,"PercentPeopleOfColor":41.12,"AcsPopulationDensity":5527.87}},{"type":"Feature","geometry":{"type":"Point","coordinates":[-111.94378,40.74636]},"properties":{"FacName":"REDWOOD DEPOT PLAT 3","FacStreet":"REDWOOD DEPOT LN & BENDING RIVER COURT","FacCity":"SALT LAKE CITY","FacState":"UT","RegistryID":"110070704724","FacSNCFlg":"N","FacQtrsWithNC":0,"FacInspectionCount":0,"FacFormalActionCount":0,"PercentBelowLowincome3mile":28.23,"PercentPeopleOfColor":30.72,"AcsPopulationDensity":1959.69}},{"type":"Feature","geometry":{"type":"Point","coordinates":[-111.940825,40.784754]},"properties":{"FacName":"REDWOOD PLAZA CENTER - WASHOUSE LAUNDRY","FacStreet":"1752 WEST 700 NORTH","FacCity":"SALT LAKE CITY","FacState":"UT","RegistryID":"110042296066","FacSNCFlg":"N","FacQtrsWithNC":0,"FacInspectionCount":0,"FacFormalActionCount":0,"PercentBelowLowincome3mile":33.29,"PercentPeopleOfColor":23.67,"AcsPopulationDensity":1749.53}},{"type":"Feature","geometry":{"type":"Point","coordinates":[-111.939404,40.637999]},"properties":{"FacName":"REDWOOD RECYCLING","FacStreet":"6235 SOUTH REDWOOD RD","FacCity":"SALT LAKE CITY","FacState":"UT","RegistryID":"110032598810","FacSNCFlg":"N","FacQtrsWithNC":0,"FacInspectionCount":0,"FacFormalActionCount":0,"PercentBelowLowincome3mile":16.34,"PercentPeopleOfColor":30.28,"AcsPopulationDensity":5628.73}},{"type":"Feature","geometry":{"type":"Point","coordinates":[-111.93701,40.68829]},"properties":{"FacName":"REDWOOD ROAD","FacStreet":"1580 W 3860 S","FacCity":"SALT LAKE CITY","FacState":"UT","RegistryID":"110071500275","FacSNCFlg":"N","FacQtrsWithNC":0,"FacInspectionCount":1,"FacFormalActionCount":0,"PercentBelowLowincome3mile":22.86,"PercentPeopleOfColor":43.56,"AcsPopulationDensity":4940.16}},{"type":"Feature","geometry":{"type":"Point","coordinates":[-111.939,40.7513]},"properties":{"FacName":"REDWOOD ROAD & INDIANA AVENUE","FacStreet":"REDWOOD ROAD & INDIANA AVENUE, SALT LAKE CITY","FacCity":"SALT LAKE CITY","FacState":"UT","RegistryID":"110070793432","FacSNCFlg":"N","FacQtrsWithNC":0,"FacInspectionCount":0,"FacFormalActionCount":0,"PercentBelowLowincome3mile":29.22,"PercentPeopleOfColor":27.7,"AcsPopulationDensity":2228.61}},{"type":"Feature","geometry":{"type":"Point","coordinates":[-111.9366,40.6468]},"properties":{"FacName":"REDWOOD ROAD DEMOLITION","FacStreet":"5683 REDWOOD ROAD","FacCity":"SALT LAKE CITY","FacState":"UT","RegistryID":"110071880655","FacSNCFlg":"N","FacQtrsWithNC":0,"FacInspectionCount":0,"FacFormalActionCount":0,"PercentBelowLowincome3mile":17.27,"PercentPeopleOfColor":33.48,"AcsPopulationDensity":5591.59}},{"type":"Feature","geometry":{"type":"Point","coordinates":[-111.90253,40.78566]},"properties":{"FacName":"REED AVE TOWNHOMES","FacStreet":"REED AVE. 300 WEST","FacCity":"SALT LAKE CITY","FacState":"UT","RegistryID":"110070713351","FacSNCFlg":"N","FacQtrsWithNC":0,"FacInspectionCount":0,"FacFormalActionCount":0,"PercentBelowLowincome3mile":32.73,"PercentPeopleOfColor":32.38,"AcsPopulationDensity":3752.83}},{"type":"Feature","geometry":{"type":"Point","coordinates":[-111.917689,40.734811]},"properties":{"FacName":"REGENCY ON 9TH","FacStreet":"1590 SOUTH 900 WEST","FacCity":"SALT LAKE CITY","FacState":"UT","RegistryID":"110071709156","FacSNCFlg":"N","FacQtrsWithNC":0,"FacInspectionCount":0,"FacFormalActionCount":0,"PercentBelowLowincome3mile":23.62,"PercentPeopleOfColor":28.42,"AcsPopulationDensity":3571.2}},{"type":"Feature","geometry":{"type":"Point","coordinates":[-111.80828,40.69675]},"properties":{"FacName":"REID RANCH-IRON AND MANGANESE TREATMENT PLANT","FacStreet":"2965 E EVERGREEN AVE","FacCity":"SALT LAKE CITY","FacState":"UT","RegistryID":"110070785283","FacSNCFlg":"N","FacQtrsWithNC":0,"FacInspectionCount":0,"FacFormalActionCount":0,"PercentBelowLowincome3mile":19.57,"PercentPeopleOfColor":21.07,"AcsPopulationDensity":3349.81}},{"type":"Feature","geometry":{"type":"Point","coordinates":[-111.929556,40.804557]},"properties":{"FacName":"REMOTE TANK FARM (RTF)","FacStreet":"1365 WEST 1900 NORTH","FacCity":"SALT LAKE CITY","FacState":"UT","RegistryID":"110067026934","FacSNCFlg":"N","FacQtrsWithNC":0,"FacInspectionCount":0,"FacFormalActionCount":0,"PercentBelowLowincome3mile":36.3,"PercentPeopleOfColor":23.1,"AcsPopulationDensity":1551.22}},{"type":"Feature","geometry":{"type":"Point","coordinates":[-111.96772,40.74423]},"properties":{"FacName":"RENEGADE OIL","FacStreet":"1141 SOUTH 3200 WEST","FacCity":"SALT LAKE CITY","FacState":"UT","RegistryID":"110043308578","FacSNCFlg":"N","FacQtrsWithNC":3,"FacInspectionCount":5,"FacFormalActionCount":0,"PercentBelowLowincome3mile":27.35,"PercentPeopleOfColor":32.49,"AcsPopulationDensity":1335.14}},{"type":"Feature","geometry":{"type":"Point","coordinates":[-111.9672,40.74444]},"properties":{"FacName":"RENEGADE OIL INC","FacStreet":"RENEGADE OIL INC.","FacCity":"SALT LAKE CITY","FacState":"UT","RegistryID":"110071312411","FacSNCFlg":"N","FacQtrsWithNC":0,"FacInspectionCount":1,"FacFormalActionCount":0,"PercentBelowLowincome3mile":27.19,"PercentPeopleOfColor":32.23,"AcsPopulationDensity":1337.55}},{"type":"Feature","geometry":{"type":"Point","coordinates":[-111.953466,40.802092]},"properties":{"FacName":"RENT TO KILL","FacStreet":"1396 N 2200 W","FacCity":"SALT LAKE CITY","FacState":"UT","RegistryID":"110071537844","FacSNCFlg":"N","FacQtrsWithNC":null,"FacInspectionCount":1,"FacFormalActionCount":0,"PercentBelowLowincome3mile":39.76,"PercentPeopleOfColor":22.27,"AcsPopulationDensity":992.94}},{"type":"Feature","geometry":{"type":"Point","coordinates":[-111.83335,40.62669]},"properties":{"FacName":"REYNOLDS EXCAVATION SHOP","FacStreet":"5400 SOUTH 6850 WEST","FacCity":"SALT LAKE CITY","FacState":"UT","RegistryID":"110070124262","FacSNCFlg":"N","FacQtrsWithNC":0,"FacInspectionCount":0,"FacFormalActionCount":0,"PercentBelowLowincome3mile":23.54,"PercentPeopleOfColor":28.54,"AcsPopulationDensity":4131.96}},{"type":"Feature","geometry":{"type":"Point","coordinates":[-111.902579,40.739896]},"properties":{"FacName":"RICK WARNER (HEAVY TRUCKS)","FacStreet":"1365 S. 400 W.","FacCity":"SALT LAKE CITY","FacState":"UT","RegistryID":"110005201343","FacSNCFlg":"N","FacQtrsWithNC":0,"FacInspectionCount":0,"FacFormalActionCount":0,"PercentBelowLowincome3mile":26.4,"PercentPeopleOfColor":30.04,"AcsPopulationDensity":4831.68}},{"type":"Feature","geometry":{"type":"Point","coordinates":[-111.8922,40.75419]},"properties":{"FacName":"RICK WARNER BODY SHOP","FacStreet":"28 WEST 700 SOUTH","FacCity":"SALT LAKE CITY","FacState":"UT","RegistryID":"110005200200","FacSNCFlg":"N","FacQtrsWithNC":0,"FacInspectionCount":0,"FacFormalActionCount":0,"PercentBelowLowincome3mile":28.26,"PercentPeopleOfColor":31.59,"AcsPopulationDensity":5324.87}},{"type":"Feature","geometry":{"type":"Point","coordinates":[-111.89969,40.740377]},"properties":{"FacName":"RICK WARNER POWER PRODUCTS","FacStreet":"1344 SOUTH 300 WEST","FacCity":"SALT LAKE CITY","FacState":"UT","RegistryID":"110005199258","FacSNCFlg":"N","FacQtrsWithNC":0,"FacInspectionCount":0,"FacFormalActionCount":0,"PercentBelowLowincome3mile":26.64,"PercentPeopleOfColor":31.14,"AcsPopulationDensity":5037.76}},{"type":"Feature","geometry":{"type":"Point","coordinates":[-111.91684,40.7686]},"properties":{"FacName":"RICK'S ENTERPRISES CORPORATION","FacStreet":"30 SOUTH 900 WEST","FacCity":"SALT LAKE CITY","FacState":"UT","RegistryID":"110071910895","FacSNCFlg":"N","FacQtrsWithNC":0,"FacInspectionCount":0,"FacFormalActionCount":0,"PercentBelowLowincome3mile":29.8,"PercentPeopleOfColor":27.43,"AcsPopulationDensity":3764.98}},{"type":"Feature","geometry":{"type":"Point","coordinates":[-112.01509,40.76582]},"properties":{"FacName":"RINCHEM COMPANY INC.  CSC 31","FacStreet":"5178 WEST 150 SOUTH","FacCity":"SALT LAKE CITY","FacState":"UT","RegistryID":"110037445841","FacSNCFlg":"N","FacQtrsWithNC":0,"FacInspectionCount":0,"FacFormalActionCount":0,"PercentBelowLowincome3mile":32.07,"PercentPeopleOfColor":17.38,"AcsPopulationDensity":103.23}},{"type":"Feature","geometry":{"type":"Point","coordinates":[-111.88825,40.72167]},"properties":{"FacName":"RITZ CLASSIC APARTMENTS","FacStreet":"2265 SOUTH STATE STREET","FacCity":"SALT LAKE CITY","FacState":"UT","RegistryID":"110070706605","FacSNCFlg":"N","FacQtrsWithNC":0,"FacInspectionCount":0,"FacFormalActionCount":0,"PercentBelowLowincome3mile":21.73,"PercentPeopleOfColor":27.38,"AcsPopulationDensity":4803.18}},{"type":"Feature","geometry":{"type":"Point","coordinates":[-111.94397,40.746452]},"properties":{"FacName":"RIVERBEND LOT 9, PHASE 2","FacStreet":"1910 WEST 1040 SOUTH","FacCity":"SALT LAKE CITY","FacState":"UT","RegistryID":"110070704446","FacSNCFlg":"N","FacQtrsWithNC":0,"FacInspectionCount":0,"FacFormalActionCount":0,"PercentBelowLowincome3mile":28.26,"PercentPeopleOfColor":30.74,"AcsPopulationDensity":1951.9}},{"type":"Feature","geometry":{"type":"Point","coordinates":[-111.9178,40.5426]},"properties":{"FacName":"RIVERFRONT PARKWAY, 11050 S TO 11400 S, WIDEN","FacStreet":"RIVERFRONT PARKWAY; 11050 SOUTH TO 11400 SOUTH","FacCity":"SALT LAKE CITY","FacState":"UT","RegistryID":"110071960311","FacSNCFlg":"N","FacQtrsWithNC":0,"FacInspectionCount":0,"FacFormalActionCount":0,"PercentBelowLowincome3mile":20.41,"PercentPeopleOfColor":26.32,"AcsPopulationDensity":3565.3}},{"type":"Feature","geometry":{"type":"Point","coordinates":[-111.91792,40.62921]},"properties":{"FacName":"RIVERSIDE CEBTER - TRADES","FacStreet":"700 SOUTH 1040 WEST","FacCity":"SALT LAKE CITY","FacState":"UT","RegistryID":"110005206838","FacSNCFlg":"N","FacQtrsWithNC":0,"FacInspectionCount":0,"FacFormalActionCount":0,"PercentBelowLowincome3mile":14.69,"PercentPeopleOfColor":24.45,"AcsPopulationDensity":5489.04}},{"type":"Feature","geometry":{"type":"Point","coordinates":[-111.943603,40.748544]},"properties":{"FacName":"RIVIAN AUTOMOTIVE (SALT LAKE CITY)","FacStreet":"1830 REDWOOD DEPOT LANE","FacCity":"SALT LAKE CITY","FacState":"UT","RegistryID":"110071193063","FacSNCFlg":"N","FacQtrsWithNC":0,"FacInspectionCount":0,"FacFormalActionCount":0,"PercentBelowLowincome3mile":28.9,"PercentPeopleOfColor":29.76,"AcsPopulationDensity":1962.56}},{"type":"Feature","geometry":{"type":"Point","coordinates":[-111.888516,40.734772]},"properties":{"FacName":"RIZE PROPERTY MANAGEMENT","FacStreet":"1600 SOUTH STATE STREET","FacCity":"SALT LAKE CITY","FacState":"UT","RegistryID":"110071497897","FacSNCFlg":"N","FacQtrsWithNC":null,"FacInspectionCount":1,"FacFormalActionCount":0,"PercentBelowLowincome3mile":25.39,"PercentPeopleOfColor":30.8,"AcsPopulationDensity":5501.98}},{"type":"Feature","geometry":{"type":"Point","coordinates":[-111.991124,40.796392]},"properties":{"FacName":"RLW AIRPORT BATCH PLANT WEST","FacStreet":"1252 NORTH 4100 WEST","FacCity":"SALT LAKE CITY","FacState":"UT","RegistryID":"110071401170","FacSNCFlg":"N","FacQtrsWithNC":0,"FacInspectionCount":0,"FacFormalActionCount":0,"PercentBelowLowincome3mile":40.36,"PercentPeopleOfColor":18.65,"AcsPopulationDensity":374.71}},{"type":"Feature","geometry":{"type":"Point","coordinates":[-112.007216,40.754885]},"properties":{"FacName":"RM RUBBER & PLASTIC CO.","FacStreet":"5115 WEST 700 SOUTH","FacCity":"SALT LAKE CITY","FacState":"UT","RegistryID":"110071176899","FacSNCFlg":"N","FacQtrsWithNC":0,"FacInspectionCount":0,"FacFormalActionCount":0,"PercentBelowLowincome3mile":30.49,"PercentPeopleOfColor":26.63,"AcsPopulationDensity":137.32}},{"type":"Feature","geometry":{"type":"Point","coordinates":[-112.0094,40.7579]},"properties":{"FacName":"RMP TERMINAL ESB","FacStreet":"4820 WEST 700 SOUTH","FacCity":"SALT LAKE CITY","FacState":"UT","RegistryID":"110071896387","FacSNCFlg":"N","FacQtrsWithNC":0,"FacInspectionCount":0,"FacFormalActionCount":0,"PercentBelowLowincome3mile":32.15,"PercentPeopleOfColor":22.62,"AcsPopulationDensity":123.37}},{"type":"Feature","geometry":{"type":"Point","coordinates":[-111.83088,40.75619]},"properties":{"FacName":"ROCKWELL COLLINS  (WAS EVAN & SUTH)","FacStreet":"600 KOMAS DRIVE","FacCity":"SALT LAKE CITY","FacState":"UT","RegistryID":"110005207481","FacSNCFlg":"N","FacQtrsWithNC":0,"FacInspectionCount":0,"FacFormalActionCount":0,"PercentBelowLowincome3mile":25.16,"PercentPeopleOfColor":32.02,"AcsPopulationDensity":3993.58}},{"type":"Feature","geometry":{"type":"Point","coordinates":[-111.92459,40.81676]},"properties":{"FacName":"ROCKY MOUNTAIN FABRICATION","FacStreet":"1125 W. 2300 N.","FacCity":"SALT LAKE CITY","FacState":"UT","RegistryID":"110000469519","FacSNCFlg":"N","FacQtrsWithNC":0,"FacInspectionCount":0,"FacFormalActionCount":1,"PercentBelowLowincome3mile":35.45,"PercentPeopleOfColor":20.99,"AcsPopulationDensity":1404.66}},{"type":"Feature","geometry":{"type":"Point","coordinates":[-111.95802,40.74422]},"properties":{"FacName":"ROCKY MOUNTAIN MACHINE SHOP INC.- SALT LAKE CITY MACHINE SHOP","FacStreet":"1165 SOUTH PIONEER ROAD","FacCity":"SALT LAKE CITY","FacState":"UT","RegistryID":"110070118237","FacSNCFlg":"N","FacQtrsWithNC":0,"FacInspectionCount":0,"FacFormalActionCount":0,"PercentBelowLowincome3mile":26.72,"PercentPeopleOfColor":33.01,"AcsPopulationDensity":1536.91}},{"type":"Feature","geometry":{"type":"Point","coordinates":[-111.95802,40.74422]},"properties":{"FacName":"ROCKY MOUNTAIN MACHINE SHOP INCORPORATED","FacStreet":"1165 PIONEER ROAD","FacCity":"SALT LAKE CITY","FacState":"UT","RegistryID":"110001886219","FacSNCFlg":"N","FacQtrsWithNC":1,"FacInspectionCount":1,"FacFormalActionCount":0,"PercentBelowLowincome3mile":26.72,"PercentPeopleOfColor":33.01,"AcsPopulationDensity":1536.91}},{"type":"Feature","geometry":{"type":"Point","coordinates":[-111.852163,40.757252]},"properties":{"FacName":"ROCKY MOUNTAIN POWER - UTB","FacStreet":"900 S 3133 W","FacCity":"SALT LAKE CITY","FacState":"UT","RegistryID":"110005206883","FacSNCFlg":"N","FacQtrsWithNC":0,"FacInspectionCount":0,"FacFormalActionCount":0,"PercentBelowLowincome3mile":26.81,"PercentPeopleOfColor":32.28,"AcsPopulationDensity":4820.39}},{"type":"Feature","geometry":{"type":"Point","coordinates":[-111.933123,40.771409]},"properties":{"FacName":"ROCKY MOUNTAIN POWER HEADQUARTERS","FacStreet":"1465 W NORTH TEMPLE ST.","FacCity":"SALT LAKE CITY","FacState":"UT","RegistryID":"110072074759","FacSNCFlg":"N","FacQtrsWithNC":0,"FacInspectionCount":0,"FacFormalActionCount":0,"PercentBelowLowincome3mile":31.41,"PercentPeopleOfColor":25.46,"AcsPopulationDensity":2475.91}},{"type":"Feature","geometry":{"type":"Point","coordinates":[-111.90638,40.66729]},"properties":{"FacName":"ROCKY MOUNTAIN POWER SALT LAKE DEMC SERVICE CENTER","FacStreet":"500 SOUTH 4800 WEST","FacCity":"SALT LAKE CITY","FacState":"UT","RegistryID":"110071917446","FacSNCFlg":"N","FacQtrsWithNC":0,"FacInspectionCount":0,"FacFormalActionCount":0,"PercentBelowLowincome3mile":22.12,"PercentPeopleOfColor":35.18,"AcsPopulationDensity":5240.22}},{"type":"Feature","geometry":{"type":"Point","coordinates":[-111.91871,40.70563]},"properties":{"FacName":"ROCKY MOUNTAIN RECYCLING","FacStreet":"3110 S. 900 W.","FacCity":"SALT LAKE CITY","FacState":"UT","RegistryID":"110055002875","FacSNCFlg":"N","FacQtrsWithNC":0,"FacInspectionCount":0,"FacFormalActionCount":0,"PercentBelowLowincome3mile":23.2,"PercentPeopleOfColor":37.76,"AcsPopulationDensity":4522.34}},{"type":"Feature","geometry":{"type":"Point","coordinates":[-111.96312,40.7496]},"properties":{"FacName":"ROCKY MOUNTAIN RECYCLING","FacStreet":"2950 WEST 900 SOUTH","FacCity":"SALT LAKE CITY","FacState":"UT","RegistryID":"110054112660","FacSNCFlg":"N","FacQtrsWithNC":0,"FacInspectionCount":0,"FacFormalActionCount":0,"PercentBelowLowincome3mile":26.81,"PercentPeopleOfColor":29.15,"AcsPopulationDensity":1309.06}},{"type":"Feature","geometry":{"type":"Point","coordinates":[-112.9791,38.5733]},"properties":{"FacName":"RODATHERM MILFORD GEOTHERMAL PROJECT","FacStreet":"50 WEST BROADWAY, SUITE 300 SALT LAKE CITY, UT, US","FacCity":"SALT LAKE CITY","FacState":"UT","RegistryID":"110071645651","FacSNCFlg":"N","FacQtrsWithNC":0,"FacInspectionCount":0,"FacFormalActionCount":0,"PercentBelowLowincome3mile":19.05,"PercentPeopleOfColor":9.52,"AcsPopulationDensity":0.74}},{"type":"Feature","geometry":{"type":"Point","coordinates":[-111.8901,40.73675]},"properties":{"FacName":"ROHA BREWING PROJECT","FacStreet":"30 EAST KENSINGTON AVENU","FacCity":"SALT LAKE CITY","FacState":"UT","RegistryID":"110071918690","FacSNCFlg":"N","FacQtrsWithNC":0,"FacInspectionCount":0,"FacFormalActionCount":0,"PercentBelowLowincome3mile":25.74,"PercentPeopleOfColor":31.36,"AcsPopulationDensity":5460.08}},{"type":"Feature","geometry":{"type":"Point","coordinates":[-111.93419,40.77549]},"properties":{"FacName":"ROSE PARK - JORDAN RIVER WATER SHED","FacStreet":"1000 N CORNELL ST","FacCity":"SALT LAKE CITY","FacState":"UT","RegistryID":"110070704232","FacSNCFlg":"N","FacQtrsWithNC":0,"FacInspectionCount":0,"FacFormalActionCount":0,"PercentBelowLowincome3mile":31.82,"PercentPeopleOfColor":25.62,"AcsPopulationDensity":2272.87}},{"type":"Feature","geometry":{"type":"Point","coordinates":[-111.81895,40.65405]},"properties":{"FacName":"ROSENBERG RESIDENCE","FacStreet":"2540 HAVEN LANE","FacCity":"SALT LAKE CITY","FacState":"UT","RegistryID":"110070711563","FacSNCFlg":"N","FacQtrsWithNC":0,"FacInspectionCount":0,"FacFormalActionCount":0,"PercentBelowLowincome3mile":27.62,"PercentPeopleOfColor":29.62,"AcsPopulationDensity":3516.14}},{"type":"Feature","geometry":{"type":"Point","coordinates":[-111.92554,40.79823]},"properties":{"FacName":"ROSEWOOD PARK","FacStreet":"1400 NORTH 1200 WEST","FacCity":"SALT LAKE CITY","FacState":"UT","RegistryID":"110072075607","FacSNCFlg":"N","FacQtrsWithNC":0,"FacInspectionCount":0,"FacFormalActionCount":0,"PercentBelowLowincome3mile":35.85,"PercentPeopleOfColor":25.76,"AcsPopulationDensity":1876.23}},{"type":"Feature","geometry":{"type":"Point","coordinates":[-111.8484,40.7529]},"properties":{"FacName":"ROWLAND HALL","FacStreet":"1481 EAST SUNNYSIDE AVE","FacCity":"SALT LAKE CITY","FacState":"UT","RegistryID":"110071729028","FacSNCFlg":"N","FacQtrsWithNC":0,"FacInspectionCount":0,"FacFormalActionCount":0,"PercentBelowLowincome3mile":25.84,"PercentPeopleOfColor":31.57,"AcsPopulationDensity":5000.25}},{"type":"Feature","geometry":{"type":"Point","coordinates":[-111.883426,40.770569]},"properties":{"FacName":"ROWLAND HALL SAINT MARKS SCHOOL","FacStreet":"205 1ST AVENUE","FacCity":"SALT LAKE CITY","FacState":"UT","RegistryID":"110011789038","FacSNCFlg":"N","FacQtrsWithNC":0,"FacInspectionCount":0,"FacFormalActionCount":0,"PercentBelowLowincome3mile":29.1,"PercentPeopleOfColor":31.2,"AcsPopulationDensity":4709.84}},{"type":"Feature","geometry":{"type":"Point","coordinates":[-111.89396,40.68437]},"properties":{"FacName":"ROYAL AUTOBODY & PAINT","FacStreet":"4015 S WEST TEMPLE","FacCity":"SALT LAKE CITY","FacState":"UT","RegistryID":"110002263577","FacSNCFlg":"N","FacQtrsWithNC":0,"FacInspectionCount":0,"FacFormalActionCount":0,"PercentBelowLowincome3mile":22.97,"PercentPeopleOfColor":33.06,"AcsPopulationDensity":5327.96}},{"type":"Feature","geometry":{"type":"Point","coordinates":[-111.94601,40.79574]},"properties":{"FacName":"ROYLANCE ADU","FacStreet":"1207 N BRIGADIER CR","FacCity":"SALT LAKE CITY","FacState":"UT","RegistryID":"110072110030","FacSNCFlg":"N","FacQtrsWithNC":0,"FacInspectionCount":0,"FacFormalActionCount":0,"PercentBelowLowincome3mile":35.55,"PercentPeopleOfColor":21.97,"AcsPopulationDensity":1328.21}},{"type":"Feature","geometry":{"type":"Point","coordinates":[-111.999065,40.725007]},"properties":{"FacName":"RUAN LEASING COMPANY","FacStreet":"4475 W 2100 S","FacCity":"SALT LAKE CITY","FacState":"UT","RegistryID":"110002297988","FacSNCFlg":"N","FacQtrsWithNC":0,"FacInspectionCount":0,"FacFormalActionCount":0,"PercentBelowLowincome3mile":27.19,"PercentPeopleOfColor":40.58,"AcsPopulationDensity":2198.16}},{"type":"Feature","geometry":{"type":"Point","coordinates":[-111.892483,40.77154]},"properties":{"FacName":"RUSH VALLEY LDS CHURCH-SAND\/IRON\/MANGANESE REMOVAL","FacStreet":"50 E NORTH TEMPLE ST","FacCity":"SALT LAKE CITY","FacState":"UT","RegistryID":"110052963940","FacSNCFlg":"N","FacQtrsWithNC":0,"FacInspectionCount":0,"FacFormalActionCount":0,"PercentBelowLowincome3mile":29.72,"PercentPeopleOfColor":30.62,"AcsPopulationDensity":4658.1}},{"type":"Feature","geometry":{"type":"Point","coordinates":[-111.98184,40.56188]},"properties":{"FacName":"RUSHTON MEADOWS PARK & TRAIL","FacStreet":"3787 S SOUTH JORDAN PARKWAY","FacCity":"SALT LAKE CITY","FacState":"UT","RegistryID":"110070708771","FacSNCFlg":"N","FacQtrsWithNC":0,"FacInspectionCount":0,"FacFormalActionCount":0,"PercentBelowLowincome3mile":19.85,"PercentPeopleOfColor":33.63,"AcsPopulationDensity":3563.07}},{"type":"Feature","geometry":{"type":"Point","coordinates":[-111.93114,40.69955]},"properties":{"FacName":"RV SALES DBA PLAZA CYCLE","FacStreet":"1379 WEST 3300 SOUTH","FacCity":"SALT LAKE CITY","FacState":"UT","RegistryID":"110005208523","FacSNCFlg":"N","FacQtrsWithNC":0,"FacInspectionCount":0,"FacFormalActionCount":0,"PercentBelowLowincome3mile":23.46,"PercentPeopleOfColor":43,"AcsPopulationDensity":4416.77}},{"type":"Feature","geometry":{"type":"Point","coordinates":[-111.97317,40.74577]},"properties":{"FacName":"RYDER TRUCK RENTAL INC.","FacStreet":"3444 WEST DIRECTORS ROW","FacCity":"SALT LAKE CITY","FacState":"UT","RegistryID":"110009508924","FacSNCFlg":"N","FacQtrsWithNC":0,"FacInspectionCount":0,"FacFormalActionCount":0,"PercentBelowLowincome3mile":27.41,"PercentPeopleOfColor":30.93,"AcsPopulationDensity":1116.95}},{"type":"Feature","geometry":{"type":"Point","coordinates":[-111.859738,40.700568]},"properties":{"FacName":"S & E RUCKING","FacStreet":"3232 WEST 1100 SOUTH","FacCity":"SALT LAKE CITY","FacState":"UT","RegistryID":"110030919996","FacSNCFlg":"N","FacQtrsWithNC":0,"FacInspectionCount":0,"FacFormalActionCount":0,"PercentBelowLowincome3mile":21.22,"PercentPeopleOfColor":24.39,"AcsPopulationDensity":5623.43}},{"type":"Feature","geometry":{"type":"Point","coordinates":[-111.957926,40.762358]},"properties":{"FacName":"SAFETY KLEEN SYSTEMS IN","FacStreet":"300 SOUTH 2650 EAST","FacCity":"SALT LAKE CITY","FacState":"UT","RegistryID":"110024465817","FacSNCFlg":"N","FacQtrsWithNC":3,"FacInspectionCount":3,"FacFormalActionCount":0,"PercentBelowLowincome3mile":30.16,"PercentPeopleOfColor":23.15,"AcsPopulationDensity":1508.76}},{"type":"Feature","geometry":{"type":"Point","coordinates":[-111.95802,40.74661]},"properties":{"FacName":"SAFETY-KLEEN CORP - SAFETY-KLEEN -","FacStreet":"1066 SOUTH PIONEER ROAD","FacCity":"SALT LAKE CITY","FacState":"UT","RegistryID":"110000620025","FacSNCFlg":"N","FacQtrsWithNC":0,"FacInspectionCount":5,"FacFormalActionCount":0,"PercentBelowLowincome3mile":26.94,"PercentPeopleOfColor":31.56,"AcsPopulationDensity":1499.88}},{"type":"Feature","geometry":{"type":"Point","coordinates":[-111.9665,40.5613]},"properties":{"FacName":"SAGEWOOD RANCH RECEPTION","FacStreet":"10431 SOUTH 3200 WEST","FacCity":"SALT LAKE CITY","FacState":"UT","RegistryID":"110071850058","FacSNCFlg":"N","FacQtrsWithNC":0,"FacInspectionCount":0,"FacFormalActionCount":0,"PercentBelowLowincome3mile":19.84,"PercentPeopleOfColor":30.3,"AcsPopulationDensity":4011.75}},{"type":"Feature","geometry":{"type":"Point","coordinates":[-112.04589,40.753798]},"properties":{"FacName":"SAIA LTL FREIGHT - SLC","FacStreet":"794 S 6400 WEST","FacCity":"SALT LAKE CITY","FacState":"UT","RegistryID":"110071644714","FacSNCFlg":"N","FacQtrsWithNC":0,"FacInspectionCount":0,"FacFormalActionCount":0,"PercentBelowLowincome3mile":24.29,"PercentPeopleOfColor":27.03,"AcsPopulationDensity":151.72}},{"type":"Feature","geometry":{"type":"Point","coordinates":[-111.97213,40.74481]},"properties":{"FacName":"SAIA MOTOR FREIGHT LINE INC.","FacStreet":"1150 GLADIOLA STREET","FacCity":"SALT LAKE CITY","FacState":"UT","RegistryID":"110061807549","FacSNCFlg":"N","FacQtrsWithNC":0,"FacInspectionCount":2,"FacFormalActionCount":0,"PercentBelowLowincome3mile":27.66,"PercentPeopleOfColor":32.1,"AcsPopulationDensity":1194.2}},{"type":"Feature","geometry":{"type":"Point","coordinates":[-111.858736,40.70369]},"properties":{"FacName":"SALLY BEAUTY SUPPLY #10041","FacStreet":"1140 BRICKYARD ROAD #27","FacCity":"SALT LAKE CITY","FacState":"UT","RegistryID":"110071063293","FacSNCFlg":"N","FacQtrsWithNC":0,"FacInspectionCount":0,"FacFormalActionCount":0,"PercentBelowLowincome3mile":20.62,"PercentPeopleOfColor":23.45,"AcsPopulationDensity":5633.81}},{"type":"Feature","geometry":{"type":"Point","coordinates":[-111.97626,40.69649]},"properties":{"FacName":"SALLY BEAUTY SUPPLY #1807","FacStreet":"3561 WEST 3500 SOUTH","FacCity":"SALT LAKE CITY","FacState":"UT","RegistryID":"110071063312","FacSNCFlg":"N","FacQtrsWithNC":0,"FacInspectionCount":0,"FacFormalActionCount":0,"PercentBelowLowincome3mile":24.56,"PercentPeopleOfColor":43.81,"AcsPopulationDensity":4801.49}},{"type":"Feature","geometry":{"type":"Point","coordinates":[-111.899674,40.744904]},"properties":{"FacName":"SALLY BEAUTY SUPPLY #1866","FacStreet":"1094 S 300 WEST, UNIT F","FacCity":"SALT LAKE CITY","FacState":"UT","RegistryID":"110071063301","FacSNCFlg":"N","FacQtrsWithNC":0,"FacInspectionCount":0,"FacFormalActionCount":0,"PercentBelowLowincome3mile":27.58,"PercentPeopleOfColor":32.36,"AcsPopulationDensity":5125.12}},{"type":"Feature","geometry":{"type":"Point","coordinates":[-111.94819,40.72985]},"properties":{"FacName":"SALT FLATS BREWERY","FacStreet":"2020 WEST INDUSTRIAL CIRCLE","FacCity":"SALT LAKE CITY","FacState":"UT","RegistryID":"110071933145","FacSNCFlg":"N","FacQtrsWithNC":0,"FacInspectionCount":0,"FacFormalActionCount":0,"PercentBelowLowincome3mile":26.05,"PercentPeopleOfColor":37.81,"AcsPopulationDensity":2333.83}},{"type":"Feature","geometry":{"type":"Point","coordinates":[-111.981537,40.749441]},"properties":{"FacName":"SALT FLATS HWY REST STOP","FacStreet":"SITE INFORMATION RESTRICTED","FacCity":"SALT LAKE CITY","FacState":"UT","RegistryID":"110020094360","FacSNCFlg":"N","FacQtrsWithNC":11,"FacInspectionCount":0,"FacFormalActionCount":0,"PercentBelowLowincome3mile":null,"PercentPeopleOfColor":null,"AcsPopulationDensity":null}},{"type":"Feature","geometry":{"type":"Point","coordinates":[-111.900348,40.683674]},"properties":{"FacName":"SALT LAKE","FacStreet":"4040 S 300 W, SALT LAKE CITY","FacCity":"SALT LAKE CITY","FacState":"UT","RegistryID":"110071726772","FacSNCFlg":"N","FacQtrsWithNC":0,"FacInspectionCount":1,"FacFormalActionCount":0,"PercentBelowLowincome3mile":23.12,"PercentPeopleOfColor":34.64,"AcsPopulationDensity":5277.99}},{"type":"Feature","geometry":{"type":"Point","coordinates":[-111.59068,40.61849]},"properties":{"FacName":"SALT LAKE CITY","FacStreet":"(BIG COTTONWOOD)","FacCity":"SALT LAKE CITY","FacState":"UT","RegistryID":"110010919701","FacSNCFlg":"N","FacQtrsWithNC":0,"FacInspectionCount":2,"FacFormalActionCount":0,"PercentBelowLowincome3mile":19.07,"PercentPeopleOfColor":17.85,"AcsPopulationDensity":62.57}},{"type":"Feature","geometry":{"type":"Point","coordinates":[-111.90552,40.73219]},"properties":{"FacName":"SALT LAKE CITY","FacStreet":"1750 SOUTH 500 WEST, SUITE 700","FacCity":"SALT LAKE CITY","FacState":"UT","RegistryID":"110071918934","FacSNCFlg":"N","FacQtrsWithNC":0,"FacInspectionCount":0,"FacFormalActionCount":0,"PercentBelowLowincome3mile":23.27,"PercentPeopleOfColor":27.79,"AcsPopulationDensity":4363.77}},{"type":"Feature","geometry":{"type":"Point","coordinates":[-111.94097,40.725984]},"properties":{"FacName":"SALT LAKE CITY AUXILIARY MAINTENANCE FACILITY","FacStreet":"1760 WEST 2100 SOUTH","FacCity":"SALT LAKE CITY","FacState":"UT","RegistryID":"110032596796","FacSNCFlg":"N","FacQtrsWithNC":0,"FacInspectionCount":0,"FacFormalActionCount":0,"PercentBelowLowincome3mile":25.85,"PercentPeopleOfColor":38.05,"AcsPopulationDensity":2691.51}},{"type":"Feature","geometry":{"type":"Point","coordinates":[-111.92368,40.75847]},"properties":{"FacName":"SALT LAKE CITY BRIDGE REPLACEMENT (035097F)","FacStreet":"1144 W 500 S","FacCity":"SALT LAKE CITY","FacState":"UT","RegistryID":"110072132308","FacSNCFlg":"N","FacQtrsWithNC":0,"FacInspectionCount":0,"FacFormalActionCount":0,"PercentBelowLowincome3mile":29.21,"PercentPeopleOfColor":25.97,"AcsPopulationDensity":3349.78}},{"type":"Feature","geometry":{"type":"Point","coordinates":[-111.89396,40.73653]},"properties":{"FacName":"SALT LAKE CITY CORPORATION","FacStreet":"1530 SOUTH WEST TEMPLE","FacCity":"SALT LAKE CITY","FacState":"UT","RegistryID":"110064119305","FacSNCFlg":"N","FacQtrsWithNC":0,"FacInspectionCount":0,"FacFormalActionCount":0,"PercentBelowLowincome3mile":25.68,"PercentPeopleOfColor":30.83,"AcsPopulationDensity":5267.41}},{"type":"Feature","geometry":{"type":"Point","coordinates":[-111.92924,40.62922]},"properties":{"FacName":"SALT LAKE CITY CORPORATION","FacStreet":"1530 SOUTHWEST TEMPLE","FacCity":"SALT LAKE CITY","FacState":"UT","RegistryID":"110002046198","FacSNCFlg":"N","FacQtrsWithNC":0,"FacInspectionCount":2,"FacFormalActionCount":0,"PercentBelowLowincome3mile":14.56,"PercentPeopleOfColor":25.65,"AcsPopulationDensity":5444.9}},{"type":"Feature","geometry":{"type":"Point","coordinates":[-111.900416,40.751964]},"properties":{"FacName":"SALT LAKE CITY CORPORATION FLEET YARD","FacStreet":"325 WEST 800 SOUTH","FacCity":"SALT LAKE CITY","FacState":"UT","RegistryID":"110005201478","FacSNCFlg":"N","FacQtrsWithNC":0,"FacInspectionCount":0,"FacFormalActionCount":0,"PercentBelowLowincome3mile":28.41,"PercentPeopleOfColor":31.82,"AcsPopulationDensity":5156.36}},{"type":"Feature","geometry":{"type":"Point","coordinates":[-111.995054,40.813649]},"properties":{"FacName":"SALT LAKE CITY DEPARTMENT OF AIRPORTS DEICING FLUID RECLAMATION PLAN","FacStreet":"2172 NORTH 4325 WEST","FacCity":"SALT LAKE CITY","FacState":"UT","RegistryID":"110005211500","FacSNCFlg":"N","FacQtrsWithNC":0,"FacInspectionCount":0,"FacFormalActionCount":0,"PercentBelowLowincome3mile":37.15,"PercentPeopleOfColor":18.35,"AcsPopulationDensity":191.21}},{"type":"Feature","geometry":{"type":"Point","coordinates":[-111.89396,40.73653]},"properties":{"FacName":"SALT LAKE CITY DEPARTMENT PUBLIC UTILITIES","FacStreet":"1530 SOUTH WEST TEMPLE","FacCity":"SALT LAKE CITY","FacState":"UT","RegistryID":"110064119323","FacSNCFlg":"N","FacQtrsWithNC":0,"FacInspectionCount":0,"FacFormalActionCount":0,"PercentBelowLowincome3mile":25.68,"PercentPeopleOfColor":30.83,"AcsPopulationDensity":5267.41}},{"type":"Feature","geometry":{"type":"Point","coordinates":[-112.003549,40.735647]},"properties":{"FacName":"SALT LAKE CITY DISTRIBUTION CENTER","FacStreet":"1600 S 4650 W","FacCity":"SALT LAKE CITY","FacState":"UT","RegistryID":"110071864611","FacSNCFlg":"N","FacQtrsWithNC":0,"FacInspectionCount":0,"FacFormalActionCount":0,"PercentBelowLowincome3mile":29.46,"PercentPeopleOfColor":41.65,"AcsPopulationDensity":1209.96}},{"type":"Feature","geometry":{"type":"Point","coordinates":[-111.88822,40.76001]},"properties":{"FacName":"SALT LAKE CITY FACILITIES SERVICES","FacStreet":"451 S STATE STREET","FacCity":"SALT LAKE CITY","FacState":"UT","RegistryID":"110054103046","FacSNCFlg":"N","FacQtrsWithNC":0,"FacInspectionCount":0,"FacFormalActionCount":0,"PercentBelowLowincome3mile":28.17,"PercentPeopleOfColor":31.27,"AcsPopulationDensity":5193.43}},{"type":"Feature","geometry":{"type":"Point","coordinates":[-111.946805,40.758423]},"properties":{"FacName":"SALT LAKE CITY FLEET SERVICES","FacStreet":"1995 WEST 500 SOUTH","FacCity":"SALT LAKE CITY","FacState":"UT","RegistryID":"110071924538","FacSNCFlg":"N","FacQtrsWithNC":0,"FacInspectionCount":0,"FacFormalActionCount":0,"PercentBelowLowincome3mile":31.18,"PercentPeopleOfColor":26.55,"AcsPopulationDensity":1848.1}},{"type":"Feature","geometry":{"type":"Point","coordinates":[-111.89968,40.75153]},"properties":{"FacName":"SALT LAKE CITY FLEET YARD","FacStreet":"850 SOUTH 300 WEST BLDG. NO. 3","FacCity":"SALT LAKE CITY","FacState":"UT","RegistryID":"110005200665","FacSNCFlg":"N","FacQtrsWithNC":0,"FacInspectionCount":0,"FacFormalActionCount":0,"PercentBelowLowincome3mile":28.35,"PercentPeopleOfColor":31.88,"AcsPopulationDensity":5182.05}},{"type":"Feature","geometry":{"type":"Point","coordinates":[-111.95737,40.78308]},"properties":{"FacName":"SALT LAKE CITY GA HANGAR DEMO - HUGHES, UPPER LIMIT, ROWS 6, 7, 10 & 11","FacStreet":"619 N 2360 W","FacCity":"SALT LAKE CITY","FacState":"UT","RegistryID":"110072004379","FacSNCFlg":"N","FacQtrsWithNC":0,"FacInspectionCount":0,"FacFormalActionCount":0,"PercentBelowLowincome3mile":33.38,"PercentPeopleOfColor":20.33,"AcsPopulationDensity":1325.98}},{"type":"Feature","geometry":{"type":"Point","coordinates":[-111.9897,40.7928]},"properties":{"FacName":"SALT LAKE CITY INTERNATIONAL AIRPORT","FacStreet":"776N TERMINAL DR.","FacCity":"SALT LAKE CITY","FacState":"UT","RegistryID":"110071097030","FacSNCFlg":"N","FacQtrsWithNC":0,"FacInspectionCount":13,"FacFormalActionCount":0,"PercentBelowLowincome3mile":40.71,"PercentPeopleOfColor":18.93,"AcsPopulationDensity":417.19}},{"type":"Feature","geometry":{"type":"Point","coordinates":[-111.978093,40.780156]},"properties":{"FacName":"SALT LAKE CITY INTERNATIONAL AIRPORT","FacStreet":"3619 W 510 N","FacCity":"SALT LAKE CITY","FacState":"UT","RegistryID":"110072137316","FacSNCFlg":"N","FacQtrsWithNC":0,"FacInspectionCount":0,"FacFormalActionCount":0,"PercentBelowLowincome3mile":null,"PercentPeopleOfColor":null,"AcsPopulationDensity":null}},{"type":"Feature","geometry":{"type":"Point","coordinates":[-111.888256,40.777946]},"properties":{"FacName":"SALT LAKE CITY INTERNATIONAL AIRPORT","FacStreet":"P.O. BOX 145550","FacCity":"SALT LAKE CITY","FacState":"UT","RegistryID":"110071369572","FacSNCFlg":"N","FacQtrsWithNC":0,"FacInspectionCount":1,"FacFormalActionCount":0,"PercentBelowLowincome3mile":null,"PercentPeopleOfColor":null,"AcsPopulationDensity":null}},{"type":"Feature","geometry":{"type":"Point","coordinates":[-111.981307,40.790223]},"properties":{"FacName":"SALT LAKE CITY INTERNATIONAL AIRPORT - TERMINAL REDEVELOPMENT PROGRAM","FacStreet":"4051 W. TERMINAL DRIVE","FacCity":"SALT LAKE CITY","FacState":"UT","RegistryID":"110071510245","FacSNCFlg":"N","FacQtrsWithNC":6,"FacInspectionCount":1,"FacFormalActionCount":0,"PercentBelowLowincome3mile":39.91,"PercentPeopleOfColor":20.5,"AcsPopulationDensity":584.35}},{"type":"Feature","geometry":{"type":"Point","coordinates":[-111.978093,40.780156]},"properties":{"FacName":"SALT LAKE CITY INTERNATIONAL AIRPORT CENTRAL SCREENING WAREHOUSE FACILITY","FacStreet":"3619 WEST 510 NORTH","FacCity":"SALT LAKE CITY","FacState":"UT","RegistryID":"110070710801","FacSNCFlg":"N","FacQtrsWithNC":0,"FacInspectionCount":0,"FacFormalActionCount":0,"PercentBelowLowincome3mile":35.57,"PercentPeopleOfColor":20.56,"AcsPopulationDensity":782.91}},{"type":"Feature","geometry":{"type":"Point","coordinates":[-111.985081,40.785399]},"properties":{"FacName":"SALT LAKE CITY INTERNATIONAL AIRPORT TERMINAL REDEVELOPMENT","FacStreet":"3770 WEST TERMINAL DRIVE","FacCity":"SALT LAKE CITY","FacState":"UT","RegistryID":"110070711761","FacSNCFlg":"N","FacQtrsWithNC":0,"FacInspectionCount":0,"FacFormalActionCount":0,"PercentBelowLowincome3mile":39.82,"PercentPeopleOfColor":20.04,"AcsPopulationDensity":527.83}},{"type":"Feature","geometry":{"type":"Point","coordinates":[-111.9117,40.7577]},"properties":{"FacName":"SALT LAKE CITY MICRO SHELTERS PHASE 1","FacStreet":"548 SOUTH 700 WEST","FacCity":"SALT LAKE CITY","FacState":"UT","RegistryID":"110071814782","FacSNCFlg":"N","FacQtrsWithNC":0,"FacInspectionCount":0,"FacFormalActionCount":0,"PercentBelowLowincome3mile":28.63,"PercentPeopleOfColor":29.63,"AcsPopulationDensity":4451.5}},{"type":"Feature","geometry":{"type":"Point","coordinates":[-111.939342,40.779504]},"properties":{"FacName":"SALT LAKE CITY MOSQUITO ABAT DISTRICT","FacStreet":"463 NO REDWOOD RD","FacCity":"SALT LAKE CITY","FacState":"UT","RegistryID":"110064118967","FacSNCFlg":"N","FacQtrsWithNC":0,"FacInspectionCount":0,"FacFormalActionCount":0,"PercentBelowLowincome3mile":33.02,"PercentPeopleOfColor":25.06,"AcsPopulationDensity":1910.18}},{"type":"Feature","geometry":{"type":"Point","coordinates":[-111.955097,40.815684]},"properties":{"FacName":"SALT LAKE CITY MOSQUITO ABATEMENT DISTRICT","FacStreet":"2215 NORTH 2200 WEST","FacCity":"SALT LAKE CITY","FacState":"UT","RegistryID":"110071511982","FacSNCFlg":"N","FacQtrsWithNC":0,"FacInspectionCount":0,"FacFormalActionCount":0,"PercentBelowLowincome3mile":38.57,"PercentPeopleOfColor":20.63,"AcsPopulationDensity":900.53}},{"type":"Feature","geometry":{"type":"Point","coordinates":[-111.93864,40.81249]},"properties":{"FacName":"SALT LAKE CITY MOSQUITO ABATEMENT DISTRICT","FacStreet":"2020 NORTH REDWOOD ROAD","FacCity":"SALT LAKE CITY","FacState":"UT","RegistryID":"110045509106","FacSNCFlg":"N","FacQtrsWithNC":0,"FacInspectionCount":1,"FacFormalActionCount":0,"PercentBelowLowincome3mile":37.8,"PercentPeopleOfColor":21.7,"AcsPopulationDensity":1234.74}},{"type":"Feature","geometry":{"type":"Point","coordinates":[-112.02024,40.77629]},"properties":{"FacName":"SALT LAKE CITY OFFICE BUILDING","FacStreet":"5425 WEST AMELIA EARHART DRIVE","FacCity":"SALT LAKE CITY","FacState":"UT","RegistryID":"110044260019","FacSNCFlg":"N","FacQtrsWithNC":0,"FacInspectionCount":0,"FacFormalActionCount":0,"PercentBelowLowincome3mile":29.92,"PercentPeopleOfColor":14.49,"AcsPopulationDensity":88.76}},{"type":"Feature","geometry":{"type":"Point","coordinates":[-111.94502,40.75837]},"properties":{"FacName":"SALT LAKE CITY PARKS DEPT PAVING EXPANSION","FacStreet":"1965 WEST 500 SOUTH","FacCity":"SALT LAKE CITY","FacState":"UT","RegistryID":"110005201717","FacSNCFlg":"N","FacQtrsWithNC":0,"FacInspectionCount":0,"FacFormalActionCount":0,"PercentBelowLowincome3mile":31.42,"PercentPeopleOfColor":26.76,"AcsPopulationDensity":1912.19}},{"type":"Feature","geometry":{"type":"Point","coordinates":[-112.0503,40.7847]},"properties":{"FacName":"SALT LAKE CITY PORT PLAT B","FacStreet":"700 NORTH 6550 WEST","FacCity":"SALT LAKE CITY","FacState":"UT","RegistryID":"110070893613","FacSNCFlg":"N","FacQtrsWithNC":0,"FacInspectionCount":0,"FacFormalActionCount":0,"PercentBelowLowincome3mile":21.5,"PercentPeopleOfColor":14.5,"AcsPopulationDensity":58.29}},{"type":"Feature","geometry":{"type":"Point","coordinates":[-111.895315,40.735785]},"properties":{"FacName":"SALT LAKE CITY PUBLIC UTILITIES SHOP COMPLEX","FacStreet":"1530 SOUTH JEFFERSON STREET","FacCity":"SALT LAKE CITY","FacState":"UT","RegistryID":"110041915639","FacSNCFlg":"N","FacQtrsWithNC":0,"FacInspectionCount":0,"FacFormalActionCount":0,"PercentBelowLowincome3mile":25.32,"PercentPeopleOfColor":30.08,"AcsPopulationDensity":5149.61}},{"type":"Feature","geometry":{"type":"Point","coordinates":[-111.933056,40.815]},"properties":{"FacName":"SALT LAKE CITY RECLAMATION PLANT SITE PAVING AND IMPROVEMENTS","FacStreet":"1365 WEST 2300 NORTH","FacCity":"SALT LAKE CITY","FacState":"UT","RegistryID":"110055637985","FacSNCFlg":"N","FacQtrsWithNC":0,"FacInspectionCount":0,"FacFormalActionCount":0,"PercentBelowLowincome3mile":36.88,"PercentPeopleOfColor":21.39,"AcsPopulationDensity":1313.57}},{"type":"Feature","geometry":{"type":"Point","coordinates":[-112.02222,40.73838]},"properties":{"FacName":"SALT LAKE CITY RLC 218","FacStreet":"1455 SOUTH 5500 WEST SUITE D","FacCity":"SALT LAKE CITY","FacState":"UT","RegistryID":"110060369284","FacSNCFlg":"N","FacQtrsWithNC":0,"FacInspectionCount":0,"FacFormalActionCount":0,"PercentBelowLowincome3mile":28.42,"PercentPeopleOfColor":37.4,"AcsPopulationDensity":861.51}},{"type":"Feature","geometry":{"type":"Point","coordinates":[-112.029251,40.780231]},"properties":{"FacName":"SALT LAKE CITY SERVICE CENTER","FacStreet":"5787 W HAROLD GETTY DR","FacCity":"SALT LAKE CITY","FacState":"UT","RegistryID":"110070866177","FacSNCFlg":"N","FacQtrsWithNC":0,"FacInspectionCount":0,"FacFormalActionCount":0,"PercentBelowLowincome3mile":27.71,"PercentPeopleOfColor":13.89,"AcsPopulationDensity":78.5}},{"type":"Feature","geometry":{"type":"Point","coordinates":[-111.891121,40.771198]},"properties":{"FacName":"SALT LAKE CITY TEMPLE RENOVATION","FacStreet":"51 NORTH MAIN ST","FacCity":"SALT LAKE CITY","FacState":"UT","RegistryID":"110070708462","FacSNCFlg":"N","FacQtrsWithNC":1,"FacInspectionCount":2,"FacFormalActionCount":0,"PercentBelowLowincome3mile":29.54,"PercentPeopleOfColor":30.66,"AcsPopulationDensity":4682.04}},{"type":"Feature","geometry":{"type":"Point","coordinates":[-111.9603,40.7584]},"properties":{"FacName":"SALT LAKE CITY TERMINAL","FacStreet":"2825 WEST 500 SOUTH","FacCity":"SALT LAKE CITY","FacState":"UT","RegistryID":"110070151867","FacSNCFlg":"N","FacQtrsWithNC":null,"FacInspectionCount":2,"FacFormalActionCount":0,"PercentBelowLowincome3mile":29.52,"PercentPeopleOfColor":24.46,"AcsPopulationDensity":1433.16}},{"type":"Feature","geometry":{"type":"Point","coordinates":[-111.9309,40.8131]},"properties":{"FacName":"SALT LAKE CITY WATER RECLAMATION PLANT","FacStreet":"1365 WEST 2300 NORTH","FacCity":"SALT LAKE CITY","FacState":"UT","RegistryID":"110010919417","FacSNCFlg":"N","FacQtrsWithNC":1,"FacInspectionCount":7,"FacFormalActionCount":0,"PercentBelowLowincome3mile":36.74,"PercentPeopleOfColor":21.68,"AcsPopulationDensity":1358}},{"type":"Feature","geometry":{"type":"Point","coordinates":[-111.899962,40.756311]},"properties":{"FacName":"SALT LAKE CITY WATER SYS","FacStreet":"UNK","FacCity":"SALT LAKE CITY","FacState":"UT","RegistryID":"110017905150","FacSNCFlg":"N","FacQtrsWithNC":0,"FacInspectionCount":0,"FacFormalActionCount":0,"PercentBelowLowincome3mile":null,"PercentPeopleOfColor":null,"AcsPopulationDensity":null}},{"type":"Feature","geometry":{"type":"Point","coordinates":[-111.78025,40.61854]},"properties":{"FacName":"SALT LAKE CITY WATER TRT PLANT","FacStreet":"4101 EAST BIG COTTONWOOD CANYON ROAD","FacCity":"SALT LAKE CITY","FacState":"UT","RegistryID":"110064148140","FacSNCFlg":"N","FacQtrsWithNC":0,"FacInspectionCount":0,"FacFormalActionCount":0,"PercentBelowLowincome3mile":28.85,"PercentPeopleOfColor":34.45,"AcsPopulationDensity":1315.52}},{"type":"Feature","geometry":{"type":"Point","coordinates":[-111.883468,40.74979]},"properties":{"FacName":"SALT LAKE CLEANING","FacStreet":"265 E 900 S","FacCity":"SALT LAKE CITY","FacState":"UT","RegistryID":"110002297229","FacSNCFlg":"N","FacQtrsWithNC":0,"FacInspectionCount":0,"FacFormalActionCount":0,"PercentBelowLowincome3mile":27.19,"PercentPeopleOfColor":31.44,"AcsPopulationDensity":5472.93}},{"type":"Feature","geometry":{"type":"Point","coordinates":[-111.88824,40.73528]},"properties":{"FacName":"SALT LAKE COMMUNITY COLLEGE- SOUTH CITY CAMPUS","FacStreet":"1575 S STATE ST","FacCity":"SALT LAKE CITY","FacState":"UT","RegistryID":"110002274217","FacSNCFlg":"N","FacQtrsWithNC":0,"FacInspectionCount":0,"FacFormalActionCount":0,"PercentBelowLowincome3mile":25.49,"PercentPeopleOfColor":30.99,"AcsPopulationDensity":5524.33}},{"type":"Feature","geometry":{"type":"Point","coordinates":[-111.88977,40.75848]},"properties":{"FacName":"SALT LAKE COUNTY DISTRICT ATTORNEY'S OFFICE","FacStreet":"35 EAST 500 SOUTH","FacCity":"SALT LAKE CITY","FacState":"UT","RegistryID":"110070712216","FacSNCFlg":"N","FacQtrsWithNC":0,"FacInspectionCount":0,"FacFormalActionCount":0,"PercentBelowLowincome3mile":28.27,"PercentPeopleOfColor":31.33,"AcsPopulationDensity":5232.92}},{"type":"Feature","geometry":{"type":"Point","coordinates":[-111.88824,40.72803]},"properties":{"FacName":"SALT LAKE COUNTY GOVERNMENT CENTER","FacStreet":"2001 SOUTH STATE","FacCity":"SALT LAKE CITY","FacState":"UT","RegistryID":"110020834944","FacSNCFlg":"N","FacQtrsWithNC":0,"FacInspectionCount":6,"FacFormalActionCount":0,"PercentBelowLowincome3mile":23.04,"PercentPeopleOfColor":28.04,"AcsPopulationDensity":5230.47}},{"type":"Feature","geometry":{"type":"Point","coordinates":[-111.89396,40.73653]},"properties":{"FacName":"SALT LAKE COUNTY HEALTH DEPT","FacStreet":"1530 S WEST TEMPLE","FacCity":"SALT LAKE CITY","FacState":"UT","RegistryID":"110067790180","FacSNCFlg":"N","FacQtrsWithNC":0,"FacInspectionCount":1,"FacFormalActionCount":0,"PercentBelowLowincome3mile":25.68,"PercentPeopleOfColor":30.83,"AcsPopulationDensity":5267.41}},{"type":"Feature","geometry":{"type":"Point","coordinates":[-111.9045,40.7749]},"properties":{"FacName":"SALT LAKE CROSSING","FacStreet":"470 W. 200 N.","FacCity":"SALT LAKE CITY","FacState":"UT","RegistryID":"110070816426","FacSNCFlg":"N","FacQtrsWithNC":7,"FacInspectionCount":5,"FacFormalActionCount":0,"PercentBelowLowincome3mile":31.38,"PercentPeopleOfColor":31.09,"AcsPopulationDensity":4304.98}},{"type":"Feature","geometry":{"type":"Point","coordinates":[-112.035115,40.74024]},"properties":{"FacName":"SALT LAKE ENERGY SYSTEMS","FacStreet":"6030 W. CALIFORNIA AVENUE","FacCity":"SALT LAKE CITY","FacState":"UT","RegistryID":"110040573466","FacSNCFlg":"N","FacQtrsWithNC":0,"FacInspectionCount":5,"FacFormalActionCount":0,"PercentBelowLowincome3mile":26.38,"PercentPeopleOfColor":35.97,"AcsPopulationDensity":834.7}},{"type":"Feature","geometry":{"type":"Point","coordinates":[-111.9581,40.749119]},"properties":{"FacName":"SALT LAKE FACILITY","FacStreet":"922 S. PIONEER RD.","FacCity":"SALT LAKE CITY","FacState":"UT","RegistryID":"110071083102","FacSNCFlg":"N","FacQtrsWithNC":0,"FacInspectionCount":0,"FacFormalActionCount":0,"PercentBelowLowincome3mile":27.53,"PercentPeopleOfColor":30.24,"AcsPopulationDensity":1493.23}},{"type":"Feature","geometry":{"type":"Point","coordinates":[-111.90252,40.77261]},"properties":{"FacName":"SALT LAKE HARDWARE BUILDING UNDERGROUND STORAGE TANK","FacStreet":"155 NORTH 400 WEST","FacCity":"SALT LAKE CITY","FacState":"UT","RegistryID":"110069583285","FacSNCFlg":"N","FacQtrsWithNC":0,"FacInspectionCount":0,"FacFormalActionCount":0,"PercentBelowLowincome3mile":30.76,"PercentPeopleOfColor":30.7,"AcsPopulationDensity":4457.12}},{"type":"Feature","geometry":{"type":"Point","coordinates":[-111.980727,40.783369]},"properties":{"FacName":"SALT LAKE INTERNATIONAL AIRPORT","FacStreet":"716 NORTH TERMINAL DRIVE","FacCity":"SALT LAKE CITY","FacState":"UT","RegistryID":"110067435911","FacSNCFlg":"N","FacQtrsWithNC":0,"FacInspectionCount":0,"FacFormalActionCount":0,"PercentBelowLowincome3mile":37.87,"PercentPeopleOfColor":20.68,"AcsPopulationDensity":662.19}},{"type":"Feature","geometry":{"type":"Point","coordinates":[-111.893882,40.77048]},"properties":{"FacName":"SALT LAKE TEMPLE RENOVATION SITE","FacStreet":"50 NORTH WEST TEMPLE ST","FacCity":"SALT LAKE CITY","FacState":"UT","RegistryID":"110071307930","FacSNCFlg":"N","FacQtrsWithNC":0,"FacInspectionCount":0,"FacFormalActionCount":0,"PercentBelowLowincome3mile":29.58,"PercentPeopleOfColor":30.41,"AcsPopulationDensity":4692.66}},{"type":"Feature","geometry":{"type":"Point","coordinates":[-111.94282,40.74063]},"properties":{"FacName":"SALT LAKE TRUCK WASH","FacStreet":"1815 W. CALIFORNIA AVENUE","FacCity":"SALT LAKE CITY","FacState":"UT","RegistryID":"110071931353","FacSNCFlg":"N","FacQtrsWithNC":0,"FacInspectionCount":0,"FacFormalActionCount":0,"PercentBelowLowincome3mile":26.28,"PercentPeopleOfColor":32.77,"AcsPopulationDensity":1995.64}},{"type":"Feature","geometry":{"type":"Point","coordinates":[-111.89915,40.724118]},"properties":{"FacName":"SALT LAKE VALLEY CHRYSLER","FacStreet":"2309 SOUTH","FacCity":"SALT LAKE CITY","FacState":"UT","RegistryID":"110070710161","FacSNCFlg":"N","FacQtrsWithNC":0,"FacInspectionCount":0,"FacFormalActionCount":0,"PercentBelowLowincome3mile":21.37,"PercentPeopleOfColor":27.06,"AcsPopulationDensity":4345.33}},{"type":"Feature","geometry":{"type":"Point","coordinates":[-111.870449,40.69987]},"properties":{"FacName":"SALT LAKE VALLEY GMC","FacStreet":"725 W 3300 S","FacCity":"SALT LAKE CITY","FacState":"UT","RegistryID":"110002262747","FacSNCFlg":"N","FacQtrsWithNC":0,"FacInspectionCount":0,"FacFormalActionCount":0,"PercentBelowLowincome3mile":21.51,"PercentPeopleOfColor":26.16,"AcsPopulationDensity":5456.29}},{"type":"Feature","geometry":{"type":"Point","coordinates":[-112.044208,40.745591]},"properties":{"FacName":"SALT LAKE VALLEY SOLID WASTE MANAGEMENT- SALT LAKE VALLEY LANDFILL & TRANSFER","FacStreet":"6030 WEST 1300 SOUTH","FacCity":"SALT LAKE CITY","FacState":"UT","RegistryID":"110009508489","FacSNCFlg":"N","FacQtrsWithNC":0,"FacInspectionCount":5,"FacFormalActionCount":0,"PercentBelowLowincome3mile":21.66,"PercentPeopleOfColor":36.97,"AcsPopulationDensity":532.16}},{"type":"Feature","geometry":{"type":"Point","coordinates":[-111.89973,40.72868]},"properties":{"FacName":"SAM'S CLUB #6686","FacStreet":"1905 SOUTH 300 WEST","FacCity":"SALT LAKE CITY","FacState":"UT","RegistryID":"110054870751","FacSNCFlg":"N","FacQtrsWithNC":0,"FacInspectionCount":0,"FacFormalActionCount":0,"PercentBelowLowincome3mile":22.23,"PercentPeopleOfColor":27.19,"AcsPopulationDensity":4564.98}},{"type":"Feature","geometry":{"type":"Point","coordinates":[-111.88969,40.63032]},"properties":{"FacName":"SAMS CLUB 6683","FacStreet":"6525 S STATE ST","FacCity":"SALT LAKE CITY","FacState":"UT","RegistryID":"110054870715","FacSNCFlg":"N","FacQtrsWithNC":0,"FacInspectionCount":0,"FacFormalActionCount":0,"PercentBelowLowincome3mile":17.53,"PercentPeopleOfColor":24.09,"AcsPopulationDensity":5156.06}},{"type":"Feature","geometry":{"type":"Point","coordinates":[-111.94613,40.74048]},"properties":{"FacName":"SAPP","FacStreet":"1953 CALIFORNIA AVE.","FacCity":"SALT LAKE CITY","FacState":"UT","RegistryID":"110043713871","FacSNCFlg":"N","FacQtrsWithNC":0,"FacInspectionCount":0,"FacFormalActionCount":0,"PercentBelowLowincome3mile":26.62,"PercentPeopleOfColor":33.71,"AcsPopulationDensity":1888.92}},{"type":"Feature","geometry":{"type":"Point","coordinates":[-111.825903,40.76192]},"properties":{"FacName":"SARCOS CORPORATION","FacStreet":"360 WAKARA WAY","FacCity":"SALT LAKE CITY","FacState":"UT","RegistryID":"110005197205","FacSNCFlg":"N","FacQtrsWithNC":0,"FacInspectionCount":0,"FacFormalActionCount":0,"PercentBelowLowincome3mile":26.22,"PercentPeopleOfColor":33.17,"AcsPopulationDensity":3380.31}},{"type":"Feature","geometry":{"type":"Point","coordinates":[-111.9616,40.828]},"properties":{"FacName":"SCANNELL LOGISTICS CENTER PHASE 1 LOT 6","FacStreet":"2805 W 2950 N","FacCity":"SALT LAKE CITY","FacState":"UT","RegistryID":"UTRC12348","FacSNCFlg":"N","FacQtrsWithNC":0,"FacInspectionCount":0,"FacFormalActionCount":0,"PercentBelowLowincome3mile":null,"PercentPeopleOfColor":null,"AcsPopulationDensity":null}},{"type":"Feature","geometry":{"type":"Point","coordinates":[-111.9612,40.831]},"properties":{"FacName":"SCANNELL LOGISTICS CENTER PHASE 2","FacStreet":"2900 W 2950","FacCity":"SALT LAKE CITY","FacState":"UT","RegistryID":"110072082631","FacSNCFlg":"N","FacQtrsWithNC":0,"FacInspectionCount":0,"FacFormalActionCount":0,"PercentBelowLowincome3mile":35.12,"PercentPeopleOfColor":19.48,"AcsPopulationDensity":619.09}},{"type":"Feature","geometry":{"type":"Point","coordinates":[-111.89966,40.74201]},"properties":{"FacName":"SCHMIDT SIGN INC","FacStreet":"1235 SOUTH 300 WEST","FacCity":"SALT LAKE CITY","FacState":"UT","RegistryID":"110005200656","FacSNCFlg":"N","FacQtrsWithNC":0,"FacInspectionCount":0,"FacFormalActionCount":0,"PercentBelowLowincome3mile":27.08,"PercentPeopleOfColor":31.83,"AcsPopulationDensity":5080.41}},{"type":"Feature","geometry":{"type":"Point","coordinates":[-111.90254,40.7432]},"properties":{"FacName":"SCHNEIDER AUTO KAROSSERIE","FacStreet":"1180 SOUTH 400 WEST","FacCity":"SALT LAKE CITY","FacState":"UT","RegistryID":"110005201799","FacSNCFlg":"N","FacQtrsWithNC":0,"FacInspectionCount":0,"FacFormalActionCount":0,"PercentBelowLowincome3mile":27.29,"PercentPeopleOfColor":31.48,"AcsPopulationDensity":4957.49}},{"type":"Feature","geometry":{"type":"Point","coordinates":[-112.028889,40.749167]},"properties":{"FacName":"SCHNEIDER NATIONAL CARRIERS","FacStreet":"1010 SOUTH LEGACY VIEW STREET","FacCity":"SALT LAKE CITY","FacState":"UT","RegistryID":"110071514312","FacSNCFlg":"N","FacQtrsWithNC":0,"FacInspectionCount":0,"FacFormalActionCount":0,"PercentBelowLowincome3mile":21.08,"PercentPeopleOfColor":37.37,"AcsPopulationDensity":254.83}},{"type":"Feature","geometry":{"type":"Point","coordinates":[-111.836,40.771]},"properties":{"FacName":"SCHOOL OF MEDICINE DEMOLITION","FacStreet":"30 N 1900 E","FacCity":"SALT LAKE CITY","FacState":"UT","RegistryID":"110071896945","FacSNCFlg":"N","FacQtrsWithNC":0,"FacInspectionCount":0,"FacFormalActionCount":0,"PercentBelowLowincome3mile":27.8,"PercentPeopleOfColor":33.5,"AcsPopulationDensity":3479.09}},{"type":"Feature","geometry":{"type":"Point","coordinates":[-111.90547,40.68346]},"properties":{"FacName":"SCOTT MACHINERY COMPANY","FacStreet":"4055 S 500 W","FacCity":"SALT LAKE CITY","FacState":"UT","RegistryID":"110002298656","FacSNCFlg":"N","FacQtrsWithNC":0,"FacInspectionCount":0,"FacFormalActionCount":0,"PercentBelowLowincome3mile":23.23,"PercentPeopleOfColor":36.43,"AcsPopulationDensity":5204.07}},{"type":"Feature","geometry":{"type":"Point","coordinates":[-111.9392,40.8151]},"properties":{"FacName":"SEAGULL DIESEL","FacStreet":"2217 REDWOOD RD","FacCity":"SALT LAKE CITY","FacState":"UT","RegistryID":"110071903933","FacSNCFlg":"N","FacQtrsWithNC":0,"FacInspectionCount":0,"FacFormalActionCount":0,"PercentBelowLowincome3mile":37.7,"PercentPeopleOfColor":21.35,"AcsPopulationDensity":1216.91}},{"type":"Feature","geometry":{"type":"Point","coordinates":[-111.88823,40.75311]},"properties":{"FacName":"SEARS #1118","FacStreet":"754 SOUTH STATE STREET","FacCity":"SALT LAKE CITY","FacState":"UT","RegistryID":"110042294950","FacSNCFlg":"N","FacQtrsWithNC":0,"FacInspectionCount":0,"FacFormalActionCount":0,"PercentBelowLowincome3mile":27.93,"PercentPeopleOfColor":31.51,"AcsPopulationDensity":5402.82}},{"type":"Feature","geometry":{"type":"Point","coordinates":[-111.895304,40.740662]},"properties":{"FacName":"SEARS SERVICE","FacStreet":"1338 SOUTH JEFFERSON STREET","FacCity":"SALT LAKE CITY","FacState":"UT","RegistryID":"110005211573","FacSNCFlg":"N","FacQtrsWithNC":0,"FacInspectionCount":0,"FacFormalActionCount":0,"PercentBelowLowincome3mile":26.62,"PercentPeopleOfColor":31.89,"AcsPopulationDensity":5257.85}},{"type":"Feature","geometry":{"type":"Point","coordinates":[-111.91746,40.72096]},"properties":{"FacName":"SEG DISTRIBUTION WAREHOUSE","FacStreet":"2275-2323 SOUTH 900 WEST","FacCity":"SALT LAKE CITY","FacState":"UT","RegistryID":"110005195289","FacSNCFlg":"N","FacQtrsWithNC":0,"FacInspectionCount":0,"FacFormalActionCount":0,"PercentBelowLowincome3mile":22.57,"PercentPeopleOfColor":32.17,"AcsPopulationDensity":3684.97}},{"type":"Feature","geometry":{"type":"Point","coordinates":[-111.89968,40.74563]},"properties":{"FacName":"SEMI SERVICE INC","FacStreet":"1082 SOUTH 300 WEST","FacCity":"SALT LAKE CITY","FacState":"UT","RegistryID":"110005195902","FacSNCFlg":"N","FacQtrsWithNC":0,"FacInspectionCount":0,"FacFormalActionCount":0,"PercentBelowLowincome3mile":27.68,"PercentPeopleOfColor":32.4,"AcsPopulationDensity":5130.07}},{"type":"Feature","geometry":{"type":"Point","coordinates":[-111.86657,40.664198]},"properties":{"FacName":"SEMI SERVICE INC","FacStreet":"2265 SOUTH 830 WEST","FacCity":"SALT LAKE CITY","FacState":"UT","RegistryID":"110005208006","FacSNCFlg":"N","FacQtrsWithNC":0,"FacInspectionCount":0,"FacFormalActionCount":0,"PercentBelowLowincome3mile":23.31,"PercentPeopleOfColor":26.9,"AcsPopulationDensity":5341.78}},{"type":"Feature","geometry":{"type":"Point","coordinates":[-111.96165,40.7571]},"properties":{"FacName":"SEMLING MENKE COMPANY","FacStreet":"601 SOUTH MARCH STREET","FacCity":"SALT LAKE CITY","FacState":"UT","RegistryID":"110070264094","FacSNCFlg":"N","FacQtrsWithNC":0,"FacInspectionCount":0,"FacFormalActionCount":0,"PercentBelowLowincome3mile":29.02,"PercentPeopleOfColor":24.85,"AcsPopulationDensity":1366.78}},{"type":"Feature","geometry":{"type":"Point","coordinates":[-111.9616,40.75669]},"properties":{"FacName":"SEMLING-MENKE CO OF UTAH INC","FacStreet":"600 MARCH ST","FacCity":"SALT LAKE CITY","FacState":"UT","RegistryID":"110005204171","FacSNCFlg":"N","FacQtrsWithNC":0,"FacInspectionCount":0,"FacFormalActionCount":0,"PercentBelowLowincome3mile":28.93,"PercentPeopleOfColor":25.1,"AcsPopulationDensity":1363.51}},{"type":"Feature","geometry":{"type":"Point","coordinates":[-111.9616,40.75588]},"properties":{"FacName":"SEMLING-MENKE COMPANY","FacStreet":"601 MARCH STREET","FacCity":"SALT LAKE CITY","FacState":"UT","RegistryID":"110037276113","FacSNCFlg":"N","FacQtrsWithNC":0,"FacInspectionCount":0,"FacFormalActionCount":0,"PercentBelowLowincome3mile":28.73,"PercentPeopleOfColor":25.58,"AcsPopulationDensity":1352.45}},{"type":"Feature","geometry":{"type":"Point","coordinates":[-111.975679,40.751969]},"properties":{"FacName":"SENNECA HOLDINGS","FacStreet":"805 S 3600 W","FacCity":"SALT LAKE CITY","FacState":"UT","RegistryID":"110071434051","FacSNCFlg":"N","FacQtrsWithNC":null,"FacInspectionCount":0,"FacFormalActionCount":0,"PercentBelowLowincome3mile":26.28,"PercentPeopleOfColor":25.51,"AcsPopulationDensity":838.95}},{"type":"Feature","geometry":{"type":"Point","coordinates":[-111.95481,40.7279]},"properties":{"FacName":"SENSAPURE INC.","FacStreet":"1945 SOUTH FREMONT DRIVE SUITE 1","FacCity":"SALT LAKE CITY","FacState":"UT","RegistryID":"110072089992","FacSNCFlg":"N","FacQtrsWithNC":0,"FacInspectionCount":0,"FacFormalActionCount":0,"PercentBelowLowincome3mile":25.59,"PercentPeopleOfColor":39.66,"AcsPopulationDensity":2378.07}},{"type":"Feature","geometry":{"type":"Point","coordinates":[-111.90546,40.68436]},"properties":{"FacName":"SENSKE SERVICES","FacStreet":"4036 500 WEST","FacCity":"SALT LAKE CITY","FacState":"UT","RegistryID":"110071962803","FacSNCFlg":"N","FacQtrsWithNC":0,"FacInspectionCount":0,"FacFormalActionCount":0,"PercentBelowLowincome3mile":23.2,"PercentPeopleOfColor":36.42,"AcsPopulationDensity":5215.02}},{"type":"Feature","geometry":{"type":"Point","coordinates":[-111.81369,40.71853]},"properties":{"FacName":"SERA PROGNOSTICS, INC.","FacStreet":"2749 EAST PARLEYS WAY, SUITE 200","FacCity":"SALT LAKE CITY","FacState":"UT","RegistryID":"110070124259","FacSNCFlg":"N","FacQtrsWithNC":0,"FacInspectionCount":0,"FacFormalActionCount":0,"PercentBelowLowincome3mile":16.85,"PercentPeopleOfColor":20.07,"AcsPopulationDensity":3404.29}},{"type":"Feature","geometry":{"type":"Point","coordinates":[-111.58623,40.61983]},"properties":{"FacName":"SFD-CARPENTER","FacStreet":"12362 E. FOREST GLEN ROAD","FacCity":"SALT LAKE CITY","FacState":"UT","RegistryID":"110070708849","FacSNCFlg":"N","FacQtrsWithNC":0,"FacInspectionCount":0,"FacFormalActionCount":0,"PercentBelowLowincome3mile":20.08,"PercentPeopleOfColor":17.77,"AcsPopulationDensity":71.49}},{"type":"Feature","geometry":{"type":"Point","coordinates":[-111.91744,40.71907]},"properties":{"FacName":"SHASTA BEVERAGES INC.","FacStreet":"2370 SOUTH 900 WEST","FacCity":"SALT LAKE CITY","FacState":"UT","RegistryID":"110024465719","FacSNCFlg":"N","FacQtrsWithNC":0,"FacInspectionCount":1,"FacFormalActionCount":0,"PercentBelowLowincome3mile":22.78,"PercentPeopleOfColor":33.17,"AcsPopulationDensity":3718.2}},{"type":"Feature","geometry":{"type":"Point","coordinates":[-111.811818,40.692255]},"properties":{"FacName":"SHELLY OBERLE HOME","FacStreet":"2832 EAST CRAIG DRIVE","FacCity":"SALT LAKE CITY","FacState":"UT","RegistryID":"110070710005","FacSNCFlg":"N","FacQtrsWithNC":0,"FacInspectionCount":0,"FacFormalActionCount":0,"PercentBelowLowincome3mile":20.65,"PercentPeopleOfColor":22.35,"AcsPopulationDensity":3536.26}},{"type":"Feature","geometry":{"type":"Point","coordinates":[-111.2968,39.7473]},"properties":{"FacName":"SHEPHERD GARAGE","FacStreet":"2052 PINECREST CANYON ROAD","FacCity":"SALT LAKE CITY","FacState":"UT","RegistryID":"110071408556","FacSNCFlg":"N","FacQtrsWithNC":0,"FacInspectionCount":0,"FacFormalActionCount":0,"PercentBelowLowincome3mile":17.29,"PercentPeopleOfColor":22.76,"AcsPopulationDensity":16.18}},{"type":"Feature","geometry":{"type":"Point","coordinates":[-111.89973,40.70498]},"properties":{"FacName":"SHERWIN WILLIAMS COMPANY","FacStreet":"3025 SOUTH 300 WEST","FacCity":"SALT LAKE CITY","FacState":"UT","RegistryID":"110002298059","FacSNCFlg":"N","FacQtrsWithNC":0,"FacInspectionCount":0,"FacFormalActionCount":0,"PercentBelowLowincome3mile":23.65,"PercentPeopleOfColor":33.48,"AcsPopulationDensity":4852.3}},{"type":"Feature","geometry":{"type":"Point","coordinates":[-111.95356,40.810137]},"properties":{"FacName":"SHERWIN-WILLIAMS #4371","FacStreet":"1930 NORTH 2200 WEST","FacCity":"SALT LAKE CITY","FacState":"UT","RegistryID":"110071140385","FacSNCFlg":"N","FacQtrsWithNC":0,"FacInspectionCount":1,"FacFormalActionCount":0,"PercentBelowLowincome3mile":40.82,"PercentPeopleOfColor":22.28,"AcsPopulationDensity":958.3}},{"type":"Feature","geometry":{"type":"Point","coordinates":[-111.96722,40.72576]},"properties":{"FacName":"SHERWIN-WILLIAMS #708546","FacStreet":"3173 WEST 2100 SOUTH","FacCity":"SALT LAKE CITY","FacState":"UT","RegistryID":"110070124257","FacSNCFlg":"N","FacQtrsWithNC":0,"FacInspectionCount":0,"FacFormalActionCount":0,"PercentBelowLowincome3mile":27.05,"PercentPeopleOfColor":41.48,"AcsPopulationDensity":2494.31}},{"type":"Feature","geometry":{"type":"Point","coordinates":[-111.961,40.7358]},"properties":{"FacName":"SHIMCO PROPERTIES, LLC","FacStreet":"2815 W. ANDREW AVE","FacCity":"SALT LAKE CITY","FacState":"UT","RegistryID":"110071885596","FacSNCFlg":"N","FacQtrsWithNC":0,"FacInspectionCount":0,"FacFormalActionCount":0,"PercentBelowLowincome3mile":27.74,"PercentPeopleOfColor":37.11,"AcsPopulationDensity":1839.63}},{"type":"Feature","geometry":{"type":"Point","coordinates":[-111.85491,40.70266]},"properties":{"FacName":"SHINY SHELL CARWASH","FacStreet":"3135 SOUTH  RICHMOND STREET","FacCity":"SALT LAKE CITY","FacState":"UT","RegistryID":"110071644718","FacSNCFlg":"N","FacQtrsWithNC":0,"FacInspectionCount":3,"FacFormalActionCount":0,"PercentBelowLowincome3mile":20.65,"PercentPeopleOfColor":23.55,"AcsPopulationDensity":5668.22}},{"type":"Feature","geometry":{"type":"Point","coordinates":[-111.993611,40.744722]},"properties":{"FacName":"SHRED IT","FacStreet":"4325 W COMMERCIAL WAY","FacCity":"SALT LAKE CITY","FacState":"UT","RegistryID":"110071369728","FacSNCFlg":"N","FacQtrsWithNC":0,"FacInspectionCount":0,"FacFormalActionCount":0,"PercentBelowLowincome3mile":29.72,"PercentPeopleOfColor":34.58,"AcsPopulationDensity":474.98}},{"type":"Feature","geometry":{"type":"Point","coordinates":[-112.021604,40.765814]},"properties":{"FacName":"SIDDONS-MARTIN BTS","FacStreet":"5439 W 150 S","FacCity":"SALT LAKE CITY","FacState":"UT","RegistryID":"110071961100","FacSNCFlg":"N","FacQtrsWithNC":0,"FacInspectionCount":0,"FacFormalActionCount":0,"PercentBelowLowincome3mile":31.25,"PercentPeopleOfColor":18.08,"AcsPopulationDensity":99.19}},{"type":"Feature","geometry":{"type":"Point","coordinates":[-112.03352,40.78131]},"properties":{"FacName":"SIERRA FOREST PRODUCTS","FacStreet":"5825 WEST HAROLD GATTY DRIVE","FacCity":"SALT LAKE CITY","FacState":"UT","RegistryID":"110070707993","FacSNCFlg":"N","FacQtrsWithNC":0,"FacInspectionCount":0,"FacFormalActionCount":0,"PercentBelowLowincome3mile":26.68,"PercentPeopleOfColor":13.99,"AcsPopulationDensity":74.27}},{"type":"Feature","geometry":{"type":"Point","coordinates":[-111.85963,40.72701]},"properties":{"FacName":"SIEVERTS","FacStreet":"1994 S. 11TH E.","FacCity":"SALT LAKE CITY","FacState":"UT","RegistryID":"110001885014","FacSNCFlg":"N","FacQtrsWithNC":0,"FacInspectionCount":0,"FacFormalActionCount":0,"PercentBelowLowincome3mile":21.65,"PercentPeopleOfColor":26.75,"AcsPopulationDensity":5879.53}},{"type":"Feature","geometry":{"type":"Point","coordinates":[-111.90262,40.7563]},"properties":{"FacName":"SILOS BUILDING 2","FacStreet":"600 S 400 W","FacCity":"SALT LAKE CITY","FacState":"UT","RegistryID":"110072085746","FacSNCFlg":"N","FacQtrsWithNC":0,"FacInspectionCount":0,"FacFormalActionCount":0,"PercentBelowLowincome3mile":28.47,"PercentPeopleOfColor":31.14,"AcsPopulationDensity":4998.07}},{"type":"Feature","geometry":{"type":"Point","coordinates":[-111.541,40.4533]},"properties":{"FacName":"SILOS L1HTC","FacStreet":"425 W. 500 S.","FacCity":"SALT LAKE CITY","FacState":"UT","RegistryID":"110071510897","FacSNCFlg":"N","FacQtrsWithNC":0,"FacInspectionCount":0,"FacFormalActionCount":0,"PercentBelowLowincome3mile":14.09,"PercentPeopleOfColor":22.94,"AcsPopulationDensity":29.68}},{"type":"Feature","geometry":{"type":"Point","coordinates":[-111.903,40.7567]},"properties":{"FacName":"SILOS PARK LANE","FacStreet":"440 W. SILO PARK PLACE","FacCity":"SALT LAKE CITY","FacState":"UT","RegistryID":"110071658779","FacSNCFlg":"Y","FacQtrsWithNC":2,"FacInspectionCount":1,"FacFormalActionCount":0,"PercentBelowLowincome3mile":28.46,"PercentPeopleOfColor":31.08,"AcsPopulationDensity":4977.07}},{"type":"Feature","geometry":{"type":"Point","coordinates":[-111.5411,40.4525]},"properties":{"FacName":"SILOS PARK LANE (A)","FacStreet":"522 S. 400 W.","FacCity":"SALT LAKE CITY","FacState":"UT","RegistryID":"110071783085","FacSNCFlg":"N","FacQtrsWithNC":0,"FacInspectionCount":0,"FacFormalActionCount":0,"PercentBelowLowincome3mile":14.09,"PercentPeopleOfColor":22.94,"AcsPopulationDensity":29.69}},{"type":"Feature","geometry":{"type":"Point","coordinates":[-112.02174,40.765813]},"properties":{"FacName":"SILVER KING BEVERAGE COMPANY","FacStreet":"5454 W 150 S","FacCity":"SALT LAKE CITY","FacState":"UT","RegistryID":"110072083362","FacSNCFlg":"N","FacQtrsWithNC":0,"FacInspectionCount":1,"FacFormalActionCount":0,"PercentBelowLowincome3mile":31.22,"PercentPeopleOfColor":18.11,"AcsPopulationDensity":99.09}},{"type":"Feature","geometry":{"type":"Point","coordinates":[-111.875269,40.76935]},"properties":{"FacName":"SINCLAIR TRUCKING COMPANY","FacStreet":"550 EAST SOUTH TEMPLE","FacCity":"SALT LAKE CITY","FacState":"UT","RegistryID":"110005198437","FacSNCFlg":"N","FacQtrsWithNC":0,"FacInspectionCount":0,"FacFormalActionCount":0,"PercentBelowLowincome3mile":28.87,"PercentPeopleOfColor":31.31,"AcsPopulationDensity":4645.86}},{"type":"Feature","geometry":{"type":"Point","coordinates":[-111.9694,40.72792]},"properties":{"FacName":"SINTX TECHNOLOGIES","FacStreet":"3284 WEST 2100 SOUTH SUITE A","FacCity":"SALT LAKE CITY","FacState":"UT","RegistryID":"110071432315","FacSNCFlg":"N","FacQtrsWithNC":0,"FacInspectionCount":0,"FacFormalActionCount":0,"PercentBelowLowincome3mile":27.86,"PercentPeopleOfColor":40.74,"AcsPopulationDensity":2259.18}},{"type":"Feature","geometry":{"type":"Point","coordinates":[-111.948566,40.791991]},"properties":{"FacName":"SIR TIMOTHY LIFT STATION","FacStreet":"THE LOT BETWEEN 1988 & 1989 W SIR TIMOTHY AVENUE","FacCity":"SALT LAKE CITY","FacState":"UT","RegistryID":"110072131302","FacSNCFlg":"N","FacQtrsWithNC":0,"FacInspectionCount":0,"FacFormalActionCount":0,"PercentBelowLowincome3mile":34.56,"PercentPeopleOfColor":21.44,"AcsPopulationDensity":1372.51}},{"type":"Feature","geometry":{"type":"Point","coordinates":[-111.8984,40.7335]},"properties":{"FacName":"SIX STATES DISTRIBUTOR INCORPORATED","FacStreet":"247 W 1700 S","FacCity":"SALT LAKE CITY","FacState":"UT","RegistryID":"110002265012","FacSNCFlg":"N","FacQtrsWithNC":0,"FacInspectionCount":0,"FacFormalActionCount":0,"PercentBelowLowincome3mile":24.31,"PercentPeopleOfColor":28.88,"AcsPopulationDensity":4940.87}},{"type":"Feature","geometry":{"type":"Point","coordinates":[-112.006407,40.777083]},"properties":{"FacName":"SIXT SLC","FacStreet":"395 NORTH WRIGHT BROTHERS DRIVE","FacCity":"SALT LAKE CITY","FacState":"UT","RegistryID":"110071539070","FacSNCFlg":"N","FacQtrsWithNC":4,"FacInspectionCount":0,"FacFormalActionCount":0,"PercentBelowLowincome3mile":31.28,"PercentPeopleOfColor":13.84,"AcsPopulationDensity":97.73}},{"type":"Feature","geometry":{"type":"Point","coordinates":[-111.941427,40.758395]},"properties":{"FacName":"SKF USA SALT LAKE CITY","FacStreet":"1805 WEST 500 SOUTH","FacCity":"SALT LAKE CITY","FacState":"UT","RegistryID":"110011675552","FacSNCFlg":"N","FacQtrsWithNC":0,"FacInspectionCount":0,"FacFormalActionCount":0,"PercentBelowLowincome3mile":31.24,"PercentPeopleOfColor":26.73,"AcsPopulationDensity":2100.32}},{"type":"Feature","geometry":{"type":"Point","coordinates":[-112.055805,40.718169]},"properties":{"FacName":"SKF USA SALT LAKE CITY","FacStreet":"2464 SOUTH 6755 WEST SUITE B","FacCity":"SALT LAKE CITY","FacState":"UT","RegistryID":"110070516124","FacSNCFlg":"N","FacQtrsWithNC":0,"FacInspectionCount":0,"FacFormalActionCount":0,"PercentBelowLowincome3mile":20.24,"PercentPeopleOfColor":33.21,"AcsPopulationDensity":3546.84}},{"type":"Feature","geometry":{"type":"Point","coordinates":[-111.953565,40.796758]},"properties":{"FacName":"SKY HARBOR IMPROVEMENTS","FacStreet":"1230 NORTH 2200 WEST","FacCity":"SALT LAKE CITY","FacState":"UT","RegistryID":"110071943234","FacSNCFlg":"N","FacQtrsWithNC":0,"FacInspectionCount":0,"FacFormalActionCount":0,"PercentBelowLowincome3mile":36.91,"PercentPeopleOfColor":21.88,"AcsPopulationDensity":1124.16}},{"type":"Feature","geometry":{"type":"Point","coordinates":[-111.9579,40.7958]},"properties":{"FacName":"SKY HARBOUR CAMPUS","FacStreet":"1181 N. 2330 W.","FacCity":"SALT LAKE CITY","FacState":"UT","RegistryID":"110071994747","FacSNCFlg":"N","FacQtrsWithNC":0,"FacInspectionCount":0,"FacFormalActionCount":0,"PercentBelowLowincome3mile":37.36,"PercentPeopleOfColor":21.71,"AcsPopulationDensity":1048.17}},{"type":"Feature","geometry":{"type":"Point","coordinates":[-111.9903,40.7813]},"properties":{"FacName":"SLC AIRPORT ECON LOT & BUS LANE RECON","FacStreet":"SLC AIRPORT","FacCity":"SALT LAKE CITY","FacState":"UT","RegistryID":"110071946785","FacSNCFlg":"N","FacQtrsWithNC":0,"FacInspectionCount":0,"FacFormalActionCount":0,"PercentBelowLowincome3mile":41.63,"PercentPeopleOfColor":19.85,"AcsPopulationDensity":425.92}},{"type":"Feature","geometry":{"type":"Point","coordinates":[-111.984519,40.784549]},"properties":{"FacName":"SLC AIRPORT RAMP STOCKPILE","FacStreet":"776 NORTH TERMINAL DRIVE","FacCity":"SALT LAKE CITY","FacState":"UT","RegistryID":"110002380316","FacSNCFlg":"N","FacQtrsWithNC":0,"FacInspectionCount":0,"FacFormalActionCount":0,"PercentBelowLowincome3mile":39.5,"PercentPeopleOfColor":20.23,"AcsPopulationDensity":545.85}},{"type":"Feature","geometry":{"type":"Point","coordinates":[-111.990943,40.801072]},"properties":{"FacName":"SLC AIRPORT TAXIWAYS U AND V","FacStreet":"NORTH OF AIRPORT APPROX. 1200 N & 4000 W","FacCity":"SALT LAKE CITY","FacState":"UT","RegistryID":"110072075183","FacSNCFlg":"N","FacQtrsWithNC":1,"FacInspectionCount":0,"FacFormalActionCount":0,"PercentBelowLowincome3mile":39.54,"PercentPeopleOfColor":18.64,"AcsPopulationDensity":338.44}},{"type":"Feature","geometry":{"type":"Point","coordinates":[-111.71972,40.750278]},"properties":{"FacName":"SLC LITTLE DELL PENSTOCK PHASE 2","FacStreet":"6650 E. PARLEYS PLANT LANE, I-80 EAST BOUND EXIT 1","FacCity":"SALT LAKE CITY","FacState":"UT","RegistryID":"110070711005","FacSNCFlg":"N","FacQtrsWithNC":0,"FacInspectionCount":0,"FacFormalActionCount":0,"PercentBelowLowincome3mile":21.18,"PercentPeopleOfColor":11.51,"AcsPopulationDensity":28.94}},{"type":"Feature","geometry":{"type":"Point","coordinates":[-111.9555,40.8155]},"properties":{"FacName":"SLC MOSQUITO ABATEMENT DISTRICT - PHASE 2","FacStreet":"2215 NORTH 2200 WEST","FacCity":"SALT LAKE CITY","FacState":"UT","RegistryID":"110071849865","FacSNCFlg":"N","FacQtrsWithNC":0,"FacInspectionCount":0,"FacFormalActionCount":0,"PercentBelowLowincome3mile":38.68,"PercentPeopleOfColor":20.67,"AcsPopulationDensity":891.31}},{"type":"Feature","geometry":{"type":"Point","coordinates":[-112.0613,40.7872]},"properties":{"FacName":"SLC PORT GLC PLAT \"C\"","FacStreet":"7040 WEST 700 NORTH","FacCity":"SALT LAKE CITY","FacState":"UT","RegistryID":"110071848965","FacSNCFlg":"N","FacQtrsWithNC":0,"FacInspectionCount":0,"FacFormalActionCount":0,"PercentBelowLowincome3mile":16.78,"PercentPeopleOfColor":14.85,"AcsPopulationDensity":48.68}},{"type":"Feature","geometry":{"type":"Point","coordinates":[-112.0465,40.7854]},"properties":{"FacName":"SLC PORT RAIL PLAT A","FacStreet":"8000 WEST 400 NORTH","FacCity":"SALT LAKE CITY","FacState":"UT","RegistryID":"110071146700","FacSNCFlg":"N","FacQtrsWithNC":0,"FacInspectionCount":0,"FacFormalActionCount":0,"PercentBelowLowincome3mile":22.49,"PercentPeopleOfColor":14.1,"AcsPopulationDensity":60.99}},{"type":"Feature","geometry":{"type":"Point","coordinates":[-111.865565,40.76057]},"properties":{"FacName":"SLC STUDENT HOUSING","FacStreet":"890 EAST 400 SOUTH STREET","FacCity":"SALT LAKE CITY","FacState":"UT","RegistryID":"110072106057","FacSNCFlg":"N","FacQtrsWithNC":0,"FacInspectionCount":0,"FacFormalActionCount":0,"PercentBelowLowincome3mile":27.33,"PercentPeopleOfColor":32.22,"AcsPopulationDensity":4897.18}},{"type":"Feature","geometry":{"type":"Point","coordinates":[-111.92776,40.74776]},"properties":{"FacName":"SLC THREE CREEKS ROADWAY IMPROVEMENTS","FacStreet":"1000W 13 S","FacCity":"SALT LAKE CITY","FacState":"UT","RegistryID":"110072107854","FacSNCFlg":"N","FacQtrsWithNC":0,"FacInspectionCount":0,"FacFormalActionCount":0,"PercentBelowLowincome3mile":28.12,"PercentPeopleOfColor":28.47,"AcsPopulationDensity":3088.57}},{"type":"Feature","geometry":{"type":"Point","coordinates":[-111.9541,40.8043]},"properties":{"FacName":"SLC TRP","FacStreet":"1645 NORTH 2200 WEST","FacCity":"SALT LAKE CITY","FacState":"UT","RegistryID":"110071359034","FacSNCFlg":"N","FacQtrsWithNC":0,"FacInspectionCount":0,"FacFormalActionCount":0,"PercentBelowLowincome3mile":40.77,"PercentPeopleOfColor":22.21,"AcsPopulationDensity":962.18}},{"type":"Feature","geometry":{"type":"Point","coordinates":[-111.83855,40.75832]},"properties":{"FacName":"SLC VA MEDICAL CENTER","FacStreet":"500 FOOTHILL BLVD","FacCity":"SALT LAKE CITY","FacState":"UT","RegistryID":"110002303301","FacSNCFlg":"N","FacQtrsWithNC":0,"FacInspectionCount":1,"FacFormalActionCount":1,"PercentBelowLowincome3mile":26.39,"PercentPeopleOfColor":32.41,"AcsPopulationDensity":4267.58}},{"type":"Feature","geometry":{"type":"Point","coordinates":[-111.8939,40.7606]},"properties":{"FacName":"SLC WEST TEMPLE RECONSTRUCTION","FacStreet":"NORTH TEMPLE TO 400 S ON WEST TEMPLE","FacCity":"SALT LAKE CITY","FacState":"UT","RegistryID":"110071725373","FacSNCFlg":"N","FacQtrsWithNC":0,"FacInspectionCount":1,"FacFormalActionCount":0,"PercentBelowLowincome3mile":28.43,"PercentPeopleOfColor":30.92,"AcsPopulationDensity":5094.63}},{"type":"Feature","geometry":{"type":"Point","coordinates":[-111.93978,40.674791]},"properties":{"FacName":"SLCC SOCCER FIELD TURF REPLACE","FacStreet":"4600 S REDWOOD ROAD","FacCity":"TAYLORSVILLE","FacState":"UT","RegistryID":"110070712294","FacSNCFlg":"N","FacQtrsWithNC":0,"FacInspectionCount":0,"FacFormalActionCount":0,"PercentBelowLowincome3mile":22.27,"PercentPeopleOfColor":42.19,"AcsPopulationDensity":5448.29}},{"type":"Feature","geometry":{"type":"Point","coordinates":[-111.9779,40.7705]},"properties":{"FacName":"SLCDA SOUTH EMPLOYEE PARKING LOT PH 1","FacStreet":"100 N AIRPORT SERVICE RD","FacCity":"SALT LAKE CITY","FacState":"UT","RegistryID":"110071946469","FacSNCFlg":"Y","FacQtrsWithNC":2,"FacInspectionCount":1,"FacFormalActionCount":0,"PercentBelowLowincome3mile":32.95,"PercentPeopleOfColor":19.18,"AcsPopulationDensity":814.3}},{"type":"Feature","geometry":{"type":"Point","coordinates":[-112.0093,40.7658]},"properties":{"FacName":"SLCDPU NEW WRF PROJECT","FacStreet":"150 SOUTH 4700 WEST","FacCity":"SALT LAKE CITY","FacState":"UT","RegistryID":"110071142761","FacSNCFlg":"N","FacQtrsWithNC":0,"FacInspectionCount":0,"FacFormalActionCount":0,"PercentBelowLowincome3mile":32.84,"PercentPeopleOfColor":16.95,"AcsPopulationDensity":106.77}},{"type":"Feature","geometry":{"type":"Point","coordinates":[-111.9887,40.798546]},"properties":{"FacName":"SLCIA NORTH SERVICE YARD","FacStreet":"4050 WEST 1200 NORTH SALT LAKE CITY","FacCity":"SALT LAKE CITY","FacState":"UT","RegistryID":"110070704215","FacSNCFlg":"N","FacQtrsWithNC":0,"FacInspectionCount":0,"FacFormalActionCount":0,"PercentBelowLowincome3mile":39.88,"PercentPeopleOfColor":18.5,"AcsPopulationDensity":394.19}},{"type":"Feature","geometry":{"type":"Point","coordinates":[-111.946513,40.812399]},"properties":{"FacName":"SLCO PUMP STATION","FacStreet":"2045 ROSE PARK LANE","FacCity":"SALT LAKE CITY","FacState":"UT","RegistryID":"110071993893","FacSNCFlg":"N","FacQtrsWithNC":0,"FacInspectionCount":0,"FacFormalActionCount":0,"PercentBelowLowincome3mile":38.99,"PercentPeopleOfColor":21.79,"AcsPopulationDensity":1103.19}},{"type":"Feature","geometry":{"type":"Point","coordinates":[-111.93864,40.81249]},"properties":{"FacName":"SLCWRF REDWOOD CAMPUS STOREHOUSE","FacStreet":"2020 NORTH REDWOOD RD","FacCity":"SALT LAKE CITY","FacState":"UT","RegistryID":"110071946372","FacSNCFlg":"N","FacQtrsWithNC":0,"FacInspectionCount":0,"FacFormalActionCount":0,"PercentBelowLowincome3mile":37.8,"PercentPeopleOfColor":21.7,"AcsPopulationDensity":1234.74}},{"type":"Feature","geometry":{"type":"Point","coordinates":[-112.007538,40.783482]},"properties":{"FacName":"SLEEP NUMBER MANUFACTURING FACILITY","FacStreet":"675 N. WRIGHT BROTHERS DRIVE","FacCity":"SALT LAKE CITY","FacState":"UT","RegistryID":"110070838538","FacSNCFlg":"N","FacQtrsWithNC":0,"FacInspectionCount":0,"FacFormalActionCount":0,"PercentBelowLowincome3mile":29.91,"PercentPeopleOfColor":12.15,"AcsPopulationDensity":90.92}},{"type":"Feature","geometry":{"type":"Point","coordinates":[-111.92583,40.822222]},"properties":{"FacName":"SLR RETROFIT","FacStreet":"685 SOUTH CHEVRON WAY","FacCity":"SALT LAKE CITY","FacState":"UT","RegistryID":"110070710653","FacSNCFlg":"N","FacQtrsWithNC":0,"FacInspectionCount":0,"FacFormalActionCount":0,"PercentBelowLowincome3mile":33.76,"PercentPeopleOfColor":19.83,"AcsPopulationDensity":1347.07}},{"type":"Feature","geometry":{"type":"Point","coordinates":[-111.96439,40.74034]},"properties":{"FacName":"SMITH POWER PRODUCTS - SALT LAKE CITY, UT","FacStreet":"3065 CALIFORNIA AVENUE","FacCity":"SALT LAKE CITY","FacState":"UT","RegistryID":"110070435239","FacSNCFlg":"N","FacQtrsWithNC":0,"FacInspectionCount":0,"FacFormalActionCount":0,"PercentBelowLowincome3mile":27.6,"PercentPeopleOfColor":35.42,"AcsPopulationDensity":1588.84}},{"type":"Feature","geometry":{"type":"Point","coordinates":[-111.91683,40.75121]},"properties":{"FacName":"SMITH S FOOD AND DRUG -2","FacStreet":"828 S 900 W","FacCity":"SALT LAKE CITY","FacState":"UT","RegistryID":"110002266501","FacSNCFlg":"N","FacQtrsWithNC":0,"FacInspectionCount":0,"FacFormalActionCount":0,"PercentBelowLowincome3mile":27.65,"PercentPeopleOfColor":27.64,"AcsPopulationDensity":4002.85}},{"type":"Feature","geometry":{"type":"Point","coordinates":[-111.86466,40.72541]},"properties":{"FacName":"SMITH'S #28","FacStreet":"922 E 2100 S","FacCity":"SALT LAKE CITY","FacState":"UT","RegistryID":"110071842570","FacSNCFlg":"N","FacQtrsWithNC":0,"FacInspectionCount":0,"FacFormalActionCount":0,"PercentBelowLowincome3mile":21.47,"PercentPeopleOfColor":26.41,"AcsPopulationDensity":5808.45}},{"type":"Feature","geometry":{"type":"Point","coordinates":[-111.80063,40.70095]},"properties":{"FacName":"SMITH'S #475","FacStreet":"3215 S VALLEY ST","FacCity":"SALT LAKE CITY","FacState":"UT","RegistryID":"110071842642","FacSNCFlg":"N","FacQtrsWithNC":0,"FacInspectionCount":0,"FacFormalActionCount":0,"PercentBelowLowincome3mile":17.69,"PercentPeopleOfColor":18.94,"AcsPopulationDensity":2933.45}},{"type":"Feature","geometry":{"type":"Point","coordinates":[-111.924859,40.7824]},"properties":{"FacName":"SMITH'S #69","FacStreet":"1174 W 600 N","FacCity":"SALT LAKE CITY","FacState":"UT","RegistryID":"110071842575","FacSNCFlg":"N","FacQtrsWithNC":0,"FacInspectionCount":0,"FacFormalActionCount":0,"PercentBelowLowincome3mile":32.12,"PercentPeopleOfColor":26.54,"AcsPopulationDensity":2598.64}},{"type":"Feature","geometry":{"type":"Point","coordinates":[-111.87681,40.77623]},"properties":{"FacName":"SMITH'S #77","FacStreet":"402 E 6TH AVE","FacCity":"SALT LAKE CITY","FacState":"UT","RegistryID":"110071842577","FacSNCFlg":"N","FacQtrsWithNC":0,"FacInspectionCount":0,"FacFormalActionCount":0,"PercentBelowLowincome3mile":30.45,"PercentPeopleOfColor":32.9,"AcsPopulationDensity":4273.2}},{"type":"Feature","geometry":{"type":"Point","coordinates":[-111.90929,40.65393]},"properties":{"FacName":"SMITH'S #83","FacStreet":"665 W 5300 S","FacCity":"SALT LAKE CITY","FacState":"UT","RegistryID":"110071842626","FacSNCFlg":"N","FacQtrsWithNC":0,"FacInspectionCount":0,"FacFormalActionCount":0,"PercentBelowLowincome3mile":19.63,"PercentPeopleOfColor":32.29,"AcsPopulationDensity":5312.87}},{"type":"Feature","geometry":{"type":"Point","coordinates":[-111.87679,40.75984]},"properties":{"FacName":"SMITH'S #94","FacStreet":"455 S 500 E","FacCity":"SALT LAKE CITY","FacState":"UT","RegistryID":"110071842630","FacSNCFlg":"N","FacQtrsWithNC":0,"FacInspectionCount":0,"FacFormalActionCount":0,"PercentBelowLowincome3mile":27.93,"PercentPeopleOfColor":31.79,"AcsPopulationDensity":5117.85}},{"type":"Feature","geometry":{"type":"Point","coordinates":[-111.86536,40.72542]},"properties":{"FacName":"SMITH'S GROCERY STORE","FacStreet":"900 EAST 2100 SOUTH","FacCity":"SALT LAKE CITY","FacState":"UT","RegistryID":"110012350482","FacSNCFlg":"N","FacQtrsWithNC":0,"FacInspectionCount":0,"FacFormalActionCount":0,"PercentBelowLowincome3mile":21.49,"PercentPeopleOfColor":26.45,"AcsPopulationDensity":5801.27}},{"type":"Feature","geometry":{"type":"Point","coordinates":[-111.95802,40.74164]},"properties":{"FacName":"SMITHFIELD FARMLAND CORP","FacStreet":"1260 S PIONEER RD","FacCity":"SALT LAKE CITY","FacState":"UT","RegistryID":"110070297964","FacSNCFlg":"N","FacQtrsWithNC":0,"FacInspectionCount":0,"FacFormalActionCount":0,"PercentBelowLowincome3mile":26.99,"PercentPeopleOfColor":34.46,"AcsPopulationDensity":1625.63}},{"type":"Feature","geometry":{"type":"Point","coordinates":[-111.878421,40.674339]},"properties":{"FacName":"SMITHS #133","FacStreet":"845 E 4500 S","FacCity":"SALT LAKE CITY","FacState":"UT","RegistryID":"110005210235","FacSNCFlg":"N","FacQtrsWithNC":0,"FacInspectionCount":0,"FacFormalActionCount":0,"PercentBelowLowincome3mile":22.68,"PercentPeopleOfColor":28.84,"AcsPopulationDensity":5297.49}},{"type":"Feature","geometry":{"type":"Point","coordinates":[-111.8667,40.75196]},"properties":{"FacName":"SMITHS FOOD & DRUG #44","FacStreet":"876 EAST 800 SOUTH","FacCity":"SALT LAKE CITY","FacState":"UT","RegistryID":"110005210271","FacSNCFlg":"N","FacQtrsWithNC":0,"FacInspectionCount":0,"FacFormalActionCount":0,"PercentBelowLowincome3mile":26.55,"PercentPeopleOfColor":31.59,"AcsPopulationDensity":5369.52}},{"type":"Feature","geometry":{"type":"Point","coordinates":[-111.825527,40.609442]},"properties":{"FacName":"SMITHS FOOD & DRUG #81","FacStreet":"3470 E 7800 S","FacCity":"SALT LAKE CITY","FacState":"UT","RegistryID":"110005210244","FacSNCFlg":"N","FacQtrsWithNC":0,"FacInspectionCount":0,"FacFormalActionCount":0,"PercentBelowLowincome3mile":20.78,"PercentPeopleOfColor":26.15,"AcsPopulationDensity":3862.11}},{"type":"Feature","geometry":{"type":"Point","coordinates":[-111.80384,40.69986]},"properties":{"FacName":"SMITHS FOOD & DRUG PHOTO LAB","FacStreet":"3171 EAST 3300 SOUTH","FacCity":"SALT LAKE CITY","FacState":"UT","RegistryID":"110005210155","FacSNCFlg":"N","FacQtrsWithNC":0,"FacInspectionCount":0,"FacFormalActionCount":0,"PercentBelowLowincome3mile":17.92,"PercentPeopleOfColor":19.62,"AcsPopulationDensity":3125.45}},{"type":"Feature","geometry":{"type":"Point","coordinates":[-111.93906,40.73603]},"properties":{"FacName":"SMITHS STORES CORPORATE OFFICE","FacStreet":"1550 S. REDWOOD RD","FacCity":"SALT LAKE CITY","FacState":"UT","RegistryID":"110001886031","FacSNCFlg":"N","FacQtrsWithNC":0,"FacInspectionCount":0,"FacFormalActionCount":0,"PercentBelowLowincome3mile":24.8,"PercentPeopleOfColor":34.49,"AcsPopulationDensity":2351.48}},{"type":"Feature","geometry":{"type":"Point","coordinates":[-111.945489,40.771309]},"properties":{"FacName":"SMURFIT-STONE","FacStreet":"1881 W. N. TEMPLE","FacCity":"SALT LAKE CITY","FacState":"UT","RegistryID":"110002136910","FacSNCFlg":"N","FacQtrsWithNC":0,"FacInspectionCount":1,"FacFormalActionCount":0,"PercentBelowLowincome3mile":31.44,"PercentPeopleOfColor":23.6,"AcsPopulationDensity":1840.08}},{"type":"Feature","geometry":{"type":"Point","coordinates":[-111.905173,40.756162]},"properties":{"FacName":"SNARR DOWNTOWN","FacStreet":"600 SOUTH (FROM 400 W TO 600 W), 500 SOUTH","FacCity":"SALT LAKE CITY","FacState":"UT","RegistryID":"110072132359","FacSNCFlg":"N","FacQtrsWithNC":0,"FacInspectionCount":0,"FacFormalActionCount":0,"PercentBelowLowincome3mile":28.47,"PercentPeopleOfColor":31.15,"AcsPopulationDensity":4914.96}},{"type":"Feature","geometry":{"type":"Point","coordinates":[-111.86667,40.72542]},"properties":{"FacName":"SNELGROVE ICE CREAM PARLORS (2)","FacStreet":"850 EAST 2100 SOUTH","FacCity":"SALT LAKE CITY","FacState":"UT","RegistryID":"110012350507","FacSNCFlg":"N","FacQtrsWithNC":0,"FacInspectionCount":0,"FacFormalActionCount":0,"PercentBelowLowincome3mile":21.53,"PercentPeopleOfColor":26.51,"AcsPopulationDensity":5785.48}},{"type":"Feature","geometry":{"type":"Point","coordinates":[-111.919226,40.717009]},"properties":{"FacName":"SNOWIE LLC","FacStreet":"1006 W. BEARDSLEY PL","FacCity":"SALT LAKE CITY","FacState":"UT","RegistryID":"110005198990","FacSNCFlg":"N","FacQtrsWithNC":0,"FacInspectionCount":0,"FacFormalActionCount":0,"PercentBelowLowincome3mile":22.99,"PercentPeopleOfColor":34.46,"AcsPopulationDensity":3794.53}},{"type":"Feature","geometry":{"type":"Point","coordinates":[-111.612434,40.625435]},"properties":{"FacName":"SOLITUDE RETREAT HOME LOT 1","FacStreet":"6857 SOUTH CHURCH ROAD","FacCity":"SALT LAKE CITY","FacState":"UT","RegistryID":"110070711797","FacSNCFlg":"N","FacQtrsWithNC":0,"FacInspectionCount":0,"FacFormalActionCount":0,"PercentBelowLowincome3mile":12.91,"PercentPeopleOfColor":18.64,"AcsPopulationDensity":37.08}},{"type":"Feature","geometry":{"type":"Point","coordinates":[-111.83955,40.72037]},"properties":{"FacName":"SONZINI RESIDENCE","FacStreet":"2326 SOUTH 1800 EAST","FacCity":"SALT LAKE CITY","FacState":"UT","RegistryID":"110072002629","FacSNCFlg":"N","FacQtrsWithNC":0,"FacInspectionCount":0,"FacFormalActionCount":0,"PercentBelowLowincome3mile":19.9,"PercentPeopleOfColor":22.81,"AcsPopulationDensity":5252.82}},{"type":"Feature","geometry":{"type":"Point","coordinates":[-111.89398,40.72045]},"properties":{"FacName":"SORENCO LABORATORIES INCORPORATED","FacStreet":"2323 S WEST TEMPLE","FacCity":"SALT LAKE CITY","FacState":"UT","RegistryID":"110002299664","FacSNCFlg":"N","FacQtrsWithNC":0,"FacInspectionCount":0,"FacFormalActionCount":0,"PercentBelowLowincome3mile":21.52,"PercentPeopleOfColor":27.6,"AcsPopulationDensity":4496.91}},{"type":"Feature","geometry":{"type":"Point","coordinates":[-111.900752,40.630207]},"properties":{"FacName":"SORENSON BIOSCIENCE INC","FacStreet":"6507 S 400 W","FacCity":"SALT LAKE CITY","FacState":"UT","RegistryID":"110046424687","FacSNCFlg":"N","FacQtrsWithNC":0,"FacInspectionCount":0,"FacFormalActionCount":0,"PercentBelowLowincome3mile":15.99,"PercentPeopleOfColor":24.36,"AcsPopulationDensity":5349.1}},{"type":"Feature","geometry":{"type":"Point","coordinates":[-111.664031,41.024099]},"properties":{"FacName":"SOUTH ROYALTON LDS CHURCH-TREATMENT PLANT 1","FacStreet":null,"FacCity":"SALT LAKE CITY","FacState":"UT","RegistryID":"110063360063","FacSNCFlg":"N","FacQtrsWithNC":0,"FacInspectionCount":0,"FacFormalActionCount":0,"PercentBelowLowincome3mile":null,"PercentPeopleOfColor":null,"AcsPopulationDensity":null}},{"type":"Feature","geometry":{"type":"Point","coordinates":[-111.931414,40.77852]},"properties":{"FacName":"SOUTHERN SYSTEM EXPANSION PROJECT II","FacStreet":"SEE LAT. AND LONG.","FacCity":"SALT LAKE CITY","FacState":"UT","RegistryID":"110030900005","FacSNCFlg":"N","FacQtrsWithNC":0,"FacInspectionCount":0,"FacFormalActionCount":0,"PercentBelowLowincome3mile":null,"PercentPeopleOfColor":null,"AcsPopulationDensity":null}},{"type":"Feature","geometry":{"type":"Point","coordinates":[-111.95563,40.72938]},"properties":{"FacName":"SOUTHWEST STAINLESS, L.P.","FacStreet":"2534 WEST BRIDGER RD STE 1","FacCity":"SALT LAKE CITY","FacState":"UT","RegistryID":"110031335918","FacSNCFlg":"N","FacQtrsWithNC":0,"FacInspectionCount":0,"FacFormalActionCount":0,"PercentBelowLowincome3mile":25.86,"PercentPeopleOfColor":39.2,"AcsPopulationDensity":2288.4}},{"type":"Feature","geometry":{"type":"Point","coordinates":[-111.972105,40.755925]},"properties":{"FacName":"SPAN DEVELOPMENT S.L.C. SHELL BUILDING #2","FacStreet":"615 SOUTH GLADIOLA","FacCity":"SALT LAKE CITY","FacState":"UT","RegistryID":"110070704057","FacSNCFlg":"N","FacQtrsWithNC":0,"FacInspectionCount":0,"FacFormalActionCount":0,"PercentBelowLowincome3mile":26.51,"PercentPeopleOfColor":22.44,"AcsPopulationDensity":912.35}},{"type":"Feature","geometry":{"type":"Point","coordinates":[-111.98222,40.74483]},"properties":{"FacName":"SPECIALIZED BICYCLE COMPONENTS, INC.","FacStreet":"1137 SOUTH 3800 WEST","FacCity":"SALT LAKE CITY","FacState":"UT","RegistryID":"110001886193","FacSNCFlg":"N","FacQtrsWithNC":0,"FacInspectionCount":0,"FacFormalActionCount":0,"PercentBelowLowincome3mile":27.75,"PercentPeopleOfColor":32.87,"AcsPopulationDensity":853.49}},{"type":"Feature","geometry":{"type":"Point","coordinates":[-111.83054,40.72549]},"properties":{"FacName":"SPECIALTY CLEANERS","FacStreet":"2105 EAST 2100 SOUTH","FacCity":"SALT LAKE CITY","FacState":"UT","RegistryID":"110005201147","FacSNCFlg":"N","FacQtrsWithNC":0,"FacInspectionCount":0,"FacFormalActionCount":0,"PercentBelowLowincome3mile":19.85,"PercentPeopleOfColor":23.79,"AcsPopulationDensity":4644.59}},{"type":"Feature","geometry":{"type":"Point","coordinates":[-111.8973,40.68593]},"properties":{"FacName":"SPECIALTY LENS CORPORATION","FacStreet":"3955 HOWICK STREET","FacCity":"SALT LAKE CITY","FacState":"UT","RegistryID":"110005211118","FacSNCFlg":"N","FacQtrsWithNC":0,"FacInspectionCount":1,"FacFormalActionCount":0,"PercentBelowLowincome3mile":23.21,"PercentPeopleOfColor":33.76,"AcsPopulationDensity":5304.55}},{"type":"Feature","geometry":{"type":"Point","coordinates":[-111.8396,40.7699]},"properties":{"FacName":"SPENCER FOX ECCLES SCHOOL OF MEDICINE","FacStreet":"20 N 1900 E","FacCity":"SALT LAKE CITY","FacState":"UT","RegistryID":"110071364691","FacSNCFlg":"N","FacQtrsWithNC":0,"FacInspectionCount":0,"FacFormalActionCount":0,"PercentBelowLowincome3mile":27.51,"PercentPeopleOfColor":32.93,"AcsPopulationDensity":3703.63}},{"type":"Feature","geometry":{"type":"Point","coordinates":[-111.91109,40.74868]},"properties":{"FacName":"SPORT COURT","FacStreet":"939 SOUTH 700 WEST","FacCity":"SALT LAKE CITY","FacState":"UT","RegistryID":"110005195038","FacSNCFlg":"N","FacQtrsWithNC":0,"FacInspectionCount":0,"FacFormalActionCount":0,"PercentBelowLowincome3mile":27.99,"PercentPeopleOfColor":29.38,"AcsPopulationDensity":4487.57}},{"type":"Feature","geometry":{"type":"Point","coordinates":[-112.012269,40.735088]},"properties":{"FacName":"SPORTSMAN'S WAREHOUSE \/ GUNSMITH OPERATIONS","FacStreet":"1630 S 5070 W","FacCity":"SALT LAKE CITY","FacState":"UT","RegistryID":"110071930589","FacSNCFlg":"N","FacQtrsWithNC":0,"FacInspectionCount":0,"FacFormalActionCount":0,"PercentBelowLowincome3mile":27.92,"PercentPeopleOfColor":40.96,"AcsPopulationDensity":1152.08}},{"type":"Feature","geometry":{"type":"Point","coordinates":[-111.905589,40.76282]},"properties":{"FacName":"SPORTSWEAR DESIGN INTERNATIONAL","FacStreet":"504 WEST 300 SOUTH","FacCity":"SALT LAKE CITY","FacState":"UT","RegistryID":"110005195234","FacSNCFlg":"N","FacQtrsWithNC":0,"FacInspectionCount":0,"FacFormalActionCount":0,"PercentBelowLowincome3mile":29,"PercentPeopleOfColor":30.3,"AcsPopulationDensity":4715.18}},{"type":"Feature","geometry":{"type":"Point","coordinates":[-111.895312,40.76278]},"properties":{"FacName":"SQUATTER'S PUB BREWERY","FacStreet":"147 W BROADWAY","FacCity":"SALT LAKE CITY","FacState":"UT","RegistryID":"110071158346","FacSNCFlg":"N","FacQtrsWithNC":0,"FacInspectionCount":0,"FacFormalActionCount":0,"PercentBelowLowincome3mile":28.61,"PercentPeopleOfColor":30.59,"AcsPopulationDensity":4986.78}},{"type":"Feature","geometry":{"type":"Point","coordinates":[-111.90777,40.64064]},"properties":{"FacName":"SS EQUITIES OFFICE\/WAREHOUSE","FacStreet":"5650 W. 610 S.","FacCity":"SALT LAKE CITY","FacState":"UT","RegistryID":"110070704036","FacSNCFlg":"N","FacQtrsWithNC":0,"FacInspectionCount":0,"FacFormalActionCount":0,"PercentBelowLowincome3mile":17.76,"PercentPeopleOfColor":28.77,"AcsPopulationDensity":5588.84}},{"type":"Feature","geometry":{"type":"Point","coordinates":[-111.810223,40.742629]},"properties":{"FacName":"ST MARY'S","FacStreet":"2806 ST.MARY'S WAY","FacCity":"SALT LAKE CITY","FacState":"UT","RegistryID":"110072132393","FacSNCFlg":"N","FacQtrsWithNC":0,"FacInspectionCount":0,"FacFormalActionCount":0,"PercentBelowLowincome3mile":22.55,"PercentPeopleOfColor":29.01,"AcsPopulationDensity":2708.01}},{"type":"Feature","geometry":{"type":"Point","coordinates":[-111.856707,40.687067]},"properties":{"FacName":"ST. MARK'S HOSPITAL","FacStreet":"1200 E 3900 S","FacCity":"SALT LAKE CITY","FacState":"UT","RegistryID":"110002263924","FacSNCFlg":"N","FacQtrsWithNC":0,"FacInspectionCount":1,"FacFormalActionCount":0,"PercentBelowLowincome3mile":23.91,"PercentPeopleOfColor":27.28,"AcsPopulationDensity":5588.89}},{"type":"Feature","geometry":{"type":"Point","coordinates":[-112.03195,40.768002]},"properties":{"FacName":"STADLER EXPANSION","FacStreet":"5880 WEST 150 SOUTH","FacCity":"SALT LAKE CITY","FacState":"UT","RegistryID":"110070838718","FacSNCFlg":"N","FacQtrsWithNC":0,"FacInspectionCount":1,"FacFormalActionCount":0,"PercentBelowLowincome3mile":29.45,"PercentPeopleOfColor":17.31,"AcsPopulationDensity":87.12}},{"type":"Feature","geometry":{"type":"Point","coordinates":[-112.02555,40.765556]},"properties":{"FacName":"STADLER RAIL OFF-SITE INFRASTRUCTURE IMPROVEMENT","FacStreet":"5880 WEST 150 SOUTH","FacCity":"SALT LAKE CITY","FacState":"UT","RegistryID":"110070704713","FacSNCFlg":"N","FacQtrsWithNC":0,"FacInspectionCount":0,"FacFormalActionCount":0,"PercentBelowLowincome3mile":30.64,"PercentPeopleOfColor":18.79,"AcsPopulationDensity":97.15}},{"type":"Feature","geometry":{"type":"Point","coordinates":[-111.9128,40.80183]},"properties":{"FacName":"STAKER & PARSON BECK STREET FACILITY","FacStreet":"1616 NORTH BECK STREET","FacCity":"SALT LAKE CITY","FacState":"UT","RegistryID":"110013864149","FacSNCFlg":"N","FacQtrsWithNC":0,"FacInspectionCount":0,"FacFormalActionCount":0,"PercentBelowLowincome3mile":35.3,"PercentPeopleOfColor":26.77,"AcsPopulationDensity":2238.9}},{"type":"Feature","geometry":{"type":"Point","coordinates":[-111.970208,40.745774]},"properties":{"FacName":"STAKER & PARSON CALIFORNIA READY-MIX CONCRETE","FacStreet":"3313 W DIRECTORS ROW","FacCity":"SALT LAKE CITY","FacState":"UT","RegistryID":"110020516100","FacSNCFlg":"N","FacQtrsWithNC":null,"FacInspectionCount":0,"FacFormalActionCount":0,"PercentBelowLowincome3mile":27.14,"PercentPeopleOfColor":30.93,"AcsPopulationDensity":1202.45}},{"type":"Feature","geometry":{"type":"Point","coordinates":[-111.91491,40.81719]},"properties":{"FacName":"STAKER PARSON MAINTENANCE BUILDING","FacStreet":"1730 N. BECK ST.","FacCity":"SALT LAKE CITY","FacState":"UT","RegistryID":"110063205801","FacSNCFlg":"N","FacQtrsWithNC":0,"FacInspectionCount":3,"FacFormalActionCount":0,"PercentBelowLowincome3mile":34.4,"PercentPeopleOfColor":21.23,"AcsPopulationDensity":1500.2}},{"type":"Feature","geometry":{"type":"Point","coordinates":[-111.7188,40.7834]},"properties":{"FacName":"STAKER RESIDENCE","FacStreet":"677 NORTH EMIGRATION CANYON RD.","FacCity":"SALT LAKE CITY","FacState":"UT","RegistryID":"110071895117","FacSNCFlg":"N","FacQtrsWithNC":0,"FacInspectionCount":0,"FacFormalActionCount":0,"PercentBelowLowincome3mile":10.21,"PercentPeopleOfColor":9.08,"AcsPopulationDensity":21.87}},{"type":"Feature","geometry":{"type":"Point","coordinates":[-111.93907,40.73754]},"properties":{"FacName":"STANDARD BATTERIES INCORPORATED","FacStreet":"1506 S REDWOOD RD","FacCity":"SALT LAKE CITY","FacState":"UT","RegistryID":"110002262952","FacSNCFlg":"N","FacQtrsWithNC":0,"FacInspectionCount":0,"FacFormalActionCount":0,"PercentBelowLowincome3mile":24.79,"PercentPeopleOfColor":33.68,"AcsPopulationDensity":2288.16}},{"type":"Feature","geometry":{"type":"Point","coordinates":[-111.9054,40.74318]},"properties":{"FacName":"STANDARD IRON & METAL CO INC","FacStreet":"1178 SOUTH 500 WEST","FacCity":"SALT LAKE CITY","FacState":"UT","RegistryID":"110009004031","FacSNCFlg":"N","FacQtrsWithNC":0,"FacInspectionCount":1,"FacFormalActionCount":0,"PercentBelowLowincome3mile":27.12,"PercentPeopleOfColor":30.44,"AcsPopulationDensity":4773.81}},{"type":"Feature","geometry":{"type":"Point","coordinates":[-111.958,40.748]},"properties":{"FacName":"STAR FOUNDRY & MACHINE","FacStreet":"976 PIONEER ROAD","FacCity":"SALT LAKE CITY","FacState":"UT","RegistryID":"110000469369","FacSNCFlg":"N","FacQtrsWithNC":0,"FacInspectionCount":0,"FacFormalActionCount":0,"PercentBelowLowincome3mile":27.29,"PercentPeopleOfColor":30.87,"AcsPopulationDensity":1499.34}},{"type":"Feature","geometry":{"type":"Point","coordinates":[-111.884519,40.658017]},"properties":{"FacName":"STAR STONE QUARRIES INC 00250","FacStreet":"PORTABLE","FacCity":"SALT LAKE CITY","FacState":"UT","RegistryID":"110010405926","FacSNCFlg":"N","FacQtrsWithNC":0,"FacInspectionCount":0,"FacFormalActionCount":0,"PercentBelowLowincome3mile":null,"PercentPeopleOfColor":null,"AcsPopulationDensity":null}},{"type":"Feature","geometry":{"type":"Point","coordinates":[-111.892483,40.77154]},"properties":{"FacName":"STARPOINT CAMP-MANGANESE REMOVAL AND SOFTENING","FacStreet":"50 E NORTH TEMPLE ST","FacCity":"SALT LAKE CITY","FacState":"UT","RegistryID":"110063370793","FacSNCFlg":"N","FacQtrsWithNC":0,"FacInspectionCount":0,"FacFormalActionCount":0,"PercentBelowLowincome3mile":29.72,"PercentPeopleOfColor":30.62,"AcsPopulationDensity":4658.1}},{"type":"Feature","geometry":{"type":"Point","coordinates":[-111.8365,40.770208]},"properties":{"FacName":"STATE HEALTH LABORATORY ( UTAH )","FacStreet":"44 MEDICAL DRIVE","FacCity":"SALT LAKE CITY","FacState":"UT","RegistryID":"110009507337","FacSNCFlg":"N","FacQtrsWithNC":0,"FacInspectionCount":0,"FacFormalActionCount":0,"PercentBelowLowincome3mile":27.59,"PercentPeopleOfColor":33.24,"AcsPopulationDensity":3546.15}},{"type":"Feature","geometry":{"type":"Point","coordinates":[-111.888331,40.771484]},"properties":{"FacName":"STATE ST-NORTH TEMPLE RECONNECT MAIN","FacStreet":"110 N STATE STREET","FacCity":"SALT LAKE CITY","FacState":"UT","RegistryID":"110071276475","FacSNCFlg":"N","FacQtrsWithNC":0,"FacInspectionCount":1,"FacFormalActionCount":0,"PercentBelowLowincome3mile":29.42,"PercentPeopleOfColor":30.9,"AcsPopulationDensity":4685.05}},{"type":"Feature","geometry":{"type":"Point","coordinates":[-111.8716,40.7598]},"properties":{"FacName":"STATION 424","FacStreet":"424 SOUTH 700 EAST","FacCity":"SALT LAKE CITY","FacState":"UT","RegistryID":"110071541290","FacSNCFlg":"N","FacQtrsWithNC":0,"FacInspectionCount":0,"FacFormalActionCount":0,"PercentBelowLowincome3mile":27.62,"PercentPeopleOfColor":32.06,"AcsPopulationDensity":5038.72}},{"type":"Feature","geometry":{"type":"Point","coordinates":[-112.0268,40.7755]},"properties":{"FacName":"STAYBRIDGE SUITES","FacStreet":"310 NORTH APOLLO ROAD","FacCity":"SALT LAKE CITY","FacState":"UT","RegistryID":"110070740808","FacSNCFlg":"N","FacQtrsWithNC":0,"FacInspectionCount":0,"FacFormalActionCount":0,"PercentBelowLowincome3mile":29.07,"PercentPeopleOfColor":14.91,"AcsPopulationDensity":84.3}},{"type":"Feature","geometry":{"type":"Point","coordinates":[-111.956039,40.779239]},"properties":{"FacName":"STEEL COATINGS INC","FacStreet":"410 S 2300 W","FacCity":"SALT LAKE CITY","FacState":"UT","RegistryID":"110002299441","FacSNCFlg":"N","FacQtrsWithNC":0,"FacInspectionCount":0,"FacFormalActionCount":0,"PercentBelowLowincome3mile":32.38,"PercentPeopleOfColor":20.68,"AcsPopulationDensity":1410.03}},{"type":"Feature","geometry":{"type":"Point","coordinates":[-112.025,40.77778]},"properties":{"FacName":"STERIGENICS US LLC","FacStreet":"5725 W HAROLD GATTY DR","FacCity":"SALT LAKE CITY","FacState":"UT","RegistryID":"110031315903","FacSNCFlg":"N","FacQtrsWithNC":0,"FacInspectionCount":0,"FacFormalActionCount":0,"PercentBelowLowincome3mile":28.95,"PercentPeopleOfColor":14.35,"AcsPopulationDensity":83.86}},{"type":"Feature","geometry":{"type":"Point","coordinates":[-111.90545,40.67965]},"properties":{"FacName":"STEVE REGAN COMPANY","FacStreet":"4215 SOUTH 500 WEST","FacCity":"SALT LAKE CITY","FacState":"UT","RegistryID":"110022450024","FacSNCFlg":"N","FacQtrsWithNC":0,"FacInspectionCount":1,"FacFormalActionCount":0,"PercentBelowLowincome3mile":23.27,"PercentPeopleOfColor":36.42,"AcsPopulationDensity":5165.8}},{"type":"Feature","geometry":{"type":"Point","coordinates":[-111.754479,40.775133]},"properties":{"FacName":"STEWARD RESIDENCE","FacStreet":"5290 PIONEER FORK ROAD","FacCity":"SALT LAKE CITY","FacState":"UT","RegistryID":"110070704716","FacSNCFlg":"N","FacQtrsWithNC":0,"FacInspectionCount":0,"FacFormalActionCount":0,"PercentBelowLowincome3mile":11.46,"PercentPeopleOfColor":12.07,"AcsPopulationDensity":23.5}},{"type":"Feature","geometry":{"type":"Point","coordinates":[-111.91108,40.74658]},"properties":{"FacName":"STONE GROUND BAKERY ADDITION","FacStreet":"1030 SOUTH 700 WEST","FacCity":"SALT LAKE CITY","FacState":"UT","RegistryID":"110070710465","FacSNCFlg":"N","FacQtrsWithNC":0,"FacInspectionCount":0,"FacFormalActionCount":0,"PercentBelowLowincome3mile":27.61,"PercentPeopleOfColor":29.09,"AcsPopulationDensity":4430.38}},{"type":"Feature","geometry":{"type":"Point","coordinates":[-111.83958,40.73074]},"properties":{"FacName":"STREET IMPROVEMENTS - RECONSTRUCTION 2017\/2018","FacStreet":"1700 EAST TO 1900 EAST, DOWNINGTON AVE, 2500 EAST","FacCity":"SALT LAKE CITY","FacState":"UT","RegistryID":"110070707171","FacSNCFlg":"N","FacQtrsWithNC":0,"FacInspectionCount":0,"FacFormalActionCount":0,"PercentBelowLowincome3mile":21.7,"PercentPeopleOfColor":26.59,"AcsPopulationDensity":5355.43}},{"type":"Feature","geometry":{"type":"Point","coordinates":[-112.00744,40.726106]},"properties":{"FacName":"STRYKER NUEROVASCULAR","FacStreet":"4870 WEST 2100 SOUTH","FacCity":"SALT LAKE CITY","FacState":"UT","RegistryID":"110067678855","FacSNCFlg":"N","FacQtrsWithNC":1,"FacInspectionCount":1,"FacFormalActionCount":0,"PercentBelowLowincome3mile":28.24,"PercentPeopleOfColor":41.96,"AcsPopulationDensity":1983.74}},{"type":"Feature","geometry":{"type":"Point","coordinates":[-111.830953,40.754822]},"properties":{"FacName":"STS SALT LAKE CITY","FacStreet":"600 S KOMAS DR","FacCity":"SALT LAKE CITY","FacState":"UT","RegistryID":"110071066575","FacSNCFlg":"N","FacQtrsWithNC":0,"FacInspectionCount":0,"FacFormalActionCount":0,"PercentBelowLowincome3mile":24.83,"PercentPeopleOfColor":31.72,"AcsPopulationDensity":4056.56}},{"type":"Feature","geometry":{"type":"Point","coordinates":[-111.97726,40.75146]},"properties":{"FacName":"SUBZERO ENGINEERING","FacStreet":"805 S. 3600 W., SUITE 100","FacCity":"SALT LAKE CITY","FacState":"UT","RegistryID":"110071094175","FacSNCFlg":"N","FacQtrsWithNC":0,"FacInspectionCount":1,"FacFormalActionCount":0,"PercentBelowLowincome3mile":26.35,"PercentPeopleOfColor":25.89,"AcsPopulationDensity":797.79}},{"type":"Feature","geometry":{"type":"Point","coordinates":[-111.990833,40.739444]},"properties":{"FacName":"SUEZ WATER AND TECHOLOGY SOLUTIONS","FacStreet":"1698 SOUTH GRAMERCY ROAD SUITE A","FacCity":"SALT LAKE CITY","FacState":"UT","RegistryID":"110070830481","FacSNCFlg":"N","FacQtrsWithNC":0,"FacInspectionCount":0,"FacFormalActionCount":0,"PercentBelowLowincome3mile":32.96,"PercentPeopleOfColor":40.34,"AcsPopulationDensity":1009.04}},{"type":"Feature","geometry":{"type":"Point","coordinates":[-111.85311,40.72543]},"properties":{"FacName":"SUGAR HOUSE PARK POND DREDGING","FacStreet":"1330 2100 SOUTH","FacCity":"SALT LAKE CITY","FacState":"UT","RegistryID":"110072133385","FacSNCFlg":"N","FacQtrsWithNC":0,"FacInspectionCount":0,"FacFormalActionCount":0,"PercentBelowLowincome3mile":21.15,"PercentPeopleOfColor":25.85,"AcsPopulationDensity":5811.68}},{"type":"Feature","geometry":{"type":"Point","coordinates":[-111.89398,40.72222]},"properties":{"FacName":"SUGAR HOUSE STREETCAR","FacStreet":"2235 SOUTH WEST TEMPLE","FacCity":"SALT LAKE CITY","FacState":"UT","RegistryID":"110046338771","FacSNCFlg":"N","FacQtrsWithNC":0,"FacInspectionCount":0,"FacFormalActionCount":0,"PercentBelowLowincome3mile":21.59,"PercentPeopleOfColor":27.14,"AcsPopulationDensity":4547.47}},{"type":"Feature","geometry":{"type":"Point","coordinates":[-111.861339,40.723839]},"properties":{"FacName":"SUGARMONT","FacStreet":"2189 S. MCCLELLAND STREET","FacCity":"SALT LAKE CITY","FacState":"UT","RegistryID":"110070704269","FacSNCFlg":"N","FacQtrsWithNC":0,"FacInspectionCount":0,"FacFormalActionCount":0,"PercentBelowLowincome3mile":21.07,"PercentPeopleOfColor":25.59,"AcsPopulationDensity":5789.85}},{"type":"Feature","geometry":{"type":"Point","coordinates":[-111.977778,40.732778]},"properties":{"FacName":"SULZER PUMP SERVICES US INC","FacStreet":"3618 WEST 1820 SOUTH","FacCity":"SALT LAKE CITY","FacState":"UT","RegistryID":"110071503675","FacSNCFlg":"N","FacQtrsWithNC":0,"FacInspectionCount":0,"FacFormalActionCount":0,"PercentBelowLowincome3mile":29.87,"PercentPeopleOfColor":39.81,"AcsPopulationDensity":1743.16}},{"type":"Feature","geometry":{"type":"Point","coordinates":[-111.98855,40.75672]},"properties":{"FacName":"SUMP & TRAP CLEANING, LLC","FacStreet":"618 SOUTH 4050 WEST","FacCity":"SALT LAKE CITY","FacState":"UT","RegistryID":"110045992752","FacSNCFlg":"N","FacQtrsWithNC":4,"FacInspectionCount":4,"FacFormalActionCount":0,"PercentBelowLowincome3mile":26.71,"PercentPeopleOfColor":20.42,"AcsPopulationDensity":400.21}},{"type":"Feature","geometry":{"type":"Point","coordinates":[-111.94681,40.72135]},"properties":{"FacName":"SUN LITHO","FacStreet":"2105 WEST 2300 SOUTH","FacCity":"SALT LAKE CITY","FacState":"UT","RegistryID":"110005196215","FacSNCFlg":"N","FacQtrsWithNC":0,"FacInspectionCount":0,"FacFormalActionCount":0,"PercentBelowLowincome3mile":24.17,"PercentPeopleOfColor":40.15,"AcsPopulationDensity":2817.34}},{"type":"Feature","geometry":{"type":"Point","coordinates":[-111.90549,40.75692]},"properties":{"FacName":"SUNRISE METRO","FacStreet":"580 S 500 W","FacCity":"SALT LAKE CITY","FacState":"UT","RegistryID":"110072074139","FacSNCFlg":"N","FacQtrsWithNC":0,"FacInspectionCount":0,"FacFormalActionCount":0,"PercentBelowLowincome3mile":28.48,"PercentPeopleOfColor":31.06,"AcsPopulationDensity":4891.45}},{"type":"Feature","geometry":{"type":"Point","coordinates":[-112.085292,40.651161]},"properties":{"FacName":"SUNROC CORPORATION - WEST VALLEY SHOP","FacStreet":"8201 WEST 5400 SOUTH","FacCity":"MAGNA","FacState":"UT","RegistryID":"110008177276","FacSNCFlg":"N","FacQtrsWithNC":0,"FacInspectionCount":0,"FacFormalActionCount":0,"PercentBelowLowincome3mile":21.1,"PercentPeopleOfColor":37.84,"AcsPopulationDensity":734.83}},{"type":"Feature","geometry":{"type":"Point","coordinates":[-111.86718,40.68706]},"properties":{"FacName":"SUNSHINE CLEANERS","FacStreet":"835 E 3900 S","FacCity":"SALT LAKE CITY","FacState":"UT","RegistryID":"110002154098","FacSNCFlg":"N","FacQtrsWithNC":0,"FacInspectionCount":0,"FacFormalActionCount":0,"PercentBelowLowincome3mile":23.03,"PercentPeopleOfColor":28.01,"AcsPopulationDensity":5604.76}},{"type":"Feature","geometry":{"type":"Point","coordinates":[-111.90552,40.73219]},"properties":{"FacName":"SUNSHINE SUPPLY COMPANY, INC.","FacStreet":"1750 SOUTH 500 WEST #1200","FacCity":"SALT LAKE CITY","FacState":"UT","RegistryID":"110070633545","FacSNCFlg":"N","FacQtrsWithNC":0,"FacInspectionCount":1,"FacFormalActionCount":0,"PercentBelowLowincome3mile":23.27,"PercentPeopleOfColor":27.79,"AcsPopulationDensity":4363.77}},{"type":"Feature","geometry":{"type":"Point","coordinates":[-111.90107,40.74348]},"properties":{"FacName":"SUPERIOR GRINDING","FacStreet":"344 W PAXTON","FacCity":"SALT LAKE CITY","FacState":"UT","RegistryID":"110002155088","FacSNCFlg":"N","FacQtrsWithNC":0,"FacInspectionCount":0,"FacFormalActionCount":0,"PercentBelowLowincome3mile":27.41,"PercentPeopleOfColor":31.99,"AcsPopulationDensity":5050.19}},{"type":"Feature","geometry":{"type":"Point","coordinates":[-111.892483,40.77154]},"properties":{"FacName":"SUTHERLAND LDS CHURCH-CHURCH WELL 2 CHLORINATOR","FacStreet":"50 E NORTH TEMPLE ST","FacCity":"SALT LAKE CITY","FacState":"UT","RegistryID":"110052945284","FacSNCFlg":"N","FacQtrsWithNC":0,"FacInspectionCount":0,"FacFormalActionCount":0,"PercentBelowLowincome3mile":29.72,"PercentPeopleOfColor":30.62,"AcsPopulationDensity":4658.1}},{"type":"Feature","geometry":{"type":"Point","coordinates":[-111.98052,40.74575]},"properties":{"FacName":"SWEET CANDY COMPANY","FacStreet":"3780 WEST DIRECTORS ROW","FacCity":"SALT LAKE CITY","FacState":"UT","RegistryID":"110001885899","FacSNCFlg":"N","FacQtrsWithNC":0,"FacInspectionCount":0,"FacFormalActionCount":0,"PercentBelowLowincome3mile":27.23,"PercentPeopleOfColor":31.17,"AcsPopulationDensity":860.42}},{"type":"Feature","geometry":{"type":"Point","coordinates":[-111.9474,40.7722]},"properties":{"FacName":"SWI UT OPERATIONS & TRAINING CENTER","FacStreet":"1958 W NORTH TEMPLE ST","FacCity":"SALT LAKE CITY","FacState":"UT","RegistryID":"110071400877","FacSNCFlg":"N","FacQtrsWithNC":0,"FacInspectionCount":1,"FacFormalActionCount":0,"PercentBelowLowincome3mile":31.28,"PercentPeopleOfColor":23.06,"AcsPopulationDensity":1793.35}},{"type":"Feature","geometry":{"type":"Point","coordinates":[-111.96924,40.72148]},"properties":{"FacName":"SWIRE COCA COLA, USA","FacStreet":"2269 SOUTH 3270 WEST","FacCity":"SALT LAKE CITY","FacState":"UT","RegistryID":"110005206785","FacSNCFlg":"N","FacQtrsWithNC":0,"FacInspectionCount":0,"FacFormalActionCount":0,"PercentBelowLowincome3mile":26.37,"PercentPeopleOfColor":41.85,"AcsPopulationDensity":2777.37}},{"type":"Feature","geometry":{"type":"Point","coordinates":[-112.02034,40.75478]},"properties":{"FacName":"SYNCHRONICITY","FacStreet":"5447 WEST 700 SOUTH","FacCity":"SALT LAKE CITY","FacState":"UT","RegistryID":"110005211298","FacSNCFlg":"N","FacQtrsWithNC":0,"FacInspectionCount":0,"FacFormalActionCount":0,"PercentBelowLowincome3mile":30.86,"PercentPeopleOfColor":26.81,"AcsPopulationDensity":127.34}},{"type":"Feature","geometry":{"type":"Point","coordinates":[-111.9752,40.8515]},"properties":{"FacName":"T&S PETERSON AIRPORT, LLC","FacStreet":"3483 N 3200 W","FacCity":"SALT LAKE CITY","FacState":"UT","RegistryID":"110070817570","FacSNCFlg":"N","FacQtrsWithNC":0,"FacInspectionCount":0,"FacFormalActionCount":0,"PercentBelowLowincome3mile":35.84,"PercentPeopleOfColor":17.2,"AcsPopulationDensity":302.59}},{"type":"Feature","geometry":{"type":"Point","coordinates":[-111.87126,40.71409]},"properties":{"FacName":"TAG 700","FacStreet":"2593 SOUTH 700 EAST","FacCity":"SALT LAKE CITY","FacState":"UT","RegistryID":"110070706818","FacSNCFlg":"N","FacQtrsWithNC":0,"FacInspectionCount":0,"FacFormalActionCount":0,"PercentBelowLowincome3mile":20.41,"PercentPeopleOfColor":23.88,"AcsPopulationDensity":5437.62}},{"type":"Feature","geometry":{"type":"Point","coordinates":[-111.9172,40.7349]},"properties":{"FacName":"TAG 900 W","FacStreet":"1590 S 900 W","FacCity":"SALT LAKE CITY","FacState":"UT","RegistryID":"110071405090","FacSNCFlg":"N","FacQtrsWithNC":0,"FacInspectionCount":0,"FacFormalActionCount":0,"PercentBelowLowincome3mile":23.77,"PercentPeopleOfColor":28.45,"AcsPopulationDensity":3614.65}},{"type":"Feature","geometry":{"type":"Point","coordinates":[-111.88659,40.75197]},"properties":{"FacName":"TANNER TRANSMISSION","FacStreet":"142 EAST 800 SOUTH","FacCity":"SALT LAKE CITY","FacState":"UT","RegistryID":"110005206687","FacSNCFlg":"N","FacQtrsWithNC":0,"FacInspectionCount":0,"FacFormalActionCount":0,"PercentBelowLowincome3mile":27.69,"PercentPeopleOfColor":31.47,"AcsPopulationDensity":5432.77}},{"type":"Feature","geometry":{"type":"Point","coordinates":[-112.02483,40.69514]},"properties":{"FacName":"TAQUERIA EL REY DE OROS EXPANSION","FacStreet":"3550 SOUTH 5600 WEST #1","FacCity":"SALT LAKE CITY","FacState":"UT","RegistryID":"110070713495","FacSNCFlg":"N","FacQtrsWithNC":0,"FacInspectionCount":0,"FacFormalActionCount":0,"PercentBelowLowincome3mile":23.95,"PercentPeopleOfColor":40.15,"AcsPopulationDensity":4418.39}},{"type":"Feature","geometry":{"type":"Point","coordinates":[-111.8516,40.62338]},"properties":{"FacName":"TARGET STORE T1751","FacStreet":"7025 S PARK CENTRE DR","FacCity":"SALT LAKE CITY","FacState":"UT","RegistryID":"110070747045","FacSNCFlg":"N","FacQtrsWithNC":0,"FacInspectionCount":0,"FacFormalActionCount":0,"PercentBelowLowincome3mile":22.08,"PercentPeopleOfColor":26.95,"AcsPopulationDensity":4922.5}},{"type":"Feature","geometry":{"type":"Point","coordinates":[-111.89967,40.74456]},"properties":{"FacName":"TARGET STORE T2641","FacStreet":"1110 S 300 W","FacCity":"SALT LAKE CITY","FacState":"UT","RegistryID":"110070750381","FacSNCFlg":"N","FacQtrsWithNC":0,"FacInspectionCount":1,"FacFormalActionCount":0,"PercentBelowLowincome3mile":27.53,"PercentPeopleOfColor":32.34,"AcsPopulationDensity":5122.15}},{"type":"Feature","geometry":{"type":"Point","coordinates":[-111.85365,40.722328]},"properties":{"FacName":"TARGET STORE T3365","FacStreet":"2236 S 1300 EAST","FacCity":"SALT LAKE CITY","FacState":"UT","RegistryID":"110071193017","FacSNCFlg":"N","FacQtrsWithNC":0,"FacInspectionCount":0,"FacFormalActionCount":0,"PercentBelowLowincome3mile":20.66,"PercentPeopleOfColor":24.61,"AcsPopulationDensity":5703.67}},{"type":"Feature","geometry":{"type":"Point","coordinates":[-111.93881,40.64689]},"properties":{"FacName":"TARGET STORE T3376","FacStreet":"5800 SOUTH REDWOOD ROAD","FacCity":"SALT LAKE CITY","FacState":"UT","RegistryID":"110071193013","FacSNCFlg":"N","FacQtrsWithNC":0,"FacInspectionCount":0,"FacFormalActionCount":0,"PercentBelowLowincome3mile":17.57,"PercentPeopleOfColor":33.85,"AcsPopulationDensity":5648.05}},{"type":"Feature","geometry":{"type":"Point","coordinates":[-111.7829,40.6212]},"properties":{"FacName":"TAVACI","FacStreet":"CANYON ESTATES DRIVE","FacCity":"SALT LAKE CITY","FacState":"UT","RegistryID":"110070708963","FacSNCFlg":"N","FacQtrsWithNC":0,"FacInspectionCount":0,"FacFormalActionCount":0,"PercentBelowLowincome3mile":29.17,"PercentPeopleOfColor":34.55,"AcsPopulationDensity":1406.38}},{"type":"Feature","geometry":{"type":"Point","coordinates":[-111.782,40.6218]},"properties":{"FacName":"TAVACI 5 - LARSEN RESIDENCE","FacStreet":"7211 SOUTH CITY VIEW DR","FacCity":"SALT LAKE CITY","FacState":"UT","RegistryID":"110071295092","FacSNCFlg":"N","FacQtrsWithNC":0,"FacInspectionCount":0,"FacFormalActionCount":0,"PercentBelowLowincome3mile":29.64,"PercentPeopleOfColor":35.17,"AcsPopulationDensity":1361.17}},{"type":"Feature","geometry":{"type":"Point","coordinates":[-111.78225,40.62183]},"properties":{"FacName":"TAVACI42","FacStreet":"7208 S. CITY VIEW DR.","FacCity":"SALT LAKE CITY","FacState":"UT","RegistryID":"110070704225","FacSNCFlg":"N","FacQtrsWithNC":0,"FacInspectionCount":0,"FacFormalActionCount":0,"PercentBelowLowincome3mile":29.58,"PercentPeopleOfColor":35.08,"AcsPopulationDensity":1372.14}},{"type":"Feature","geometry":{"type":"Point","coordinates":[-111.9941,40.8007]},"properties":{"FacName":"TAXIWAYS U AND V","FacStreet":"NORTH OF AIRPORT APPROX. 1200 N & 4000 W","FacCity":"SALT LAKE CITY","FacState":"UT","RegistryID":"110072000751","FacSNCFlg":"N","FacQtrsWithNC":0,"FacInspectionCount":0,"FacFormalActionCount":0,"PercentBelowLowincome3mile":39.76,"PercentPeopleOfColor":18.93,"AcsPopulationDensity":300.97}},{"type":"Feature","geometry":{"type":"Point","coordinates":[-111.96787,40.66759]},"properties":{"FacName":"TAYLORSVILLE PHILLIPS 60","FacStreet":"3225 WEST 4700 SOUTH","FacCity":"SALT LAKE CITY","FacState":"UT","RegistryID":"110005206678","FacSNCFlg":"N","FacQtrsWithNC":0,"FacInspectionCount":0,"FacFormalActionCount":0,"PercentBelowLowincome3mile":21.86,"PercentPeopleOfColor":40.86,"AcsPopulationDensity":7122.98}},{"type":"Feature","geometry":{"type":"Point","coordinates":[-111.93903,40.75483]},"properties":{"FacName":"TEAR A PART AUTO RECYCLING","FacStreet":"652 SOUTH REDWOOD ROAD","FacCity":"SALT LAKE CITY","FacState":"UT","RegistryID":"110030487970","FacSNCFlg":"N","FacQtrsWithNC":0,"FacInspectionCount":1,"FacFormalActionCount":0,"PercentBelowLowincome3mile":30.24,"PercentPeopleOfColor":27.18,"AcsPopulationDensity":2257.02}},{"type":"Feature","geometry":{"type":"Point","coordinates":[-111.8038,40.7163]},"properties":{"FacName":"TEERLINK RESIDENCE - LOT 11 CANNON POINT","FacStreet":"2519 S. CANNON POINT DR.","FacCity":"SALT LAKE CITY","FacState":"UT","RegistryID":"110071546222","FacSNCFlg":"N","FacQtrsWithNC":0,"FacInspectionCount":0,"FacFormalActionCount":0,"PercentBelowLowincome3mile":16.49,"PercentPeopleOfColor":18.42,"AcsPopulationDensity":2864.36}},{"type":"Feature","geometry":{"type":"Point","coordinates":[-111.8676,40.751]},"properties":{"FacName":"TELEGRAPH EXCHANGE","FacStreet":"847 SOUTH 800 EAST","FacCity":"SALT LAKE CITY","FacState":"UT","RegistryID":"110071093110","FacSNCFlg":"N","FacQtrsWithNC":0,"FacInspectionCount":0,"FacFormalActionCount":0,"PercentBelowLowincome3mile":26.43,"PercentPeopleOfColor":31.47,"AcsPopulationDensity":5412.08}},{"type":"Feature","geometry":{"type":"Point","coordinates":[-111.89968,40.7487]},"properties":{"FacName":"TEMPLIN FAMILY BREWING","FacStreet":"936 S 300 W","FacCity":"SALT LAKE CITY","FacState":"UT","RegistryID":"110071915620","FacSNCFlg":"N","FacQtrsWithNC":0,"FacInspectionCount":0,"FacFormalActionCount":0,"PercentBelowLowincome3mile":28.04,"PercentPeopleOfColor":32.34,"AcsPopulationDensity":5156.67}},{"type":"Feature","geometry":{"type":"Point","coordinates":[-111.99932,40.72611]},"properties":{"FacName":"TENNECO PACKAGING","FacStreet":"4520 WEST 2100 SOUTH","FacCity":"SALT LAKE CITY","FacState":"UT","RegistryID":"110030922606","FacSNCFlg":"N","FacQtrsWithNC":0,"FacInspectionCount":0,"FacFormalActionCount":0,"PercentBelowLowincome3mile":27.51,"PercentPeopleOfColor":40.66,"AcsPopulationDensity":2094.65}},{"type":"Feature","geometry":{"type":"Point","coordinates":[-112.0024,40.73631]},"properties":{"FacName":"TENNECO PACKAGING INC.","FacStreet":"4654 WEST 1525 SOUTH","FacCity":"SALT LAKE CITY","FacState":"UT","RegistryID":"110009506427","FacSNCFlg":"N","FacQtrsWithNC":0,"FacInspectionCount":0,"FacFormalActionCount":0,"PercentBelowLowincome3mile":29.84,"PercentPeopleOfColor":41.6,"AcsPopulationDensity":1162.17}},{"type":"Feature","geometry":{"type":"Point","coordinates":[-111.980719,40.756919]},"properties":{"FacName":"TERMINAL SUBSTATION","FacStreet":"4800 W. 500 S.","FacCity":"SALT LAKE CITY","FacState":"UT","RegistryID":"110001881312","FacSNCFlg":"N","FacQtrsWithNC":0,"FacInspectionCount":0,"FacFormalActionCount":0,"PercentBelowLowincome3mile":26.46,"PercentPeopleOfColor":21.19,"AcsPopulationDensity":637.39}},{"type":"Feature","geometry":{"type":"Point","coordinates":[-111.95457,40.72804]},"properties":{"FacName":"TERRATEK, INC.","FacStreet":"1935 SOUTH FREMONT DRIVE","FacCity":"SALT LAKE CITY","FacState":"UT","RegistryID":"110041685307","FacSNCFlg":"N","FacQtrsWithNC":0,"FacInspectionCount":0,"FacFormalActionCount":0,"PercentBelowLowincome3mile":25.61,"PercentPeopleOfColor":39.57,"AcsPopulationDensity":2372.75}},{"type":"Feature","geometry":{"type":"Point","coordinates":[-111.94604,40.75123]},"properties":{"FacName":"TESCO WILLIAMSEN","FacStreet":"1925 WEST INDIANA AVENUE","FacCity":"SALT LAKE CITY","FacState":"UT","RegistryID":"110001885381","FacSNCFlg":"N","FacQtrsWithNC":0,"FacInspectionCount":0,"FacFormalActionCount":0,"PercentBelowLowincome3mile":29.65,"PercentPeopleOfColor":29.2,"AcsPopulationDensity":1863.93}},{"type":"Feature","geometry":{"type":"Point","coordinates":[-111.9746,40.72676]},"properties":{"FacName":"TESLA SALT LAKE COLLISION","FacStreet":"3530 W 2100 S","FacCity":"SALT LAKE CITY","FacState":"UT","RegistryID":"110071381306","FacSNCFlg":"N","FacQtrsWithNC":0,"FacInspectionCount":0,"FacFormalActionCount":0,"PercentBelowLowincome3mile":28.22,"PercentPeopleOfColor":41.23,"AcsPopulationDensity":2306.21}},{"type":"Feature","geometry":{"type":"Point","coordinates":[-111.88826,40.72076]},"properties":{"FacName":"TESLA SERVICE CENTER","FacStreet":"2312 SOUTH STATE STREET","FacCity":"SALT LAKE CITY","FacState":"UT","RegistryID":"110064013794","FacSNCFlg":"N","FacQtrsWithNC":0,"FacInspectionCount":0,"FacFormalActionCount":0,"PercentBelowLowincome3mile":21.71,"PercentPeopleOfColor":27.52,"AcsPopulationDensity":4755.42}},{"type":"Feature","geometry":{"type":"Point","coordinates":[-111.904423,40.788898]},"properties":{"FacName":"TESORO LOGISTICS OPERATIONS DIG SITE #8","FacStreet":"475 W 900 N","FacCity":"SALT LAKE CITY","FacState":"UT","RegistryID":"110046279273","FacSNCFlg":"N","FacQtrsWithNC":0,"FacInspectionCount":5,"FacFormalActionCount":0,"PercentBelowLowincome3mile":32.53,"PercentPeopleOfColor":31.59,"AcsPopulationDensity":3331.72}},{"type":"Feature","geometry":{"type":"Point","coordinates":[-111.8365,40.740048]},"properties":{"FacName":"TESORO LOGISTICS OPERATIONS, LLC","FacStreet":"1365 WEST 1900 NORTH","FacCity":"SALT LAKE CITY","FacState":"UT","RegistryID":"110005205704","FacSNCFlg":"N","FacQtrsWithNC":0,"FacInspectionCount":0,"FacFormalActionCount":0,"PercentBelowLowincome3mile":23.45,"PercentPeopleOfColor":29,"AcsPopulationDensity":5102.49}},{"type":"Feature","geometry":{"type":"Point","coordinates":[-111.904423,40.788898]},"properties":{"FacName":"TESORO TRUCK LOADING RACK (TLR)","FacStreet":"475 WEST 900 NORTH","FacCity":"SALT LAKE CITY","FacState":"UT","RegistryID":"110043653034","FacSNCFlg":"N","FacQtrsWithNC":0,"FacInspectionCount":1,"FacFormalActionCount":0,"PercentBelowLowincome3mile":32.53,"PercentPeopleOfColor":31.59,"AcsPopulationDensity":3331.72}},{"type":"Feature","geometry":{"type":"Point","coordinates":[-111.96108,40.7405]},"properties":{"FacName":"TFORCE FREIGHT - SALT LAKE CITY","FacStreet":"2900 W CALIFORNIA AVE","FacCity":"SALT LAKE CITY","FacState":"UT","RegistryID":"110005195966","FacSNCFlg":"N","FacQtrsWithNC":0,"FacInspectionCount":1,"FacFormalActionCount":2,"PercentBelowLowincome3mile":27.3,"PercentPeopleOfColor":35.25,"AcsPopulationDensity":1627.53}},{"type":"Feature","geometry":{"type":"Point","coordinates":[-111.961906,40.740768]},"properties":{"FacName":"TFORCE FREIGHT-SALT LAKE CITY","FacStreet":"2900 CALIFORNIA AVENUE","FacCity":"SALT LAKE CITY","FacState":"UT","RegistryID":"110030923455","FacSNCFlg":"N","FacQtrsWithNC":0,"FacInspectionCount":1,"FacFormalActionCount":0,"PercentBelowLowincome3mile":27.33,"PercentPeopleOfColor":35.08,"AcsPopulationDensity":1604.18}},{"type":"Feature","geometry":{"type":"Point","coordinates":[-111.94455,40.74203]},"properties":{"FacName":"THATCHER COMPANY","FacStreet":"1905  FORTUNE ROAD","FacCity":"SALT LAKE CITY","FacState":"UT","RegistryID":"110000469671","FacSNCFlg":"N","FacQtrsWithNC":9,"FacInspectionCount":8,"FacFormalActionCount":1,"PercentBelowLowincome3mile":26.83,"PercentPeopleOfColor":32.51,"AcsPopulationDensity":1915.61}},{"type":"Feature","geometry":{"type":"Point","coordinates":[-111.95356,40.80701]},"properties":{"FacName":"THE BOEING COMPANY","FacStreet":"1760 NORTH 2200 WEST","FacCity":"SALT LAKE CITY","FacState":"UT","RegistryID":"110044903441","FacSNCFlg":"N","FacQtrsWithNC":0,"FacInspectionCount":0,"FacFormalActionCount":0,"PercentBelowLowincome3mile":41.09,"PercentPeopleOfColor":22.3,"AcsPopulationDensity":958.41}},{"type":"Feature","geometry":{"type":"Point","coordinates":[-111.8929,40.7515]},"properties":{"FacName":"THE CHARLI","FacStreet":"828 SOUTH RICHARDS STREET","FacCity":"SALT LAKE CITY","FacState":"UT","RegistryID":"110070706959","FacSNCFlg":"N","FacQtrsWithNC":0,"FacInspectionCount":0,"FacFormalActionCount":0,"PercentBelowLowincome3mile":28.05,"PercentPeopleOfColor":31.78,"AcsPopulationDensity":5351.02}},{"type":"Feature","geometry":{"type":"Point","coordinates":[-111.8778,40.7573]},"properties":{"FacName":"THE CITIZEN","FacStreet":"515 SOUTH 400 EAST","FacCity":"SALT LAKE CITY","FacState":"UT","RegistryID":"110071093874","FacSNCFlg":"N","FacQtrsWithNC":0,"FacInspectionCount":3,"FacFormalActionCount":0,"PercentBelowLowincome3mile":27.77,"PercentPeopleOfColor":31.71,"AcsPopulationDensity":5235.53}},{"type":"Feature","geometry":{"type":"Point","coordinates":[-111.91835,40.80283]},"properties":{"FacName":"THE GATEWAY COMPANY OF UTAH","FacStreet":"1617 NORTH CHICAGO STREET","FacCity":"SALT LAKE CITY","FacState":"UT","RegistryID":"110043854111","FacSNCFlg":"N","FacQtrsWithNC":0,"FacInspectionCount":0,"FacFormalActionCount":0,"PercentBelowLowincome3mile":36.15,"PercentPeopleOfColor":25.41,"AcsPopulationDensity":2002.29}},{"type":"Feature","geometry":{"type":"Point","coordinates":[-111.8767,40.7128]},"properties":{"FacName":"THE HARVEY","FacStreet":"501 EAST 2700 SOUTH","FacCity":"SALT LAKE CITY","FacState":"UT","RegistryID":"110071850952","FacSNCFlg":"N","FacQtrsWithNC":0,"FacInspectionCount":0,"FacFormalActionCount":0,"PercentBelowLowincome3mile":20.69,"PercentPeopleOfColor":25.66,"AcsPopulationDensity":5299.77}},{"type":"Feature","geometry":{"type":"Point","coordinates":[-111,40.7676]},"properties":{"FacName":"THE HUXLEY APARTMENTS","FacStreet":"74 SOUTH 600 WEST","FacCity":"SALT LAKE CITY","FacState":"UT","RegistryID":"110071237566","FacSNCFlg":"N","FacQtrsWithNC":0,"FacInspectionCount":0,"FacFormalActionCount":0,"PercentBelowLowincome3mile":27.03,"PercentPeopleOfColor":23.68,"AcsPopulationDensity":1.35}},{"type":"Feature","geometry":{"type":"Point","coordinates":[-111.9041,40.7774]},"properties":{"FacName":"THE IRIS TOWNHOMES","FacStreet":"443 WEST 400 NORTH","FacCity":"SALT LAKE CITY","FacState":"UT","RegistryID":"110071846764","FacSNCFlg":"N","FacQtrsWithNC":0,"FacInspectionCount":0,"FacFormalActionCount":0,"PercentBelowLowincome3mile":31.81,"PercentPeopleOfColor":31.44,"AcsPopulationDensity":4185.37}},{"type":"Feature","geometry":{"type":"Point","coordinates":[-111.87455,40.76935]},"properties":{"FacName":"THE NATURE CONSERVANCY","FacStreet":"559 EAST SOUTH TEMPLE","FacCity":"SALT LAKE CITY","FacState":"UT","RegistryID":"110055257608","FacSNCFlg":"N","FacQtrsWithNC":0,"FacInspectionCount":0,"FacFormalActionCount":0,"PercentBelowLowincome3mile":28.84,"PercentPeopleOfColor":31.33,"AcsPopulationDensity":4631.53}},{"type":"Feature","geometry":{"type":"Point","coordinates":[-111.94318,40.751431]},"properties":{"FacName":"THE OTHER SIDE VILLAGE","FacStreet":"1850 WEST INDIANA AVENUE","FacCity":"SALT LAKE CITY","FacState":"UT","RegistryID":"110071671709","FacSNCFlg":"N","FacQtrsWithNC":2,"FacInspectionCount":1,"FacFormalActionCount":0,"PercentBelowLowincome3mile":29.7,"PercentPeopleOfColor":28.64,"AcsPopulationDensity":1974.69}},{"type":"Feature","geometry":{"type":"Point","coordinates":[-111.9439,40.7514]},"properties":{"FacName":"THE OTHER SIDE VILLAGE","FacStreet":"1938 INDIANA AVE","FacCity":"SALT LAKE CITY","FacState":"UT","RegistryID":"110071512635","FacSNCFlg":"N","FacQtrsWithNC":0,"FacInspectionCount":0,"FacFormalActionCount":0,"PercentBelowLowincome3mile":29.76,"PercentPeopleOfColor":28.83,"AcsPopulationDensity":1938.53}},{"type":"Feature","geometry":{"type":"Point","coordinates":[-111.87121,40.72404]},"properties":{"FacName":"THE PEP BOYS","FacStreet":"2160 SOUTH 700 EAST","FacCity":"SALT LAKE CITY","FacState":"UT","RegistryID":"110005207098","FacSNCFlg":"N","FacQtrsWithNC":0,"FacInspectionCount":0,"FacFormalActionCount":0,"PercentBelowLowincome3mile":21.35,"PercentPeopleOfColor":26.25,"AcsPopulationDensity":5655.97}},{"type":"Feature","geometry":{"type":"Point","coordinates":[-111.89546,40.76939]},"properties":{"FacName":"THE PLAZA DEMO","FacStreet":"122 W SOUTH TEMPLE","FacCity":"SALT LAKE CITY","FacState":"UT","RegistryID":"110072103748","FacSNCFlg":"N","FacQtrsWithNC":0,"FacInspectionCount":0,"FacFormalActionCount":0,"PercentBelowLowincome3mile":29.45,"PercentPeopleOfColor":30.23,"AcsPopulationDensity":4718.78}},{"type":"Feature","geometry":{"type":"Point","coordinates":[-111.8993,40.7789]},"properties":{"FacName":"THE QUINCE, LC","FacStreet":"294 WEST 430 NORTH","FacCity":"SALT LAKE CITY","FacState":"UT","RegistryID":"110071076238","FacSNCFlg":"N","FacQtrsWithNC":0,"FacInspectionCount":0,"FacFormalActionCount":0,"PercentBelowLowincome3mile":32.01,"PercentPeopleOfColor":31.59,"AcsPopulationDensity":4239.44}},{"type":"Feature","geometry":{"type":"Point","coordinates":[-111.94359,40.75837]},"properties":{"FacName":"THE SHURTLEFF & ANDREWS CORPORATION","FacStreet":"1875 W 500 S","FacCity":"SALT LAKE CITY","FacState":"UT","RegistryID":"110002301018","FacSNCFlg":"N","FacQtrsWithNC":0,"FacInspectionCount":0,"FacFormalActionCount":0,"PercentBelowLowincome3mile":31.34,"PercentPeopleOfColor":26.69,"AcsPopulationDensity":1973.46}},{"type":"Feature","geometry":{"type":"Point","coordinates":[-111.901425,40.714581]},"properties":{"FacName":"THE TRANE COMPANY","FacStreet":"410 IRONWOOD DR","FacCity":"SALT LAKE CITY","FacState":"UT","RegistryID":"110005203378","FacSNCFlg":"N","FacQtrsWithNC":0,"FacInspectionCount":0,"FacFormalActionCount":0,"PercentBelowLowincome3mile":21.91,"PercentPeopleOfColor":31.11,"AcsPopulationDensity":4333.73}},{"type":"Feature","geometry":{"type":"Point","coordinates":[-111.9464,40.7712]},"properties":{"FacName":"THE VILLAGE AT NORTH STATION - BUILDING H","FacStreet":"1925 WEST NORTH TEMPLE","FacCity":"SALT LAKE CITY","FacState":"UT","RegistryID":"110071178574","FacSNCFlg":"N","FacQtrsWithNC":1,"FacInspectionCount":2,"FacFormalActionCount":0,"PercentBelowLowincome3mile":31.34,"PercentPeopleOfColor":23.4,"AcsPopulationDensity":1822.08}},{"type":"Feature","geometry":{"type":"Point","coordinates":[-111.9277,40.7661]},"properties":{"FacName":"THE YARD","FacStreet":"125 S NAVAJO RD.","FacCity":"SALT LAKE CITY","FacState":"UT","RegistryID":"110071813975","FacSNCFlg":"N","FacQtrsWithNC":0,"FacInspectionCount":0,"FacFormalActionCount":0,"PercentBelowLowincome3mile":30.21,"PercentPeopleOfColor":25.15,"AcsPopulationDensity":2952.94}},{"type":"Feature","geometry":{"type":"Point","coordinates":[-111.9379,40.7572]},"properties":{"FacName":"THECOLLABORATIVE565","FacStreet":"565 SOUTH REDWOOD ROAD","FacCity":"SALT LAKE CITY","FacState":"UT","RegistryID":"110071408467","FacSNCFlg":"N","FacQtrsWithNC":0,"FacInspectionCount":0,"FacFormalActionCount":0,"PercentBelowLowincome3mile":30.59,"PercentPeopleOfColor":26.84,"AcsPopulationDensity":2378.58}},{"type":"Feature","geometry":{"type":"Point","coordinates":[-111.889666,40.734045]},"properties":{"FacName":"THEPENNY","FacStreet":"1660 SOUTH MAJOR STREET","FacCity":"SALT LAKE CITY","FacState":"UT","RegistryID":"110070712258","FacSNCFlg":"N","FacQtrsWithNC":0,"FacInspectionCount":0,"FacFormalActionCount":0,"PercentBelowLowincome3mile":25.16,"PercentPeopleOfColor":30.33,"AcsPopulationDensity":5418.47}},{"type":"Feature","geometry":{"type":"Point","coordinates":[-111.948723,40.758453]},"properties":{"FacName":"THERMO FLUIDS INC.","FacStreet":"3545 W 500 S","FacCity":"SALT LAKE CITY","FacState":"UT","RegistryID":"110046248066","FacSNCFlg":"N","FacQtrsWithNC":4,"FacInspectionCount":7,"FacFormalActionCount":0,"PercentBelowLowincome3mile":30.8,"PercentPeopleOfColor":26.35,"AcsPopulationDensity":1785.17}},{"type":"Feature","geometry":{"type":"Point","coordinates":[-111.8535,40.766]},"properties":{"FacName":"THEROW","FacStreet":"153 S. 1300 E.","FacCity":"SALT LAKE CITY","FacState":"UT","RegistryID":"110071849166","FacSNCFlg":"N","FacQtrsWithNC":0,"FacInspectionCount":0,"FacFormalActionCount":0,"PercentBelowLowincome3mile":27.62,"PercentPeopleOfColor":32.49,"AcsPopulationDensity":4333.41}},{"type":"Feature","geometry":{"type":"Point","coordinates":[-111.88951,40.75416]},"properties":{"FacName":"THIRD RIVER\/ACE AUTO","FacStreet":"47 EAST 700 SOUTH","FacCity":"SALT LAKE CITY","FacState":"UT","RegistryID":"110072121925","FacSNCFlg":"N","FacQtrsWithNC":0,"FacInspectionCount":0,"FacFormalActionCount":0,"PercentBelowLowincome3mile":28.11,"PercentPeopleOfColor":31.53,"AcsPopulationDensity":5366.93}},{"type":"Feature","geometry":{"type":"Point","coordinates":[-111.814564,40.700246]},"properties":{"FacName":"TIER ONE REAL ESTATE & PROPERTY MANAGEMENT","FacStreet":"2715 E 300 S","FacCity":"SALT LAKE CITY","FacState":"UT","RegistryID":"110071497895","FacSNCFlg":"N","FacQtrsWithNC":null,"FacInspectionCount":1,"FacFormalActionCount":0,"PercentBelowLowincome3mile":19.76,"PercentPeopleOfColor":20.94,"AcsPopulationDensity":3737}},{"type":"Feature","geometry":{"type":"Point","coordinates":[-111.94383,40.75951]},"properties":{"FacName":"TIM SAVAGE TRUCKING","FacStreet":"460 ORANGE ST","FacCity":"SALT LAKE CITY","FacState":"UT","RegistryID":"110009506748","FacSNCFlg":"N","FacQtrsWithNC":0,"FacInspectionCount":0,"FacFormalActionCount":0,"PercentBelowLowincome3mile":31.44,"PercentPeopleOfColor":26.39,"AcsPopulationDensity":1966.03}},{"type":"Feature","geometry":{"type":"Point","coordinates":[-111.899186,40.740672]},"properties":{"FacName":"TIRE WORLD","FacStreet":"1313 SO 300 WEST","FacCity":"SALT LAKE CITY","FacState":"UT","RegistryID":"110005200790","FacSNCFlg":"N","FacQtrsWithNC":0,"FacInspectionCount":0,"FacFormalActionCount":0,"PercentBelowLowincome3mile":26.75,"PercentPeopleOfColor":31.42,"AcsPopulationDensity":5078.72}},{"type":"Feature","geometry":{"type":"Point","coordinates":[-111.888142,40.758478]},"properties":{"FacName":"TITANASCLUB, INC","FacStreet":"40.758478, -111.888142","FacCity":"SALT LAKE CITY","FacState":"UT","RegistryID":"110072071574","FacSNCFlg":"N","FacQtrsWithNC":null,"FacInspectionCount":0,"FacFormalActionCount":0,"PercentBelowLowincome3mile":28.18,"PercentPeopleOfColor":31.35,"AcsPopulationDensity":5250.98}},{"type":"Feature","geometry":{"type":"Point","coordinates":[-111.8724,40.7664]},"properties":{"FacName":"TOSA SLC","FacStreet":"630 EAST 100 SOUTH","FacCity":"SALT LAKE CITY","FacState":"UT","RegistryID":"110071825653","FacSNCFlg":"N","FacQtrsWithNC":0,"FacInspectionCount":0,"FacFormalActionCount":0,"PercentBelowLowincome3mile":28.27,"PercentPeopleOfColor":31.24,"AcsPopulationDensity":4739.96}},{"type":"Feature","geometry":{"type":"Point","coordinates":[-112.03278,40.7788]},"properties":{"FacName":"TOSCA LTD.","FacStreet":"5950 W AMELIA EARHART DR","FacCity":"SALT LAKE CITY","FacState":"UT","RegistryID":"110032629715","FacSNCFlg":"N","FacQtrsWithNC":0,"FacInspectionCount":0,"FacFormalActionCount":0,"PercentBelowLowincome3mile":27.41,"PercentPeopleOfColor":14.41,"AcsPopulationDensity":76.74}},{"type":"Feature","geometry":{"type":"Point","coordinates":[-111.89255,40.70897]},"properties":{"FacName":"TOTAL INTERIOR DEMOLITION (TID)","FacStreet":"45 W. LOUISE AVE.","FacCity":"SOUTH SALT LAKE","FacState":"UT","RegistryID":"110030900568","FacSNCFlg":"N","FacQtrsWithNC":0,"FacInspectionCount":0,"FacFormalActionCount":0,"PercentBelowLowincome3mile":22.71,"PercentPeopleOfColor":30.75,"AcsPopulationDensity":4727.57}},{"type":"Feature","geometry":{"type":"Point","coordinates":[-111.903363,40.785692]},"properties":{"FacName":"TOWNES AT MARMALADE","FacStreet":"765 N 400 W","FacCity":"SALT LAKE CITY","FacState":"UT","RegistryID":"110071278167","FacSNCFlg":"N","FacQtrsWithNC":0,"FacInspectionCount":1,"FacFormalActionCount":0,"PercentBelowLowincome3mile":32.59,"PercentPeopleOfColor":32.24,"AcsPopulationDensity":3711.1}},{"type":"Feature","geometry":{"type":"Point","coordinates":[-111.97005,40.7364]},"properties":{"FacName":"TRADESTAR CORPERATION","FacStreet":"1590 SOUTH GLADIOLA STREET","FacCity":"SALT LAKE CITY","FacState":"UT","RegistryID":"110056380919","FacSNCFlg":"N","FacQtrsWithNC":0,"FacInspectionCount":0,"FacFormalActionCount":0,"PercentBelowLowincome3mile":28.4,"PercentPeopleOfColor":38.17,"AcsPopulationDensity":1625.83}},{"type":"Feature","geometry":{"type":"Point","coordinates":[-111.97005,40.7364]},"properties":{"FacName":"TRADESTAR CORPORATION","FacStreet":"1590 GLADIOLA STREET","FacCity":"SALT LAKE CITY","FacState":"UT","RegistryID":"110071951010","FacSNCFlg":"N","FacQtrsWithNC":0,"FacInspectionCount":0,"FacFormalActionCount":0,"PercentBelowLowincome3mile":28.4,"PercentPeopleOfColor":38.17,"AcsPopulationDensity":1625.83}},{"type":"Feature","geometry":{"type":"Point","coordinates":[-111.82423,40.72497]},"properties":{"FacName":"TRAILSIDE CLEANERS","FacStreet":"2313 EAST PARLEYS WAY","FacCity":"SALT LAKE CITY","FacState":"UT","RegistryID":"110005200870","FacSNCFlg":"N","FacQtrsWithNC":0,"FacInspectionCount":0,"FacFormalActionCount":0,"PercentBelowLowincome3mile":18.6,"PercentPeopleOfColor":21.9,"AcsPopulationDensity":4095.28}},{"type":"Feature","geometry":{"type":"Point","coordinates":[-111.8621,40.7504]},"properties":{"FacName":"TRAN RESIDENCE","FacStreet":"863 S 1000 E","FacCity":"SALT LAKE CITY","FacState":"UT","RegistryID":"110071236083","FacSNCFlg":"N","FacQtrsWithNC":0,"FacInspectionCount":0,"FacFormalActionCount":0,"PercentBelowLowincome3mile":26.05,"PercentPeopleOfColor":31.4,"AcsPopulationDensity":5438.71}},{"type":"Feature","geometry":{"type":"Point","coordinates":[-111.961364,40.757979]},"properties":{"FacName":"TRANSCO LOGISTICS LLC SLC","FacStreet":"2825 WEST 500 SOUTH","FacCity":"SALT LAKE CITY","FacState":"UT","RegistryID":"110070815601","FacSNCFlg":"N","FacQtrsWithNC":0,"FacInspectionCount":1,"FacFormalActionCount":0,"PercentBelowLowincome3mile":29.27,"PercentPeopleOfColor":24.42,"AcsPopulationDensity":1389.8}},{"type":"Feature","geometry":{"type":"Point","coordinates":[-111.98524,40.78527]},"properties":{"FacName":"TRANSPORTATION SECURITY ADMINISTRATION (TSA) AT SLC INTERNATIONAL AIRPORT","FacStreet":"3920 WEST TERMINAL DRIVE","FacCity":"SALT LAKE CITY","FacState":"UT","RegistryID":"110070862398","FacSNCFlg":"N","FacQtrsWithNC":0,"FacInspectionCount":1,"FacFormalActionCount":0,"PercentBelowLowincome3mile":39.83,"PercentPeopleOfColor":20,"AcsPopulationDensity":524.44}},{"type":"Feature","geometry":{"type":"Point","coordinates":[-112.0268,40.7572]},"properties":{"FacName":"TRANSPORTES FREIGHT AND LOGISTICS","FacStreet":"5650 WEST 610 SOUTH, LOT 16 & 17","FacCity":"SALT LAKE CITY","FacState":"UT","RegistryID":"110070791732","FacSNCFlg":"N","FacQtrsWithNC":0,"FacInspectionCount":0,"FacFormalActionCount":0,"PercentBelowLowincome3mile":29.83,"PercentPeopleOfColor":26.86,"AcsPopulationDensity":119.49}},{"type":"Feature","geometry":{"type":"Point","coordinates":[-112.026,40.7574]},"properties":{"FacName":"TRANSPORTES HOLDING LLC","FacStreet":"5650 WEST 610 SOUTH","FacCity":"SALT LAKE CITY","FacState":"UT","RegistryID":"110070826194","FacSNCFlg":"N","FacQtrsWithNC":0,"FacInspectionCount":0,"FacFormalActionCount":0,"PercentBelowLowincome3mile":30.01,"PercentPeopleOfColor":26.39,"AcsPopulationDensity":119.11}},{"type":"Feature","geometry":{"type":"Point","coordinates":[-111.871708,40.75848]},"properties":{"FacName":"TROLLEY NORTH - CELL TOWER","FacStreet":"675 E 500 S","FacCity":"SALT LAKE CITY","FacState":"UT","RegistryID":"110071410105","FacSNCFlg":"N","FacQtrsWithNC":1,"FacInspectionCount":0,"FacFormalActionCount":0,"PercentBelowLowincome3mile":27.52,"PercentPeopleOfColor":32,"AcsPopulationDensity":5099.98}},{"type":"Feature","geometry":{"type":"Point","coordinates":[-111.970072,40.737371]},"properties":{"FacName":"TRULITE GLASS & ALUMINUM SOLUTIONS","FacStreet":"3250 PROFESSIONAL CIRCLE","FacCity":"SALT LAKE CITY","FacState":"UT","RegistryID":"110070885008","FacSNCFlg":"N","FacQtrsWithNC":0,"FacInspectionCount":1,"FacFormalActionCount":0,"PercentBelowLowincome3mile":28.32,"PercentPeopleOfColor":37.94,"AcsPopulationDensity":1579.19}},{"type":"Feature","geometry":{"type":"Point","coordinates":[-111.97938,40.73506]},"properties":{"FacName":"TRULITE GLASS & ALUMINUM SOLUTIONS","FacStreet":"1655 AWL CIRCLE","FacCity":"SALT LAKE CITY","FacState":"UT","RegistryID":"110069573544","FacSNCFlg":"N","FacQtrsWithNC":0,"FacInspectionCount":1,"FacFormalActionCount":0,"PercentBelowLowincome3mile":30.3,"PercentPeopleOfColor":39.29,"AcsPopulationDensity":1541.63}},{"type":"Feature","geometry":{"type":"Point","coordinates":[-111.91234,40.73951]},"properties":{"FacName":"TSB FOUNDRY, INC.","FacStreet":"736 WEST 1390 SOUTH","FacCity":"SALT LAKE CITY","FacState":"UT","RegistryID":"110071920469","FacSNCFlg":"N","FacQtrsWithNC":0,"FacInspectionCount":0,"FacFormalActionCount":0,"PercentBelowLowincome3mile":25.27,"PercentPeopleOfColor":28.45,"AcsPopulationDensity":4107.59}},{"type":"Feature","geometry":{"type":"Point","coordinates":[-111.851883,40.703064]},"properties":{"FacName":"TSW LLC  (PREV. K & P CORP)","FacStreet":"3120 SOUTH HIGHLAND DRIVE","FacCity":"SALT LAKE CITY","FacState":"UT","RegistryID":"110005204858","FacSNCFlg":"N","FacQtrsWithNC":0,"FacInspectionCount":0,"FacFormalActionCount":0,"PercentBelowLowincome3mile":20.47,"PercentPeopleOfColor":23.38,"AcsPopulationDensity":5653.03}},{"type":"Feature","geometry":{"type":"Point","coordinates":[-112.01155,40.78135]},"properties":{"FacName":"TUBING MANUFACTURING FACILITY","FacStreet":"5040 W. HAROLD GATTY DRIVE","FacCity":"SALT LAKE CITY","FacState":"UT","RegistryID":"110010797218","FacSNCFlg":"N","FacQtrsWithNC":0,"FacInspectionCount":3,"FacFormalActionCount":0,"PercentBelowLowincome3mile":29.93,"PercentPeopleOfColor":12.92,"AcsPopulationDensity":90.35}},{"type":"Feature","geometry":{"type":"Point","coordinates":[-111.875509,40.72545]},"properties":{"FacName":"TUNEX INTERNATIONAL INC","FacStreet":"544 EAST 2100 SOUTH","FacCity":"SALT LAKE CITY","FacState":"UT","RegistryID":"110005204064","FacSNCFlg":"N","FacQtrsWithNC":0,"FacInspectionCount":0,"FacFormalActionCount":0,"PercentBelowLowincome3mile":21.66,"PercentPeopleOfColor":26.85,"AcsPopulationDensity":5589.05}},{"type":"Feature","geometry":{"type":"Point","coordinates":[-111.93919,40.76724]},"properties":{"FacName":"TUNEX INTERNATIONAL INC","FacStreet":"3406 SOUTH REDWOOD RD","FacCity":"SALT LAKE CITY","FacState":"UT","RegistryID":"110005204073","FacSNCFlg":"N","FacQtrsWithNC":0,"FacInspectionCount":0,"FacFormalActionCount":0,"PercentBelowLowincome3mile":31.53,"PercentPeopleOfColor":24.98,"AcsPopulationDensity":2150.32}},{"type":"Feature","geometry":{"type":"Point","coordinates":[-111.7414,40.7883]},"properties":{"FacName":"TWIN CREEK CIRCLE OWNER\/BUILDER PROJECT","FacStreet":"964 N TWIN CREEK CIRCLE","FacCity":"SALT LAKE CITY","FacState":"UT","RegistryID":"110071425630","FacSNCFlg":"N","FacQtrsWithNC":0,"FacInspectionCount":0,"FacFormalActionCount":0,"PercentBelowLowincome3mile":11.86,"PercentPeopleOfColor":9.6,"AcsPopulationDensity":23.64}},{"type":"Feature","geometry":{"type":"Point","coordinates":[-111.8371,40.762]},"properties":{"FacName":"U OF U ANNEX PARKING LOT","FacStreet":"1901 E SOUTH CAMPUS DRIVE","FacCity":"SALT LAKE CITY","FacState":"UT","RegistryID":"110071075508","FacSNCFlg":"N","FacQtrsWithNC":0,"FacInspectionCount":0,"FacFormalActionCount":0,"PercentBelowLowincome3mile":26.76,"PercentPeopleOfColor":32.99,"AcsPopulationDensity":4024.53}},{"type":"Feature","geometry":{"type":"Point","coordinates":[-111.8512,40.76159]},"properties":{"FacName":"U OF U HTHW FINAL PHASE","FacStreet":"252 S. 1400 E.","FacCity":"SALT LAKE CITY","FacState":"UT","RegistryID":"110070713949","FacSNCFlg":"N","FacQtrsWithNC":0,"FacInspectionCount":0,"FacFormalActionCount":0,"PercentBelowLowincome3mile":27.5,"PercentPeopleOfColor":32.83,"AcsPopulationDensity":4506.9}},{"type":"Feature","geometry":{"type":"Point","coordinates":[-111.8444,40.7677]},"properties":{"FacName":"U OF U INTERDISCIPLINARY COMPUTING BUILDING","FacStreet":"71 CENTRAL CAMPUS DRIVE","FacCity":"SALT LAKE CITY","FacState":"UT","RegistryID":"110071707572","FacSNCFlg":"N","FacQtrsWithNC":0,"FacInspectionCount":0,"FacFormalActionCount":0,"PercentBelowLowincome3mile":27.31,"PercentPeopleOfColor":32.47,"AcsPopulationDensity":4018.31}},{"type":"Feature","geometry":{"type":"Point","coordinates":[-111.83466,40.75957]},"properties":{"FacName":"U OF U MARIO CAPECCHI SIDEWALK","FacStreet":"MARIO CAPECCHI DRIVE","FacCity":"SALT LAKE CITY","FacState":"UT","RegistryID":"110070710698","FacSNCFlg":"N","FacQtrsWithNC":0,"FacInspectionCount":0,"FacFormalActionCount":0,"PercentBelowLowincome3mile":26.28,"PercentPeopleOfColor":32.68,"AcsPopulationDensity":4046.33}},{"type":"Feature","geometry":{"type":"Point","coordinates":[-111.8364,40.7696]},"properties":{"FacName":"U OF U MED X ROADWAY","FacStreet":"30 MARIO CAPECCHI DR.","FacCity":"SALT LAKE CITY","FacState":"UT","RegistryID":"110070827252","FacSNCFlg":"N","FacQtrsWithNC":0,"FacInspectionCount":0,"FacFormalActionCount":0,"PercentBelowLowincome3mile":27.45,"PercentPeopleOfColor":33.09,"AcsPopulationDensity":3576.53}},{"type":"Feature","geometry":{"type":"Point","coordinates":[-111.82469,40.76283]},"properties":{"FacName":"U OF U NATURAL HISTORY MUSEUM","FacStreet":"301 WAKARA WAY","FacCity":"SALT LAKE CITY","FacState":"UT","RegistryID":"110070708323","FacSNCFlg":"N","FacQtrsWithNC":0,"FacInspectionCount":0,"FacFormalActionCount":0,"PercentBelowLowincome3mile":26.4,"PercentPeopleOfColor":33.41,"AcsPopulationDensity":3247.8}},{"type":"Feature","geometry":{"type":"Point","coordinates":[-111.8368,40.7624]},"properties":{"FacName":"U OF U P3 STUDENT HOUSING ACC","FacStreet":"296 1850 E","FacCity":"SALT LAKE CITY","FacState":"UT","RegistryID":"110071783578","FacSNCFlg":"N","FacQtrsWithNC":0,"FacInspectionCount":0,"FacFormalActionCount":0,"PercentBelowLowincome3mile":26.76,"PercentPeopleOfColor":32.99,"AcsPopulationDensity":3990.55}},{"type":"Feature","geometry":{"type":"Point","coordinates":[-111.8378,40.7736]},"properties":{"FacName":"U OF U PARKING STRUCTURE","FacStreet":"1865 E MEDICAL DRIVE NORTH","FacCity":"SALT LAKE CITY","FacState":"UT","RegistryID":"110070876290","FacSNCFlg":"N","FacQtrsWithNC":0,"FacInspectionCount":0,"FacFormalActionCount":0,"PercentBelowLowincome3mile":28.48,"PercentPeopleOfColor":34.05,"AcsPopulationDensity":3401.63}},{"type":"Feature","geometry":{"type":"Point","coordinates":[-111.8372,40.7691]},"properties":{"FacName":"U OF U SORENSON CENTER FOR MEDICAL INNOVATION","FacStreet":"46 MARIO CAPECCHI DRIVE","FacCity":"SALT LAKE CITY","FacState":"UT","RegistryID":"110071729309","FacSNCFlg":"N","FacQtrsWithNC":0,"FacInspectionCount":0,"FacFormalActionCount":0,"PercentBelowLowincome3mile":27.34,"PercentPeopleOfColor":32.92,"AcsPopulationDensity":3640.71}},{"type":"Feature","geometry":{"type":"Point","coordinates":[-111.865215,40.66888]},"properties":{"FacName":"U.S. $1.99 CLEANERS","FacStreet":"4655 SOUTH 900 EAST","FacCity":"SALT LAKE CITY","FacState":"UT","RegistryID":"110005211234","FacSNCFlg":"N","FacQtrsWithNC":0,"FacInspectionCount":0,"FacFormalActionCount":0,"PercentBelowLowincome3mile":23.47,"PercentPeopleOfColor":27.02,"AcsPopulationDensity":5330.28}},{"type":"Feature","geometry":{"type":"Point","coordinates":[-111.9252,40.4368]},"properties":{"FacName":"U.S. ARMY NATIONAL GUARD CAMP WILLIAMS RANGES","FacStreet":"17800 S CAMP WILLIAMS RD","FacCity":"RIVERTON","FacState":"UT","RegistryID":"110037148501","FacSNCFlg":"N","FacQtrsWithNC":0,"FacInspectionCount":1,"FacFormalActionCount":0,"PercentBelowLowincome3mile":11.3,"PercentPeopleOfColor":15.94,"AcsPopulationDensity":963.72}},{"type":"Feature","geometry":{"type":"Point","coordinates":[-111.985737,40.784868]},"properties":{"FacName":"U.S. CUSTOMS AND BORDER PROTECTION SALT LAKE CITY PORT OF ENTRY","FacStreet":"3850 N TERMINAL DR","FacCity":"SALT LAKE CITY","FacState":"UT","RegistryID":"110070864755","FacSNCFlg":"N","FacQtrsWithNC":null,"FacInspectionCount":1,"FacFormalActionCount":1,"PercentBelowLowincome3mile":39.93,"PercentPeopleOfColor":19.91,"AcsPopulationDensity":513.41}},{"type":"Feature","geometry":{"type":"Point","coordinates":[-111.9212,40.7958]},"properties":{"FacName":"UCA JRR HEAD START PARKING LOT IMPROVEMENTS 2023","FacStreet":"1240 AMERICAN BEAUTY DR","FacCity":"SALT LAKE CITY","FacState":"UT","RegistryID":"110071426428","FacSNCFlg":"N","FacQtrsWithNC":0,"FacInspectionCount":0,"FacFormalActionCount":0,"PercentBelowLowincome3mile":35.22,"PercentPeopleOfColor":26.71,"AcsPopulationDensity":2111.66}},{"type":"Feature","geometry":{"type":"Point","coordinates":[-111.93937,40.77688]},"properties":{"FacName":"UDAF PLANT INDUSTRY","FacStreet":"350 N REDWOOD ROAD","FacCity":"SALT LAKE CITY","FacState":"UT","RegistryID":"110045510540","FacSNCFlg":"N","FacQtrsWithNC":0,"FacInspectionCount":0,"FacFormalActionCount":0,"PercentBelowLowincome3mile":32.74,"PercentPeopleOfColor":25.28,"AcsPopulationDensity":1957.8}},{"type":"Feature","geometry":{"type":"Point","coordinates":[-111.8341,40.6999]},"properties":{"FacName":"UDOT 2000 E, 3300 S TO ATKIN AVE","FacStreet":"2000 EAST: 3300 SOUTH TO ATKIN AVE","FacCity":"SALT LAKE CITY","FacState":"UT","RegistryID":"110072130883","FacSNCFlg":"N","FacQtrsWithNC":0,"FacInspectionCount":0,"FacFormalActionCount":0,"PercentBelowLowincome3mile":21.52,"PercentPeopleOfColor":23.89,"AcsPopulationDensity":5179.91}},{"type":"Feature","geometry":{"type":"Point","coordinates":[-111.95923,40.72749]},"properties":{"FacName":"UDOT REGION 2 MATERIALS LAB","FacStreet":"2010 SOUTH 2760 WEST","FacCity":"SALT LAKE CITY","FacState":"UT","RegistryID":"110005199784","FacSNCFlg":"N","FacQtrsWithNC":0,"FacInspectionCount":0,"FacFormalActionCount":0,"PercentBelowLowincome3mile":25.73,"PercentPeopleOfColor":40.54,"AcsPopulationDensity":2356.45}},{"type":"Feature","geometry":{"type":"Point","coordinates":[-111.95338,40.73263]},"properties":{"FacName":"UINTA BREWING COMPANY","FacStreet":"1722 SOUTH FREMONT","FacCity":"SALT LAKE CITY","FacState":"UT","RegistryID":"110071926713","FacSNCFlg":"N","FacQtrsWithNC":0,"FacInspectionCount":0,"FacFormalActionCount":0,"PercentBelowLowincome3mile":26.67,"PercentPeopleOfColor":37.84,"AcsPopulationDensity":2154.92}},{"type":"Feature","geometry":{"type":"Point","coordinates":[-111.95356,40.810137]},"properties":{"FacName":"ULTRA SAFE NUCLEAR CORPORATION","FacStreet":"1930 N 2200 W SUITE 5","FacCity":"SALT LAKE CITY","FacState":"UT","RegistryID":"110071933003","FacSNCFlg":"N","FacQtrsWithNC":0,"FacInspectionCount":0,"FacFormalActionCount":0,"PercentBelowLowincome3mile":40.82,"PercentPeopleOfColor":22.28,"AcsPopulationDensity":958.3}},{"type":"Feature","geometry":{"type":"Point","coordinates":[-111.910515,40.722718]},"properties":{"FacName":"UNION PACIFIC RAILROAD","FacStreet":"650 DAVIS ROAD","FacCity":"SALT LAKE CITY","FacState":"UT","RegistryID":"110009507033","FacSNCFlg":"N","FacQtrsWithNC":0,"FacInspectionCount":0,"FacFormalActionCount":0,"PercentBelowLowincome3mile":21.61,"PercentPeopleOfColor":29.47,"AcsPopulationDensity":3952.86}},{"type":"Feature","geometry":{"type":"Point","coordinates":[-112.02224,40.74857]},"properties":{"FacName":"UNION PACIFIC RAILROAD - SALT LAKE CITY INTERMODAL FACILITY","FacStreet":"1045 SOUTH 5500 WEST","FacCity":"SALT LAKE CITY","FacState":"UT","RegistryID":"110030924711","FacSNCFlg":"N","FacQtrsWithNC":0,"FacInspectionCount":0,"FacFormalActionCount":0,"PercentBelowLowincome3mile":22.22,"PercentPeopleOfColor":35.65,"AcsPopulationDensity":248.29}},{"type":"Feature","geometry":{"type":"Point","coordinates":[-111.905215,40.788367]},"properties":{"FacName":"UNION PACIFIC RRSLC NORTH YARD","FacStreet":"500 WEST 900 NORTH","FacCity":"SALT LAKE CITY","FacState":"UT","RegistryID":"110032610752","FacSNCFlg":"N","FacQtrsWithNC":0,"FacInspectionCount":0,"FacFormalActionCount":0,"PercentBelowLowincome3mile":32.27,"PercentPeopleOfColor":31.25,"AcsPopulationDensity":3334.97}},{"type":"Feature","geometry":{"type":"Point","coordinates":[-112.042989,40.631675]},"properties":{"FacName":"UNITED AIRLINES, INC. (PREV. CONTINENTAL)","FacStreet":"P.O.B. 22128 SALTLAKE INTERNATIONAL AIRPORT","FacCity":"SALT LAKE CITY","FacState":"UT","RegistryID":"110008176918","FacSNCFlg":"N","FacQtrsWithNC":0,"FacInspectionCount":0,"FacFormalActionCount":0,"PercentBelowLowincome3mile":27.65,"PercentPeopleOfColor":41.29,"AcsPopulationDensity":2660.11}},{"type":"Feature","geometry":{"type":"Point","coordinates":[-111.98394,40.803863]},"properties":{"FacName":"UNITED PARCEL SERVICE - SALT LAKE AIRPORT","FacStreet":"3815 W 1580 N","FacCity":"SALT LAKE CITY","FacState":"UT","RegistryID":"110005209176","FacSNCFlg":"N","FacQtrsWithNC":0,"FacInspectionCount":0,"FacFormalActionCount":2,"PercentBelowLowincome3mile":38.94,"PercentPeopleOfColor":18.22,"AcsPopulationDensity":412.62}},{"type":"Feature","geometry":{"type":"Point","coordinates":[-111.94469,40.71515]},"properties":{"FacName":"UNITED PARCEL SERVICE - SALT LAKE CITY (UTSLC)","FacStreet":"2040 PARKWAY BOULEVARD","FacCity":"WEST VALLEY CITY","FacState":"UT","RegistryID":"110002467937","FacSNCFlg":"N","FacQtrsWithNC":0,"FacInspectionCount":2,"FacFormalActionCount":2,"PercentBelowLowincome3mile":23.89,"PercentPeopleOfColor":41.52,"AcsPopulationDensity":3125.61}},{"type":"Feature","geometry":{"type":"Point","coordinates":[-111.942839,40.71687]},"properties":{"FacName":"UNITED PARCEL SERVICE SALT LAKE CITY AUTOMOTIVE SHOP","FacStreet":"2440 S PROGRESS DRIVE","FacCity":"SALT LAKE CITY","FacState":"UT","RegistryID":"110005197884","FacSNCFlg":"N","FacQtrsWithNC":0,"FacInspectionCount":1,"FacFormalActionCount":0,"PercentBelowLowincome3mile":24.05,"PercentPeopleOfColor":41.25,"AcsPopulationDensity":3097.96}},{"type":"Feature","geometry":{"type":"Point","coordinates":[-112.044142,40.757821]},"properties":{"FacName":"UNITED PARCEL SERVICE, UTAH REGIONAL HUB","FacStreet":"380 SOUTH 6400 WEST","FacCity":"SALT LAKE CITY","FacState":"UT","RegistryID":"110070435234","FacSNCFlg":"N","FacQtrsWithNC":0,"FacInspectionCount":1,"FacFormalActionCount":2,"PercentBelowLowincome3mile":26.15,"PercentPeopleOfColor":29.54,"AcsPopulationDensity":110.82}},{"type":"Feature","geometry":{"type":"Point","coordinates":[-111.93901,40.74815]},"properties":{"FacName":"UNITED STATES WELDING","FacStreet":"999 SOUTH REDWOOD ROAD","FacCity":"SALT LAKE CITY","FacState":"UT","RegistryID":"110000579366","FacSNCFlg":"N","FacQtrsWithNC":0,"FacInspectionCount":0,"FacFormalActionCount":0,"PercentBelowLowincome3mile":28.44,"PercentPeopleOfColor":28.48,"AcsPopulationDensity":2201.65}},{"type":"Feature","geometry":{"type":"Point","coordinates":[-111.90142,40.71357]},"properties":{"FacName":"UNITED TECHNOLOGIES OTIS ELEVATOR","FacStreet":"409 IRONWOOD DR","FacCity":"SALT LAKE CITY","FacState":"UT","RegistryID":"110005203831","FacSNCFlg":"N","FacQtrsWithNC":0,"FacInspectionCount":0,"FacFormalActionCount":0,"PercentBelowLowincome3mile":22.03,"PercentPeopleOfColor":31.56,"AcsPopulationDensity":4365.44}},{"type":"Feature","geometry":{"type":"Point","coordinates":[-111.90939,40.75194]},"properties":{"FacName":"UNIVAR SOLUTIONS USA INC.","FacStreet":"650 WEST 800 SOUTH","FacCity":"SALT LAKE CITY","FacState":"UT","RegistryID":"110000469387","FacSNCFlg":"N","FacQtrsWithNC":0,"FacInspectionCount":2,"FacFormalActionCount":0,"PercentBelowLowincome3mile":28.29,"PercentPeopleOfColor":30.43,"AcsPopulationDensity":4667.61}},{"type":"Feature","geometry":{"type":"Point","coordinates":[-111.90982,40.75193]},"properties":{"FacName":"UNIVAR SOLUTIONS USA INC.","FacStreet":"650 WEST 800 SOUTH","FacCity":"SALT LAKE CITY","FacState":"UT","RegistryID":"110070753146","FacSNCFlg":"N","FacQtrsWithNC":0,"FacInspectionCount":0,"FacFormalActionCount":0,"PercentBelowLowincome3mile":28.26,"PercentPeopleOfColor":30.21,"AcsPopulationDensity":4626.98}},{"type":"Feature","geometry":{"type":"Point","coordinates":[-111.834699,40.765853]},"properties":{"FacName":"UNIVERISTY OF UTAH","FacStreet":"125 SOUTH FORT DOUGLAS BLVD BLDG 605","FacCity":"SALT LAKE CITY","FacState":"UT","RegistryID":"110035858550","FacSNCFlg":"N","FacQtrsWithNC":0,"FacInspectionCount":0,"FacFormalActionCount":0,"PercentBelowLowincome3mile":26.82,"PercentPeopleOfColor":32.81,"AcsPopulationDensity":3712.97}},{"type":"Feature","geometry":{"type":"Point","coordinates":[-111.833232,40.765176]},"properties":{"FacName":"UNIVERSITY OF UTAH","FacStreet":"125 FORT DOUGLAS BLVD","FacCity":"SALT LAKE CITY","FacState":"UT","RegistryID":"110042026982","FacSNCFlg":"N","FacQtrsWithNC":2,"FacInspectionCount":1,"FacFormalActionCount":0,"PercentBelowLowincome3mile":26.74,"PercentPeopleOfColor":32.8,"AcsPopulationDensity":3686.78}},{"type":"Feature","geometry":{"type":"Point","coordinates":[-111.82363,40.61981]},"properties":{"FacName":"UNIVERSITY OF UTAH","FacStreet":"BLD. 605 CAMPUS DRIVE","FacCity":"SALT LAKE CITY","FacState":"UT","RegistryID":"110001880894","FacSNCFlg":"N","FacQtrsWithNC":0,"FacInspectionCount":5,"FacFormalActionCount":0,"PercentBelowLowincome3mile":23.46,"PercentPeopleOfColor":28.24,"AcsPopulationDensity":3630.74}},{"type":"Feature","geometry":{"type":"Point","coordinates":[-111.841046,40.759113]},"properties":{"FacName":"UNIVERSITY OF UTAH MOTOR POOL FACILITY","FacStreet":"1775 E S CAMPUS DR BLDG 309","FacCity":"SALT LAKE CITY","FacState":"UT","RegistryID":"110041915309","FacSNCFlg":"N","FacQtrsWithNC":0,"FacInspectionCount":0,"FacFormalActionCount":0,"PercentBelowLowincome3mile":26.67,"PercentPeopleOfColor":32.43,"AcsPopulationDensity":4339.83}},{"type":"Feature","geometry":{"type":"Point","coordinates":[-111.839007,40.760677]},"properties":{"FacName":"UNIVERSITY OF UTAH WATER WISE","FacStreet":"1795 E SOUTH CAMPUS DR.","FacCity":"SALT LAKE CITY","FacState":"UT","RegistryID":"110071946197","FacSNCFlg":"N","FacQtrsWithNC":0,"FacInspectionCount":0,"FacFormalActionCount":0,"PercentBelowLowincome3mile":26.77,"PercentPeopleOfColor":32.79,"AcsPopulationDensity":4179.68}},{"type":"Feature","geometry":{"type":"Point","coordinates":[-111.8472,40.7689]},"properties":{"FacName":"UNIVERSITY OF UTAH WATERWISE LANDSCAPING EASTSIDE OF NORTH CAMPUS DRIVE","FacStreet":"1795 EAST SO. CAMPUS DR","FacCity":"SALT LAKE CITY","FacState":"UT","RegistryID":"110071525686","FacSNCFlg":"N","FacQtrsWithNC":0,"FacInspectionCount":0,"FacFormalActionCount":0,"PercentBelowLowincome3mile":27.47,"PercentPeopleOfColor":32.48,"AcsPopulationDensity":4021.19}},{"type":"Feature","geometry":{"type":"Point","coordinates":[-111.865945,40.760765]},"properties":{"FacName":"UNIVERSITY PHILLIPS 66","FacStreet":"873 EAST 400 SOUTH","FacCity":"SALT LAKE CITY","FacState":"UT","RegistryID":"110005206874","FacSNCFlg":"N","FacQtrsWithNC":0,"FacInspectionCount":0,"FacFormalActionCount":0,"PercentBelowLowincome3mile":27.37,"PercentPeopleOfColor":32.2,"AcsPopulationDensity":4891.68}},{"type":"Feature","geometry":{"type":"Point","coordinates":[-111.8444,40.7588]},"properties":{"FacName":"UNIVERSITY PUMP STATION PIPING REPLACEMENT AND EQUIPMENT UPGRADE","FacStreet":"500 S NEAR CAMPUS CENTER DRIVE","FacCity":"SALT LAKE CITY","FacState":"UT","RegistryID":"110072132390","FacSNCFlg":"N","FacQtrsWithNC":0,"FacInspectionCount":0,"FacFormalActionCount":0,"PercentBelowLowincome3mile":26.77,"PercentPeopleOfColor":32.26,"AcsPopulationDensity":4473.66}},{"type":"Feature","geometry":{"type":"Point","coordinates":[-111.911163,40.786392]},"properties":{"FacName":"UNLIMITED DESIGNS INC","FacStreet":"780 N 700 W","FacCity":"SALT LAKE CITY","FacState":"UT","RegistryID":"110039075327","FacSNCFlg":"N","FacQtrsWithNC":null,"FacInspectionCount":0,"FacFormalActionCount":0,"PercentBelowLowincome3mile":31.56,"PercentPeopleOfColor":29.07,"AcsPopulationDensity":3181.77}},{"type":"Feature","geometry":{"type":"Point","coordinates":[-111.91,40.78667]},"properties":{"FacName":"UNLIMITED DESIGNS, INC.","FacStreet":"780 NORTH WARM SPRINGS ROAD","FacCity":"SALT LAKE CITY","FacState":"UT","RegistryID":"110054112679","FacSNCFlg":"N","FacQtrsWithNC":0,"FacInspectionCount":0,"FacFormalActionCount":0,"PercentBelowLowincome3mile":31.54,"PercentPeopleOfColor":29.39,"AcsPopulationDensity":3217.56}},{"type":"Feature","geometry":{"type":"Point","coordinates":[-111.990388,40.727623]},"properties":{"FacName":"UPS CARTAGE SERVICES UTLKC","FacStreet":"2015 S 4130 W","FacCity":"SALT LAKE CITY","FacState":"UT","RegistryID":"110032596607","FacSNCFlg":"N","FacQtrsWithNC":0,"FacInspectionCount":1,"FacFormalActionCount":0,"PercentBelowLowincome3mile":28.26,"PercentPeopleOfColor":40.7,"AcsPopulationDensity":2042.86}},{"type":"Feature","geometry":{"type":"Point","coordinates":[-111.920143,40.70338]},"properties":{"FacName":"UPS- SCS UTSTL","FacStreet":"997 W 3160 S","FacCity":"SALT LAKE CITY","FacState":"UT","RegistryID":"110070925908","FacSNCFlg":"N","FacQtrsWithNC":0,"FacInspectionCount":1,"FacFormalActionCount":0,"PercentBelowLowincome3mile":23.26,"PercentPeopleOfColor":38.86,"AcsPopulationDensity":4610.4}},{"type":"Feature","geometry":{"type":"Point","coordinates":[-111.892483,40.77154]},"properties":{"FacName":"UPTON WARD-WELL IRON REMOVAL","FacStreet":"50 E NORTH TEMPLE ST","FacCity":"SALT LAKE CITY","FacState":"UT","RegistryID":"110052905273","FacSNCFlg":"N","FacQtrsWithNC":0,"FacInspectionCount":0,"FacFormalActionCount":0,"PercentBelowLowincome3mile":29.72,"PercentPeopleOfColor":30.62,"AcsPopulationDensity":4658.1}},{"type":"Feature","geometry":{"type":"Point","coordinates":[-111.89108,40.744802]},"properties":{"FacName":"UPTOWN ACURA","FacStreet":"1111 S MAIN ST","FacCity":"SALT LAKE CITY","FacState":"UT","RegistryID":"110002301768","FacSNCFlg":"N","FacQtrsWithNC":0,"FacInspectionCount":0,"FacFormalActionCount":0,"PercentBelowLowincome3mile":26.9,"PercentPeopleOfColor":32.2,"AcsPopulationDensity":5359.08}},{"type":"Feature","geometry":{"type":"Point","coordinates":[-111.83603,40.624395]},"properties":{"FacName":"US DRY CLEANING","FacStreet":"1945 EAST 7000 SOUTH","FacCity":"SALT LAKE CITY","FacState":"UT","RegistryID":"110002154659","FacSNCFlg":"N","FacQtrsWithNC":0,"FacInspectionCount":0,"FacFormalActionCount":0,"PercentBelowLowincome3mile":23.02,"PercentPeopleOfColor":28.23,"AcsPopulationDensity":4292.54}},{"type":"Feature","geometry":{"type":"Point","coordinates":[-111.95352,40.77484]},"properties":{"FacName":"US MAGNESIUM-WELL B REVERSE OSMOSIS (RO)","FacStreet":"238 N 2200 W","FacCity":"SALT LAKE CITY","FacState":"UT","RegistryID":"110052963879","FacSNCFlg":"N","FacQtrsWithNC":2,"FacInspectionCount":0,"FacFormalActionCount":0,"PercentBelowLowincome3mile":31.42,"PercentPeopleOfColor":21.54,"AcsPopulationDensity":1554.7}},{"type":"Feature","geometry":{"type":"Point","coordinates":[-111.95802,40.74156]},"properties":{"FacName":"USA INDS","FacStreet":"1291 SOUTH PIONEER ROAD","FacCity":"SALT LAKE CITY","FacState":"UT","RegistryID":"110001881045","FacSNCFlg":"N","FacQtrsWithNC":0,"FacInspectionCount":0,"FacFormalActionCount":0,"PercentBelowLowincome3mile":27,"PercentPeopleOfColor":34.51,"AcsPopulationDensity":1628.89}},{"type":"Feature","geometry":{"type":"Point","coordinates":[-111.939714,40.7584]},"properties":{"FacName":"USDA USFS R04 SALT LAKE CITY UT","FacStreet":"1729 WEST 500 SOUTH","FacCity":"SALT LAKE CITY","FacState":"UT","RegistryID":"110006364914","FacSNCFlg":"N","FacQtrsWithNC":0,"FacInspectionCount":0,"FacFormalActionCount":0,"PercentBelowLowincome3mile":30.99,"PercentPeopleOfColor":26.73,"AcsPopulationDensity":2239.85}},{"type":"Feature","geometry":{"type":"Point","coordinates":[-111.8445,40.76807]},"properties":{"FacName":"USDA USFS R04 UINTA-WASATCH CACHE NATIONAL FOREST","FacStreet":"8236 FEDERAL BUILDING","FacCity":"SALT LAKE CITY","FacState":"UT","RegistryID":"110054107925","FacSNCFlg":"N","FacQtrsWithNC":0,"FacInspectionCount":0,"FacFormalActionCount":0,"PercentBelowLowincome3mile":27.33,"PercentPeopleOfColor":32.46,"AcsPopulationDensity":4001.6}},{"type":"Feature","geometry":{"type":"Point","coordinates":[-111.99525,40.74059]},"properties":{"FacName":"USF REDDAWAY INC","FacStreet":"4375 WEST 1385 SOUTH","FacCity":"SALT LAKE CITY","FacState":"UT","RegistryID":"110041906346","FacSNCFlg":"N","FacQtrsWithNC":0,"FacInspectionCount":0,"FacFormalActionCount":0,"PercentBelowLowincome3mile":32.92,"PercentPeopleOfColor":39.92,"AcsPopulationDensity":811}},{"type":"Feature","geometry":{"type":"Point","coordinates":[-111.96771,40.74049]},"properties":{"FacName":"USF REDDAWAY TRUCKLINES","FacStreet":"3200 WEST CALIFORNIA AVE","FacCity":"SALT LAKE CITY","FacState":"UT","RegistryID":"110022433375","FacSNCFlg":"N","FacQtrsWithNC":0,"FacInspectionCount":0,"FacFormalActionCount":0,"PercentBelowLowincome3mile":27.99,"PercentPeopleOfColor":36,"AcsPopulationDensity":1507.05}},{"type":"Feature","geometry":{"type":"Point","coordinates":[-111.94059,40.72589]},"properties":{"FacName":"USPS SALT LAKE CITY VEHICLE MAINTENANCE FACILITY","FacStreet":"1760 WEST 2100 SOUTH","FacCity":"SALT LAKE CITY","FacState":"UT","RegistryID":"110002465948","FacSNCFlg":"N","FacQtrsWithNC":0,"FacInspectionCount":0,"FacFormalActionCount":0,"PercentBelowLowincome3mile":25.85,"PercentPeopleOfColor":38.06,"AcsPopulationDensity":2710.79}},{"type":"Feature","geometry":{"type":"Point","coordinates":[-112.00587,40.74744]},"properties":{"FacName":"USPS SLC SITE DEMO","FacStreet":"1095 S 4800 W","FacCity":"LOGAN","FacState":"UT","RegistryID":"110072132859","FacSNCFlg":"N","FacQtrsWithNC":0,"FacInspectionCount":0,"FacFormalActionCount":0,"PercentBelowLowincome3mile":26.05,"PercentPeopleOfColor":29.67,"AcsPopulationDensity":262.46}},{"type":"Feature","geometry":{"type":"Point","coordinates":[-111.944737,40.727877]},"properties":{"FacName":"USPS-SALT LAKE CITY ASF","FacStreet":"1960 S. INDUSTRIAL ROAD","FacCity":"SALT LAKE CITY","FacState":"UT","RegistryID":"110072066816","FacSNCFlg":"N","FacQtrsWithNC":0,"FacInspectionCount":0,"FacFormalActionCount":0,"PercentBelowLowincome3mile":25.88,"PercentPeopleOfColor":37.7,"AcsPopulationDensity":2465.78}},{"type":"Feature","geometry":{"type":"Point","coordinates":[-111.955324,40.786306]},"properties":{"FacName":"UTAH AIR NATIONAL GUARD","FacStreet":"765 N 2200 W","FacCity":"SALT LAKE CITY","FacState":"UT","RegistryID":"110037148556","FacSNCFlg":"N","FacQtrsWithNC":0,"FacInspectionCount":2,"FacFormalActionCount":0,"PercentBelowLowincome3mile":33.84,"PercentPeopleOfColor":20.62,"AcsPopulationDensity":1324.27}},{"type":"Feature","geometry":{"type":"Point","coordinates":[-111.90212,40.74977]},"properties":{"FacName":"UTAH BARREL INC.","FacStreet":"370 WEST 900 SOUTH","FacCity":"SALT LAKE CITY","FacState":"UT","RegistryID":"110005196803","FacSNCFlg":"N","FacQtrsWithNC":0,"FacInspectionCount":0,"FacFormalActionCount":0,"PercentBelowLowincome3mile":28.3,"PercentPeopleOfColor":32.21,"AcsPopulationDensity":5083.47}},{"type":"Feature","geometry":{"type":"Point","coordinates":[-112.02015,40.76215]},"properties":{"FacName":"UTAH BISHOPS' CENTRAL STOREHOUSE","FacStreet":"5405 WEST 300 SOUTH","FacCity":"SALT LAKE CITY","FacState":"UT","RegistryID":"110056358276","FacSNCFlg":"N","FacQtrsWithNC":0,"FacInspectionCount":0,"FacFormalActionCount":0,"PercentBelowLowincome3mile":31.41,"PercentPeopleOfColor":20.71,"AcsPopulationDensity":107.88}},{"type":"Feature","geometry":{"type":"Point","coordinates":[-111.90343,40.76506]},"properties":{"FacName":"UTAH BLM","FacStreet":"440 W 200 S","FacCity":"SALT LAKE CITY","FacState":"UT","RegistryID":"110058287027","FacSNCFlg":"N","FacQtrsWithNC":0,"FacInspectionCount":0,"FacFormalActionCount":0,"PercentBelowLowincome3mile":29.22,"PercentPeopleOfColor":30.1,"AcsPopulationDensity":4698.6}},{"type":"Feature","geometry":{"type":"Point","coordinates":[-111.88838,40.76273]},"properties":{"FacName":"UTAH BREWERS COLLECTIVE","FacStreet":"1763-1765 SOUTH 300TH W","FacCity":"SALT LAKE CITY","FacState":"UT","RegistryID":"110071156568","FacSNCFlg":"N","FacQtrsWithNC":0,"FacInspectionCount":0,"FacFormalActionCount":0,"PercentBelowLowincome3mile":28.21,"PercentPeopleOfColor":31,"AcsPopulationDensity":5095.07}},{"type":"Feature","geometry":{"type":"Point","coordinates":[-111.92377,40.69943]},"properties":{"FacName":"UTAH CAREER COLLEGE (PREV. BRYMAN)","FacStreet":"1144 WEST 3300 SOUTH","FacCity":"SALT LAKE CITY","FacState":"UT","RegistryID":"110005204304","FacSNCFlg":"N","FacQtrsWithNC":0,"FacInspectionCount":0,"FacFormalActionCount":0,"PercentBelowLowincome3mile":23.61,"PercentPeopleOfColor":40.92,"AcsPopulationDensity":4654.97}},{"type":"Feature","geometry":{"type":"Point","coordinates":[-112.025095,40.867238]},"properties":{"FacName":"UTAH DEPARTMENT OF CORRECTIONS","FacStreet":"1480 NORTH 8000 WEST","FacCity":"SALT LAKE CITY","FacState":"UT","RegistryID":"110071911363","FacSNCFlg":"N","FacQtrsWithNC":0,"FacInspectionCount":0,"FacFormalActionCount":0,"PercentBelowLowincome3mile":null,"PercentPeopleOfColor":null,"AcsPopulationDensity":null}},{"type":"Feature","geometry":{"type":"Point","coordinates":[-111.905558,40.729683]},"properties":{"FacName":"UTAH DEPARTMENT OF TRANSPORTATION - SALT LAKE EAST SHED 225","FacStreet":"1950 SOUTH 500 WEST","FacCity":"SALT LAKE CITY","FacState":"UT","RegistryID":"110031309108","FacSNCFlg":"N","FacQtrsWithNC":0,"FacInspectionCount":0,"FacFormalActionCount":0,"PercentBelowLowincome3mile":21.94,"PercentPeopleOfColor":27.15,"AcsPopulationDensity":4244.47}},{"type":"Feature","geometry":{"type":"Point","coordinates":[-111.95923,40.72749]},"properties":{"FacName":"UTAH DEPT OF TRANSP","FacStreet":"2010 S 2760 W","FacCity":"SALT LAKE CITY","FacState":"UT","RegistryID":"110010751490","FacSNCFlg":"N","FacQtrsWithNC":0,"FacInspectionCount":0,"FacFormalActionCount":0,"PercentBelowLowincome3mile":25.73,"PercentPeopleOfColor":40.54,"AcsPopulationDensity":2356.45}},{"type":"Feature","geometry":{"type":"Point","coordinates":[-111.957962,40.672512]},"properties":{"FacName":"UTAH DEPT OF TRANSPORTATION","FacStreet":"4501 SOUTH 2700 WEST","FacCity":"WEST VALLEY","FacState":"UT","RegistryID":"110002153160","FacSNCFlg":"N","FacQtrsWithNC":0,"FacInspectionCount":2,"FacFormalActionCount":1,"PercentBelowLowincome3mile":21.96,"PercentPeopleOfColor":40.86,"AcsPopulationDensity":6573.22}},{"type":"Feature","geometry":{"type":"Point","coordinates":[-111.80736,40.62996]},"properties":{"FacName":"UTAH DEPT OF TRANSPORTATION","FacStreet":"6601 SOUTH 3000 EAST","FacCity":"SALT LAKE CITY","FacState":"UT","RegistryID":"110005206990","FacSNCFlg":"N","FacQtrsWithNC":0,"FacInspectionCount":0,"FacFormalActionCount":0,"PercentBelowLowincome3mile":27.29,"PercentPeopleOfColor":31.32,"AcsPopulationDensity":2577.29}},{"type":"Feature","geometry":{"type":"Point","coordinates":[-111.936509,40.77163]},"properties":{"FacName":"UTAH DIV OF FORESTRY, FIRE & STATE LAND","FacStreet":"1594 WEST NORTH TEMPLE","FacCity":"SALT LAKE CITY","FacState":"UT","RegistryID":"110055188737","FacSNCFlg":"N","FacQtrsWithNC":0,"FacInspectionCount":0,"FacFormalActionCount":0,"PercentBelowLowincome3mile":31.45,"PercentPeopleOfColor":25.29,"AcsPopulationDensity":2234.8}},{"type":"Feature","geometry":{"type":"Point","coordinates":[-111.936509,40.77163]},"properties":{"FacName":"UTAH DIVISION OF WILDLIFE RESOURCES","FacStreet":"1594 WEST NORTH TEMPLE STE 2110","FacCity":"SALT LAKE CITY","FacState":"UT","RegistryID":"110045510470","FacSNCFlg":"N","FacQtrsWithNC":0,"FacInspectionCount":0,"FacFormalActionCount":0,"PercentBelowLowincome3mile":31.45,"PercentPeopleOfColor":25.29,"AcsPopulationDensity":2234.8}},{"type":"Feature","geometry":{"type":"Point","coordinates":[-111.91855,40.79191]},"properties":{"FacName":"UTAH MACHINE AND MILL SUPPLY","FacStreet":"1027 N VICTORIA","FacCity":"SALT LAKE CITY","FacState":"UT","RegistryID":"110032607301","FacSNCFlg":"N","FacQtrsWithNC":0,"FacInspectionCount":0,"FacFormalActionCount":0,"PercentBelowLowincome3mile":34.13,"PercentPeopleOfColor":28.17,"AcsPopulationDensity":2468.19}},{"type":"Feature","geometry":{"type":"Point","coordinates":[-111.91441,40.7994]},"properties":{"FacName":"UTAH METAL WORKS","FacStreet":"805 EVERETT AVE","FacCity":"SALT LAKE CITY","FacState":"UT","RegistryID":"110030897475","FacSNCFlg":"N","FacQtrsWithNC":0,"FacInspectionCount":0,"FacFormalActionCount":0,"PercentBelowLowincome3mile":35.14,"PercentPeopleOfColor":27.45,"AcsPopulationDensity":2303.74}},{"type":"Feature","geometry":{"type":"Point","coordinates":[-111.89834,40.65206]},"properties":{"FacName":"UTAH ORE SAMPLING MILL","FacStreet":"5510 S 300 W","FacCity":"MURRAY","FacState":"UT","RegistryID":"110002261999","FacSNCFlg":"N","FacQtrsWithNC":0,"FacInspectionCount":1,"FacFormalActionCount":0,"PercentBelowLowincome3mile":20.92,"PercentPeopleOfColor":31.29,"AcsPopulationDensity":5356.21}},{"type":"Feature","geometry":{"type":"Point","coordinates":[-111.911089,40.749282]},"properties":{"FacName":"UTAH PAPERBOX","FacStreet":"920 SOUTH 700 WEST","FacCity":"SALT LAKE CITY","FacState":"UT","RegistryID":"110070633538","FacSNCFlg":"N","FacQtrsWithNC":6,"FacInspectionCount":3,"FacFormalActionCount":0,"PercentBelowLowincome3mile":28.06,"PercentPeopleOfColor":29.45,"AcsPopulationDensity":4497.29}},{"type":"Feature","geometry":{"type":"Point","coordinates":[-111.876818,40.764162]},"properties":{"FacName":"UTAH RECLAMATION MITIGATION & CONSERVATION COMMISSION","FacStreet":"230 S 500 E  SUITE 230","FacCity":"SALT LAKE CITY","FacState":"UT","RegistryID":"110045510452","FacSNCFlg":"N","FacQtrsWithNC":0,"FacInspectionCount":0,"FacFormalActionCount":0,"PercentBelowLowincome3mile":28.2,"PercentPeopleOfColor":31.32,"AcsPopulationDensity":4933.6}},{"type":"Feature","geometry":{"type":"Point","coordinates":[-111.87677,40.76442]},"properties":{"FacName":"UTAH RECLAMATION MITIGATION AND CONSERVATION COMMISSION IVM","FacStreet":"230 SOUTH 500 EAST","FacCity":"SALT LAKE CITY","FacState":"UT","RegistryID":"110071545016","FacSNCFlg":"N","FacQtrsWithNC":0,"FacInspectionCount":1,"FacFormalActionCount":0,"PercentBelowLowincome3mile":28.22,"PercentPeopleOfColor":31.28,"AcsPopulationDensity":4921.36}},{"type":"Feature","geometry":{"type":"Point","coordinates":[-111.904818,40.797251]},"properties":{"FacName":"UTAH SAND AND GRAVEL","FacStreet":"1264 N BECK STREET","FacCity":"SALT LAKE CITY","FacState":"UT","RegistryID":"110070830437","FacSNCFlg":"N","FacQtrsWithNC":0,"FacInspectionCount":1,"FacFormalActionCount":0,"PercentBelowLowincome3mile":34.43,"PercentPeopleOfColor":29.95,"AcsPopulationDensity":2758.57}},{"type":"Feature","geometry":{"type":"Point","coordinates":[-112.00467,40.77353]},"properties":{"FacName":"UTAH SCIENTIFIC","FacStreet":"4750 WILEY POST WY SUITE 150","FacCity":"SALT LAKE CITY","FacState":"UT","RegistryID":"110009507747","FacSNCFlg":"N","FacQtrsWithNC":0,"FacInspectionCount":0,"FacFormalActionCount":0,"PercentBelowLowincome3mile":34.01,"PercentPeopleOfColor":14.48,"AcsPopulationDensity":110.24}},{"type":"Feature","geometry":{"type":"Point","coordinates":[-111.936509,40.77163]},"properties":{"FacName":"UTAH SOVEREIGN LANDS","FacStreet":"1594 W NORTH TEMPLE","FacCity":"SALT LAKE CITY","FacState":"UT","RegistryID":"110071400396","FacSNCFlg":"N","FacQtrsWithNC":0,"FacInspectionCount":1,"FacFormalActionCount":0,"PercentBelowLowincome3mile":31.45,"PercentPeopleOfColor":25.29,"AcsPopulationDensity":2234.8}},{"type":"Feature","geometry":{"type":"Point","coordinates":[-111.933747,40.77603]},"properties":{"FacName":"UTAH STATE CORRECTIONAL FACILITY","FacStreet":"1480 NORTH 8000 WEST","FacCity":"SALT LAKE CITY","FacState":"UT","RegistryID":"110071381307","FacSNCFlg":"N","FacQtrsWithNC":0,"FacInspectionCount":1,"FacFormalActionCount":0,"PercentBelowLowincome3mile":31.87,"PercentPeopleOfColor":25.67,"AcsPopulationDensity":2282.74}},{"type":"Feature","geometry":{"type":"Point","coordinates":[-112.09026,40.80145]},"properties":{"FacName":"UTAH STATE CORRECTIONAL FACILITY","FacStreet":"1480 N 8000 W","FacCity":"SALT LAKE CITY","FacState":"UT","RegistryID":"110071784554","FacSNCFlg":"N","FacQtrsWithNC":0,"FacInspectionCount":0,"FacFormalActionCount":0,"PercentBelowLowincome3mile":9.06,"PercentPeopleOfColor":18.44,"AcsPopulationDensity":37.75}},{"type":"Feature","geometry":{"type":"Point","coordinates":[-111.920651,40.772654]},"properties":{"FacName":"UTAH STATE FAIR PARK","FacStreet":"155 NORTH 1000 WEST","FacCity":"SALT LAKE CITY","FacState":"UT","RegistryID":"110030928566","FacSNCFlg":"N","FacQtrsWithNC":0,"FacInspectionCount":0,"FacFormalActionCount":0,"PercentBelowLowincome3mile":30.21,"PercentPeopleOfColor":26.72,"AcsPopulationDensity":3350.53}},{"type":"Feature","geometry":{"type":"Point","coordinates":[-111.83672,40.77298]},"properties":{"FacName":"UTAH STATE MEDICAL EXAMINER","FacStreet":"48 NORTH MEDICAL DRIVE","FacCity":"SALT LAKE CITY","FacState":"UT","RegistryID":"110005207169","FacSNCFlg":"N","FacQtrsWithNC":0,"FacInspectionCount":0,"FacFormalActionCount":0,"PercentBelowLowincome3mile":28.33,"PercentPeopleOfColor":34,"AcsPopulationDensity":3397.91}},{"type":"Feature","geometry":{"type":"Point","coordinates":[-111.907274,40.68701]},"properties":{"FacName":"UTAH TILE & ROOFING INCORPORATED","FacStreet":"555 W 3900 S #C","FacCity":"SALT LAKE CITY","FacState":"UT","RegistryID":"110002173246","FacSNCFlg":"N","FacQtrsWithNC":0,"FacInspectionCount":0,"FacFormalActionCount":0,"PercentBelowLowincome3mile":23.27,"PercentPeopleOfColor":36.65,"AcsPopulationDensity":5215.38}},{"type":"Feature","geometry":{"type":"Point","coordinates":[-112.043292,40.72575]},"properties":{"FacName":"UTAH TRACK AND WELDING ROLAND OMAN","FacStreet":"6382 WEST 2100 SOUTH","FacCity":"SALT LAKE CITY","FacState":"UT","RegistryID":"110012346737","FacSNCFlg":"N","FacQtrsWithNC":0,"FacInspectionCount":0,"FacFormalActionCount":0,"PercentBelowLowincome3mile":25.73,"PercentPeopleOfColor":37.09,"AcsPopulationDensity":2257.76}},{"type":"Feature","geometry":{"type":"Point","coordinates":[-111.91119,40.69261]},"properties":{"FacName":"UTAH TRANSIT AUTH","FacStreet":"3600 SOUTH 700 WEST","FacCity":"SALT LAKE CITY","FacState":"UT","RegistryID":"110010573441","FacSNCFlg":"N","FacQtrsWithNC":0,"FacInspectionCount":0,"FacFormalActionCount":0,"PercentBelowLowincome3mile":23.16,"PercentPeopleOfColor":37.09,"AcsPopulationDensity":5067.12}},{"type":"Feature","geometry":{"type":"Point","coordinates":[-111.908933,40.764989]},"properties":{"FacName":"UTAH TRANSIT AUTHORITY","FacStreet":"616 WEST 200 SOUTH","FacCity":"SALT LAKE CITY","FacState":"UT","RegistryID":"110005197937","FacSNCFlg":"N","FacQtrsWithNC":0,"FacInspectionCount":1,"FacFormalActionCount":0,"PercentBelowLowincome3mile":29.68,"PercentPeopleOfColor":30.25,"AcsPopulationDensity":4511.86}},{"type":"Feature","geometry":{"type":"Point","coordinates":[-111.91061,40.76498]},"properties":{"FacName":"UTAH TRANSIT AUTHORITY (MEADOWBROOK AND RIVERSIDE - SALT LAKE BUSINESS UNIT)","FacStreet":"669 WEST 200 SOUTH","FacCity":"SALT LAKE CITY","FacState":"UT","RegistryID":"110064202401","FacSNCFlg":"N","FacQtrsWithNC":0,"FacInspectionCount":0,"FacFormalActionCount":0,"PercentBelowLowincome3mile":29.71,"PercentPeopleOfColor":29.7,"AcsPopulationDensity":4383.06}},{"type":"Feature","geometry":{"type":"Point","coordinates":[-111.90505,40.7889]},"properties":{"FacName":"UTAH TRANSIT AUTHORITY - WARM SPRINGS","FacStreet":"900 NORTH 500 WEST","FacCity":"SALT LAKE CITY","FacState":"UT","RegistryID":"110032662161","FacSNCFlg":"N","FacQtrsWithNC":0,"FacInspectionCount":2,"FacFormalActionCount":0,"PercentBelowLowincome3mile":32.39,"PercentPeopleOfColor":31.24,"AcsPopulationDensity":3290.88}},{"type":"Feature","geometry":{"type":"Point","coordinates":[-111.95514,40.74985]},"properties":{"FacName":"UTILITY TESTING LABORATORY","FacStreet":"875 SOUTH CHESTNUT ST","FacCity":"SALT LAKE CITY","FacState":"UT","RegistryID":"110009507925","FacSNCFlg":"N","FacQtrsWithNC":0,"FacInspectionCount":0,"FacFormalActionCount":0,"PercentBelowLowincome3mile":28.28,"PercentPeopleOfColor":29.94,"AcsPopulationDensity":1593.96}},{"type":"Feature","geometry":{"type":"Point","coordinates":[-112.00938,40.77867]},"properties":{"FacName":"UTNNA - UPS CORPORATE OVERGOODS SALT LAKE CITY","FacStreet":"430 NORTH NEIL ARMSTRONG ROAD","FacCity":"SALT LAKE CITY","FacState":"UT","RegistryID":"110005212162","FacSNCFlg":"N","FacQtrsWithNC":0,"FacInspectionCount":1,"FacFormalActionCount":2,"PercentBelowLowincome3mile":30.69,"PercentPeopleOfColor":13.51,"AcsPopulationDensity":94.23}},{"type":"Feature","geometry":{"type":"Point","coordinates":[-112.02705,40.74728]},"properties":{"FacName":"VA TRANSPORTATION","FacStreet":"1075 LEGACY VIEW ST","FacCity":"SALT LAKE CITY","FacState":"UT","RegistryID":"110071963057","FacSNCFlg":"N","FacQtrsWithNC":0,"FacInspectionCount":1,"FacFormalActionCount":0,"PercentBelowLowincome3mile":21.13,"PercentPeopleOfColor":37.51,"AcsPopulationDensity":316.39}},{"type":"Feature","geometry":{"type":"Point","coordinates":[-111.98601,40.75466]},"properties":{"FacName":"VALLEY STEEL PROCESSING","FacStreet":"3900 WEST 700 SOUTH","FacCity":"SALT LAKE CITY","FacState":"UT","RegistryID":"110005210306","FacSNCFlg":"N","FacQtrsWithNC":0,"FacInspectionCount":0,"FacFormalActionCount":0,"PercentBelowLowincome3mile":25.68,"PercentPeopleOfColor":22.09,"AcsPopulationDensity":473.22}},{"type":"Feature","geometry":{"type":"Point","coordinates":[-111.91686,40.728707]},"properties":{"FacName":"VALLEY STORAGE COMPANY","FacStreet":"1911 S 900 W","FacCity":"SALT LAKE CITY","FacState":"UT","RegistryID":"110002303828","FacSNCFlg":"N","FacQtrsWithNC":0,"FacInspectionCount":0,"FacFormalActionCount":0,"PercentBelowLowincome3mile":21.81,"PercentPeopleOfColor":28.48,"AcsPopulationDensity":3579.16}},{"type":"Feature","geometry":{"type":"Point","coordinates":[-111.892483,40.77154]},"properties":{"FacName":"VALLEY VIEW STAKE CAMP-CAMP LODGE CHLORINATOR","FacStreet":"50 E NORTH TEMPLE ST","FacCity":"SALT LAKE CITY","FacState":"UT","RegistryID":"110052928542","FacSNCFlg":"N","FacQtrsWithNC":0,"FacInspectionCount":0,"FacFormalActionCount":1,"PercentBelowLowincome3mile":29.72,"PercentPeopleOfColor":30.62,"AcsPopulationDensity":4658.1}},{"type":"Feature","geometry":{"type":"Point","coordinates":[-112.03621,40.77757]},"properties":{"FacName":"VALSPAR","FacStreet":"421 JOHN GLEN ROAD","FacCity":"SALT LAKE CITY","FacState":"UT","RegistryID":"110031339772","FacSNCFlg":"N","FacQtrsWithNC":0,"FacInspectionCount":0,"FacFormalActionCount":0,"PercentBelowLowincome3mile":27.01,"PercentPeopleOfColor":14.88,"AcsPopulationDensity":74.71}},{"type":"Feature","geometry":{"type":"Point","coordinates":[-111.89971,40.73323]},"properties":{"FacName":"VALVOLINE SLC","FacStreet":"1707 S 300 W","FacCity":"SALT LAKE CITY","FacState":"UT","RegistryID":"110071997443","FacSNCFlg":"N","FacQtrsWithNC":1,"FacInspectionCount":0,"FacFormalActionCount":0,"PercentBelowLowincome3mile":24.12,"PercentPeopleOfColor":28.6,"AcsPopulationDensity":4850.16}},{"type":"Feature","geometry":{"type":"Point","coordinates":[-111.872487,40.64385]},"properties":{"FacName":"VANDERWERFF RESIDENCE","FacStreet":"718 EREKSON VIEW CIRCLE","FacCity":"SALT LAKE CITY","FacState":"UT","RegistryID":"110070713509","FacSNCFlg":"N","FacQtrsWithNC":0,"FacInspectionCount":0,"FacFormalActionCount":0,"PercentBelowLowincome3mile":22.43,"PercentPeopleOfColor":27.3,"AcsPopulationDensity":5094.89}},{"type":"Feature","geometry":{"type":"Point","coordinates":[-112.002287,40.728891]},"properties":{"FacName":"VAREX IMAGING REFURB BUILDING 3","FacStreet":"1920 SOUTH 4650 WEST (BAY #15)","FacCity":"SALT LAKE CITY","FacState":"UT","RegistryID":"110069463208","FacSNCFlg":"N","FacQtrsWithNC":0,"FacInspectionCount":0,"FacFormalActionCount":0,"PercentBelowLowincome3mile":28.27,"PercentPeopleOfColor":41.45,"AcsPopulationDensity":1823.18}},{"type":"Feature","geometry":{"type":"Point","coordinates":[-111.958,40.73416]},"properties":{"FacName":"VARIAN","FacStreet":"1678 PIONEER RD","FacCity":"SALT LAKE CITY","FacState":"UT","RegistryID":"110068071829","FacSNCFlg":"N","FacQtrsWithNC":0,"FacInspectionCount":0,"FacFormalActionCount":0,"PercentBelowLowincome3mile":27.16,"PercentPeopleOfColor":37.65,"AcsPopulationDensity":1992.56}},{"type":"Feature","geometry":{"type":"Point","coordinates":[-111.958,40.73416]},"properties":{"FacName":"VARIAN MEDICAL SYSTEMS INCORPORATED X RAY TUBE PRODUCTS","FacStreet":"1678 PIONEER ROAD","FacCity":"SALT LAKE CITY","FacState":"UT","RegistryID":"110009508504","FacSNCFlg":"N","FacQtrsWithNC":0,"FacInspectionCount":1,"FacFormalActionCount":0,"PercentBelowLowincome3mile":27.16,"PercentPeopleOfColor":37.65,"AcsPopulationDensity":1992.56}},{"type":"Feature","geometry":{"type":"Point","coordinates":[-111.95804,40.719195]},"properties":{"FacName":"VEHICLE REFINISHING SOLUTIONS, INC.","FacStreet":"2386 SOUTH 2700 WEST","FacCity":"SALT LAKE CITY","FacState":"UT","RegistryID":"110005207677","FacSNCFlg":"N","FacQtrsWithNC":0,"FacInspectionCount":0,"FacFormalActionCount":0,"PercentBelowLowincome3mile":24.41,"PercentPeopleOfColor":41.38,"AcsPopulationDensity":2924.35}},{"type":"Feature","geometry":{"type":"Point","coordinates":[-111.90193,40.74833]},"properties":{"FacName":"VENTURAS CUSTOM AUTO PAINTING","FacStreet":"372 W AMERICAN AVE (955 S)","FacCity":"SALT LAKE CITY","FacState":"UT","RegistryID":"110002155630","FacSNCFlg":"N","FacQtrsWithNC":0,"FacInspectionCount":0,"FacFormalActionCount":0,"PercentBelowLowincome3mile":28.16,"PercentPeopleOfColor":32.35,"AcsPopulationDensity":5082.61}},{"type":"Feature","geometry":{"type":"Point","coordinates":[-111.990833,40.739444]},"properties":{"FacName":"VEOLIA WATER TECHNOLOGY AND SOLUTIONS","FacStreet":"1698 SOUTH GRAMERCY ROAD","FacCity":"SALT LAKE CITY","FacState":"UT","RegistryID":"110071525797","FacSNCFlg":"N","FacQtrsWithNC":0,"FacInspectionCount":0,"FacFormalActionCount":0,"PercentBelowLowincome3mile":32.96,"PercentPeopleOfColor":40.34,"AcsPopulationDensity":1009.04}},{"type":"Feature","geometry":{"type":"Point","coordinates":[-112.01833,40.73623]},"properties":{"FacName":"VERITIV OPERATING COMPANY","FacStreet":"5282 WEST 1525 SOUTH","FacCity":"SALT LAKE CITY","FacState":"UT","RegistryID":"110071268899","FacSNCFlg":"N","FacQtrsWithNC":0,"FacInspectionCount":1,"FacFormalActionCount":0,"PercentBelowLowincome3mile":27.73,"PercentPeopleOfColor":39.35,"AcsPopulationDensity":1007.47}},{"type":"Feature","geometry":{"type":"Point","coordinates":[-111.98222,40.74649]},"properties":{"FacName":"VERTIS, INC.\/FORMER TREASURE CHEST","FacStreet":"1090 SOUTH 3800 WEST BUILDING 3","FacCity":"SALT LAKE CITY","FacState":"UT","RegistryID":"110001885906","FacSNCFlg":"N","FacQtrsWithNC":0,"FacInspectionCount":0,"FacFormalActionCount":0,"PercentBelowLowincome3mile":26.63,"PercentPeopleOfColor":30.04,"AcsPopulationDensity":756.57}},{"type":"Feature","geometry":{"type":"Point","coordinates":[-111.9592,40.7506]},"properties":{"FacName":"VIAWEST 9TH INDUSTRIAL","FacStreet":"2750 WEST 900 SOUTH","FacCity":"SALT LAKE CITY","FacState":"UT","RegistryID":"UTRC12362","FacSNCFlg":"N","FacQtrsWithNC":0,"FacInspectionCount":0,"FacFormalActionCount":0,"PercentBelowLowincome3mile":null,"PercentPeopleOfColor":null,"AcsPopulationDensity":null}},{"type":"Feature","geometry":{"type":"Point","coordinates":[-111.90215,40.73802]},"properties":{"FacName":"VICKERS TRUCK EQUIPMENT","FacStreet":"375 WHITNEY AVE","FacCity":"SALT LAKE CITY","FacState":"UT","RegistryID":"110002303356","FacSNCFlg":"N","FacQtrsWithNC":0,"FacInspectionCount":0,"FacFormalActionCount":0,"PercentBelowLowincome3mile":25.86,"PercentPeopleOfColor":29.4,"AcsPopulationDensity":4804.43}},{"type":"Feature","geometry":{"type":"Point","coordinates":[-111.82477,40.62326]},"properties":{"FacName":"VILLAGE CLEANERS","FacStreet":"7040 SOUTH 2300 EAST","FacCity":"SALT LAKE CITY","FacState":"UT","RegistryID":"110002263363","FacSNCFlg":"N","FacQtrsWithNC":0,"FacInspectionCount":0,"FacFormalActionCount":0,"PercentBelowLowincome3mile":24.18,"PercentPeopleOfColor":28.93,"AcsPopulationDensity":3683.35}},{"type":"Feature","geometry":{"type":"Point","coordinates":[-111.83279,40.63854]},"properties":{"FacName":"VILLAGE CLEANERS","FacStreet":"2055 E 6200 S","FacCity":"SALT LAKE CITY","FacState":"UT","RegistryID":"110002154631","FacSNCFlg":"N","FacQtrsWithNC":0,"FacInspectionCount":0,"FacFormalActionCount":0,"PercentBelowLowincome3mile":25.81,"PercentPeopleOfColor":28.7,"AcsPopulationDensity":4104.6}},{"type":"Feature","geometry":{"type":"Point","coordinates":[-111.82518,40.60944]},"properties":{"FacName":"VILLAGE CLEANERS INC. PREV. ASSURANCE CL","FacStreet":"3410 E. 7800 SO.","FacCity":"SALT LAKE CITY","FacState":"UT","RegistryID":"110005199481","FacSNCFlg":"N","FacQtrsWithNC":0,"FacInspectionCount":0,"FacFormalActionCount":0,"PercentBelowLowincome3mile":20.83,"PercentPeopleOfColor":26.16,"AcsPopulationDensity":3840.87}},{"type":"Feature","geometry":{"type":"Point","coordinates":[-111.93938,40.785749]},"properties":{"FacName":"VILLAROSA","FacStreet":"750 N REDWOOD ROAD","FacCity":"SALT LAKE CITY","FacState":"UT","RegistryID":"110071898160","FacSNCFlg":"N","FacQtrsWithNC":1,"FacInspectionCount":0,"FacFormalActionCount":0,"PercentBelowLowincome3mile":33.68,"PercentPeopleOfColor":24.15,"AcsPopulationDensity":1769.7}},{"type":"Feature","geometry":{"type":"Point","coordinates":[-111.8496,40.7796]},"properties":{"FacName":"VIRGINIA ST","FacStreet":"422 N CASTOR LN","FacCity":"SALT LAKE CITY","FacState":"UT","RegistryID":"110071707216","FacSNCFlg":"N","FacQtrsWithNC":0,"FacInspectionCount":0,"FacFormalActionCount":0,"PercentBelowLowincome3mile":30.07,"PercentPeopleOfColor":35.33,"AcsPopulationDensity":3359.28}},{"type":"Feature","geometry":{"type":"Point","coordinates":[-111.8524,40.4695]},"properties":{"FacName":"VIRGINIA STREET","FacStreet":"VIRGINIA STREET FROM SOUTH TEMPLE TO 11TH AVENUE","FacCity":"SALT LAKE CITY","FacState":"UT","RegistryID":"110071726896","FacSNCFlg":"N","FacQtrsWithNC":0,"FacInspectionCount":0,"FacFormalActionCount":0,"PercentBelowLowincome3mile":12.5,"PercentPeopleOfColor":20.7,"AcsPopulationDensity":955.53}},{"type":"Feature","geometry":{"type":"Point","coordinates":[-111.96459,40.74578]},"properties":{"FacName":"VISION INTERNATIONAL","FacStreet":"3030 W DIRECTORS ROW (1100 S)","FacCity":"SALT LAKE CITY","FacState":"UT","RegistryID":"110002154944","FacSNCFlg":"N","FacQtrsWithNC":0,"FacInspectionCount":0,"FacFormalActionCount":0,"PercentBelowLowincome3mile":26.59,"PercentPeopleOfColor":31.48,"AcsPopulationDensity":1334.89}},{"type":"Feature","geometry":{"type":"Point","coordinates":[-111.9266,40.361]},"properties":{"FacName":"VIVIANO AT SARATOGA SPRINGS PHASES 1 AND 2","FacStreet":"51 S. MAIN STREET","FacCity":"SALT LAKE CITY","FacState":"UT","RegistryID":"110071708492","FacSNCFlg":"N","FacQtrsWithNC":0,"FacInspectionCount":0,"FacFormalActionCount":0,"PercentBelowLowincome3mile":13.64,"PercentPeopleOfColor":15.18,"AcsPopulationDensity":1515.73}},{"type":"Feature","geometry":{"type":"Point","coordinates":[-112.02174,40.765813]},"properties":{"FacName":"VOBEV","FacStreet":"5454 W 150 SOUTH","FacCity":"SALT LAKE CITY","FacState":"UT","RegistryID":"110071220515","FacSNCFlg":"N","FacQtrsWithNC":2,"FacInspectionCount":6,"FacFormalActionCount":0,"PercentBelowLowincome3mile":31.22,"PercentPeopleOfColor":18.11,"AcsPopulationDensity":99.09}},{"type":"Feature","geometry":{"type":"Point","coordinates":[-112.02174,40.765813]},"properties":{"FacName":"VOBEV, LLC - SALT LAKE CAN MANUFACTURING & FILING FACILITY","FacStreet":"5454 WEST 150 SOUTH","FacCity":"SALT LAKE CITY","FacState":"UT","RegistryID":"110071888252","FacSNCFlg":"N","FacQtrsWithNC":0,"FacInspectionCount":0,"FacFormalActionCount":0,"PercentBelowLowincome3mile":31.22,"PercentPeopleOfColor":18.11,"AcsPopulationDensity":99.09}},{"type":"Feature","geometry":{"type":"Point","coordinates":[-111.88828,40.69077]},"properties":{"FacName":"VOLKSWAGEN INTERMOUNTAIN","FacStreet":"3711 S STATE ST","FacCity":"SALT LAKE CITY","FacState":"UT","RegistryID":"110002303560","FacSNCFlg":"N","FacQtrsWithNC":0,"FacInspectionCount":0,"FacFormalActionCount":0,"PercentBelowLowincome3mile":22.79,"PercentPeopleOfColor":31.88,"AcsPopulationDensity":5360.57}},{"type":"Feature","geometry":{"type":"Point","coordinates":[-112.01267,40.72555]},"properties":{"FacName":"VOLU-SOL INC.","FacStreet":"5095 WEST 2100 SOUTH","FacCity":"SALT LAKE CITY","FacState":"UT","RegistryID":"110005208756","FacSNCFlg":"N","FacQtrsWithNC":0,"FacInspectionCount":0,"FacFormalActionCount":0,"PercentBelowLowincome3mile":28.31,"PercentPeopleOfColor":42.35,"AcsPopulationDensity":1970.74}},{"type":"Feature","geometry":{"type":"Point","coordinates":[-111.92552,40.788841]},"properties":{"FacName":"WADSWORTH BROTHERS CONSTRUCTION INC.","FacStreet":"2300 NORTH 1200 WEST","FacCity":"SALT LAKE CITY","FacState":"UT","RegistryID":"110046450256","FacSNCFlg":"N","FacQtrsWithNC":1,"FacInspectionCount":2,"FacFormalActionCount":0,"PercentBelowLowincome3mile":34.02,"PercentPeopleOfColor":26.68,"AcsPopulationDensity":2224.26}},{"type":"Feature","geometry":{"type":"Point","coordinates":[-111.865533,40.673799]},"properties":{"FacName":"WALGREENS STORE #15289","FacStreet":"4515 S 900 E","FacCity":"SALT LAKE CITY","FacState":"UT","RegistryID":"110071842585","FacSNCFlg":"N","FacQtrsWithNC":0,"FacInspectionCount":0,"FacFormalActionCount":0,"PercentBelowLowincome3mile":23.43,"PercentPeopleOfColor":26.88,"AcsPopulationDensity":5383.91}},{"type":"Feature","geometry":{"type":"Point","coordinates":[-111.853852,40.764807]},"properties":{"FacName":"WALGREENS STORE #16481","FacStreet":"201 S 1300 E","FacCity":"SALT LAKE CITY","FacState":"UT","RegistryID":"110071842624","FacSNCFlg":"N","FacQtrsWithNC":0,"FacInspectionCount":0,"FacFormalActionCount":0,"PercentBelowLowincome3mile":27.67,"PercentPeopleOfColor":32.63,"AcsPopulationDensity":4403.84}},{"type":"Feature","geometry":{"type":"Point","coordinates":[-111.82372,40.72587]},"properties":{"FacName":"WALGREENS STORE #18974","FacStreet":"2332 EAST 2100 SOUTH","FacCity":"SALT LAKE CITY","FacState":"UT","RegistryID":"110044832250","FacSNCFlg":"N","FacQtrsWithNC":0,"FacInspectionCount":0,"FacFormalActionCount":0,"PercentBelowLowincome3mile":18.79,"PercentPeopleOfColor":22.27,"AcsPopulationDensity":4042.94}},{"type":"Feature","geometry":{"type":"Point","coordinates":[-111.87295,40.69987]},"properties":{"FacName":"WALGREENS STORE #19032","FacStreet":"635 EAST 3300 SOUTH","FacCity":"SALT LAKE CITY","FacState":"UT","RegistryID":"110044832232","FacSNCFlg":"N","FacQtrsWithNC":0,"FacInspectionCount":0,"FacFormalActionCount":0,"PercentBelowLowincome3mile":21.46,"PercentPeopleOfColor":27.06,"AcsPopulationDensity":5442.78}},{"type":"Feature","geometry":{"type":"Point","coordinates":[-111.891153,40.767859]},"properties":{"FacName":"WALGREENS STORE #19121","FacStreet":"72 SOUTH MAIN STREET","FacCity":"SALT LAKE CITY","FacState":"UT","RegistryID":"110059776283","FacSNCFlg":"N","FacQtrsWithNC":0,"FacInspectionCount":0,"FacFormalActionCount":0,"PercentBelowLowincome3mile":28.93,"PercentPeopleOfColor":30.4,"AcsPopulationDensity":4838.44}},{"type":"Feature","geometry":{"type":"Point","coordinates":[-111.867219,40.650912]},"properties":{"FacName":"WALGREENS STORE #19999","FacStreet":"5540 SOUTH 900 EAST","FacCity":"SALT LAKE CITY","FacState":"UT","RegistryID":"110044832358","FacSNCFlg":"N","FacQtrsWithNC":0,"FacInspectionCount":0,"FacFormalActionCount":0,"PercentBelowLowincome3mile":22.99,"PercentPeopleOfColor":26.93,"AcsPopulationDensity":5106.75}},{"type":"Feature","geometry":{"type":"Point","coordinates":[-111.864933,40.725445]},"properties":{"FacName":"WALGREENS STORE #5737","FacStreet":"909 E 2100 S","FacCity":"SALT LAKE CITY","FacState":"UT","RegistryID":"110071842593","FacSNCFlg":"N","FacQtrsWithNC":0,"FacInspectionCount":0,"FacFormalActionCount":0,"PercentBelowLowincome3mile":21.49,"PercentPeopleOfColor":26.44,"AcsPopulationDensity":5806.75}},{"type":"Feature","geometry":{"type":"Point","coordinates":[-111.850863,40.700364]},"properties":{"FacName":"WALGREENS STORE #9111","FacStreet":"3291 HIGHLAND DR","FacCity":"SALT LAKE CITY","FacState":"UT","RegistryID":"110071842584","FacSNCFlg":"N","FacQtrsWithNC":0,"FacInspectionCount":0,"FacFormalActionCount":0,"PercentBelowLowincome3mile":21.12,"PercentPeopleOfColor":24.2,"AcsPopulationDensity":5643.64}},{"type":"Feature","geometry":{"type":"Point","coordinates":[-111.87567,40.760758]},"properties":{"FacName":"WALGREENS STORE #9238","FacStreet":"531 E 400 S","FacCity":"SALT LAKE CITY","FacState":"UT","RegistryID":"110071842586","FacSNCFlg":"N","FacQtrsWithNC":0,"FacInspectionCount":0,"FacFormalActionCount":0,"PercentBelowLowincome3mile":27.94,"PercentPeopleOfColor":31.85,"AcsPopulationDensity":5062.6}},{"type":"Feature","geometry":{"type":"Point","coordinates":[-111.980494,40.790778]},"properties":{"FacName":"WALMART FULFILLMENT CENTER 3365","FacStreet":"990 NORTH 6550 WEST","FacCity":"SALT LAKE CITY","FacState":"UT","RegistryID":"110071428379","FacSNCFlg":"N","FacQtrsWithNC":0,"FacInspectionCount":0,"FacFormalActionCount":0,"PercentBelowLowincome3mile":39.96,"PercentPeopleOfColor":20.58,"AcsPopulationDensity":596.05}},{"type":"Feature","geometry":{"type":"Point","coordinates":[-111.98657,40.67051]},"properties":{"FacName":"WALMART NEIGHBORHOOD MARKET #5109","FacStreet":"4570 SOUTH 4000 WEST","FacCity":"WEST VALLEY","FacState":"UT","RegistryID":"110014363795","FacSNCFlg":"N","FacQtrsWithNC":0,"FacInspectionCount":0,"FacFormalActionCount":0,"PercentBelowLowincome3mile":24.05,"PercentPeopleOfColor":42.02,"AcsPopulationDensity":6621.82}},{"type":"Feature","geometry":{"type":"Point","coordinates":[-111.90162,40.73889]},"properties":{"FacName":"WALMART SUPERCENTER #3589","FacStreet":"350 WEST HOPE AVENUE","FacCity":"SALT LAKE CITY","FacState":"UT","RegistryID":"110020120698","FacSNCFlg":"N","FacQtrsWithNC":0,"FacInspectionCount":1,"FacFormalActionCount":0,"PercentBelowLowincome3mile":26.14,"PercentPeopleOfColor":29.85,"AcsPopulationDensity":4860.72}},{"type":"Feature","geometry":{"type":"Point","coordinates":[-111.813726,40.718547]},"properties":{"FacName":"WALMART SUPERCENTER #4208","FacStreet":"2705 EAST PARLEYS WAY","FacCity":"SALT LAKE CITY","FacState":"UT","RegistryID":"110009508531","FacSNCFlg":"N","FacQtrsWithNC":0,"FacInspectionCount":0,"FacFormalActionCount":0,"PercentBelowLowincome3mile":16.85,"PercentPeopleOfColor":20.07,"AcsPopulationDensity":3406.23}},{"type":"Feature","geometry":{"type":"Point","coordinates":[-111.86529,40.66958]},"properties":{"FacName":"WALMART SUPERCENTER #5350","FacStreet":"4627 SOUTH 900 EAST","FacCity":"SALT LAKE CITY","FacState":"UT","RegistryID":"110018905791","FacSNCFlg":"N","FacQtrsWithNC":0,"FacInspectionCount":0,"FacFormalActionCount":0,"PercentBelowLowincome3mile":23.45,"PercentPeopleOfColor":27.04,"AcsPopulationDensity":5330.1}},{"type":"Feature","geometry":{"type":"Point","coordinates":[-111.84684,40.63166]},"properties":{"FacName":"WALMART.COM FULFILLMENT CENTER #3365","FacStreet":"990 N 6550 W","FacCity":"SALT LAKE CITY","FacState":"UT","RegistryID":"110072070762","FacSNCFlg":"N","FacQtrsWithNC":0,"FacInspectionCount":0,"FacFormalActionCount":0,"PercentBelowLowincome3mile":22.58,"PercentPeopleOfColor":27.2,"AcsPopulationDensity":4703.84}},{"type":"Feature","geometry":{"type":"Point","coordinates":[-111.923,40.861614]},"properties":{"FacName":"WANHIP ENTERPRISES LLC","FacStreet":"455 WEST 1100 NORTH","FacCity":"NORTH SALT LAKE","FacState":"UT","RegistryID":"110045461353","FacSNCFlg":"N","FacQtrsWithNC":0,"FacInspectionCount":1,"FacFormalActionCount":0,"PercentBelowLowincome3mile":29.9,"PercentPeopleOfColor":14.21,"AcsPopulationDensity":1705.58}},{"type":"Feature","geometry":{"type":"Point","coordinates":[-111.9183,40.7989]},"properties":{"FacName":"WARM SPRINGS RD","FacStreet":"1328 N WARM SPRINGS RD","FacCity":"SALT LAKE CITY","FacState":"UT","RegistryID":"110071252172","FacSNCFlg":"N","FacQtrsWithNC":0,"FacInspectionCount":0,"FacFormalActionCount":0,"PercentBelowLowincome3mile":35.29,"PercentPeopleOfColor":26.39,"AcsPopulationDensity":2157.56}},{"type":"Feature","geometry":{"type":"Point","coordinates":[-111.90177,40.747833]},"properties":{"FacName":"WASATCH BODY SHOP","FacStreet":"373 W 955 S","FacCity":"SALT LAKE CITY","FacState":"UT","RegistryID":"110020077389","FacSNCFlg":"N","FacQtrsWithNC":0,"FacInspectionCount":0,"FacFormalActionCount":0,"PercentBelowLowincome3mile":28.1,"PercentPeopleOfColor":32.37,"AcsPopulationDensity":5087.7}},{"type":"Feature","geometry":{"type":"Point","coordinates":[-111.911132,40.738761]},"properties":{"FacName":"WASATCH CHEMICAL CERCLA SITE","FacStreet":"1979 SOUTH","FacCity":"SALT LAKE CITY","FacState":"UT","RegistryID":"110031302953","FacSNCFlg":"N","FacQtrsWithNC":0,"FacInspectionCount":0,"FacFormalActionCount":0,"PercentBelowLowincome3mile":25.05,"PercentPeopleOfColor":28.39,"AcsPopulationDensity":4191.34}},{"type":"Feature","geometry":{"type":"Point","coordinates":[-111.8385,40.7671]},"properties":{"FacName":"WASATCH DRIVE","FacStreet":"101 WASATCH DRIVE","FacCity":"SALT LAKE CITY","FacState":"UT","RegistryID":"110070707226","FacSNCFlg":"N","FacQtrsWithNC":0,"FacInspectionCount":0,"FacFormalActionCount":0,"PercentBelowLowincome3mile":27.08,"PercentPeopleOfColor":32.72,"AcsPopulationDensity":3819.03}},{"type":"Feature","geometry":{"type":"Point","coordinates":[-111.892483,40.77154]},"properties":{"FacName":"WASATCH LDS CAMP-WASATCH CAMP HYPOCHLORINATOR","FacStreet":"50 E NORTH TEMPLE ST","FacCity":"SALT LAKE CITY","FacState":"UT","RegistryID":"110063370846","FacSNCFlg":"N","FacQtrsWithNC":9,"FacInspectionCount":0,"FacFormalActionCount":0,"PercentBelowLowincome3mile":29.72,"PercentPeopleOfColor":30.62,"AcsPopulationDensity":4658.1}},{"type":"Feature","geometry":{"type":"Point","coordinates":[-111.89727,40.69983]},"properties":{"FacName":"WASATCH METAL","FacStreet":"205 W 3300 S","FacCity":"SALT LAKE CITY","FacState":"UT","RegistryID":"110020102814","FacSNCFlg":"N","FacQtrsWithNC":0,"FacInspectionCount":1,"FacFormalActionCount":0,"PercentBelowLowincome3mile":23.99,"PercentPeopleOfColor":33.56,"AcsPopulationDensity":5012.95}},{"type":"Feature","geometry":{"type":"Point","coordinates":[-111.89727,40.69983]},"properties":{"FacName":"WASATCH RECYCLING","FacStreet":"205 WEST 3300 SOUTH","FacCity":"SALT LAKE CITY","FacState":"UT","RegistryID":"110033198411","FacSNCFlg":"N","FacQtrsWithNC":0,"FacInspectionCount":0,"FacFormalActionCount":0,"PercentBelowLowincome3mile":23.99,"PercentPeopleOfColor":33.56,"AcsPopulationDensity":5012.95}},{"type":"Feature","geometry":{"type":"Point","coordinates":[-112.73333,40.8411]},"properties":{"FacName":"WASATCH REGIONAL LANDFILL","FacStreet":"8833 N ROWLEY RD","FacCity":"SKULL VALLEY","FacState":"UT","RegistryID":"110032610191","FacSNCFlg":"N","FacQtrsWithNC":0,"FacInspectionCount":6,"FacFormalActionCount":0,"PercentBelowLowincome3mile":50,"PercentPeopleOfColor":50,"AcsPopulationDensity":0.21}},{"type":"Feature","geometry":{"type":"Point","coordinates":[-111.95113,40.74508]},"properties":{"FacName":"WASATCH TOOL & DIE, INC","FacStreet":"1130 SOUTH SWANER ROAD","FacCity":"SALT LAKE CITY","FacState":"UT","RegistryID":"110070299063","FacSNCFlg":"N","FacQtrsWithNC":0,"FacInspectionCount":1,"FacFormalActionCount":0,"PercentBelowLowincome3mile":27.31,"PercentPeopleOfColor":32.06,"AcsPopulationDensity":1726.4}},{"type":"Feature","geometry":{"type":"Point","coordinates":[-111.89823,40.7488]},"properties":{"FacName":"WASHINGTON ST CONDOS","FacStreet":"933 WASHINGTON ST","FacCity":"SALT LAKE CITY","FacState":"UT","RegistryID":"110070688328","FacSNCFlg":"N","FacQtrsWithNC":0,"FacInspectionCount":0,"FacFormalActionCount":0,"PercentBelowLowincome3mile":27.97,"PercentPeopleOfColor":32.3,"AcsPopulationDensity":5203.77}},{"type":"Feature","geometry":{"type":"Point","coordinates":[-111.972796,40.749601]},"properties":{"FacName":"WASTE MANAGEMENT OF UTAH, INC. - MSW TRANSFER FACILITY","FacStreet":"3405 WEST 900 SOUTH","FacCity":"SALT LAKE CITY","FacState":"UT","RegistryID":"110055188755","FacSNCFlg":"N","FacQtrsWithNC":0,"FacInspectionCount":0,"FacFormalActionCount":0,"PercentBelowLowincome3mile":26.49,"PercentPeopleOfColor":27.57,"AcsPopulationDensity":990.26}},{"type":"Feature","geometry":{"type":"Point","coordinates":[-111.978949,40.72776]},"properties":{"FacName":"WATER RECOVERY SCIENCES -PREV TED BROWN","FacStreet":"3671 WEST 1987 SOUTH","FacCity":"SALT LAKE CITY","FacState":"UT","RegistryID":"110005207686","FacSNCFlg":"N","FacQtrsWithNC":0,"FacInspectionCount":0,"FacFormalActionCount":0,"PercentBelowLowincome3mile":28.57,"PercentPeopleOfColor":41.03,"AcsPopulationDensity":2188.41}},{"type":"Feature","geometry":{"type":"Point","coordinates":[-112.025,40.78556]},"properties":{"FacName":"WATKINS MOTOR LINES - SLC","FacStreet":"750 NORTH 5600 WEST","FacCity":"SALT LAKE CITY","FacState":"UT","RegistryID":"110032599560","FacSNCFlg":"N","FacQtrsWithNC":0,"FacInspectionCount":0,"FacFormalActionCount":0,"PercentBelowLowincome3mile":27.27,"PercentPeopleOfColor":12.42,"AcsPopulationDensity":77.54}},{"type":"Feature","geometry":{"type":"Point","coordinates":[-111.8341,40.7225]},"properties":{"FacName":"WATTS RESIDENCE","FacStreet":"2221 SOUTH 2000 EAST","FacCity":"SALT LAKE CITY","FacState":"UT","RegistryID":"110071708621","FacSNCFlg":"N","FacQtrsWithNC":0,"FacInspectionCount":0,"FacFormalActionCount":0,"PercentBelowLowincome3mile":19.77,"PercentPeopleOfColor":22.9,"AcsPopulationDensity":4932.63}},{"type":"Feature","geometry":{"type":"Point","coordinates":[-111.90446,40.75194]},"properties":{"FacName":"WEIR MINERAL NORTH AMERICA SALT LAKE CITY","FacStreet":"440 W 800 SOUTH","FacCity":"SALT LAKE CITY","FacState":"UT","RegistryID":"110011782133","FacSNCFlg":"N","FacQtrsWithNC":4,"FacInspectionCount":7,"FacFormalActionCount":1,"PercentBelowLowincome3mile":28.53,"PercentPeopleOfColor":31.85,"AcsPopulationDensity":4994.28}},{"type":"Feature","geometry":{"type":"Point","coordinates":[-111.9045,40.7523]},"properties":{"FacName":"WEIR MINERALS, INC.: RUBBER ENGINEERING","FacStreet":"3459 S. 700 W.","FacCity":"SOUTH SALT LAKE","FacState":"UT","RegistryID":"110059708990","FacSNCFlg":"N","FacQtrsWithNC":0,"FacInspectionCount":0,"FacFormalActionCount":0,"PercentBelowLowincome3mile":28.53,"PercentPeopleOfColor":31.8,"AcsPopulationDensity":4989.94}},{"type":"Feature","geometry":{"type":"Point","coordinates":[-111.9045,40.7523]},"properties":{"FacName":"WEIR SPECIALTY PUMPS- PUMP SHOP","FacStreet":"440 W 800 S","FacCity":"SALT LAKE CITY","FacState":"UT","RegistryID":"110012413815","FacSNCFlg":"N","FacQtrsWithNC":0,"FacInspectionCount":0,"FacFormalActionCount":0,"PercentBelowLowincome3mile":28.53,"PercentPeopleOfColor":31.8,"AcsPopulationDensity":4989.94}},{"type":"Feature","geometry":{"type":"Point","coordinates":[-111.911999,40.75193]},"properties":{"FacName":"WELFARE SQUARE CANNERY","FacStreet":"730 WEST 800 SOUTH","FacCity":"SALT LAKE CITY","FacState":"UT","RegistryID":"110071934570","FacSNCFlg":"N","FacQtrsWithNC":0,"FacInspectionCount":0,"FacFormalActionCount":0,"PercentBelowLowincome3mile":28.18,"PercentPeopleOfColor":29.36,"AcsPopulationDensity":4432.06}},{"type":"Feature","geometry":{"type":"Point","coordinates":[-111.913523,40.75409]},"properties":{"FacName":"WELFARE SQUARE DESERET INDUSTRIES","FacStreet":"743 WEST 700 SOUTH ST","FacCity":"SALT LAKE CITY","FacState":"UT","RegistryID":"110005200246","FacSNCFlg":"N","FacQtrsWithNC":0,"FacInspectionCount":0,"FacFormalActionCount":0,"PercentBelowLowincome3mile":28.29,"PercentPeopleOfColor":29.02,"AcsPopulationDensity":4299.18}},{"type":"Feature","geometry":{"type":"Point","coordinates":[-111.44893,40.808845]},"properties":{"FacName":"WELL BUILDING","FacStreet":"STATE ROAD 32 APPROX. 2 MILES WEST OF WANSHIP","FacCity":"SALT LAKE CITY","FacState":"UT","RegistryID":"110070710915","FacSNCFlg":"N","FacQtrsWithNC":0,"FacInspectionCount":0,"FacFormalActionCount":0,"PercentBelowLowincome3mile":13.79,"PercentPeopleOfColor":24.12,"AcsPopulationDensity":93.64}},{"type":"Feature","geometry":{"type":"Point","coordinates":[-111.727516,40.80904]},"properties":{"FacName":"WEP ROBIDOUX COMPRESSOR STATION","FacStreet":"NW S19 T 173 R24E","FacCity":"SALT LAKE CITY","FacState":"UT","RegistryID":"110008176197","FacSNCFlg":"N","FacQtrsWithNC":0,"FacInspectionCount":0,"FacFormalActionCount":0,"PercentBelowLowincome3mile":null,"PercentPeopleOfColor":null,"AcsPopulationDensity":null}},{"type":"Feature","geometry":{"type":"Point","coordinates":[-111.727516,40.80904]},"properties":{"FacName":"WEP WESTWATER COMP","FacStreet":"NE S9 T 18S R24E","FacCity":"SALT LAKE CITY","FacState":"UT","RegistryID":"110008176204","FacSNCFlg":"N","FacQtrsWithNC":0,"FacInspectionCount":0,"FacFormalActionCount":0,"PercentBelowLowincome3mile":null,"PercentPeopleOfColor":null,"AcsPopulationDensity":null}},{"type":"Feature","geometry":{"type":"Point","coordinates":[-111.916968,40.7066]},"properties":{"FacName":"WERKSHOP & MARCH SALES","FacStreet":"3050 S 900 W","FacCity":"SALT LAKE CITY","FacState":"UT","RegistryID":"110001885844","FacSNCFlg":"N","FacQtrsWithNC":0,"FacInspectionCount":0,"FacFormalActionCount":0,"PercentBelowLowincome3mile":23.12,"PercentPeopleOfColor":36.76,"AcsPopulationDensity":4483.71}},{"type":"Feature","geometry":{"type":"Point","coordinates":[-112.0344,40.7639]},"properties":{"FacName":"WEST BRANCH BRIGHTON CANAL","FacStreet":"6020 W 150 S","FacCity":"SALT LAKE CITY","FacState":"UT","RegistryID":"110071312265","FacSNCFlg":"N","FacQtrsWithNC":0,"FacInspectionCount":0,"FacFormalActionCount":0,"PercentBelowLowincome3mile":28.8,"PercentPeopleOfColor":22.11,"AcsPopulationDensity":95.99}},{"type":"Feature","geometry":{"type":"Point","coordinates":[-111.89969,40.774696]},"properties":{"FacName":"WEST HIGH SCHOOL","FacStreet":"250 NORTH 300 WEST","FacCity":"SALT LAKE CITY","FacState":"UT","RegistryID":"110072083304","FacSNCFlg":"N","FacQtrsWithNC":0,"FacInspectionCount":0,"FacFormalActionCount":0,"PercentBelowLowincome3mile":31.09,"PercentPeopleOfColor":30.92,"AcsPopulationDensity":4430.16}},{"type":"Feature","geometry":{"type":"Point","coordinates":[-111.89969,40.77459]},"properties":{"FacName":"WEST HIGH SCHOOL","FacStreet":"241 NORTH 300 WEST","FacCity":"SALT LAKE CITY","FacState":"UT","RegistryID":"110002305087","FacSNCFlg":"N","FacQtrsWithNC":0,"FacInspectionCount":0,"FacFormalActionCount":0,"PercentBelowLowincome3mile":31.06,"PercentPeopleOfColor":30.91,"AcsPopulationDensity":4434.59}},{"type":"Feature","geometry":{"type":"Point","coordinates":[-111.89396,40.75061]},"properties":{"FacName":"WEST TEMPLE MICRO APARTMENT BUILDINGS","FacStreet":"850 S WEST TEMPLE","FacCity":"SALT LAKE CITY","FacState":"UT","RegistryID":"110070713212","FacSNCFlg":"N","FacQtrsWithNC":0,"FacInspectionCount":0,"FacFormalActionCount":0,"PercentBelowLowincome3mile":28.01,"PercentPeopleOfColor":31.88,"AcsPopulationDensity":5334.95}},{"type":"Feature","geometry":{"type":"Point","coordinates":[-111.98658,40.6697]},"properties":{"FacName":"WEST VALLEY LAUNDRY & DRY CLEANERS","FacStreet":"4612 SOUTH 4000 WEST","FacCity":"SALT LAKE CITY","FacState":"UT","RegistryID":"110005209283","FacSNCFlg":"N","FacQtrsWithNC":0,"FacInspectionCount":0,"FacFormalActionCount":0,"PercentBelowLowincome3mile":24.01,"PercentPeopleOfColor":41.94,"AcsPopulationDensity":6648.89}},{"type":"Feature","geometry":{"type":"Point","coordinates":[-112.033728,40.66754]},"properties":{"FacName":"WEST VALLEY POWER PLANT","FacStreet":"5935 W 4700 S","FacCity":"SALT LAKE CITY","FacState":"UT","RegistryID":"110028042767","FacSNCFlg":"N","FacQtrsWithNC":0,"FacInspectionCount":6,"FacFormalActionCount":0,"PercentBelowLowincome3mile":24.21,"PercentPeopleOfColor":41.25,"AcsPopulationDensity":5099.95}},{"type":"Feature","geometry":{"type":"Point","coordinates":[-111.9038,40.7484]},"properties":{"FacName":"WEST VILLAGE","FacStreet":"425 WEST MONTAGUE AVENUE","FacCity":"SALT LAKE CITY","FacState":"UT","RegistryID":"110071884413","FacSNCFlg":"N","FacQtrsWithNC":0,"FacInspectionCount":0,"FacFormalActionCount":0,"PercentBelowLowincome3mile":28.27,"PercentPeopleOfColor":32.18,"AcsPopulationDensity":5018.41}},{"type":"Feature","geometry":{"type":"Point","coordinates":[-111.902979,40.748682]},"properties":{"FacName":"WEST VILLAGE APARTMENTS","FacStreet":"410 S MONTAGUE AVE","FacCity":"SALT LAKE CITY","FacState":"UT","RegistryID":"110072112903","FacSNCFlg":"N","FacQtrsWithNC":0,"FacInspectionCount":0,"FacFormalActionCount":0,"PercentBelowLowincome3mile":28.26,"PercentPeopleOfColor":32.28,"AcsPopulationDensity":5049.95}},{"type":"Feature","geometry":{"type":"Point","coordinates":[-111.8375,40.7508]},"properties":{"FacName":"WEST VILLAGE FAMILY AND GRADUATE HOUSING - PHASE 2","FacStreet":"1885 EAST SUNNYSIDE AVE","FacCity":"SALT LAKE CITY","FacState":"UT","RegistryID":"110071528376","FacSNCFlg":"N","FacQtrsWithNC":0,"FacInspectionCount":0,"FacFormalActionCount":0,"PercentBelowLowincome3mile":24.56,"PercentPeopleOfColor":30.81,"AcsPopulationDensity":4587.9}},{"type":"Feature","geometry":{"type":"Point","coordinates":[-111.88536,40.75682]},"properties":{"FacName":"WESTERN AUTO RADIATOR CO","FacStreet":"567 SOUTH 200 EAST","FacCity":"SALT LAKE CITY","FacState":"UT","RegistryID":"110040834648","FacSNCFlg":"N","FacQtrsWithNC":0,"FacInspectionCount":0,"FacFormalActionCount":0,"PercentBelowLowincome3mile":27.96,"PercentPeopleOfColor":31.36,"AcsPopulationDensity":5331.2}},{"type":"Feature","geometry":{"type":"Point","coordinates":[-111.995572,40.751116]},"properties":{"FacName":"WESTERN FIBERGLASS - SALT LAKE CITY PLANT","FacStreet":"945 S 4400 W","FacCity":"SALT LAKE CITY","FacState":"UT","RegistryID":"110000469403","FacSNCFlg":"N","FacQtrsWithNC":3,"FacInspectionCount":6,"FacFormalActionCount":0,"PercentBelowLowincome3mile":27.4,"PercentPeopleOfColor":32.75,"AcsPopulationDensity":196.47}},{"type":"Feature","geometry":{"type":"Point","coordinates":[-111.874,40.75735]},"properties":{"FacName":"WESTERN GARDENS APARTMENTS","FacStreet":"550 SOUTH 600 EAST","FacCity":"SALT LAKE CITY","FacState":"UT","RegistryID":"110071949853","FacSNCFlg":"N","FacQtrsWithNC":0,"FacInspectionCount":0,"FacFormalActionCount":0,"PercentBelowLowincome3mile":27.6,"PercentPeopleOfColor":31.89,"AcsPopulationDensity":5179.96}},{"type":"Feature","geometry":{"type":"Point","coordinates":[-111.99253,40.75473]},"properties":{"FacName":"WESTERN METALS RECYCLING","FacStreet":"4221 WEST 700 SOUTH","FacCity":"SALT LAKE CITY","FacState":"UT","RegistryID":"110001883203","FacSNCFlg":"N","FacQtrsWithNC":0,"FacInspectionCount":0,"FacFormalActionCount":0,"PercentBelowLowincome3mile":25.82,"PercentPeopleOfColor":23.24,"AcsPopulationDensity":262.3}},{"type":"Feature","geometry":{"type":"Point","coordinates":[-111.969,40.75839]},"properties":{"FacName":"WESTERN METALS RECYCLING - SLC","FacStreet":"3260 WEST 500 SOUTH","FacCity":"SALT LAKE CITY","FacState":"UT","RegistryID":"110001885915","FacSNCFlg":"N","FacQtrsWithNC":0,"FacInspectionCount":0,"FacFormalActionCount":0,"PercentBelowLowincome3mile":27.85,"PercentPeopleOfColor":22.01,"AcsPopulationDensity":1055.71}},{"type":"Feature","geometry":{"type":"Point","coordinates":[-111.99208,40.75473]},"properties":{"FacName":"WESTERN METALS RECYCLING- METAL SHREDDER RECOVERY","FacStreet":"4201 WEST 700 SOUTH","FacCity":"SALT LAKE CITY","FacState":"UT","RegistryID":"110070435254","FacSNCFlg":"N","FacQtrsWithNC":0,"FacInspectionCount":0,"FacFormalActionCount":0,"PercentBelowLowincome3mile":25.46,"PercentPeopleOfColor":22.84,"AcsPopulationDensity":276.62}},{"type":"Feature","geometry":{"type":"Point","coordinates":[-112.03001,40.78133]},"properties":{"FacName":"WESTERN PARTITIONS INC. -- GATTY FACILITY","FacStreet":"5742 W. HAROLD GATTY DRIVE","FacCity":"SALT LAKE CITY","FacState":"UT","RegistryID":"110072082113","FacSNCFlg":"N","FacQtrsWithNC":0,"FacInspectionCount":0,"FacFormalActionCount":0,"PercentBelowLowincome3mile":27.37,"PercentPeopleOfColor":13.69,"AcsPopulationDensity":77.07}},{"type":"Feature","geometry":{"type":"Point","coordinates":[-111.8539,40.72999]},"properties":{"FacName":"WESTMINSTER GILLMOR HALL ADDITION","FacStreet":"1840 SOUTH 1300 EAST","FacCity":"SALT LAKE CITY","FacState":"UT","RegistryID":"110028188146","FacSNCFlg":"N","FacQtrsWithNC":0,"FacInspectionCount":0,"FacFormalActionCount":0,"PercentBelowLowincome3mile":22.14,"PercentPeopleOfColor":27.36,"AcsPopulationDensity":5826.3}},{"type":"Feature","geometry":{"type":"Point","coordinates":[-112.00917,40.72556]},"properties":{"FacName":"WHEELER MACHINERY 'WASP' BUILDING","FacStreet":"4901 W 2100 S","FacCity":"SALT LAKE CITY","FacState":"UT","RegistryID":"110002304300","FacSNCFlg":"N","FacQtrsWithNC":3,"FacInspectionCount":1,"FacFormalActionCount":0,"PercentBelowLowincome3mile":28.21,"PercentPeopleOfColor":42.03,"AcsPopulationDensity":1998.85}},{"type":"Feature","geometry":{"type":"Point","coordinates":[-111.8997,40.71709]},"properties":{"FacName":"WHITE CAP, LTD (WC0050)","FacStreet":"2503 SOUTH 300 WEST","FacCity":"SALT LAKE CITY","FacState":"UT","RegistryID":"110018905942","FacSNCFlg":"N","FacQtrsWithNC":0,"FacInspectionCount":0,"FacFormalActionCount":0,"PercentBelowLowincome3mile":21.82,"PercentPeopleOfColor":29.57,"AcsPopulationDensity":4291.52}},{"type":"Feature","geometry":{"type":"Point","coordinates":[-111.82677,40.624004]},"properties":{"FacName":"WHITMORE PHILLIPS 66","FacStreet":"2235 EAST 7000 SOUTH","FacCity":"SALT LAKE CITY","FacState":"UT","RegistryID":"110005206623","FacSNCFlg":"N","FacQtrsWithNC":0,"FacInspectionCount":0,"FacFormalActionCount":0,"PercentBelowLowincome3mile":24.06,"PercentPeopleOfColor":28.99,"AcsPopulationDensity":3794.82}},{"type":"Feature","geometry":{"type":"Point","coordinates":[-111.75665,40.7793]},"properties":{"FacName":"WHITTENBERG RESIDENCE","FacStreet":"474 OLD OAK RD","FacCity":"SALT LAKE CITY","FacState":"UT","RegistryID":"110070704965","FacSNCFlg":"N","FacQtrsWithNC":0,"FacInspectionCount":0,"FacFormalActionCount":0,"PercentBelowLowincome3mile":10.66,"PercentPeopleOfColor":9.86,"AcsPopulationDensity":22.65}},{"type":"Feature","geometry":{"type":"Point","coordinates":[-111.957741,40.715692]},"properties":{"FacName":"WILBERT FUNERAL SERVICES, INC. - UTAH","FacStreet":"2515 CONSTITUTION BOULEVARD","FacCity":"SALT LAKE CITY","FacState":"UT","RegistryID":"110071445430","FacSNCFlg":"N","FacQtrsWithNC":0,"FacInspectionCount":0,"FacFormalActionCount":0,"PercentBelowLowincome3mile":24.33,"PercentPeopleOfColor":41.87,"AcsPopulationDensity":3142.14}},{"type":"Feature","geometry":{"type":"Point","coordinates":[-111.936509,40.77163]},"properties":{"FacName":"WILDLIFE MANAGEMENT AREAS AND HABITAT MANAGEMENT ACTIVITIES","FacStreet":"1594 W. NORTH TEMPLE","FacCity":"SALT LAKE CITY","FacState":"UT","RegistryID":"110071376844","FacSNCFlg":"N","FacQtrsWithNC":0,"FacInspectionCount":1,"FacFormalActionCount":0,"PercentBelowLowincome3mile":31.45,"PercentPeopleOfColor":25.29,"AcsPopulationDensity":2234.8}},{"type":"Feature","geometry":{"type":"Point","coordinates":[-111.94604,40.75123]},"properties":{"FacName":"WILLIAMSEN-GODWN TRUCK BODY COMPANY, LLC","FacStreet":"1925 WEST INDIANA AVENUE","FacCity":"SALT LAKE CITY","FacState":"UT","RegistryID":"110070249906","FacSNCFlg":"N","FacQtrsWithNC":0,"FacInspectionCount":0,"FacFormalActionCount":0,"PercentBelowLowincome3mile":29.65,"PercentPeopleOfColor":29.2,"AcsPopulationDensity":1863.93}},{"type":"Feature","geometry":{"type":"Point","coordinates":[-111.83484,40.622434]},"properties":{"FacName":"WILMINGTON AVENUE","FacStreet":"HIGHLAND DRIVE TO 1300 EAST","FacCity":"SALT LAKE CITY","FacState":"UT","RegistryID":"110070706766","FacSNCFlg":"N","FacQtrsWithNC":0,"FacInspectionCount":0,"FacFormalActionCount":0,"PercentBelowLowincome3mile":22.85,"PercentPeopleOfColor":28.25,"AcsPopulationDensity":4224.28}},{"type":"Feature","geometry":{"type":"Point","coordinates":[-111.9154,40.76905]},"properties":{"FacName":"WINCO FOODS PURE WATER  TECH BILLINGS-TREATMENT PLANT","FacStreet":"11 SOUTH JEREMY STREET","FacCity":"SALT LAKE CITY","FacState":"UT","RegistryID":"110070786581","FacSNCFlg":"N","FacQtrsWithNC":0,"FacInspectionCount":0,"FacFormalActionCount":0,"PercentBelowLowincome3mile":29.98,"PercentPeopleOfColor":27.93,"AcsPopulationDensity":3866.43}},{"type":"Feature","geometry":{"type":"Point","coordinates":[-111.5839,40.453]},"properties":{"FacName":"WINDRIVER RECYCLING FACILITY","FacStreet":"3591 W 500 S","FacCity":"SALT LAKE CITY","FacState":"UT","RegistryID":"110071867336","FacSNCFlg":"N","FacQtrsWithNC":0,"FacInspectionCount":0,"FacFormalActionCount":0,"PercentBelowLowincome3mile":18.19,"PercentPeopleOfColor":18.33,"AcsPopulationDensity":26.23}},{"type":"Feature","geometry":{"type":"Point","coordinates":[-111.9323,40.74144]},"properties":{"FacName":"WINSOME ENTERPRISES INC.","FacStreet":"2125 N REDWOOD DR","FacCity":"SALT LAKE CITY","FacState":"UT","RegistryID":"110072082819","FacSNCFlg":"N","FacQtrsWithNC":0,"FacInspectionCount":0,"FacFormalActionCount":0,"PercentBelowLowincome3mile":25.77,"PercentPeopleOfColor":30.17,"AcsPopulationDensity":2544.04}},{"type":"Feature","geometry":{"type":"Point","coordinates":[-112.00353,40.776337]},"properties":{"FacName":"WINTERSTEIGER INC","FacStreet":"4705 WEST AMELIA EARHART DRIVE","FacCity":"SALT LAKE CITY","FacState":"UT","RegistryID":"110070864629","FacSNCFlg":"N","FacQtrsWithNC":null,"FacInspectionCount":0,"FacFormalActionCount":2,"PercentBelowLowincome3mile":35.71,"PercentPeopleOfColor":14.11,"AcsPopulationDensity":121.43}},{"type":"Feature","geometry":{"type":"Point","coordinates":[-111.95585,40.82251]},"properties":{"FacName":"WOLLAM CONSTRUCTION","FacStreet":"2511 NORTH 2200 WEST","FacCity":"SALT LAKE CITY","FacState":"UT","RegistryID":"110070709898","FacSNCFlg":"N","FacQtrsWithNC":2,"FacInspectionCount":2,"FacFormalActionCount":0,"PercentBelowLowincome3mile":35.75,"PercentPeopleOfColor":19.54,"AcsPopulationDensity":793.9}},{"type":"Feature","geometry":{"type":"Point","coordinates":[-111.97442,40.72944]},"properties":{"FacName":"WON DOOR","FacStreet":"1865 SOUTH 3480 WEST","FacCity":"SALT LAKE CITY","FacState":"UT","RegistryID":"110005203537","FacSNCFlg":"N","FacQtrsWithNC":0,"FacInspectionCount":0,"FacFormalActionCount":0,"PercentBelowLowincome3mile":28.73,"PercentPeopleOfColor":40.65,"AcsPopulationDensity":2079.58}},{"type":"Feature","geometry":{"type":"Point","coordinates":[-111.8761,40.7179]},"properties":{"FacName":"WOODLAND COMMONS","FacStreet":"2435 SOUTH 500 EAST","FacCity":"SALT LAKE CITY","FacState":"UT","RegistryID":"110071725862","FacSNCFlg":"N","FacQtrsWithNC":0,"FacInspectionCount":0,"FacFormalActionCount":0,"PercentBelowLowincome3mile":20.83,"PercentPeopleOfColor":25.37,"AcsPopulationDensity":5258.1}},{"type":"Feature","geometry":{"type":"Point","coordinates":[-111.96922,40.75249]},"properties":{"FacName":"WOODSCAPE OF UTAH","FacStreet":"767 GLADIOLA STREET","FacCity":"SALT LAKE CITY","FacState":"UT","RegistryID":"110071507544","FacSNCFlg":"N","FacQtrsWithNC":0,"FacInspectionCount":3,"FacFormalActionCount":0,"PercentBelowLowincome3mile":26.31,"PercentPeopleOfColor":25.53,"AcsPopulationDensity":1044.46}},{"type":"Feature","geometry":{"type":"Point","coordinates":[-111.953521,40.779655]},"properties":{"FacName":"WPA HANGAR","FacStreet":"475 N. 2200 W.","FacCity":"SALT LAKE CITY","FacState":"UT","RegistryID":"110071922266","FacSNCFlg":"N","FacQtrsWithNC":0,"FacInspectionCount":0,"FacFormalActionCount":0,"PercentBelowLowincome3mile":32.36,"PercentPeopleOfColor":21.24,"AcsPopulationDensity":1482.02}},{"type":"Feature","geometry":{"type":"Point","coordinates":[-111.83678,40.64041]},"properties":{"FacName":"WRAG PROPERTIES, INC.","FacStreet":"1935 E. VINE STREET","FacCity":"SALT LAKE CITY","FacState":"UT","RegistryID":"110070616337","FacSNCFlg":"N","FacQtrsWithNC":null,"FacInspectionCount":0,"FacFormalActionCount":0,"PercentBelowLowincome3mile":25.8,"PercentPeopleOfColor":28.37,"AcsPopulationDensity":4311.4}},{"type":"Feature","geometry":{"type":"Point","coordinates":[-111.99825,40.733667]},"properties":{"FacName":"WWF OPERATING COMPANY, LLC","FacStreet":"1658 SOUTH 4370 WEST","FacCity":"SALT LAKE","FacState":"UT","RegistryID":"110000469261","FacSNCFlg":"N","FacQtrsWithNC":0,"FacInspectionCount":0,"FacFormalActionCount":0,"PercentBelowLowincome3mile":29.74,"PercentPeopleOfColor":42.35,"AcsPopulationDensity":1468.12}},{"type":"Feature","geometry":{"type":"Point","coordinates":[-111.85228,40.70415]},"properties":{"FacName":"WYNN CO.","FacStreet":"3068 S. HIGHLAND DRIVE","FacCity":"SALT LAKE CITY","FacState":"UT","RegistryID":"110001884998","FacSNCFlg":"N","FacQtrsWithNC":0,"FacInspectionCount":0,"FacFormalActionCount":0,"PercentBelowLowincome3mile":20.26,"PercentPeopleOfColor":23.1,"AcsPopulationDensity":5651.7}},{"type":"Feature","geometry":{"type":"Point","coordinates":[-111.98125,40.75045]},"properties":{"FacName":"XPO LOGISTICS","FacStreet":"858 SOUTH 3760 WEST","FacCity":"SALT LAKE CITY","FacState":"UT","RegistryID":"110044994236","FacSNCFlg":"N","FacQtrsWithNC":2,"FacInspectionCount":2,"FacFormalActionCount":0,"PercentBelowLowincome3mile":25.95,"PercentPeopleOfColor":26.82,"AcsPopulationDensity":668.22}},{"type":"Feature","geometry":{"type":"Point","coordinates":[-112.02754,40.78728]},"properties":{"FacName":"XR INTERNATIONAL","FacStreet":"5656 WEST JOHN CANNON DRIVE","FacCity":"SALT LAKE CITY","FacState":"UT","RegistryID":"110070704455","FacSNCFlg":"N","FacQtrsWithNC":0,"FacInspectionCount":0,"FacFormalActionCount":0,"PercentBelowLowincome3mile":26.48,"PercentPeopleOfColor":12.18,"AcsPopulationDensity":74.42}},{"type":"Feature","geometry":{"type":"Point","coordinates":[-111.9956,40.7559]},"properties":{"FacName":"XTRA LEASE","FacStreet":"4380 WEST 700 SOUTH","FacCity":"SALT LAKE CITY","FacState":"UT","RegistryID":"110071709232","FacSNCFlg":"N","FacQtrsWithNC":0,"FacInspectionCount":0,"FacFormalActionCount":0,"PercentBelowLowincome3mile":31.61,"PercentPeopleOfColor":25.65,"AcsPopulationDensity":179.29}},{"type":"Feature","geometry":{"type":"Point","coordinates":[-111.99214,40.73502]},"properties":{"FacName":"YOUNG ELECTRIC SIGN CO, GRAMERCY","FacStreet":"1605 S. GRAMERCY ROAD","FacCity":"SALT LAKE CITY","FacState":"UT","RegistryID":"110038526057","FacSNCFlg":"N","FacQtrsWithNC":0,"FacInspectionCount":0,"FacFormalActionCount":0,"PercentBelowLowincome3mile":31.03,"PercentPeopleOfColor":42.77,"AcsPopulationDensity":1377.25}},{"type":"Feature","geometry":{"type":"Point","coordinates":[-111.961604,40.718836]},"properties":{"FacName":"YRC FREIGHT (881) - SALT LAKE CITY","FacStreet":"2410 SOUTH 2700 WEST","FacCity":"SALT LAKE CITY","FacState":"UT","RegistryID":"110035857917","FacSNCFlg":"N","FacQtrsWithNC":0,"FacInspectionCount":0,"FacFormalActionCount":0,"PercentBelowLowincome3mile":24.86,"PercentPeopleOfColor":41.29,"AcsPopulationDensity":2963.12}},{"type":"Feature","geometry":{"type":"Point","coordinates":[-111.879615,40.743392]},"properties":{"FacName":"ZENITH 01","FacStreet":"1172 SOUTH 400 EAST","FacCity":"SALT LAKE CITY","FacState":"UT","RegistryID":"110070712166","FacSNCFlg":"N","FacQtrsWithNC":0,"FacInspectionCount":0,"FacFormalActionCount":0,"PercentBelowLowincome3mile":26.03,"PercentPeopleOfColor":31.6,"AcsPopulationDensity":5612}},{"type":"Feature","geometry":{"type":"Point","coordinates":[-111.8987,40.72178]},"properties":{"FacName":"ZENON  ENVIRONMENTAL CORP.","FacStreet":"265 CROSSROADS SQUARE","FacCity":"SALT LAKE CITY","FacState":"UT","RegistryID":"110038914128","FacSNCFlg":"N","FacQtrsWithNC":0,"FacInspectionCount":0,"FacFormalActionCount":0,"PercentBelowLowincome3mile":21.55,"PercentPeopleOfColor":27.48,"AcsPopulationDensity":4318}},{"type":"Feature","geometry":{"type":"Point","coordinates":[-111.90172,40.76528]},"properties":{"FacName":"ZEPHYR APARTMENTS","FacStreet":"200 S 400 W","FacCity":"SALT LAKE CITY","FacState":"UT","RegistryID":"110071279541","FacSNCFlg":"N","FacQtrsWithNC":2,"FacInspectionCount":1,"FacFormalActionCount":0,"PercentBelowLowincome3mile":29.14,"PercentPeopleOfColor":30.12,"AcsPopulationDensity":4739.92}},{"type":"Feature","geometry":{"type":"Point","coordinates":[-111.9018,40.7655]},"properties":{"FacName":"ZEPHYR APARTMENTS","FacStreet":"360 WEST 200 SOUTH","FacCity":"SALT LAKE CITY","FacState":"UT","RegistryID":"110071097161","FacSNCFlg":"N","FacQtrsWithNC":0,"FacInspectionCount":1,"FacFormalActionCount":0,"PercentBelowLowincome3mile":29.18,"PercentPeopleOfColor":30.11,"AcsPopulationDensity":4729.17}},{"type":"Feature","geometry":{"type":"Point","coordinates":[-111.90944,40.67771]},"properties":{"FacName":"ZEVEX INC.","FacStreet":"4314 ZEVEX PARK LANE","FacCity":"SALT LAKE CITY","FacState":"UT","RegistryID":"110005210468","FacSNCFlg":"N","FacQtrsWithNC":0,"FacInspectionCount":0,"FacFormalActionCount":0,"PercentBelowLowincome3mile":23.16,"PercentPeopleOfColor":37.46,"AcsPopulationDensity":5131.48}},{"type":"Feature","geometry":{"type":"Point","coordinates":[-111.937666,40.812817]},"properties":{"FacName":"ZING BROTHERS","FacStreet":"2030 N REDWOOD RD","FacCity":"SALT LAKE CITY","FacState":"UT","RegistryID":"110071698324","FacSNCFlg":"N","FacQtrsWithNC":null,"FacInspectionCount":0,"FacFormalActionCount":1,"PercentBelowLowincome3mile":null,"PercentPeopleOfColor":null,"AcsPopulationDensity":null}},{"type":"Feature","geometry":{"type":"Point","coordinates":[-111.9386,40.81287]},"properties":{"FacName":"ZING BROTHERS LLC","FacStreet":"2030 NORTH REDWOOD ROAD #70","FacCity":"SALT LAKE CITY","FacState":"UT","RegistryID":"110009508960","FacSNCFlg":"N","FacQtrsWithNC":0,"FacInspectionCount":0,"FacFormalActionCount":0,"PercentBelowLowincome3mile":37.78,"PercentPeopleOfColor":21.65,"AcsPopulationDensity":1233.93}},{"type":"Feature","geometry":{"type":"Point","coordinates":[-111.892483,40.77154]},"properties":{"FacName":"ZIONS PEAK CAMP-IRON REMOVAL TREATMENT","FacStreet":"50 E NORTH TEMPLE ST","FacCity":"SALT LAKE CITY","FacState":"UT","RegistryID":"110063370784","FacSNCFlg":"N","FacQtrsWithNC":0,"FacInspectionCount":0,"FacFormalActionCount":0,"PercentBelowLowincome3mile":29.72,"PercentPeopleOfColor":30.62,"AcsPopulationDensity":4658.1}},{"type":"Feature","geometry":{"type":"Point","coordinates":[-111.95237,40.78475]},"properties":{"FacName":"ZLC UTILITY PROJECT","FacStreet":"2150 WEST 700 NORTH","FacCity":"SALT LAKE CITY","FacState":"UT","RegistryID":"110072105470","FacSNCFlg":"N","FacQtrsWithNC":0,"FacInspectionCount":0,"FacFormalActionCount":0,"PercentBelowLowincome3mile":33.35,"PercentPeopleOfColor":21.12,"AcsPopulationDensity":1424.61}}]}