{"type": "FeatureCollection", "features": [{"type": "Feature", "properties": { "fid": "Montgomery_Woods_7", "description": "10702.4573787894", "fill": "#add8e6", "fill-opacity": 0.7, "stroke": "#000000", "stroke-opacity": 1.0, "stroke-width": 1.0}, "geometry": {"type": "Polygon", "coordinates": [[[-85.9737726885327, 39.7055607567375, 0.0], [-85.973772536544, 39.7055614369565, 0.0], [-85.9737722659461, 39.7055628009569, 0.0], [-85.9737720398102, 39.7055641697796, 0.0], [-85.9737718582791, 39.7055655425601, 0.0], [-85.9737717214676, 39.7055669184314, 0.0], [-85.973771629462, 39.7055682965244, 0.0], [-85.9737715823206, 39.7055696759686, 0.0], [-85.9737715800729, 39.7055710558928, 0.0], [-85.9737716227205, 39.7055724354255, 0.0], [-85.9737717102364, 39.7055738136952, 0.0], [-85.9737718425654, 39.7055751898314, 0.0], [-85.9737720196238, 39.7055765629649, 0.0], [-85.9737722412999, 39.7055779322284, 0.0], [-85.9737725074536, 39.7055792967571, 0.0], [-85.9737728179168, 39.7055806556891, 0.0], [-85.9737731724935, 39.705582008166, 0.0], [-85.9737735709597, 39.7055833533337, 0.0], [-85.9737740130636, 39.7055846903424, 0.0], [-85.9737744985261, 39.7055860183477, 0.0], [-85.9737750270405, 39.7055873365108, 0.0], [-85.9737755982731, 39.7055886439991, 0.0], [-85.973776211863, 39.7055899399867, 0.0], [-85.9737768674226, 39.7055912236552, 0.0], [-85.9737775645379, 39.7055924941937, 0.0], [-85.9737783027686, 39.7055937507996, 0.0], [-85.9737790816484, 39.7055949926794, 0.0], [-85.9737799006853, 39.7055962190485, 0.0], [-85.9737807593621, 39.7055974291325, 0.0], [-85.9737816571363, 39.7055986221669, 0.0], [-85.973782593441, 39.7055997973983, 0.0], [-85.9737835676847, 39.7056009540843, 0.0], [-85.973784579252, 39.7056020914944, 0.0], [-85.9737856275041, 39.7056032089101, 0.0], [-85.9737867117789, 39.7056043056257, 0.0], [-85.9737878313915, 39.7056053809484, 0.0], [-85.9737889856347, 39.705606434199, 0.0], [-85.9737901737795, 39.7056074647123, 0.0], [-85.9737913950754, 39.7056084718374, 0.0], [-85.973792648751, 39.7056094549382, 0.0], [-85.9737939340146, 39.7056104133937, 0.0], [-85.9737952500542, 39.7056113465985, 0.0], [-85.9737965960387, 39.7056122539632, 0.0], [-85.9737979711178, 39.7056131349147, 0.0], [-85.9737993744231, 39.7056139888966, 0.0], [-85.9738008050683, 39.7056148153694, 0.0], [-85.9738022621496, 39.7056156138112, 0.0], [-85.9738037447467, 39.7056163837177, 0.0], [-85.9738052519233, 39.7056171246024, 0.0], [-85.9738067827273, 39.7056178359976, 0.0], [-85.9738083361919, 39.7056185174538, 0.0], [-85.9738099113358, 39.7056191685406, 0.0], [-85.9738115071642, 39.7056197888468, 0.0], [-85.973813122669, 39.7056203779806, 0.0], [-85.97381475683, 39.7056209355699, 0.0], [-85.9738164086149, 39.7056214612625, 0.0], [-85.9738180769805, 39.7056219547263, 0.0], [-85.9738197608729, 39.7056224156497, 0.0], [-85.9738214592285, 39.7056228437415, 0.0], [-85.9738231709747, 39.7056232387314, 0.0], [-85.9738248950303, 39.7056236003699, 0.0], [-85.9738266303063, 39.7056239284284, 0.0], [-85.9738283757066, 39.7056242227, 0.0], [-85.973830130129, 39.7056244829985, 0.0], [-85.9741397366389, 39.705667310604, 0.0], [-85.9741507481362, 39.7056688196185, 0.0], [-85.9741721826264, 39.7056716758281, 0.0], [-85.9741936399263, 39.7056744279508, 0.0], [-85.9742151191888, 39.705677075878, 0.0], [-85.9742669673878, 39.7054534219841, 0.0], [-85.973812157153, 39.7053905084835, 0.0], [-85.9737726885327, 39.7055607567375, 0.0]]]}}, {"type": "Feature", "properties": { "fid": "Montgomery_Woods_6", "description": "8579.99999996531", "fill": "#add8e6", "fill-opacity": 0.7, "stroke": "#000000", "stroke-opacity": 1.0, "stroke-width": 1.0}, "geometry": {"type": "Polygon", "coordinates": [[[-85.973812157153, 39.7053905084835, 0.0], [-85.9742669673878, 39.7054534219841, 0.0], [-85.974308314115, 39.7052750664909, 0.0], [-85.9738535050245, 39.7052121531502, 0.0], [-85.973812157153, 39.7053905084835, 0.0]]]}}, {"type": "Feature", "properties": { "fid": "Montgomery_Woods_5", "description": "8580.00000005588", "fill": "#add8e6", "fill-opacity": 0.7, "stroke": "#000000", "stroke-opacity": 1.0, "stroke-width": 1.0}, "geometry": {"type": "Polygon", "coordinates": [[[-85.9738535050245, 39.7052121531502, 0.0], [-85.974308314115, 39.7052750664909, 0.0], [-85.9743496606306, 39.7050967109775, 0.0], [-85.9738948526843, 39.7050337977966, 0.0], [-85.9738535050245, 39.7052121531502, 0.0]]]}}, {"type": "Feature", "properties": { "fid": "Montgomery_Woods_4", "description": "8969.99999995016", "fill": "#add8e6", "fill-opacity": 0.7, "stroke": "#000000", "stroke-opacity": 1.0, "stroke-width": 1.0}, "geometry": {"type": "Polygon", "coordinates": [[[-85.9738948526843, 39.7050337977966, 0.0], [-85.9743496606306, 39.7050967109775, 0.0], [-85.9743928863069, 39.7049102483738, 0.0], [-85.9739380795568, 39.70484733536, 0.0], [-85.9738948526843, 39.7050337977966, 0.0]]]}}, {"type": "Feature", "properties": { "fid": "Montgomery_Woods_3", "description": "8969.62643739219", "fill": "#add8e6", "fill-opacity": 0.7, "stroke": "#000000", "stroke-opacity": 1.0, "stroke-width": 1.0}, "geometry": {"type": "Polygon", "coordinates": [[[-85.9739380795568, 39.70484733536, 0.0], [-85.9743928863069, 39.7049102483738, 0.0], [-85.9744323530267, 39.7047399998902, 0.0], [-85.9744356761146, 39.7047237254876, 0.0], [-85.973981306198, 39.7046608729013, 0.0], [-85.9739380795568, 39.70484733536, 0.0]]]}}, {"type": "Feature", "properties": { "fid": "Montgomery_Woods_2", "description": "8094.68823177828", "fill": "#add8e6", "fill-opacity": 0.7, "stroke": "#000000", "stroke-opacity": 1.0, "stroke-width": 1.0}, "geometry": {"type": "Polygon", "coordinates": [[[-85.973981306198, 39.7046608729013, 0.0], [-85.9744356761146, 39.7047237254876, 0.0], [-85.974472929761, 39.7045412799366, 0.0], [-85.9740133785373, 39.7045042922441, 0.0], [-85.974012341575, 39.7045117528874, 0.0], [-85.9740112439465, 39.7045192083499, 0.0], [-85.9740100856951, 39.7045266583374, 0.0], [-85.9740088668666, 39.7045341025556, 0.0], [-85.974007587509, 39.7045415407107, 0.0], [-85.9740062476728, 39.7045489725091, 0.0], [-85.974004847411, 39.7045563976574, 0.0], [-85.9740033867787, 39.7045638158623, 0.0], [-85.9740018658336, 39.7045712268312, 0.0], [-85.9740002846358, 39.7045786302713, 0.0], [-85.9739986432476, 39.7045860258905, 0.0], [-85.9739974948363, 39.7045910413211, 0.0], [-85.973981306198, 39.7046608729013, 0.0]]]}}, {"type": "Feature", "properties": { "fid": "Montgomery_Woods_1", "description": "8980.29648214241", "fill": "#add8e6", "fill-opacity": 0.7, "stroke": "#000000", "stroke-opacity": 1.0, "stroke-width": 1.0}, "geometry": {"type": "Polygon", "coordinates": [[[-85.9740133785373, 39.7045042922441, 0.0], [-85.974472929761, 39.7045412799366, 0.0], [-85.9744836694249, 39.704331989266, 0.0], [-85.9740216325411, 39.7043323853436, 0.0], [-85.9740217006274, 39.704379200538, 0.0], [-85.9740216810225, 39.7043867040533, 0.0], [-85.9740216003832, 39.7043942073246, 0.0], [-85.9740214587124, 39.7044017100556, 0.0], [-85.9740212560158, 39.7044092119502, 0.0], [-85.9740209923014, 39.7044167127121, 0.0], [-85.9740206675795, 39.7044242120453, 0.0], [-85.974020281863, 39.7044317096538, 0.0], [-85.9740198351671, 39.7044392052414, 0.0], [-85.9740193275093, 39.7044466985124, 0.0], [-85.9740187589098, 39.7044541891708, 0.0], [-85.9740181293909, 39.704461676921, 0.0], [-85.9740174389774, 39.7044691614674, 0.0], [-85.9740166876967, 39.7044766425145, 0.0], [-85.9740158755783, 39.7044841197668, 0.0], [-85.9740150026543, 39.7044915929294, 0.0], [-85.9740140689591, 39.704499061707, 0.0], [-85.9740133785373, 39.7045042922441, 0.0]]]}}, {"type": "Feature", "properties": { "fid": "Montgomery_Woods_12", "description": "8579.99999994782", "fill": "#add8e6", "fill-opacity": 0.7, "stroke": "#000000", "stroke-opacity": 1.0, "stroke-width": 1.0}, "geometry": {"type": "Polygon", "coordinates": [[[-85.9738652139501, 39.7068098821508, 0.0], [-85.9743112512952, 39.7067167357807, 0.0], [-85.9742500236923, 39.7065418229637, 0.0], [-85.9738039873961, 39.7066349691012, 0.0], [-85.9738652139501, 39.7068098821508, 0.0]]]}}, {"type": "Feature", "properties": { "fid": "Montgomery_Woods_11", "description": "8580.00019457566", "fill": "#add8e6", "fill-opacity": 0.7, "stroke": "#000000", "stroke-opacity": 1.0, "stroke-width": 1.0}, "geometry": {"type": "Polygon", "coordinates": [[[-85.9738039873961, 39.7066349691012, 0.0], [-85.9742500236923, 39.7065418229637, 0.0], [-85.9741887964022, 39.706366910105, 0.0], [-85.973742761155, 39.70646005601, 0.0], [-85.9738039873961, 39.7066349691012, 0.0]]]}}, {"type": "Feature", "properties": { "fid": "Montgomery_Woods_10", "description": "9336.25588981303", "fill": "#add8e6", "fill-opacity": 0.7, "stroke": "#000000", "stroke-opacity": 1.0, "stroke-width": 1.0}, "geometry": {"type": "Polygon", "coordinates": [[[-85.9737320901534, 39.7064295706546, 0.0], [-85.973742761155, 39.70646005601, 0.0], [-85.9741887964022, 39.706366910105, 0.0], [-85.9741446218526, 39.7062012684499, 0.0], [-85.9736855866697, 39.7062419654059, 0.0], [-85.9737320901534, 39.7064295706546, 0.0], [-85.9737294113166, 39.7064218210934, 0.0], [-85.9737267955712, 39.706414058685, 0.0], [-85.9737242430205, 39.7064062837358, 0.0], [-85.9737217537651, 39.7063984965528, 0.0], [-85.9737193279035, 39.7063906974435, 0.0], [-85.9737169655312, 39.7063828867156, 0.0], [-85.9737146667415, 39.7063750646776, 0.0], [-85.9737124316252, 39.7063672316383, 0.0], [-85.9737102602706, 39.706359387907, 0.0], [-85.9737081527632, 39.7063515337931, 0.0], [-85.9737061091863, 39.706343669607, 0.0], [-85.9737041296205, 39.7063357956589, 0.0], [-85.973702214144, 39.7063279122598, 0.0], [-85.9737003628323, 39.7063200197209, 0.0], [-85.9736985757585, 39.7063121183538, 0.0], [-85.9736968529932, 39.7063042084704, 0.0], [-85.9736951946044, 39.706296290383, 0.0], [-85.9736936006574, 39.7062883644042, 0.0], [-85.9736920712152, 39.7062804308469, 0.0], [-85.9736906063382, 39.7062724900242, 0.0], [-85.9736892060841, 39.7062645422498, 0.0], [-85.9736878705083, 39.7062565878373, 0.0], [-85.9736865996634, 39.7062486271008, 0.0], [-85.9736855866697, 39.7062419654059, 0.0], [-85.9737320901534, 39.7064295706546, 0.0]]]}}, {"type": "Feature", "properties": { "fid": "Montgomery_Woods_9", "description": "9486.30124489628", "fill": "#add8e6", "fill-opacity": 0.7, "stroke": "#000000", "stroke-opacity": 1.0, "stroke-width": 1.0}, "geometry": {"type": "Polygon", "coordinates": [[[-85.9736855866697, 39.7062419654059, 0.0], [-85.9741446218526, 39.7062012684499, 0.0], [-85.9741395290828, 39.706034750153, 0.0], [-85.9736785191467, 39.7060108280404, 0.0], [-85.9736855866697, 39.7062419654059, 0.0], [-85.9736844348148, 39.7062339938755, 0.0], [-85.9736833478265, 39.7062260169131, 0.0], [-85.9736823257475, 39.7062180348336, 0.0], [-85.9736813686183, 39.7062100479521, 0.0], [-85.9736804764765, 39.7062020565839, 0.0], [-85.9736796493575, 39.7061940610445, 0.0], [-85.9736788872937, 39.7061860616495, 0.0], [-85.9736781903153, 39.7061780587148, 0.0], [-85.9736775584497, 39.7061700525562, 0.0], [-85.9736769917219, 39.70616204349, 0.0], [-85.9736764901543, 39.7061540318322, 0.0], [-85.9736760537666, 39.7061460178991, 0.0], [-85.9736756825759, 39.7061380020071, 0.0], [-85.9736753765971, 39.7061299844728, 0.0], [-85.973675135842, 39.7061219656124, 0.0], [-85.9736749603203, 39.7061139457428, 0.0], [-85.9736748500387, 39.7061059251804, 0.0], [-85.9736748050016, 39.706097904242, 0.0], [-85.9736748252108, 39.7060898832441, 0.0], [-85.9736749106655, 39.7060818625034, 0.0], [-85.9736750613623, 39.7060738423366, 0.0], [-85.9736752772951, 39.7060658230602, 0.0], [-85.9736755584555, 39.7060578049909, 0.0], [-85.9736759048323, 39.7060497884453, 0.0], [-85.9736763164118, 39.7060417737397, 0.0], [-85.9736767931777, 39.7060337611906, 0.0], [-85.9736773351113, 39.7060257511144, 0.0], [-85.9736779421911, 39.7060177438272, 0.0], [-85.9736785191467, 39.7060108280404, 0.0], [-85.9736855866697, 39.7062419654059, 0.0]]]}}, {"type": "Feature", "properties": { "fid": "Montgomery_Woods_8", "description": "11256.2078052066", "fill": "#add8e6", "fill-opacity": 0.7, "stroke": "#000000", "stroke-opacity": 1.0, "stroke-width": 1.0}, "geometry": {"type": "Polygon", "coordinates": [[[-85.9736785191467, 39.7060108280404, 0.0], [-85.9741395290828, 39.706034750153, 0.0], [-85.9741674964694, 39.705882501328, 0.0], [-85.9741825350808, 39.7058176308799, 0.0], [-85.9741599130921, 39.7058148220191, 0.0], [-85.9741373143977, 39.7058119034198, 0.0], [-85.97411473989, 39.7058088751972, 0.0], [-85.974107159807, 39.705807833043, 0.0], [-85.9737975524139, 39.7057650053144, 0.0], [-85.9737966721647, 39.7057648879533, 0.0], [-85.9737949062868, 39.7057646789076, 0.0], [-85.9737931341662, 39.7057645042053, 0.0], [-85.9737913569222, 39.7057643639569, 0.0], [-85.9737895756773, 39.7057642582507, 0.0], [-85.9737877915567, 39.7057641871537, 0.0], [-85.9737860056871, 39.7057641507107, 0.0], [-85.9737842191966, 39.7057641489448, 0.0], [-85.9737824332136, 39.705764181857, 0.0], [-85.9737806488662, 39.7057642494266, 0.0], [-85.9737788672812, 39.7057643516108, 0.0], [-85.9737770895842, 39.7057644883453, 0.0], [-85.9737753168978, 39.7057646595435, 0.0], [-85.9737735503417, 39.7057648650973, 0.0], [-85.9737717910318, 39.705765104877, 0.0], [-85.9737700400792, 39.705765378731, 0.0], [-85.9737682985899, 39.7057656864865, 0.0], [-85.9737665676638, 39.7057660279489, 0.0], [-85.9737648483943, 39.7057664029027, 0.0], [-85.9737631418672, 39.7057668111111, 0.0], [-85.9737614491604, 39.705767252316, 0.0], [-85.9737597713432, 39.705767726239, 0.0], [-85.9737581094751, 39.7057682325807, 0.0], [-85.973756464606, 39.7057687710212, 0.0], [-85.9737548377746, 39.7057693412205, 0.0], [-85.9737532300087, 39.7057699428184, 0.0], [-85.9737516423236, 39.7057705754349, 0.0], [-85.9737500757221, 39.7057712386705, 0.0], [-85.9737485311939, 39.7057719321062, 0.0], [-85.9737470097144, 39.7057726553041, 0.0], [-85.9737455122445, 39.7057734078073, 0.0], [-85.9737440397303, 39.7057741891406, 0.0], [-85.9737425931017, 39.7057749988105, 0.0], [-85.9737411732725, 39.7057758363055, 0.0], [-85.9737397811393, 39.7057767010968, 0.0], [-85.9737384175817, 39.705777592638, 0.0], [-85.9737370834607, 39.705778510366, 0.0], [-85.9737357796191, 39.7057794537012, 0.0], [-85.9737345068804, 39.7057804220479, 0.0], [-85.9737332660484, 39.7057814147942, 0.0], [-85.973732057907, 39.7057824313132, 0.0], [-85.9737308832192, 39.7057834709629, 0.0], [-85.9737297427269, 39.7057845330866, 0.0], [-85.9737286371506, 39.7057856170134, 0.0], [-85.9737275671885, 39.7057867220586, 0.0], [-85.9737265335165, 39.7057878475244, 0.0], [-85.9737255367873, 39.7057889926999, 0.0], [-85.9737245776307, 39.7057901568616, 0.0], [-85.9737236566524, 39.7057913392744, 0.0], [-85.973722774434, 39.7057925391914, 0.0], [-85.973721931533, 39.7057937558547, 0.0], [-85.9737211284816, 39.7057949884959, 0.0], [-85.9737203657871, 39.7057962363363, 0.0], [-85.9737196439311, 39.7057974985878, 0.0], [-85.9737189633698, 39.7057987744531, 0.0], [-85.9737183245328, 39.7058000631265, 0.0], [-85.9737177278238, 39.7058013637938, 0.0], [-85.9737171736196, 39.7058026756337, 0.0], [-85.9737166622702, 39.7058039978174, 0.0], [-85.9737161940987, 39.70580532951, 0.0], [-85.9737157694008, 39.7058066698702, 0.0], [-85.9737153884446, 39.7058080180515, 0.0], [-85.9737150514709, 39.7058093732023, 0.0], [-85.9737006816062, 39.7058713570815, 0.0], [-85.9736785191467, 39.7060108280404, 0.0], [-85.9736792475928, 39.7060028267957, 0.0], [-85.9736800411094, 39.705994829245, 0.0], [-85.9736808996654, 39.705986835704, 0.0], [-85.9736818232268, 39.7059788464884, 0.0], [-85.973682811757, 39.7059708619136, 0.0], [-85.973683865217, 39.7059628822947, 0.0], [-85.9736849835653, 39.7059549079468, 0.0], [-85.9736861667575, 39.7059469391847, 0.0], [-85.9736874147472, 39.7059389763229, 0.0], [-85.9736887274848, 39.7059310196759, 0.0], [-85.9736901049185, 39.7059230695578, 0.0], [-85.9736915469941, 39.7059151262824, 0.0], [-85.9736930536545, 39.7059071901633, 0.0], [-85.9736946248402, 39.7058992615137, 0.0], [-85.9736962604891, 39.7058913406468, 0.0], [-85.9736979605368, 39.7058834278752, 0.0], [-85.9736997249159, 39.7058755235112, 0.0], [-85.9737006816062, 39.7058713570815, 0.0], [-85.9736785191467, 39.7060108280404, 0.0]]]}}, {"type": "Feature", "properties": { "fid": "Montgomery_Woods_14", "description": "9103.7343365259", "fill": "#add8e6", "fill-opacity": 0.7, "stroke": "#000000", "stroke-opacity": 1.0, "stroke-width": 1.0}, "geometry": {"type": "Polygon", "coordinates": [[[-85.973926137757, 39.7069848584507, 0.0], [-85.9739290096531, 39.7069938163902, 0.0], [-85.9739318086252, 39.7070027880897, 0.0], [-85.9739345345628, 39.7070117731948, 0.0], [-85.9739371873584, 39.707020771351, 0.0], [-85.9739397669071, 39.707029782203, 0.0], [-85.9739422731072, 39.7070388053951, 0.0], [-85.9739447058596, 39.707047840571, 0.0], [-85.9739470650682, 39.707056887374, 0.0], [-85.9739493506399, 39.7070659454471, 0.0], [-85.9739515624844, 39.7070750144326, 0.0], [-85.9739537005145, 39.7070840939725, 0.0], [-85.9739557646456, 39.7070931837084, 0.0], [-85.9739577547962, 39.7071022832814, 0.0], [-85.9739596708878, 39.7071113923323, 0.0], [-85.9739615128446, 39.7071205105014, 0.0], [-85.973963280594, 39.7071296374288, 0.0], [-85.9739649740661, 39.7071387727543, 0.0], [-85.9739665931939, 39.7071479161171, 0.0], [-85.973967194317, 39.7071514242024, 0.0], [-85.9744253281393, 39.7071050269517, 0.0], [-85.9743724792124, 39.7068916485602, 0.0], [-85.973926137757, 39.7069848584507, 0.0]]]}}, {"type": "Feature", "properties": { "fid": "Montgomery_Woods_13", "description": "8580.28601860739", "fill": "#add8e6", "fill-opacity": 0.7, "stroke": "#000000", "stroke-opacity": 1.0, "stroke-width": 1.0}, "geometry": {"type": "Polygon", "coordinates": [[[-85.973917422543, 39.706959031799, 0.0], [-85.9739205046946, 39.7069679479549, 0.0], [-85.973923514258, 39.7069768788921, 0.0], [-85.973926137757, 39.7069848584507, 0.0], [-85.9743724792124, 39.7068916485602, 0.0], [-85.9743112512966, 39.7067167357847, 0.0], [-85.9738652139515, 39.7068098821548, 0.0], [-85.973917422543, 39.706959031799, 0.0]]]}}, {"type": "Feature", "properties": { "fid": "Montgomery_Woods_20", "description": "8580.00000006747", "fill": "#add8e6", "fill-opacity": 0.7, "stroke": "#000000", "stroke-opacity": 1.0, "stroke-width": 1.0}, "geometry": {"type": "Polygon", "coordinates": [[[-85.9739889181096, 39.7082408541558, 0.0], [-85.9744509762664, 39.7082391527434, 0.0], [-85.9744498534634, 39.7080579620144, 0.0], [-85.9739877965246, 39.7080596634221, 0.0], [-85.9739889181096, 39.7082408541558, 0.0]]]}}, {"type": "Feature", "properties": { "fid": "Montgomery_Woods_19", "description": "8580.00000000408", "fill": "#add8e6", "fill-opacity": 0.7, "stroke": "#000000", "stroke-opacity": 1.0, "stroke-width": 1.0}, "geometry": {"type": "Polygon", "coordinates": [[[-85.9739877965246, 39.7080596634221, 0.0], [-85.9744498534634, 39.7080579620144, 0.0], [-85.9744487306695, 39.7078767712797, 0.0], [-85.9739866749485, 39.7078784726828, 0.0], [-85.9739877965246, 39.7080596634221, 0.0]]]}}, {"type": "Feature", "properties": { "fid": "Montgomery_Woods_18", "description": "7995.0000001807", "fill": "#add8e6", "fill-opacity": 0.7, "stroke": "#000000", "stroke-opacity": 1.0, "stroke-width": 1.0}, "geometry": {"type": "Polygon", "coordinates": [[[-85.9739866749485, 39.7078784726828, 0.0], [-85.9744487306695, 39.7078767712797, 0.0], [-85.9744476844377, 39.7077079344536, 0.0], [-85.9739856298516, 39.7077096358524, 0.0], [-85.9739866749485, 39.7078784726828, 0.0]]]}}, {"type": "Feature", "properties": { "fid": "Montgomery_Woods_17", "description": "7995.0000000133", "fill": "#add8e6", "fill-opacity": 0.7, "stroke": "#000000", "stroke-opacity": 1.0, "stroke-width": 1.0}, "geometry": {"type": "Polygon", "coordinates": [[[-85.973985374951, 39.707668456137, 0.0], [-85.9744474292604, 39.7076667547392, 0.0], [-85.9744463830384, 39.707497917907, 0.0], [-85.9739843298638, 39.7074996193004, 0.0], [-85.973985374951, 39.707668456137, 0.0]]]}}, {"type": "Feature", "properties": { "fid": "Montgomery_Woods_23", "description": "9360.00000006505", "fill": "#add8e6", "fill-opacity": 0.7, "stroke": "#000000", "stroke-opacity": 1.0, "stroke-width": 1.0}, "geometry": {"type": "Polygon", "coordinates": [[[-85.9739924358662, 39.7088091341473, 0.0], [-85.9744544978427, 39.7088074327203, 0.0], [-85.9744532729366, 39.708609770126, 0.0], [-85.9739912122887, 39.7086114715479, 0.0], [-85.9739924358662, 39.7088091341473, 0.0]]]}}, {"type": "Feature", "properties": { "fid": "Montgomery_Woods_22", "description": "8970.0000000902", "fill": "#add8e6", "fill-opacity": 0.7, "stroke": "#000000", "stroke-opacity": 1.0, "stroke-width": 1.0}, "geometry": {"type": "Polygon", "coordinates": [[[-85.9739912122887, 39.7086114715479, 0.0], [-85.9744532729366, 39.708609770126, 0.0], [-85.9744520990782, 39.7084203434667, 0.0], [-85.9739900397036, 39.7084220448838, 0.0], [-85.9739912122887, 39.7086114715479, 0.0]]]}}, {"type": "Feature", "properties": { "fid": "Montgomery_Woods_21", "description": "8580.00000004", "fill": "#add8e6", "fill-opacity": 0.7, "stroke": "#000000", "stroke-opacity": 1.0, "stroke-width": 1.0}, "geometry": {"type": "Polygon", "coordinates": [[[-85.9739900397036, 39.7084220448838, 0.0], [-85.9744520990782, 39.7084203434667, 0.0], [-85.9744509762664, 39.7082391527434, 0.0], [-85.9739889181096, 39.7082408541558, 0.0], [-85.9739900397036, 39.7084220448838, 0.0]]]}}, {"type": "Feature", "properties": { "fid": "Montgomery_Woods_36", "description": "9240.11747604854", "fill": "#add8e6", "fill-opacity": 0.7, "stroke": "#000000", "stroke-opacity": 1.0, "stroke-width": 1.0}, "geometry": {"type": "Polygon", "coordinates": [[[-85.9740078757024, 39.7113032111268, 0.0], [-85.9744699331899, 39.7112980801659, 0.0], [-85.9744687344668, 39.7111046640457, 0.0], [-85.9740066570479, 39.7111063655314, 0.0], [-85.9740078757024, 39.7113032111268, 0.0]]]}}, {"type": "Feature", "properties": { "fid": "Montgomery_Woods_35", "description": "8580.00000000759", "fill": "#add8e6", "fill-opacity": 0.7, "stroke": "#000000", "stroke-opacity": 1.0, "stroke-width": 1.0}, "geometry": {"type": "Polygon", "coordinates": [[[-85.9740066570479, 39.7111063655314, 0.0], [-85.9744687344668, 39.7111046640457, 0.0], [-85.9744676115221, 39.7109234734065, 0.0], [-85.9740055353213, 39.7109251748875, 0.0], [-85.9740066570479, 39.7111063655314, 0.0]]]}}, {"type": "Feature", "properties": { "fid": "Montgomery_Woods_34", "description": "8580.00000005305", "fill": "#add8e6", "fill-opacity": 0.7, "stroke": "#000000", "stroke-opacity": 1.0, "stroke-width": 1.0}, "geometry": {"type": "Polygon", "coordinates": [[[-85.9740055353213, 39.7109251748875, 0.0], [-85.9744676115221, 39.7109234734065, 0.0], [-85.9744664885863, 39.7107422827615, 0.0], [-85.9740044136036, 39.7107439842379, 0.0], [-85.9740055353213, 39.7109251748875, 0.0]]]}}, {"type": "Feature", "properties": { "fid": "Montgomery_Woods_33", "description": "8580.00000000767", "fill": "#add8e6", "fill-opacity": 0.7, "stroke": "#000000", "stroke-opacity": 1.0, "stroke-width": 1.0}, "geometry": {"type": "Polygon", "coordinates": [[[-85.9740044136036, 39.7107439842379, 0.0], [-85.9744664885863, 39.7107422827615, 0.0], [-85.9744653656596, 39.7105610921109, 0.0], [-85.9740032918948, 39.7105627935827, 0.0], [-85.9740044136036, 39.7107439842379, 0.0]]]}}, {"type": "Feature", "properties": { "fid": "Montgomery_Woods_32", "description": "8970.00000002388", "fill": "#add8e6", "fill-opacity": 0.7, "stroke": "#000000", "stroke-opacity": 1.0, "stroke-width": 1.0}, "geometry": {"type": "Polygon", "coordinates": [[[-85.9740032918948, 39.7105627935827, 0.0], [-85.9744653656596, 39.7105610921109, 0.0], [-85.9744641917002, 39.7103716655156, 0.0], [-85.9740021192089, 39.7103733669825, 0.0], [-85.9740032918948, 39.7105627935827, 0.0]]]}}, {"type": "Feature", "properties": { "fid": "Montgomery_Woods_31", "description": "8970.00000003904", "fill": "#add8e6", "fill-opacity": 0.7, "stroke": "#000000", "stroke-opacity": 1.0, "stroke-width": 1.0}, "geometry": {"type": "Polygon", "coordinates": [[[-85.9740021192089, 39.7103733669825, 0.0], [-85.9744641917002, 39.7103716655156, 0.0], [-85.9744630177507, 39.710182238914, 0.0], [-85.9740009465328, 39.7101839403761, 0.0], [-85.9740021192089, 39.7103733669825, 0.0]]]}}, {"type": "Feature", "properties": { "fid": "Montgomery_Woods_30", "description": "8580.00000000772", "fill": "#add8e6", "fill-opacity": 0.7, "stroke": "#000000", "stroke-opacity": 1.0, "stroke-width": 1.0}, "geometry": {"type": "Polygon", "coordinates": [[[-85.9740009465328, 39.7101839403761, 0.0], [-85.9744630177507, 39.710182238914, 0.0], [-85.9744618948517, 39.7100010482459, 0.0], [-85.9739998248517, 39.7100027497033, 0.0], [-85.9740009465328, 39.7101839403761, 0.0]]]}}, {"type": "Feature", "properties": { "fid": "Montgomery_Woods_29", "description": "8580.00000000774", "fill": "#add8e6", "fill-opacity": 0.7, "stroke": "#000000", "stroke-opacity": 1.0, "stroke-width": 1.0}, "geometry": {"type": "Polygon", "coordinates": [[[-85.9739998248517, 39.7100027497033, 0.0], [-85.9744618948517, 39.7100010482459, 0.0], [-85.9744607719616, 39.709819857572, 0.0], [-85.9739987031796, 39.7098215590248, 0.0], [-85.9739998248517, 39.7100027497033, 0.0]]]}}, {"type": "Feature", "properties": { "fid": "Montgomery_Woods_28", "description": "8580.00000006831", "fill": "#add8e6", "fill-opacity": 0.7, "stroke": "#000000", "stroke-opacity": 1.0, "stroke-width": 1.0}, "geometry": {"type": "Polygon", "coordinates": [[[-85.9739987031796, 39.7098215590248, 0.0], [-85.9744607719616, 39.709819857572, 0.0], [-85.9744596490804, 39.7096386668925, 0.0], [-85.9739975815164, 39.7096403683407, 0.0], [-85.9739987031796, 39.7098215590248, 0.0]]]}}, {"type": "Feature", "properties": { "fid": "Montgomery_Woods_27", "description": "8972.61359866961", "fill": "#add8e6", "fill-opacity": 0.7, "stroke": "#000000", "stroke-opacity": 1.0, "stroke-width": 1.0}, "geometry": {"type": "Polygon", "coordinates": [[[-85.9739975815164, 39.7096403683407, 0.0], [-85.9744596490804, 39.7096386668925, 0.0], [-85.9744584748268, 39.7094491850735, 0.0], [-85.9739964085365, 39.7094508865168, 0.0], [-85.9739975815164, 39.7096403683407, 0.0]]]}}, {"type": "Feature", "properties": { "fid": "Montgomery_Woods_26", "description": "8970.00000005594", "fill": "#add8e6", "fill-opacity": 0.7, "stroke": "#000000", "stroke-opacity": 1.0, "stroke-width": 1.0}, "geometry": {"type": "Polygon", "coordinates": [[[-85.9739964085365, 39.7094508865168, 0.0], [-85.9744584748268, 39.7094491850735, 0.0], [-85.974457300925, 39.7092597584417, 0.0], [-85.973995235908, 39.7092614598802, 0.0], [-85.9739964085365, 39.7094508865168, 0.0]]]}}, {"type": "Feature", "properties": { "fid": "Montgomery_Woods_25", "description": "8579.99999999433", "fill": "#add8e6", "fill-opacity": 0.7, "stroke": "#000000", "stroke-opacity": 1.0, "stroke-width": 1.0}, "geometry": {"type": "Polygon", "coordinates": [[[-85.973995235908, 39.7092614598802, 0.0], [-85.974457300925, 39.7092597584417, 0.0], [-85.9744561780716, 39.7090785677447, 0.0], [-85.9739941142726, 39.7090802691786, 0.0], [-85.973995235908, 39.7092614598802, 0.0]]]}}, {"type": "Feature", "properties": { "fid": "Montgomery_Woods_24", "description": "8969.99999999547", "fill": "#add8e6", "fill-opacity": 0.7, "stroke": "#000000", "stroke-opacity": 1.0, "stroke-width": 1.0}, "geometry": {"type": "Polygon", "coordinates": [[[-85.9739941142726, 39.7090802691786, 0.0], [-85.9744561780716, 39.7090785677447, 0.0], [-85.974455004189, 39.7088891411008, 0.0], [-85.9739929416632, 39.7088908425298, 0.0], [-85.9739941142726, 39.7090802691786, 0.0]]]}}, {"type": "Feature", "properties": { "fid": "Montgomery_Woods_43", "description": "10673.9783513136", "fill": "#add8e6", "fill-opacity": 0.7, "stroke": "#000000", "stroke-opacity": 1.0, "stroke-width": 1.0}, "geometry": {"type": "Polygon", "coordinates": [[[-85.9732902626045, 39.7102180960163, 0.0], [-85.9737523340879, 39.7102163973826, 0.0], [-85.9737512708534, 39.7100445476517, 0.0], [-85.9737512650064, 39.7100440585347, 0.0], [-85.9737512181071, 39.7100426790854, 0.0], [-85.9737511263407, 39.7100413009814, 0.0], [-85.973750989765, 39.7100399250932, 0.0], [-85.9737508084663, 39.7100385522899, 0.0], [-85.9737505825591, 39.7100371834385, 0.0], [-85.9737503121862, 39.7100358194037, 0.0], [-85.9737499975182, 39.7100344610469, 0.0], [-85.973749638754, 39.7100331092263, 0.0], [-85.9737492361202, 39.7100317647955, 0.0], [-85.973748789871, 39.7100304286038, 0.0], [-85.9737483002883, 39.7100291014952, 0.0], [-85.9737477676814, 39.7100277843078, 0.0], [-85.9737471923867, 39.7100264778736, 0.0], [-85.9737465747675, 39.7100251830179, 0.0], [-85.9737459152139, 39.7100239005584, 0.0], [-85.9737452141426, 39.7100226313052, 0.0], [-85.9737444719964, 39.7100213760599, 0.0], [-85.9737436892439, 39.7100201356155, 0.0], [-85.9737428663797, 39.7100189107554, 0.0], [-85.9737420039233, 39.7100177022533, 0.0], [-85.9737411024197, 39.7100165108724, 0.0], [-85.9737401624382, 39.7100153373653, 0.0], [-85.9737391845726, 39.7100141824732, 0.0], [-85.9737381694404, 39.7100130469255, 0.0], [-85.9737371176828, 39.7100119314394, 0.0], [-85.9737360299642, 39.7100108367196, 0.0], [-85.9737349069716, 39.7100097634575, 0.0], [-85.9737337494142, 39.710008712331, 0.0], [-85.9737325580233, 39.7100076840039, 0.0], [-85.9737313335513, 39.7100066791259, 0.0], [-85.9737300767717, 39.7100056983315, 0.0], [-85.9737287884782, 39.7100047422404, 0.0], [-85.9737274694846, 39.7100038114563, 0.0], [-85.973726120624, 39.7100029065672, 0.0], [-85.9737247427482, 39.7100020281446, 0.0], [-85.9737233367278, 39.7100011767434, 0.0], [-85.9737219034506, 39.7100003529013, 0.0], [-85.973720443822, 39.7099995571387, 0.0], [-85.973718958764, 39.7099987899582, 0.0], [-85.9737174492144, 39.7099980518443, 0.0], [-85.9737159161268, 39.7099973432633, 0.0], [-85.9737143604696, 39.7099966646628, 0.0], [-85.9737127832252, 39.7099960164712, 0.0], [-85.97371118539, 39.7099953990981, 0.0], [-85.973709567973, 39.7099948129334, 0.0], [-85.9737079319961, 39.7099942583474, 0.0], [-85.9737062784923, 39.7099937356902, 0.0], [-85.9737046085063, 39.7099932452921, 0.0], [-85.9737029230926, 39.7099927874628, 0.0], [-85.9737012233159, 39.7099923624914, 0.0], [-85.9736995102498, 39.7099919706464, 0.0], [-85.9736977849763, 39.7099916121753, 0.0], [-85.9736960485851, 39.7099912873045, 0.0], [-85.973694302173, 39.7099909962392, 0.0], [-85.973692546843, 39.7099907391632, 0.0], [-85.9736907837037, 39.7099905162389, 0.0], [-85.973689013869, 39.7099903276071, 0.0], [-85.9736872384566, 39.7099901733869, 0.0], [-85.9736854585878, 39.7099900536759, 0.0], [-85.973683675387, 39.7099899685495, 0.0], [-85.9736818899804, 39.7099899180615, 0.0], [-85.9736801034957, 39.7099899022438, 0.0], [-85.9732888543617, 39.7099902350285, 0.0], [-85.9732902626045, 39.7102180960163, 0.0]]]}}, {"type": "Feature", "properties": { "fid": "Montgomery_Woods_42", "description": "8579.99999995012", "fill": "#add8e6", "fill-opacity": 0.7, "stroke": "#000000", "stroke-opacity": 1.0, "stroke-width": 1.0}, "geometry": {"type": "Polygon", "coordinates": [[[-85.9732913824222, 39.7103992866895, 0.0], [-85.9737534551237, 39.7103975880512, 0.0], [-85.9737523340879, 39.7102163973826, 0.0], [-85.9732902626045, 39.7102180960163, 0.0], [-85.9732913824222, 39.7103992866895, 0.0]]]}}, {"type": "Feature", "properties": { "fid": "Montgomery_Woods_41", "description": "8580.0000000145", "fill": "#add8e6", "fill-opacity": 0.7, "stroke": "#000000", "stroke-opacity": 1.0, "stroke-width": 1.0}, "geometry": {"type": "Polygon", "coordinates": [[[-85.9732925022488, 39.7105804773571, 0.0], [-85.9737545761683, 39.7105787787141, 0.0], [-85.9737534551237, 39.7103975880512, 0.0], [-85.9732913824222, 39.7103992866895, 0.0], [-85.9732925022488, 39.7105804773571, 0.0]]]}}, {"type": "Feature", "properties": { "fid": "Montgomery_Woods_40", "description": "8580.0000000042", "fill": "#add8e6", "fill-opacity": 0.7, "stroke": "#000000", "stroke-opacity": 1.0, "stroke-width": 1.0}, "geometry": {"type": "Polygon", "coordinates": [[[-85.9732936220844, 39.710761668019, 0.0], [-85.973755697222, 39.7107599693714, 0.0], [-85.9737545761683, 39.7105787787141, 0.0], [-85.9732925022488, 39.7105804773571, 0.0], [-85.9732936220844, 39.710761668019, 0.0]]]}}, {"type": "Feature", "properties": { "fid": "Montgomery_Woods_39", "description": "9642.15353003176", "fill": "#add8e6", "fill-opacity": 0.7, "stroke": "#000000", "stroke-opacity": 1.0, "stroke-width": 1.0}, "geometry": {"type": "Polygon", "coordinates": [[[-85.9731784861788, 39.7109432857568, 0.0], [-85.9737466900026, 39.7109411972756, 0.0], [-85.9737467078648, 39.7109411533785, 0.0], [-85.9737472347802, 39.710939838646, 0.0], [-85.9737477474548, 39.7109385205589, 0.0], [-85.9737482458526, 39.7109371992092, 0.0], [-85.973748729939, 39.7109358746891, 0.0], [-85.9737491996802, 39.7109345470911, 0.0], [-85.9737496550432, 39.7109332165079, 0.0], [-85.9737500959965, 39.7109318830325, 0.0], [-85.9737505225091, 39.7109305467578, 0.0], [-85.9737509345512, 39.7109292077771, 0.0], [-85.9737513320943, 39.710927866184, 0.0], [-85.9737517151104, 39.7109265220721, 0.0], [-85.9737520835729, 39.7109251755352, 0.0], [-85.973752437456, 39.7109238266674, 0.0], [-85.973752776735, 39.7109224755627, 0.0], [-85.9737531013863, 39.7109211223156, 0.0], [-85.9737534113871, 39.7109197670204, 0.0], [-85.9737537067159, 39.7109184097719, 0.0], [-85.9737539873519, 39.7109170506647, 0.0], [-85.9737542532757, 39.7109156897938, 0.0], [-85.9737545044687, 39.7109143272541, 0.0], [-85.9737547409133, 39.7109129631407, 0.0], [-85.973754962593, 39.710911597549, 0.0], [-85.9737551694923, 39.7109102305741, 0.0], [-85.9737553615969, 39.7109088623117, 0.0], [-85.9737555388933, 39.710907492857, 0.0], [-85.973755701369, 39.7109061223059, 0.0], [-85.9737558490129, 39.7109047507539, 0.0], [-85.9737559818145, 39.7109033782968, 0.0], [-85.9737560997646, 39.7109020050304, 0.0], [-85.973756202855, 39.7109006310506, 0.0], [-85.9737562910785, 39.7108992564534, 0.0], [-85.9737563644288, 39.7108978813345, 0.0], [-85.973756422901, 39.7108965057901, 0.0], [-85.9737564664909, 39.7108951299162, 0.0], [-85.9737564951954, 39.7108937538089, 0.0], [-85.9737565090126, 39.7108923775642, 0.0], [-85.9737565079415, 39.7108910012781, 0.0], [-85.973755697222, 39.7107599693714, 0.0], [-85.9732936220844, 39.710761668019, 0.0], [-85.9731784861788, 39.7109432857568, 0.0]]]}}, {"type": "Feature", "properties": { "fid": "Montgomery_Woods_38", "description": "9528.11398101549", "fill": "#add8e6", "fill-opacity": 0.7, "stroke": "#000000", "stroke-opacity": 1.0, "stroke-width": 1.0}, "geometry": {"type": "Polygon", "coordinates": [[[-85.9731197707281, 39.7111246961752, 0.0], [-85.9735854400779, 39.7111229850137, 0.0], [-85.9735858309775, 39.7111216422563, 0.0], [-85.9735862363891, 39.7111203020685, 0.0], [-85.9735866562845, 39.711118964544, 0.0], [-85.9735870906342, 39.711117629776, 0.0], [-85.973587539408, 39.7111162978577, 0.0], [-85.9735880025745, 39.7111149688821, 0.0], [-85.9735884801014, 39.7111136429421, 0.0], [-85.9735889719554, 39.71111232013, 0.0], [-85.9735894781021, 39.7111110005384, 0.0], [-85.9735899985061, 39.7111096842593, 0.0], [-85.9735905331313, 39.7111083713847, 0.0], [-85.9735910819401, 39.7111070620061, 0.0], [-85.9735916448944, 39.7111057562149, 0.0], [-85.9735922219548, 39.7111044541024, 0.0], [-85.973592813081, 39.7111031557594, 0.0], [-85.9735934182318, 39.7111018612766, 0.0], [-85.9735940373649, 39.7111005707444, 0.0], [-85.9735946704371, 39.7110992842528, 0.0], [-85.9735953174042, 39.7110980018916, 0.0], [-85.9735959782211, 39.7110967237504, 0.0], [-85.9735966528415, 39.7110954499183, 0.0], [-85.9735973412185, 39.7110941804844, 0.0], [-85.9735980433039, 39.7110929155373, 0.0], [-85.9735987590487, 39.7110916551651, 0.0], [-85.973599488403, 39.711090399456, 0.0], [-85.9736002313158, 39.7110891484976, 0.0], [-85.9736009877353, 39.7110879023773, 0.0], [-85.9736017576087, 39.7110866611819, 0.0], [-85.9736025408823, 39.7110854249983, 0.0], [-85.9736033375013, 39.7110841939125, 0.0], [-85.9736041474101, 39.7110829680107, 0.0], [-85.9736049705522, 39.7110817473784, 0.0], [-85.9736058068702, 39.7110805321007, 0.0], [-85.9736066563056, 39.7110793222627, 0.0], [-85.9736075187991, 39.7110781179486, 0.0], [-85.9736083942906, 39.7110769192425, 0.0], [-85.9736092827189, 39.7110757262283, 0.0], [-85.973610184022, 39.711074538989, 0.0], [-85.973611098137, 39.7110733576077, 0.0], [-85.9736120250001, 39.7110721821668, 0.0], [-85.9736129645465, 39.7110710127483, 0.0], [-85.9736139167106, 39.7110698494339, 0.0], [-85.9736148814261, 39.7110686923049, 0.0], [-85.9736158586255, 39.7110675414419, 0.0], [-85.9736168482406, 39.7110663969253, 0.0], [-85.9736178502023, 39.711065258835, 0.0], [-85.9736188644408, 39.7110641272505, 0.0], [-85.9736198908851, 39.7110630022508, 0.0], [-85.9736209294637, 39.7110618839144, 0.0], [-85.973621980104, 39.7110607723194, 0.0], [-85.9736230427327, 39.7110596675433, 0.0], [-85.9736241172755, 39.7110585696633, 0.0], [-85.9736252036576, 39.7110574787561, 0.0], [-85.973626301803, 39.7110563948978, 0.0], [-85.973627411635, 39.711055318164, 0.0], [-85.9736285330763, 39.71105424863, 0.0], [-85.9736296660485, 39.7110531863704, 0.0], [-85.9736308104724, 39.7110521314593, 0.0], [-85.9736319662684, 39.7110510839705, 0.0], [-85.9736331333555, 39.7110500439769, 0.0], [-85.9736343116524, 39.7110490115513, 0.0], [-85.9736355010768, 39.7110479867657, 0.0], [-85.9736367015457, 39.7110469696916, 0.0], [-85.9736379129752, 39.7110459604, 0.0], [-85.9736391352809, 39.7110449589615, 0.0], [-85.9736403683773, 39.7110439654458, 0.0], [-85.9736416121784, 39.7110429799225, 0.0], [-85.9736428665973, 39.7110420024602, 0.0], [-85.9736441315465, 39.7110410331272, 0.0], [-85.9736454069377, 39.7110400719912, 0.0], [-85.9736466926818, 39.7110391191192, 0.0], [-85.9736479886891, 39.7110381745779, 0.0], [-85.9736492948691, 39.7110372384331, 0.0], [-85.9736506111306, 39.7110363107501, 0.0], [-85.9736519373817, 39.7110353915939, 0.0], [-85.9736532735299, 39.7110344810284, 0.0], [-85.9736546194818, 39.7110335791173, 0.0], [-85.9736559751436, 39.7110326859235, 0.0], [-85.9736573404204, 39.7110318015095, 0.0], [-85.9736587152172, 39.7110309259368, 0.0], [-85.9736600994378, 39.7110300592668, 0.0], [-85.9736614929857, 39.7110292015598, 0.0], [-85.9736628957635, 39.7110283528757, 0.0], [-85.9736643076734, 39.7110275132738, 0.0], [-85.9736657286167, 39.7110266828128, 0.0], [-85.9736671584943, 39.7110258615505, 0.0], [-85.9736684751895, 39.711025117859, 0.0], [-85.973669085368, 39.7110247747006, 0.0], [-85.9736705195983, 39.7110239579785, 0.0], [-85.9736719449431, 39.7110231320293, 0.0], [-85.9736733613031, 39.7110222969107, 0.0], [-85.9736747685793, 39.7110214526811, 0.0], [-85.9736761666735, 39.7110205993992, 0.0], [-85.9736775554882, 39.7110197371248, 0.0], [-85.9736789349262, 39.711018865918, 0.0], [-85.9736803048914, 39.7110179858396, 0.0], [-85.9736816652882, 39.7110170969511, 0.0], [-85.9736830160214, 39.7110161993145, 0.0], [-85.9736843569969, 39.7110152929925, 0.0], [-85.973685688121, 39.7110143780484, 0.0], [-85.9736870093009, 39.7110134545459, 0.0], [-85.9736883204442, 39.7110125225497, 0.0], [-85.9736896214594, 39.7110115821247, 0.0], [-85.9736909122557, 39.7110106333367, 0.0], [-85.9736921927431, 39.7110096762518, 0.0], [-85.973693462832, 39.7110087109369, 0.0], [-85.9736947224339, 39.7110077374593, 0.0], [-85.9736959714608, 39.711006755887, 0.0], [-85.9736972098255, 39.7110057662886, 0.0], [-85.9736984374416, 39.7110047687331, 0.0], [-85.9736996542233, 39.7110037632901, 0.0], [-85.9737008600858, 39.71100275003, 0.0], [-85.9737020549448, 39.7110017290233, 0.0], [-85.9737032387169, 39.7110007003413, 0.0], [-85.9737044113195, 39.710999664056, 0.0], [-85.9737055726707, 39.7109986202396, 0.0], [-85.9737067226895, 39.710997568965, 0.0], [-85.9737078612955, 39.7109965103055, 0.0], [-85.9737089884093, 39.7109954443352, 0.0], [-85.9737101039522, 39.7109943711284, 0.0], [-85.9737112078463, 39.71099329076, 0.0], [-85.9737123000146, 39.7109922033054, 0.0], [-85.9737133803808, 39.7109911088407, 0.0], [-85.9737144488695, 39.710990007442, 0.0], [-85.973715505406, 39.7109888991865, 0.0], [-85.9737165499167, 39.7109877841514, 0.0], [-85.9737175823287, 39.7109866624146, 0.0], [-85.9737186025697, 39.7109855340543, 0.0], [-85.9737196105687, 39.7109843991494, 0.0], [-85.9737206062553, 39.7109832577791, 0.0], [-85.9737215895599, 39.710982110023, 0.0], [-85.9737225604139, 39.7109809559614, 0.0], [-85.9737235187496, 39.7109797956747, 0.0], [-85.9737244644999, 39.7109786292439, 0.0], [-85.973725397599, 39.7109774567506, 0.0], [-85.9737263179816, 39.7109762782764, 0.0], [-85.9737272255835, 39.7109750939038, 0.0], [-85.9737281203414, 39.7109739037154, 0.0], [-85.9737290021928, 39.7109727077943, 0.0], [-85.9737298710761, 39.7109715062239, 0.0], [-85.9737307269307, 39.7109702990882, 0.0], [-85.9737315696968, 39.7109690864714, 0.0], [-85.9737323993156, 39.7109678684581, 0.0], [-85.9737332157291, 39.7109666451335, 0.0], [-85.9737340188804, 39.7109654165829, 0.0], [-85.9737348087135, 39.7109641828921, 0.0], [-85.9737355851731, 39.7109629441471, 0.0], [-85.9737363482051, 39.7109617004346, 0.0], [-85.9737370977561, 39.7109604518412, 0.0], [-85.973737833774, 39.7109591984542, 0.0], [-85.9737385562072, 39.710957940361, 0.0], [-85.9737392650054, 39.7109566776496, 0.0], [-85.9737399601191, 39.710955410408, 0.0], [-85.9737406414998, 39.7109541387247, 0.0], [-85.9737413090998, 39.7109528626885, 0.0], [-85.9737419628726, 39.7109515823885, 0.0], [-85.9737426027726, 39.710950297914, 0.0], [-85.973743228755, 39.7109490093548, 0.0], [-85.9737438407762, 39.7109477168007, 0.0], [-85.9737444387934, 39.710946420342, 0.0], [-85.973745022765, 39.7109451200693, 0.0], [-85.97374559265, 39.7109438160732, 0.0], [-85.9737461484088, 39.7109425084449, 0.0], [-85.9737466900026, 39.7109411972756, 0.0], [-85.9731784861788, 39.7109432857568, 0.0], [-85.9731197707281, 39.7111246961752, 0.0]]]}}, {"type": "Feature", "properties": { "fid": "Montgomery_Woods_37", "description": "9305.75657315512", "fill": "#add8e6", "fill-opacity": 0.7, "stroke": "#000000", "stroke-opacity": 1.0, "stroke-width": 1.0}, "geometry": {"type": "Polygon", "coordinates": [[[-85.9731232775562, 39.7113130290978, 0.0], [-85.9736923279274, 39.7113067140996, 0.0], [-85.9736921949414, 39.7113066179957, 0.0], [-85.973690888161, 39.7113056823131, 0.0], [-85.9736895713044, 39.711304755096, 0.0], [-85.9736882444635, 39.7113038364091, 0.0], [-85.9736869077311, 39.7113029263164, 0.0], [-85.9736855612003, 39.7113020248817, 0.0], [-85.9736842049653, 39.7113011321676, 0.0], [-85.9736828391206, 39.7113002482367, 0.0], [-85.9736814637617, 39.7112993731506, 0.0], [-85.9736800789845, 39.7112985069704, 0.0], [-85.9736786848858, 39.7112976497566, 0.0], [-85.9736772815628, 39.711296801569, 0.0], [-85.9736758691135, 39.7112959624667, 0.0], [-85.9736744476365, 39.7112951325085, 0.0], [-85.9736730172311, 39.7112943117522, 0.0], [-85.9736715779971, 39.7112935002551, 0.0], [-85.9736701300349, 39.7112926980739, 0.0], [-85.9736686820728, 39.7112918958927, 0.0], [-85.9736672428389, 39.7112910843956, 0.0], [-85.9736658124336, 39.7112902636392, 0.0], [-85.9736643909569, 39.7112894336809, 0.0], [-85.9736629785079, 39.7112885945785, 0.0], [-85.9736615751853, 39.7112877463906, 0.0], [-85.973660181087, 39.7112868891766, 0.0], [-85.9736587963103, 39.7112860229961, 0.0], [-85.973657420952, 39.7112851479097, 0.0], [-85.973656055108, 39.7112842639785, 0.0], [-85.9736546988737, 39.7112833712642, 0.0], [-85.9736533523437, 39.711282469829, 0.0], [-85.9736520156121, 39.711281559736, 0.0], [-85.9736506887722, 39.7112806410486, 0.0], [-85.9736493719166, 39.711279713831, 0.0], [-85.9736480651373, 39.711278778148, 0.0], [-85.9736467685254, 39.7112778340648, 0.0], [-85.9736454821715, 39.7112768816473, 0.0], [-85.9736442061655, 39.7112759209621, 0.0], [-85.9736429405962, 39.7112749520762, 0.0], [-85.9736416855522, 39.7112739750573, 0.0], [-85.973640441121, 39.7112729899735, 0.0], [-85.9736392073896, 39.7112719968936, 0.0], [-85.973637984444, 39.711270995887, 0.0], [-85.9736367723695, 39.7112699870235, 0.0], [-85.9736355712509, 39.7112689703735, 0.0], [-85.973634381172, 39.7112679460081, 0.0], [-85.9736332022159, 39.7112669139988, 0.0], [-85.9736320344648, 39.7112658744175, 0.0], [-85.9736308780002, 39.711264827337, 0.0], [-85.973629732903, 39.7112637728301, 0.0], [-85.9736285992531, 39.7112627109707, 0.0], [-85.9736274771295, 39.7112616418328, 0.0], [-85.9736263666107, 39.711260565491, 0.0], [-85.9736252677741, 39.7112594820205, 0.0], [-85.9736241806965, 39.7112583914969, 0.0], [-85.9736231054538, 39.7112572939964, 0.0], [-85.973622042121, 39.7112561895956, 0.0], [-85.9736209907723, 39.7112550783716, 0.0], [-85.9736199514812, 39.7112539604018, 0.0], [-85.9736189243202, 39.7112528357645, 0.0], [-85.9736179093609, 39.7112517045381, 0.0], [-85.9736169066744, 39.7112505668016, 0.0], [-85.9736159163305, 39.7112494226344, 0.0], [-85.9736149383984, 39.7112482721163, 0.0], [-85.9736139729463, 39.7112471153278, 0.0], [-85.9736130200418, 39.7112459523495, 0.0], [-85.9736120797512, 39.7112447832627, 0.0], [-85.9736111521402, 39.7112436081489, 0.0], [-85.9736102372736, 39.7112424270902, 0.0], [-85.9736093352153, 39.7112412401691, 0.0], [-85.9736084460282, 39.7112400474684, 0.0], [-85.9736075697744, 39.7112388490713, 0.0], [-85.9736067065151, 39.7112376450616, 0.0], [-85.9736058563105, 39.7112364355232, 0.0], [-85.9736050192199, 39.7112352205407, 0.0], [-85.973604195302, 39.7112340001988, 0.0], [-85.973603384614, 39.7112327745828, 0.0], [-85.9736025872127, 39.7112315437782, 0.0], [-85.9736018031537, 39.7112303078708, 0.0], [-85.9736010324917, 39.7112290669471, 0.0], [-85.9736002752806, 39.7112278210936, 0.0], [-85.9735995315731, 39.7112265703973, 0.0], [-85.9735988014213, 39.7112253149455, 0.0], [-85.9735980848761, 39.7112240548259, 0.0], [-85.9735973819875, 39.7112227901264, 0.0], [-85.9735966928045, 39.7112215209354, 0.0], [-85.9735960173754, 39.7112202473413, 0.0], [-85.9735953557472, 39.7112189694332, 0.0], [-85.9735947079661, 39.7112176873003, 0.0], [-85.9735940740773, 39.7112164010319, 0.0], [-85.9735934541252, 39.7112151107181, 0.0], [-85.973592848153, 39.7112138164487, 0.0], [-85.9735922562029, 39.7112125183143, 0.0], [-85.9735916783163, 39.7112112164053, 0.0], [-85.9735911145336, 39.7112099108128, 0.0], [-85.9735905648941, 39.7112086016277, 0.0], [-85.9735900294362, 39.7112072889416, 0.0], [-85.9735895081972, 39.7112059728461, 0.0], [-85.9735890012136, 39.711204653433, 0.0], [-85.9735885085207, 39.7112033307945, 0.0], [-85.973588030153, 39.7112020050229, 0.0], [-85.9735875661437, 39.7112006762107, 0.0], [-85.9735871165254, 39.7111993444507, 0.0], [-85.9735866813294, 39.7111980098359, 0.0], [-85.9735862605861, 39.7111966724594, 0.0], [-85.9735858543248, 39.7111953324147, 0.0], [-85.9735854625739, 39.7111939897952, 0.0], [-85.9735850853608, 39.7111926446948, 0.0], [-85.9735847227118, 39.7111912972072, 0.0], [-85.9735843746523, 39.7111899474266, 0.0], [-85.9735840412064, 39.7111885954471, 0.0], [-85.9735837223975, 39.7111872413633, 0.0], [-85.9735834182478, 39.7111858852695, 0.0], [-85.9735831287787, 39.7111845272606, 0.0], [-85.9735828540102, 39.7111831674312, 0.0], [-85.9735825939616, 39.7111818058763, 0.0], [-85.973582348651, 39.711180442691, 0.0], [-85.9735821180955, 39.7111790779704, 0.0], [-85.9735819023113, 39.7111777118098, 0.0], [-85.9735817013133, 39.7111763443046, 0.0], [-85.9735815151157, 39.7111749755502, 0.0], [-85.9735813437315, 39.7111736056422, 0.0], [-85.9735811871725, 39.7111722346763, 0.0], [-85.9735810454497, 39.711170862748, 0.0], [-85.973580918573, 39.7111694899533, 0.0], [-85.9735808065514, 39.7111681163879, 0.0], [-85.9735807093925, 39.7111667421478, 0.0], [-85.9735806271031, 39.7111653673288, 0.0], [-85.9735805596891, 39.711163992027, 0.0], [-85.9735805071551, 39.7111626163383, 0.0], [-85.9735804695048, 39.7111612403588, 0.0], [-85.9735804467408, 39.7111598641846, 0.0], [-85.9735804388647, 39.7111584879117, 0.0], [-85.9735804458771, 39.7111571116362, 0.0], [-85.9735804677774, 39.7111557354542, 0.0], [-85.9735805045641, 39.7111543594617, 0.0], [-85.9735805562347, 39.7111529837549, 0.0], [-85.9735806227856, 39.7111516084297, 0.0], [-85.973580704212, 39.7111502335822, 0.0], [-85.9735808005084, 39.7111488593083, 0.0], [-85.973580911668, 39.711147485704, 0.0], [-85.973581037683, 39.7111461128652, 0.0], [-85.9735811785447, 39.7111447408877, 0.0], [-85.9735813342431, 39.7111433698673, 0.0], [-85.9735815047675, 39.7111419998996, 0.0], [-85.9735816901059, 39.7111406310805, 0.0], [-85.9735818902454, 39.7111392635053, 0.0], [-85.9735821051721, 39.7111378972696, 0.0], [-85.9735823348708, 39.7111365324687, 0.0], [-85.9735825793256, 39.711135169198, 0.0], [-85.9735828385194, 39.7111338075526, 0.0], [-85.9735831124341, 39.7111324476275, 0.0], [-85.9735834010507, 39.7111310895177, 0.0], [-85.9735837043488, 39.711129733318, 0.0], [-85.9735840223074, 39.7111283791231, 0.0], [-85.9735843549043, 39.7111270270275, 0.0], [-85.9735847021163, 39.7111256771256, 0.0], [-85.973585063919, 39.7111243295117, 0.0], [-85.9735854400779, 39.7111229850137, 0.0], [-85.9731197707281, 39.7111246961752, 0.0], [-85.9731232775562, 39.7113130290978, 0.0]]]}}, {"type": "Feature", "properties": { "fid": "Montgomery_Woods_55", "description": "10173.8234715371", "fill": "#add8e6", "fill-opacity": 0.7, "stroke": "#000000", "stroke-opacity": 1.0, "stroke-width": 1.0}, "geometry": {"type": "Polygon", "coordinates": [[[-85.9712944587639, 39.7109785733632, 0.0], [-85.9712959129914, 39.7109793687473, 0.0], [-85.9712973585642, 39.710980173488, 0.0], [-85.9712987953813, 39.7109809875292, 0.0], [-85.9713002233425, 39.7109818108139, 0.0], [-85.9713016423479, 39.7109826432847, 0.0], [-85.9713030522986, 39.7109834848835, 0.0], [-85.9713044530961, 39.7109843355516, 0.0], [-85.9713058446427, 39.7109851952295, 0.0], [-85.9713072268411, 39.7109860638573, 0.0], [-85.971308599595, 39.7109869413743, 0.0], [-85.9713099628084, 39.7109878277192, 0.0], [-85.9713113163863, 39.7109887228302, 0.0], [-85.971312660234, 39.7109896266448, 0.0], [-85.9713139942579, 39.7109905390999, 0.0], [-85.9713153183647, 39.7109914601317, 0.0], [-85.971316632462, 39.7109923896761, 0.0], [-85.9713179364581, 39.7109933276681, 0.0], [-85.971319230262, 39.7109942740422, 0.0], [-85.9713205137834, 39.7109952287323, 0.0], [-85.9713217869325, 39.7109961916718, 0.0], [-85.9713230496206, 39.7109971627935, 0.0], [-85.9713243017596, 39.7109981420297, 0.0], [-85.9713255432619, 39.7109991293118, 0.0], [-85.9713267740409, 39.711000124571, 0.0], [-85.9713279940108, 39.7110011277379, 0.0], [-85.9713292030862, 39.7110021387424, 0.0], [-85.971330401183, 39.7110031575139, 0.0], [-85.9713315882172, 39.7110041839813, 0.0], [-85.9713327641063, 39.7110052180729, 0.0], [-85.9713339287679, 39.7110062597165, 0.0], [-85.9713350821209, 39.7110073088395, 0.0], [-85.9713362240847, 39.7110083653686, 0.0], [-85.9713373545795, 39.71100942923, 0.0], [-85.9713384735266, 39.7110105003495, 0.0], [-85.9713395808477, 39.7110115786523, 0.0], [-85.9713406764655, 39.7110126640631, 0.0], [-85.9713417603036, 39.7110137565061, 0.0], [-85.9713428322863, 39.7110148559051, 0.0], [-85.9713438923387, 39.7110159621833, 0.0], [-85.971344940387, 39.7110170752635, 0.0], [-85.9713459763578, 39.7110181950681, 0.0], [-85.9713470001789, 39.7110193215187, 0.0], [-85.9713480117788, 39.7110204545368, 0.0], [-85.9713490110868, 39.7110215940433, 0.0], [-85.9713499980333, 39.7110227399587, 0.0], [-85.9713509725493, 39.7110238922029, 0.0], [-85.9713519345668, 39.7110250506954, 0.0], [-85.9713528840187, 39.7110262153555, 0.0], [-85.9713538208385, 39.7110273861019, 0.0], [-85.971354744961, 39.7110285628527, 0.0], [-85.9713556563216, 39.7110297455258, 0.0], [-85.9713565548568, 39.7110309340387, 0.0], [-85.9713574405037, 39.7110321283085, 0.0], [-85.9713583132006, 39.7110333282517, 0.0], [-85.9713591728864, 39.7110345337845, 0.0], [-85.9713600195013, 39.7110357448228, 0.0], [-85.9713608529861, 39.7110369612822, 0.0], [-85.9713616732827, 39.7110381830775, 0.0], [-85.9713624803336, 39.7110394101236, 0.0], [-85.9713632740827, 39.7110406423348, 0.0], [-85.9713640544745, 39.711041879625, 0.0], [-85.9713648214545, 39.711043121908, 0.0], [-85.9713655749692, 39.7110443690969, 0.0], [-85.971366314966, 39.7110456211047, 0.0], [-85.9713670413932, 39.711046877844, 0.0], [-85.9713677542, 39.7110481392271, 0.0], [-85.9713684533368, 39.7110494051659, 0.0], [-85.9713691387548, 39.711050675572, 0.0], [-85.971369810406, 39.7110519503568, 0.0], [-85.9713704682436, 39.7110532294312, 0.0], [-85.9713711122217, 39.7110545127059, 0.0], [-85.9713717422952, 39.7110558000914, 0.0], [-85.9713723584204, 39.7110570914979, 0.0], [-85.971372960554, 39.711058386835, 0.0], [-85.971373548654, 39.7110596860125, 0.0], [-85.9713741226795, 39.7110609889396, 0.0], [-85.9713746825904, 39.7110622955254, 0.0], [-85.9713752283475, 39.7110636056786, 0.0], [-85.9713757599127, 39.7110649193078, 0.0], [-85.971376277249, 39.7110662363213, 0.0], [-85.9713767803203, 39.7110675566271, 0.0], [-85.9713772690913, 39.7110688801331, 0.0], [-85.971377743528, 39.7110702067469, 0.0], [-85.9713782035973, 39.7110715363758, 0.0], [-85.971378649267, 39.711072868927, 0.0], [-85.9713790533457, 39.7110741187796, 0.0], [-85.971873828979, 39.7110728193705, 0.0], [-85.9718730316324, 39.7110645853862, 0.0], [-85.9717610402283, 39.7108836859269, 0.0], [-85.9712105520865, 39.7108851309884, 0.0], [-85.9712944587639, 39.7109785733632, 0.0], [-85.9712930045364, 39.7109777779791, 0.0], [-85.9712915589637, 39.7109769732384, 0.0], [-85.9712901221467, 39.7109761591972, 0.0], [-85.9712886941858, 39.7109753359123, 0.0], [-85.9712872751807, 39.7109745034413, 0.0], [-85.9712858652304, 39.7109736618423, 0.0], [-85.9712844644333, 39.710972811174, 0.0], [-85.9712830728873, 39.7109719514959, 0.0], [-85.9712816906894, 39.7109710828678, 0.0], [-85.9712803179362, 39.7109702053505, 0.0], [-85.9712789547235, 39.7109693190052, 0.0], [-85.9712776011465, 39.7109684238938, 0.0], [-85.9712762572996, 39.7109675200788, 0.0], [-85.9712749232767, 39.7109666076233, 0.0], [-85.9712735991709, 39.710965686591, 0.0], [-85.9712722850747, 39.7109647570461, 0.0], [-85.9712709810797, 39.7109638190536, 0.0], [-85.971269687277, 39.710962872679, 0.0], [-85.971268403757, 39.7109619179883, 0.0], [-85.9712671306092, 39.7109609550482, 0.0], [-85.9712658679226, 39.7109599839259, 0.0], [-85.9712646157852, 39.7109590046891, 0.0], [-85.9712633742845, 39.7109580174063, 0.0], [-85.9712621435071, 39.7109570221464, 0.0], [-85.971260923539, 39.7109560189788, 0.0], [-85.9712597144653, 39.7109550079736, 0.0], [-85.9712585163705, 39.7109539892014, 0.0], [-85.9712573293382, 39.7109529627333, 0.0], [-85.9712561534512, 39.7109519286409, 0.0], [-85.9712549887917, 39.7109508869964, 0.0], [-85.9712538354408, 39.7109498378726, 0.0], [-85.9712526934793, 39.7109487813427, 0.0], [-85.9712515629868, 39.7109477174804, 0.0], [-85.9712504440421, 39.7109466463601, 0.0], [-85.9712493367235, 39.7109455680565, 0.0], [-85.9712482411081, 39.7109444826448, 0.0], [-85.9712471572726, 39.7109433902009, 0.0], [-85.9712460852925, 39.710942290801, 0.0], [-85.9712450252428, 39.7109411845219, 0.0], [-85.9712439771974, 39.7109400714407, 0.0], [-85.9712429412294, 39.7109389516353, 0.0], [-85.9712419174112, 39.7109378251837, 0.0], [-85.9712409058143, 39.7109366921647, 0.0], [-85.9712399065092, 39.7109355526572, 0.0], [-85.9712389195658, 39.7109344067409, 0.0], [-85.9712379450529, 39.7109332544958, 0.0], [-85.9712369830387, 39.7109320960022, 0.0], [-85.9712360335901, 39.7109309313412, 0.0], [-85.9712350967736, 39.7109297605939, 0.0], [-85.9712341726545, 39.7109285838421, 0.0], [-85.9712332612973, 39.710927401168, 0.0], [-85.9712323627656, 39.7109262126541, 0.0], [-85.9712314771223, 39.7109250183833, 0.0], [-85.971230604429, 39.7109238184392, 0.0], [-85.9712297447468, 39.7109226129054, 0.0], [-85.9712288981356, 39.7109214018661, 0.0], [-85.9712280646545, 39.7109201854058, 0.0], [-85.9712272443618, 39.7109189636094, 0.0], [-85.9712264373146, 39.7109177365624, 0.0], [-85.9712256435694, 39.7109165043502, 0.0], [-85.9712248631816, 39.710915267059, 0.0], [-85.9712240962055, 39.7109140247751, 0.0], [-85.9712233426948, 39.7109127775852, 0.0], [-85.9712226027021, 39.7109115255765, 0.0], [-85.971221876279, 39.7109102688363, 0.0], [-85.9712211634763, 39.7109090074523, 0.0], [-85.9712204643436, 39.7109077415126, 0.0], [-85.9712197789299, 39.7109064711055, 0.0], [-85.9712191072829, 39.7109051963199, 0.0], [-85.9712184494495, 39.7109039172446, 0.0], [-85.9712178054757, 39.710902633969, 0.0], [-85.9712171754064, 39.7109013465826, 0.0], [-85.9712165592857, 39.7109000551753, 0.0], [-85.9712159571564, 39.7108987598373, 0.0], [-85.9712153690607, 39.7108974606589, 0.0], [-85.9712147950395, 39.710896157731, 0.0], [-85.9712142351331, 39.7108948511444, 0.0], [-85.9712136893804, 39.7108935409904, 0.0], [-85.9712131578196, 39.7108922273604, 0.0], [-85.9712126404878, 39.7108909103462, 0.0], [-85.971212137421, 39.7108895900396, 0.0], [-85.9712116486544, 39.7108882665329, 0.0], [-85.9712111742222, 39.7108869399184, 0.0], [-85.9712107141574, 39.7108856102888, 0.0], [-85.9712105520865, 39.7108851309884, 0.0], [-85.9712944587639, 39.7109785733632, 0.0]]]}}, {"type": "Feature", "properties": { "fid": "Montgomery_Woods_54", "description": "9303.72881476252", "fill": "#add8e6", "fill-opacity": 0.7, "stroke": "#000000", "stroke-opacity": 1.0, "stroke-width": 1.0}, "geometry": {"type": "Polygon", "coordinates": [[[-85.9712037128502, 39.7108443089261, 0.0], [-85.9712037260933, 39.7108456666525, 0.0], [-85.9712037543042, 39.7108470427666, 0.0], [-85.9712037974005, 39.7108484186509, 0.0], [-85.9712038553792, 39.7108497942093, 0.0], [-85.9712039282363, 39.7108511693456, 0.0], [-85.9712040159667, 39.710852543964, 0.0], [-85.9712041185642, 39.7108539179685, 0.0], [-85.9712042360216, 39.710855291263, 0.0], [-85.9712043683309, 39.7108566637519, 0.0], [-85.9712045154827, 39.7108580353392, 0.0], [-85.9712046774668, 39.7108594059292, 0.0], [-85.9712048542718, 39.7108607754263, 0.0], [-85.9712050458855, 39.7108621437347, 0.0], [-85.9712052522944, 39.710863510759, 0.0], [-85.9712054734841, 39.7108648764039, 0.0], [-85.9712057094393, 39.7108662405738, 0.0], [-85.9712059601434, 39.7108676031736, 0.0], [-85.9712062255789, 39.7108689641082, 0.0], [-85.9712065057273, 39.7108703232825, 0.0], [-85.971206800569, 39.7108716806017, 0.0], [-85.9712071100836, 39.7108730359711, 0.0], [-85.9712074342492, 39.7108743892959, 0.0], [-85.9712077730434, 39.7108757404818, 0.0], [-85.9712081264425, 39.7108770894343, 0.0], [-85.9712084944218, 39.7108784360594, 0.0], [-85.9712088769555, 39.710879780263, 0.0], [-85.9712092740171, 39.7108811219513, 0.0], [-85.9712096855788, 39.7108824610306, 0.0], [-85.9712101116119, 39.7108837974073, 0.0], [-85.9712105520865, 39.7108851309884, 0.0], [-85.9717610402283, 39.7108836859269, 0.0], [-85.9716490494161, 39.7107027863538, 0.0], [-85.9712030928362, 39.7107039567878, 0.0], [-85.9712037128502, 39.7108443089261, 0.0]]]}}, {"type": "Feature", "properties": { "fid": "Montgomery_Woods_53", "description": "8280.66319370701", "fill": "#add8e6", "fill-opacity": 0.7, "stroke": "#000000", "stroke-opacity": 1.0, "stroke-width": 1.0}, "geometry": {"type": "Polygon", "coordinates": [[[-85.9712030928362, 39.7107039567878, 0.0], [-85.9716490494161, 39.7107027863538, 0.0], [-85.9716482478219, 39.7105215946868, 0.0], [-85.9712022955839, 39.7105227651093, 0.0], [-85.971202317879, 39.710528528893, 0.0], [-85.9712030928362, 39.7107039567878, 0.0]]]}}, {"type": "Feature", "properties": { "fid": "Montgomery_Woods_52", "description": "8189.9814609457", "fill": "#add8e6", "fill-opacity": 0.7, "stroke": "#000000", "stroke-opacity": 1.0, "stroke-width": 1.0}, "geometry": {"type": "Polygon", "coordinates": [[[-85.9712022955839, 39.7105227651093, 0.0], [-85.9716482478219, 39.7105215946868, 0.0], [-85.9716474547579, 39.7103423295939, 0.0], [-85.9712047887591, 39.7103426982627, 0.0], [-85.9712022955839, 39.7105227651093, 0.0], [-85.9712023275358, 39.7104800899081, 0.0], [-85.9712027066458, 39.7104374157085, 0.0], [-85.9712034328984, 39.710394744195, 0.0], [-85.9712045062642, 39.7103520770524, 0.0], [-85.9712047887591, 39.7103426982627, 0.0], [-85.9712022955839, 39.7105227651093, 0.0]]]}}, {"type": "Feature", "properties": { "fid": "Montgomery_Woods_51", "description": "8298.80137061755", "fill": "#add8e6", "fill-opacity": 0.7, "stroke": "#000000", "stroke-opacity": 1.0, "stroke-width": 1.0}, "geometry": {"type": "Polygon", "coordinates": [[[-85.9712047887591, 39.7103426982627, 0.0], [-85.9716474547579, 39.7103423295939, 0.0], [-85.9716473072946, 39.710308996629, 0.0], [-85.9716675399658, 39.7101611199913, 0.0], [-85.971213543398, 39.7101614981539, 0.0], [-85.9712047887591, 39.7103426982627, 0.0], [-85.9712062854846, 39.7103000387322, 0.0], [-85.9712081292093, 39.7102573873113, 0.0], [-85.9712103198598, 39.7102147456838, 0.0], [-85.9712128573488, 39.710172115533, 0.0], [-85.971213543398, 39.7101614981539, 0.0], [-85.9712047887591, 39.7103426982627, 0.0]]]}}, {"type": "Feature", "properties": { "fid": "Montgomery_Woods_50", "description": "11069.9277467681", "fill": "#add8e6", "fill-opacity": 0.7, "stroke": "#000000", "stroke-opacity": 1.0, "stroke-width": 1.0}, "geometry": {"type": "Polygon", "coordinates": [[[-85.9712190008549, 39.7100865408249, 0.0], [-85.9712165139815, 39.7101188847027, 0.0], [-85.971213543398, 39.7101614981539, 0.0], [-85.9716675399658, 39.7101611199913, 0.0], [-85.9716972545267, 39.7099439409351, 0.0], [-85.9713072674114, 39.7099121482398, 0.0], [-85.9713068611946, 39.7099121160343, 0.0], [-85.971305081326, 39.7099119963382, 0.0], [-85.9713032981258, 39.7099119112268, 0.0], [-85.9713015127203, 39.7099118607539, 0.0], [-85.9712997262372, 39.7099118449513, 0.0], [-85.9712979398048, 39.709911863829, 0.0], [-85.9712961545516, 39.7099119173751, 0.0], [-85.971294371605, 39.7099120055558, 0.0], [-85.9712925920914, 39.7099121283154, 0.0], [-85.9712908171345, 39.7099122855763, 0.0], [-85.9712890478556, 39.7099124772393, 0.0], [-85.9712872853722, 39.7099127031832, 0.0], [-85.9712855307974, 39.7099129632653, 0.0], [-85.9712837852395, 39.7099132573214, 0.0], [-85.971282049801, 39.7099135851657, 0.0], [-85.9712803255781, 39.7099139465912, 0.0], [-85.9712786136598, 39.7099143413696, 0.0], [-85.9712769151274, 39.7099147692515, 0.0], [-85.9712752310537, 39.7099152299667, 0.0], [-85.9712735625024, 39.7099157232242, 0.0], [-85.9712719105275, 39.7099162487124, 0.0], [-85.9712702761722, 39.7099168060994, 0.0], [-85.971268660469, 39.7099173950332, 0.0], [-85.9712670644383, 39.7099180151417, 0.0], [-85.9712654890882, 39.7099186660333, 0.0], [-85.9712639354138, 39.709919347297, 0.0], [-85.9712624043964, 39.7099200585023, 0.0], [-85.9712608970029, 39.7099207992001, 0.0], [-85.9712594141855, 39.7099215689225, 0.0], [-85.9712579568808, 39.7099223671834, 0.0], [-85.9712565260093, 39.7099231934786, 0.0], [-85.9712551224746, 39.7099240472861, 0.0], [-85.9712537471634, 39.7099249280667, 0.0], [-85.9712524009442, 39.7099258352641, 0.0], [-85.9712510846674, 39.7099267683052, 0.0], [-85.9712497991644, 39.7099277266008, 0.0], [-85.9712485452471, 39.7099287095455, 0.0], [-85.9712473237076, 39.7099297165185, 0.0], [-85.9712461353173, 39.7099307468837, 0.0], [-85.9712449808269, 39.7099317999905, 0.0], [-85.9712438609656, 39.7099328751735, 0.0], [-85.9712427764407, 39.7099339717538, 0.0], [-85.9712417279373, 39.7099350890387, 0.0], [-85.9712407161175, 39.7099362263224, 0.0], [-85.9712397416205, 39.7099373828867, 0.0], [-85.9712388050618, 39.709938558001, 0.0], [-85.971237907033, 39.7099397509232, 0.0], [-85.9712370481011, 39.7099409608997, 0.0], [-85.9712362288089, 39.7099421871663, 0.0], [-85.9712354496738, 39.7099434289484, 0.0], [-85.9712347111878, 39.7099446854618, 0.0], [-85.9712340138174, 39.7099459559127, 0.0], [-85.9712333580032, 39.7099472394988, 0.0], [-85.9712327441593, 39.7099485354093, 0.0], [-85.9712321726734, 39.7099498428256, 0.0], [-85.9712316439065, 39.7099511609221, 0.0], [-85.9712311581927, 39.7099524888661, 0.0], [-85.9712307158386, 39.7099538258189, 0.0], [-85.9712303171237, 39.709955170936, 0.0], [-85.9712299622999, 39.7099565233678, 0.0], [-85.9712296515912, 39.7099578822602, 0.0], [-85.9712293851939, 39.7099592467548, 0.0], [-85.9712291632763, 39.7099606159898, 0.0], [-85.9712289859785, 39.7099619891002, 0.0], [-85.9712288534125, 39.709963365219, 0.0], [-85.9712190008549, 39.7100865408249, 0.0]]]}}, {"type": "Feature", "properties": { "fid": "Montgomery_Woods_49", "description": "8871.37550552258", "fill": "#add8e6", "fill-opacity": 0.7, "stroke": "#000000", "stroke-opacity": 1.0, "stroke-width": 1.0}, "geometry": {"type": "Polygon", "coordinates": [[[-85.9716473072946, 39.710308996629, 0.0], [-85.9718800809907, 39.7103318452758, 0.0], [-85.9719305510495, 39.7099629591932, 0.0], [-85.9716972545267, 39.7099439409351, 0.0], [-85.9716473072946, 39.710308996629, 0.0]]]}}, {"type": "Feature", "properties": { "fid": "Montgomery_Woods_48", "description": "9281.34189864119", "fill": "#add8e6", "fill-opacity": 0.7, "stroke": "#000000", "stroke-opacity": 1.0, "stroke-width": 1.0}, "geometry": {"type": "Polygon", "coordinates": [[[-85.9718800809907, 39.7103318452758, 0.0], [-85.9721384762459, 39.7103316287766, 0.0], [-85.9721745441995, 39.7099820267069, 0.0], [-85.9721517087025, 39.709980565186, 0.0], [-85.9721288855441, 39.7099789928704, 0.0], [-85.972113075717, 39.7099778382119, 0.0], [-85.9719305510495, 39.7099629591932, 0.0], [-85.9718800809907, 39.7103318452758, 0.0]]]}}, {"type": "Feature", "properties": { "fid": "Montgomery_Woods_47", "description": "8976.13294550152", "fill": "#add8e6", "fill-opacity": 0.7, "stroke": "#000000", "stroke-opacity": 1.0, "stroke-width": 1.0}, "geometry": {"type": "Polygon", "coordinates": [[[-85.9721384762459, 39.7103316287766, 0.0], [-85.9724076632136, 39.7103314026239, 0.0], [-85.9724137658434, 39.7099906602316, 0.0], [-85.9723908554105, 39.7099903595138, 0.0], [-85.972367947874, 39.7099899476145, 0.0], [-85.9723450441383, 39.7099894245501, 0.0], [-85.9723221451078, 39.7099887903412, 0.0], [-85.9722992516866, 39.7099880450128, 0.0], [-85.9722763647786, 39.7099871885945, 0.0], [-85.9722534852874, 39.7099862211199, 0.0], [-85.9722306141164, 39.7099851426274, 0.0], [-85.9722077521686, 39.7099839531594, 0.0], [-85.9721849003467, 39.7099826527629, 0.0], [-85.9721745441995, 39.7099820267069, 0.0], [-85.9721384762459, 39.7103316287766, 0.0]]]}}, {"type": "Feature", "properties": { "fid": "Montgomery_Woods_46", "description": "8647.11336580966", "fill": "#add8e6", "fill-opacity": 0.7, "stroke": "#000000", "stroke-opacity": 1.0, "stroke-width": 1.0}, "geometry": {"type": "Polygon", "coordinates": [[[-85.9724076632136, 39.7103314026239, 0.0], [-85.9726599628875, 39.7103311900922, 0.0], [-85.9726571620766, 39.709990769544, 0.0], [-85.9724682482487, 39.7099909287285, 0.0], [-85.9724453345617, 39.7099908924157, 0.0], [-85.97242242162, 39.7099907449003, 0.0], [-85.9724137658434, 39.7099906602316, 0.0], [-85.9724076632136, 39.7103314026239, 0.0]]]}}, {"type": "Feature", "properties": { "fid": "Montgomery_Woods_45", "description": "8159.98164733725", "fill": "#add8e6", "fill-opacity": 0.7, "stroke": "#000000", "stroke-opacity": 1.0, "stroke-width": 1.0}, "geometry": {"type": "Polygon", "coordinates": [[[-85.9726599628875, 39.7103311900922, 0.0], [-85.9728927113501, 39.7103309935438, 0.0], [-85.9728922216196, 39.7099905710465, 0.0], [-85.9726571620766, 39.709990769544, 0.0], [-85.9726599628875, 39.7103311900922, 0.0]]]}}, {"type": "Feature", "properties": { "fid": "Montgomery_Woods_44", "description": "8183.99999996326", "fill": "#add8e6", "fill-opacity": 0.7, "stroke": "#000000", "stroke-opacity": 1.0, "stroke-width": 1.0}, "geometry": {"type": "Polygon", "coordinates": [[[-85.9728927113501, 39.7103309935438, 0.0], [-85.9731273044128, 39.7103307949655, 0.0], [-85.9731268135205, 39.7099903724694, 0.0], [-85.9728922216196, 39.7099905710465, 0.0], [-85.9728927113501, 39.7103309935438, 0.0]]]}}, {"type": "Feature", "properties": { "fid": "Montgomery_Woods_63", "description": "10680.7402275189", "fill": "#add8e6", "fill-opacity": 0.7, "stroke": "#000000", "stroke-opacity": 1.0, "stroke-width": 1.0}, "geometry": {"type": "Polygon", "coordinates": [[[-85.9705900022132, 39.7101143593938, 0.0], [-85.9710318032811, 39.7101132021976, 0.0], [-85.9710345222306, 39.7100777354782, 0.0], [-85.9710452516985, 39.709943601317, 0.0], [-85.97104532335, 39.7099425382134, 0.0], [-85.9710453764921, 39.7099411589003, 0.0], [-85.9710453847398, 39.7099397789908, 0.0], [-85.971045348088, 39.7099383993564, 0.0], [-85.9710452665598, 39.7099370208686, 0.0], [-85.9710451402066, 39.709935644398, 0.0], [-85.9710449691083, 39.709934270814, 0.0], [-85.971044753373, 39.7099329009842, 0.0], [-85.9710444931369, 39.7099315357739, 0.0], [-85.9710441885644, 39.7099301760453, 0.0], [-85.9710438398478, 39.7099288226573, 0.0], [-85.9710434472076, 39.7099274764646, 0.0], [-85.9710430108915, 39.7099261383176, 0.0], [-85.9710425311753, 39.7099248090615, 0.0], [-85.9710420083619, 39.7099234895359, 0.0], [-85.9710414427816, 39.7099221805742, 0.0], [-85.9710408347915, 39.7099208830031, 0.0], [-85.9710401847758, 39.7099195976423, 0.0], [-85.9710394931449, 39.7099183253035, 0.0], [-85.9710387603357, 39.7099170667906, 0.0], [-85.9710379868112, 39.7099158228982, 0.0], [-85.9710371730598, 39.7099145944122, 0.0], [-85.9710363195955, 39.7099133821084, 0.0], [-85.9710354269575, 39.7099121867526, 0.0], [-85.9710344957094, 39.7099110090998, 0.0], [-85.9710335264396, 39.7099098498937, 0.0], [-85.9710325197603, 39.7099087098667, 0.0], [-85.9710314763072, 39.7099075897387, 0.0], [-85.9710303967394, 39.7099064902172, 0.0], [-85.9710292817389, 39.7099054119968, 0.0], [-85.9710281320098, 39.7099043557584, 0.0], [-85.9710269482785, 39.7099033221692, 0.0], [-85.9710257312925, 39.709902311882, 0.0], [-85.9710244818205, 39.709901325535, 0.0], [-85.9710232006517, 39.7099003637511, 0.0], [-85.9710218885953, 39.7098994271379, 0.0], [-85.9710205464801, 39.7098985162868, 0.0], [-85.9710191751537, 39.7098976317733, 0.0], [-85.9710177754823, 39.709896774156, 0.0], [-85.9710163483501, 39.7098959439765, 0.0], [-85.9710148946583, 39.7098951417593, 0.0], [-85.9710134153252, 39.7098943680111, 0.0], [-85.9710119112851, 39.7098936232205, 0.0], [-85.9710103834881, 39.709892907858, 0.0], [-85.971008832899, 39.7098922223754, 0.0], [-85.9710072604974, 39.7098915672057, 0.0], [-85.9710056672763, 39.7098909427627, 0.0], [-85.9710040542421, 39.7098903494408, 0.0], [-85.9710024224136, 39.7098897876148, 0.0], [-85.9710007728215, 39.7098892576395, 0.0], [-85.9709991065077, 39.7098887598496, 0.0], [-85.9709974245247, 39.7098882945597, 0.0], [-85.9709957279348, 39.7098878620635, 0.0], [-85.9709940178097, 39.7098874626343, 0.0], [-85.9709922952295, 39.7098870965243, 0.0], [-85.9709905612823, 39.7098867639648, 0.0], [-85.9709888170631, 39.7098864651658, 0.0], [-85.9709870636738, 39.709886200316, 0.0], [-85.9709853022217, 39.7098859695828, 0.0], [-85.9709835338195, 39.7098857731118, 0.0], [-85.9709817595841, 39.7098856110273, 0.0], [-85.9708064019481, 39.7098713145087, 0.0], [-85.9708038998333, 39.7098711160891, 0.0], [-85.9708011433679, 39.7098709103894, 0.0], [-85.970798385284, 39.7098707180707, 0.0], [-85.9707956256903, 39.7098705391405, 0.0], [-85.9707928646958, 39.7098703736059, 0.0], [-85.9707901024095, 39.7098702214734, 0.0], [-85.9707873389404, 39.7098700827491, 0.0], [-85.9707845743977, 39.7098699574384, 0.0], [-85.9707818088905, 39.7098698455462, 0.0], [-85.9707790425279, 39.7098697470771, 0.0], [-85.9707762754192, 39.7098696620348, 0.0], [-85.9707735076735, 39.7098695904227, 0.0], [-85.9707707394003, 39.7098695322437, 0.0], [-85.9707679707087, 39.7098694875, 0.0], [-85.9707652017081, 39.7098694561935, 0.0], [-85.9707624325077, 39.7098694383253, 0.0], [-85.9707596632169, 39.7098694338961, 0.0], [-85.9706095855905, 39.7098695579287, 0.0], [-85.9705900022132, 39.7101143593938, 0.0]]]}}, {"type": "Feature", "properties": { "fid": "Montgomery_Woods_62", "description": "8233.82660288388", "fill": "#add8e6", "fill-opacity": 0.7, "stroke": "#000000", "stroke-opacity": 1.0, "stroke-width": 1.0}, "geometry": {"type": "Polygon", "coordinates": [[[-85.970575504136, 39.7102955911177, 0.0], [-85.971021590004, 39.7102944227488, 0.0], [-85.9710234831565, 39.7102508751312, 0.0], [-85.9710257305241, 39.7102073375645, 0.0], [-85.9710283320174, 39.7101638117676, 0.0], [-85.971031287533, 39.7101202994588, 0.0], [-85.9710318032811, 39.7101132021976, 0.0], [-85.9705900022132, 39.7101143593938, 0.0], [-85.970575504136, 39.7102955911177, 0.0]]]}}, {"type": "Feature", "properties": { "fid": "Montgomery_Woods_61", "description": "8265.4728664597", "fill": "#add8e6", "fill-opacity": 0.7, "stroke": "#000000", "stroke-opacity": 1.0, "stroke-width": 1.0}, "geometry": {"type": "Polygon", "coordinates": [[[-85.97057230846, 39.7104767932538, 0.0], [-85.9710175177587, 39.7104756271977, 0.0], [-85.9710179369174, 39.7104320562238, 0.0], [-85.9710187105129, 39.7103884881482, 0.0], [-85.9710198385141, 39.7103449246909, 0.0], [-85.9710213208757, 39.7103013675718, 0.0], [-85.971021590004, 39.7102944227488, 0.0], [-85.970575504136, 39.7102955911177, 0.0], [-85.97057230846, 39.7104767932538, 0.0]]]}}, {"type": "Feature", "properties": { "fid": "Montgomery_Woods_60", "description": "8262.35985868231", "fill": "#add8e6", "fill-opacity": 0.7, "stroke": "#000000", "stroke-opacity": 1.0, "stroke-width": 1.0}, "geometry": {"type": "Polygon", "coordinates": [[[-85.9705731072166, 39.7106579849299, 0.0], [-85.9710180516326, 39.7106568195679, 0.0], [-85.9710174873903, 39.7105290134871, 0.0], [-85.9710174722571, 39.7104854413069, 0.0], [-85.9710175177587, 39.7104756271977, 0.0], [-85.97057230846, 39.7104767932538, 0.0], [-85.9705731072166, 39.7106579849299, 0.0]]]}}, {"type": "Feature", "properties": { "fid": "Montgomery_Woods_59", "description": "8261.8746724072", "fill": "#add8e6", "fill-opacity": 0.7, "stroke": "#000000", "stroke-opacity": 1.0, "stroke-width": 1.0}, "geometry": {"type": "Polygon", "coordinates": [[[-85.9705739059805, 39.7108391766004, 0.0], [-85.9710188515694, 39.7108380112352, 0.0], [-85.9710180516326, 39.7106568195679, 0.0], [-85.9705731072166, 39.7106579849299, 0.0], [-85.9705739059805, 39.7108391766004, 0.0]]]}}, {"type": "Feature", "properties": { "fid": "Montgomery_Woods_58", "description": "8203.46946218337", "fill": "#add8e6", "fill-opacity": 0.7, "stroke": "#000000", "stroke-opacity": 1.0, "stroke-width": 1.0}, "geometry": {"type": "Polygon", "coordinates": [[[-85.9705747047516, 39.7110203682652, 0.0], [-85.9709958482477, 39.7110192652836, 0.0], [-85.9709965518497, 39.7110182042552, 0.0], [-85.9709973517673, 39.7110169744462, 0.0], [-85.9709981383531, 39.7110157395179, 0.0], [-85.9709989115521, 39.7110144995564, 0.0], [-85.9709996713105, 39.7110132546485, 0.0], [-85.9710004175751, 39.7110120048809, 0.0], [-85.9710011502939, 39.711010750341, 0.0], [-85.9710018694158, 39.7110094911163, 0.0], [-85.9710025748905, 39.7110082272946, 0.0], [-85.9710032666687, 39.7110069589643, 0.0], [-85.9710039447022, 39.7110056862139, 0.0], [-85.9710046089437, 39.7110044091323, 0.0], [-85.9710052593467, 39.7110031278085, 0.0], [-85.971005895866, 39.711001842332, 0.0], [-85.9710065184569, 39.7110005527926, 0.0], [-85.9710071270762, 39.7109992592804, 0.0], [-85.9710077216812, 39.7109979618855, 0.0], [-85.9710083022305, 39.7109966606986, 0.0], [-85.9710088686836, 39.7109953558105, 0.0], [-85.9710094210008, 39.7109940473123, 0.0], [-85.9710099591438, 39.7109927352954, 0.0], [-85.9710104830747, 39.7109914198513, 0.0], [-85.9710109927573, 39.7109901010719, 0.0], [-85.9710114881557, 39.7109887790493, 0.0], [-85.9710119692355, 39.7109874538757, 0.0], [-85.971012435963, 39.7109861256436, 0.0], [-85.9710128883058, 39.7109847944458, 0.0], [-85.9710133262321, 39.7109834603752, 0.0], [-85.9710137497115, 39.710982123525, 0.0], [-85.9710141587143, 39.7109807839884, 0.0], [-85.971014553212, 39.710979441859, 0.0], [-85.9710149331771, 39.7109780972304, 0.0], [-85.9710152985831, 39.7109767501966, 0.0], [-85.9710156494044, 39.7109754008516, 0.0], [-85.9710159856166, 39.7109740492895, 0.0], [-85.9710163071962, 39.7109726956048, 0.0], [-85.9710166141206, 39.7109713398919, 0.0], [-85.9710169063686, 39.7109699822455, 0.0], [-85.9710171839197, 39.7109686227604, 0.0], [-85.9710174467546, 39.7109672615314, 0.0], [-85.9710176948548, 39.7109658986536, 0.0], [-85.9710179282031, 39.7109645342221, 0.0], [-85.9710181467831, 39.7109631683322, 0.0], [-85.9710183505797, 39.7109618010793, 0.0], [-85.9710185395786, 39.7109604325587, 0.0], [-85.9710187137665, 39.7109590628661, 0.0], [-85.9710188731314, 39.710957692097, 0.0], [-85.9710190176622, 39.7109563203471, 0.0], [-85.9710191473486, 39.7109549477123, 0.0], [-85.9710192621817, 39.7109535742882, 0.0], [-85.9710193621535, 39.7109522001709, 0.0], [-85.971019447257, 39.7109508254562, 0.0], [-85.9710195174861, 39.7109494502401, 0.0], [-85.9710195728362, 39.7109480746186, 0.0], [-85.9710196133032, 39.7109466986878, 0.0], [-85.9710196388843, 39.7109453225437, 0.0], [-85.9710196495779, 39.7109439462823, 0.0], [-85.971019645383, 39.7109425699997, 0.0], [-85.9710196263, 39.7109411937921, 0.0], [-85.9710195923303, 39.7109398177555, 0.0], [-85.9710195434762, 39.7109384419859, 0.0], [-85.9710194316397, 39.7109354073057, 0.0], [-85.9710193444924, 39.7109323721429, 0.0], [-85.9710192820377, 39.7109293366175, 0.0], [-85.9710192442781, 39.7109263008492, 0.0], [-85.9710192348443, 39.7109248252884, 0.0], [-85.9710188515694, 39.7108380112352, 0.0], [-85.9705739059805, 39.7108391766004, 0.0], [-85.9705747047516, 39.7110203682652, 0.0]]]}}, {"type": "Feature", "properties": { "fid": "Montgomery_Woods_57", "description": "7686.22167430275", "fill": "#add8e6", "fill-opacity": 0.7, "stroke": "#000000", "stroke-opacity": 1.0, "stroke-width": 1.0}, "geometry": {"type": "Polygon", "coordinates": [[[-85.9705755398382, 39.7112097959086, 0.0], [-85.9709979807468, 39.7112086895266, 0.0], [-85.9709969559468, 39.7112075636056, 0.0], [-85.9709959433624, 39.7112064311108, 0.0], [-85.9709949430643, 39.7112052921213, 0.0], [-85.9709939551223, 39.7112041467165, 0.0], [-85.9709929796053, 39.7112029949764, 0.0], [-85.9709920165816, 39.7112018369814, 0.0], [-85.9709910661184, 39.7112006728124, 0.0], [-85.9709901282819, 39.7111995025506, 0.0], [-85.9709892031376, 39.7111983262778, 0.0], [-85.9709882907502, 39.711197144076, 0.0], [-85.9709873911833, 39.7111959560278, 0.0], [-85.9709865044997, 39.7111947622161, 0.0], [-85.9709856307614, 39.7111935627243, 0.0], [-85.9709847700292, 39.7111923576361, 0.0], [-85.9709839223634, 39.7111911470356, 0.0], [-85.9709830878231, 39.7111899310073, 0.0], [-85.9709822664665, 39.7111887096362, 0.0], [-85.970981458351, 39.7111874830074, 0.0], [-85.9709806635329, 39.7111862512067, 0.0], [-85.9709798820679, 39.71118501432, 0.0], [-85.9709791140104, 39.7111837724337, 0.0], [-85.970978359414, 39.7111825256345, 0.0], [-85.9709776183315, 39.7111812740093, 0.0], [-85.9709768908146, 39.7111800176457, 0.0], [-85.970976176914, 39.7111787566312, 0.0], [-85.9709754766796, 39.7111774910539, 0.0], [-85.9709747901603, 39.7111762210022, 0.0], [-85.970974117404, 39.7111749465648, 0.0], [-85.9709734584576, 39.7111736678306, 0.0], [-85.9709728133672, 39.7111723848888, 0.0], [-85.9709721821778, 39.7111710978291, 0.0], [-85.9709715649335, 39.7111698067413, 0.0], [-85.9709709616773, 39.7111685117154, 0.0], [-85.9709703724514, 39.7111672128421, 0.0], [-85.9709697972969, 39.7111659102118, 0.0], [-85.970969236254, 39.7111646039156, 0.0], [-85.9709686893617, 39.7111632940446, 0.0], [-85.9709681566584, 39.7111619806903, 0.0], [-85.9709676381811, 39.7111606639443, 0.0], [-85.9709671339661, 39.7111593438986, 0.0], [-85.9709666440486, 39.7111580206454, 0.0], [-85.9709661684628, 39.711156694277, 0.0], [-85.9709657072418, 39.711155364886, 0.0], [-85.970965260418, 39.7111540325652, 0.0], [-85.9709648280224, 39.7111526974077, 0.0], [-85.9709644100852, 39.7111513595066, 0.0], [-85.9709640066357, 39.7111500189553, 0.0], [-85.9709636177019, 39.7111486758475, 0.0], [-85.9709632433111, 39.7111473302768, 0.0], [-85.9709628834894, 39.7111459823373, 0.0], [-85.9709625382619, 39.711144632123, 0.0], [-85.9709622076526, 39.7111432797281, 0.0], [-85.9709618916848, 39.7111419252472, 0.0], [-85.9709615903804, 39.7111405687747, 0.0], [-85.9709613037604, 39.7111392104054, 0.0], [-85.9709610318449, 39.711137850234, 0.0], [-85.9709607746529, 39.7111364883555, 0.0], [-85.9709605322023, 39.7111351248651, 0.0], [-85.97096030451, 39.7111337598579, 0.0], [-85.9709600915919, 39.7111323934291, 0.0], [-85.970959893463, 39.7111310256742, 0.0], [-85.970959710137, 39.7111296566887, 0.0], [-85.9709595416266, 39.7111282865681, 0.0], [-85.9709593879438, 39.711126915408, 0.0], [-85.9709592490992, 39.7111255433043, 0.0], [-85.9709591251025, 39.7111241703526, 0.0], [-85.9709590159623, 39.7111227966489, 0.0], [-85.9709589216863, 39.711121422289, 0.0], [-85.9709588422811, 39.7111200473689, 0.0], [-85.9709587777521, 39.7111186719845, 0.0], [-85.970958728104, 39.711117296232, 0.0], [-85.9709586933402, 39.7111159202072, 0.0], [-85.970958673463, 39.7111145440063, 0.0], [-85.9709586684739, 39.7111131677254, 0.0], [-85.9709586783733, 39.7111117914605, 0.0], [-85.9709587031603, 39.7111104153077, 0.0], [-85.9709587428334, 39.7111090393631, 0.0], [-85.9709587973898, 39.7111076637227, 0.0], [-85.9709588668255, 39.7111062884826, 0.0], [-85.9709589511358, 39.7111049137388, 0.0], [-85.9709590503148, 39.7111035395872, 0.0], [-85.9709591643556, 39.7111021661238, 0.0], [-85.9709592932502, 39.7111007934445, 0.0], [-85.9709594369896, 39.7110994216451, 0.0], [-85.9709595955638, 39.7110980508213, 0.0], [-85.9709597689616, 39.7110966810688, 0.0], [-85.9709599571711, 39.7110953124833, 0.0], [-85.9709601601789, 39.7110939451604, 0.0], [-85.9709603779711, 39.7110925791954, 0.0], [-85.9709606105324, 39.7110912146838, 0.0], [-85.9709608578465, 39.7110898517207, 0.0], [-85.9709611198961, 39.7110884904014, 0.0], [-85.9709613966631, 39.7110871308208, 0.0], [-85.970961688128, 39.7110857730739, 0.0], [-85.9709619942705, 39.7110844172555, 0.0], [-85.9709623150692, 39.7110830634603, 0.0], [-85.9709626505018, 39.7110817117826, 0.0], [-85.9709630005448, 39.7110803623169, 0.0], [-85.9709633651738, 39.7110790151574, 0.0], [-85.9709637443633, 39.7110776703982, 0.0], [-85.9709641380868, 39.7110763281331, 0.0], [-85.970964546317, 39.7110749884558, 0.0], [-85.9709649690252, 39.7110736514599, 0.0], [-85.9709654061819, 39.7110723172386, 0.0], [-85.9709658577567, 39.7110709858852, 0.0], [-85.970966323718, 39.7110696574926, 0.0], [-85.9709668040333, 39.7110683321534, 0.0], [-85.9709672986691, 39.7110670099603, 0.0], [-85.9709678075907, 39.7110656910055, 0.0], [-85.9709683307628, 39.7110643753811, 0.0], [-85.9709688681487, 39.711063063179, 0.0], [-85.970969419711, 39.7110617544907, 0.0], [-85.9709699854111, 39.7110604494077, 0.0], [-85.9709705652096, 39.7110591480209, 0.0], [-85.9709711590659, 39.7110578504214, 0.0], [-85.9709717669387, 39.7110565566996, 0.0], [-85.9709723887855, 39.7110552669459, 0.0], [-85.9709730245628, 39.7110539812503, 0.0], [-85.9709736742263, 39.7110526997026, 0.0], [-85.9709743377306, 39.7110514223922, 0.0], [-85.9709750150295, 39.7110501494083, 0.0], [-85.9709757060756, 39.7110488808398, 0.0], [-85.9709764108206, 39.7110476167752, 0.0], [-85.9709771292155, 39.7110463573029, 0.0], [-85.9709778612099, 39.7110451025106, 0.0], [-85.970978606753, 39.711043852486, 0.0], [-85.9709793657924, 39.7110426073164, 0.0], [-85.9709801382754, 39.7110413670886, 0.0], [-85.970980924148, 39.7110401318894, 0.0], [-85.9709817233553, 39.7110389018048, 0.0], [-85.9709825358414, 39.7110376769208, 0.0], [-85.9709833615498, 39.7110364573229, 0.0], [-85.9709842004227, 39.7110352430962, 0.0], [-85.9709850524016, 39.7110340343256, 0.0], [-85.9709859174269, 39.7110328310952, 0.0], [-85.9709867954384, 39.7110316334893, 0.0], [-85.9709876863748, 39.7110304415913, 0.0], [-85.9709885901737, 39.7110292554846, 0.0], [-85.9709891591393, 39.7110285202447, 0.0], [-85.970989801243, 39.7110276898596, 0.0], [-85.9709907040101, 39.7110265032841, 0.0], [-85.9709915939094, 39.7110253109241, 0.0], [-85.9709924708789, 39.7110241128629, 0.0], [-85.9709933348573, 39.711022909184, 0.0], [-85.9709941857844, 39.7110216999714, 0.0], [-85.9709950236007, 39.7110204853097, 0.0], [-85.9709958482477, 39.7110192652836, 0.0], [-85.9705747047516, 39.7110203682652, 0.0], [-85.9705755398382, 39.7112097959086, 0.0]]]}}, {"type": "Feature", "properties": { "fid": "Montgomery_Woods_76", "description": "8168.77591646012", "fill": "#add8e6", "fill-opacity": 0.7, "stroke": "#000000", "stroke-opacity": 1.0, "stroke-width": 1.0}, "geometry": {"type": "Polygon", "coordinates": [[[-85.9705578156564, 39.7071889291121, 0.0], [-85.9709985333784, 39.7071853960167, 0.0], [-85.9709978036922, 39.707020084186, 0.0], [-85.9709978026396, 39.7070170482761, 0.0], [-85.9709978262828, 39.7070140124214, 0.0], [-85.9709978746205, 39.7070109767416, 0.0], [-85.970997947651, 39.7070079413567, 0.0], [-85.9709980453714, 39.7070049063864, 0.0], [-85.9709980813984, 39.707003947077, 0.0], [-85.9705570211637, 39.7070086733748, 0.0], [-85.9705578156564, 39.7071889291121, 0.0]]]}}, {"type": "Feature", "properties": { "fid": "Montgomery_Woods_75", "description": "8168.18479546749", "fill": "#add8e6", "fill-opacity": 0.7, "stroke": "#000000", "stroke-opacity": 1.0, "stroke-width": 1.0}, "geometry": {"type": "Polygon", "coordinates": [[[-85.9705586101176, 39.7073691760425, 0.0], [-85.9709993342451, 39.7073668323517, 0.0], [-85.9709985333784, 39.7071853960167, 0.0], [-85.9705578156564, 39.7071889291121, 0.0], [-85.9705586101176, 39.7073691760425, 0.0]]]}}, {"type": "Feature", "properties": { "fid": "Montgomery_Woods_74", "description": "8167.98538039602", "fill": "#add8e6", "fill-opacity": 0.7, "stroke": "#000000", "stroke-opacity": 1.0, "stroke-width": 1.0}, "geometry": {"type": "Polygon", "coordinates": [[[-85.9705594045664, 39.7075494185668, 0.0], [-85.9710001350996, 39.7075482642514, 0.0], [-85.9709993342451, 39.7073668323517, 0.0], [-85.9705586101176, 39.7073691760425, 0.0], [-85.9705594045664, 39.7075494185668, 0.0]]]}}, {"type": "Feature", "properties": { "fid": "Montgomery_Woods_73", "description": "8183.9999999904", "fill": "#add8e6", "fill-opacity": 0.7, "stroke": "#000000", "stroke-opacity": 1.0, "stroke-width": 1.0}, "geometry": {"type": "Polygon", "coordinates": [[[-85.9705602032065, 39.7077306103345, 0.0], [-85.9710009349013, 39.707729456016, 0.0], [-85.9710001350996, 39.7075482642514, 0.0], [-85.9705594045664, 39.7075494185668, 0.0], [-85.9705602032065, 39.7077306103345, 0.0]]]}}, {"type": "Feature", "properties": { "fid": "Montgomery_Woods_72", "description": "8183.99999998944", "fill": "#add8e6", "fill-opacity": 0.7, "stroke": "#000000", "stroke-opacity": 1.0, "stroke-width": 1.0}, "geometry": {"type": "Polygon", "coordinates": [[[-85.9705610018537, 39.7079118020966, 0.0], [-85.9710017347102, 39.7079106477749, 0.0], [-85.9710009349013, 39.707729456016, 0.0], [-85.9705602032065, 39.7077306103345, 0.0], [-85.9705610018537, 39.7079118020966, 0.0]]]}}, {"type": "Feature", "properties": { "fid": "Montgomery_Woods_71", "description": "10225.3665938155", "fill": "#add8e6", "fill-opacity": 0.7, "stroke": "#000000", "stroke-opacity": 1.0, "stroke-width": 1.0}, "geometry": {"type": "Polygon", "coordinates": [[[-85.9705620059162, 39.7081395947664, 0.0], [-85.9709320861944, 39.7081392887059, 0.0], [-85.9709321718002, 39.7081392885948, 0.0], [-85.9709339581568, 39.7081392681061, 0.0], [-85.9709357432818, 39.7081392129501, 0.0], [-85.9709375260479, 39.7081391231615, 0.0], [-85.9709393053289, 39.708138998797, 0.0], [-85.970941080001, 39.7081388399353, 0.0], [-85.9709428489433, 39.7081386466767, 0.0], [-85.9709446110385, 39.7081384191432, 0.0], [-85.9709463651737, 39.7081381574786, 0.0], [-85.9709481102407, 39.7081378618481, 0.0], [-85.9709498451376, 39.7081375324384, 0.0], [-85.9709515687683, 39.7081371694576, 0.0], [-85.9709532800443, 39.708136773135, 0.0], [-85.9709549778847, 39.708136343721, 0.0], [-85.970956661217, 39.7081358814866, 0.0], [-85.9709583289781, 39.708135386724, 0.0], [-85.9709599801145, 39.7081348597455, 0.0], [-85.9709616135834, 39.7081343008841, 0.0], [-85.970963228353, 39.7081337104927, 0.0], [-85.9709648234034, 39.7081330889443, 0.0], [-85.9709663977271, 39.7081324366314, 0.0], [-85.9709679503298, 39.708131753966, 0.0], [-85.9709694802307, 39.7081310413793, 0.0], [-85.9709709864636, 39.7081302993215, 0.0], [-85.9709724680771, 39.7081295282612, 0.0], [-85.9709739241354, 39.7081287286854, 0.0], [-85.9709753537188, 39.7081279010992, 0.0], [-85.9709767559243, 39.7081270460253, 0.0], [-85.9709781298663, 39.7081261640037, 0.0], [-85.970979474677, 39.7081252555916, 0.0], [-85.9709807895069, 39.7081243213628, 0.0], [-85.9709820735256, 39.7081233619072, 0.0], [-85.9709833259221, 39.7081223778311, 0.0], [-85.9709845459053, 39.7081213697558, 0.0], [-85.9709857327046, 39.7081203383181, 0.0], [-85.9709868855706, 39.7081192841696, 0.0], [-85.9709880037748, 39.708118207976, 0.0], [-85.9709890866112, 39.7081171104171, 0.0], [-85.9709901333957, 39.7081159921861, 0.0], [-85.9709911434672, 39.7081148539893, 0.0], [-85.9709921161878, 39.7081136965456, 0.0], [-85.9709930509429, 39.7081125205862, 0.0], [-85.9709939471422, 39.7081113268537, 0.0], [-85.9709948042197, 39.7081101161021, 0.0], [-85.9709956216339, 39.7081088890963, 0.0], [-85.9709963988687, 39.7081076466111, 0.0], [-85.970997135433, 39.7081063894315, 0.0], [-85.9709978308617, 39.7081051183513, 0.0], [-85.9709984847156, 39.7081038341735, 0.0], [-85.9709990965815, 39.7081025377092, 0.0], [-85.9709996660731, 39.7081012297773, 0.0], [-85.9710001928306, 39.7080999112039, 0.0], [-85.9710006765215, 39.7080985828218, 0.0], [-85.97100111684, 39.70809724547, 0.0], [-85.9710015135082, 39.7080958999933, 0.0], [-85.9710018662755, 39.7080945472415, 0.0], [-85.971002174919, 39.7080931880691, 0.0], [-85.9710024392439, 39.7080918233344, 0.0], [-85.9710026590831, 39.7080904538995, 0.0], [-85.9710028342979, 39.7080890806294, 0.0], [-85.9710029647776, 39.7080877043915, 0.0], [-85.9710030504397, 39.7080863260549, 0.0], [-85.9710030912301, 39.7080849464904, 0.0], [-85.9710030871231, 39.7080835665692, 0.0], [-85.9710024257894, 39.7080399973553, 0.0], [-85.9710021473499, 39.7080041281031, 0.0], [-85.9710017347102, 39.7079106477749, 0.0], [-85.9705610018537, 39.7079118020966, 0.0], [-85.9705620059162, 39.7081395947664, 0.0]]]}}, {"type": "Feature", "properties": { "fid": "Montgomery_Woods_70", "description": "10656.5438663518", "fill": "#add8e6", "fill-opacity": 0.7, "stroke": "#000000", "stroke-opacity": 1.0, "stroke-width": 1.0}, "geometry": {"type": "Polygon", "coordinates": [[[-85.9705830383055, 39.7085268942576, 0.0], [-85.9710233728382, 39.708512313182, 0.0], [-85.9710135042038, 39.7083345931754, 0.0], [-85.9710134243177, 39.7083334386232, 0.0], [-85.9710132878004, 39.7083320627314, 0.0], [-85.9710131065611, 39.7083306899234, 0.0], [-85.9710128807143, 39.7083293210663, 0.0], [-85.9710126104026, 39.7083279570246, 0.0], [-85.9710122957967, 39.7083265986601, 0.0], [-85.9710119370954, 39.7083252468305, 0.0], [-85.9710115345252, 39.7083239023899, 0.0], [-85.9710110883405, 39.7083225661872, 0.0], [-85.971010598823, 39.7083212390666, 0.0], [-85.9710100662819, 39.7083199218663, 0.0], [-85.9710094910536, 39.7083186154182, 0.0], [-85.9710088735014, 39.7083173205475, 0.0], [-85.9710082140155, 39.708316038072, 0.0], [-85.9710075130122, 39.7083147688019, 0.0], [-85.9710067709345, 39.7083135135388, 0.0], [-85.971005988251, 39.7083122730756, 0.0], [-85.971005165456, 39.7083110481957, 0.0], [-85.9710043030693, 39.7083098396729, 0.0], [-85.9710034016356, 39.7083086482704, 0.0], [-85.9710024617242, 39.7083074747407, 0.0], [-85.9710014839289, 39.7083063198252, 0.0], [-85.9710004688672, 39.7083051842532, 0.0], [-85.9709994171802, 39.7083040687421, 0.0], [-85.9709983295322, 39.7083029739963, 0.0], [-85.9709972066102, 39.7083019007074, 0.0], [-85.9709960491235, 39.7083008495532, 0.0], [-85.9709948578031, 39.7082998211978, 0.0], [-85.9709936334016, 39.7082988162905, 0.0], [-85.9709923766922, 39.7082978354662, 0.0], [-85.9709910884688, 39.7082968793444, 0.0], [-85.970989769545, 39.708295948529, 0.0], [-85.9709884207538, 39.7082950436078, 0.0], [-85.9709870429472, 39.7082941651525, 0.0], [-85.9709856369955, 39.7082933137178, 0.0], [-85.9709842037867, 39.7082924898417, 0.0], [-85.9709827442259, 39.7082916940444, 0.0], [-85.9709812592352, 39.7082909268286, 0.0], [-85.9709797497525, 39.7082901886789, 0.0], [-85.9709782167311, 39.7082894800616, 0.0], [-85.9709766611394, 39.7082888014241, 0.0], [-85.9709750839599, 39.7082881531952, 0.0], [-85.9709734861888, 39.7082875357842, 0.0], [-85.9709718688353, 39.7082869495812, 0.0], [-85.9709702329209, 39.7082863949564, 0.0], [-85.9709685794789, 39.7082858722601, 0.0], [-85.9709669095536, 39.7082853818224, 0.0], [-85.9709652241999, 39.7082849239532, 0.0], [-85.9709635244822, 39.7082844989417, 0.0], [-85.9709618114741, 39.7082841070562, 0.0], [-85.9709600862575, 39.7082837485443, 0.0], [-85.9709583499222, 39.7082834236324, 0.0], [-85.9709566035648, 39.7082831325258, 0.0], [-85.9709548482884, 39.7082828754083, 0.0], [-85.9709530852016, 39.7082826524424, 0.0], [-85.9709513154182, 39.7082824637688, 0.0], [-85.9709495400557, 39.7082823095067, 0.0], [-85.9709477602358, 39.7082821897536, 0.0], [-85.9709459770824, 39.7082821045851, 0.0], [-85.9709441917219, 39.708282054055, 0.0], [-85.9709424052819, 39.7082820381953, 0.0], [-85.9705694603737, 39.7082823466529, 0.0], [-85.9705830383055, 39.7085268942576, 0.0]]]}}, {"type": "Feature", "properties": { "fid": "Montgomery_Woods_69", "description": "8184.00000011394", "fill": "#add8e6", "fill-opacity": 0.7, "stroke": "#000000", "stroke-opacity": 1.0, "stroke-width": 1.0}, "geometry": {"type": "Polygon", "coordinates": [[[-85.9705930894439, 39.7087079207689, 0.0], [-85.9710334251336, 39.7086933396555, 0.0], [-85.9710233728382, 39.708512313182, 0.0], [-85.9705830383055, 39.7085268942576, 0.0], [-85.9705930894439, 39.7087079207689, 0.0]]]}}, {"type": "Feature", "properties": { "fid": "Montgomery_Woods_68", "description": "8184.0000001515", "fill": "#add8e6", "fill-opacity": 0.7, "stroke": "#000000", "stroke-opacity": 1.0, "stroke-width": 1.0}, "geometry": {"type": "Polygon", "coordinates": [[[-85.9706031406381, 39.7088889472737, 0.0], [-85.971043477485, 39.7088743661224, 0.0], [-85.9710334251336, 39.7086933396555, 0.0], [-85.9705930894439, 39.7087079207689, 0.0], [-85.9706031406381, 39.7088889472737, 0.0]]]}}, {"type": "Feature", "properties": { "fid": "Montgomery_Woods_67", "description": "8183.99999995737", "fill": "#add8e6", "fill-opacity": 0.7, "stroke": "#000000", "stroke-opacity": 1.0, "stroke-width": 1.0}, "geometry": {"type": "Polygon", "coordinates": [[[-85.9706131918884, 39.709069973772, 0.0], [-85.9710535298923, 39.7090553925828, 0.0], [-85.971043477485, 39.7088743661224, 0.0], [-85.9706031406381, 39.7088889472737, 0.0], [-85.9706131918884, 39.709069973772, 0.0]]]}}, {"type": "Feature", "properties": { "fid": "Montgomery_Woods_66", "description": "8555.99999992327", "fill": "#add8e6", "fill-opacity": 0.7, "stroke": "#000000", "stroke-opacity": 1.0, "stroke-width": 1.0}, "geometry": {"type": "Polygon", "coordinates": [[[-85.9706237000734, 39.7092592287404, 0.0], [-85.971064039287, 39.7092446475117, 0.0], [-85.9710535298923, 39.7090553925828, 0.0], [-85.9706131918884, 39.709069973772, 0.0], [-85.9706237000734, 39.7092592287404, 0.0]]]}}, {"type": "Feature", "properties": { "fid": "Montgomery_Woods_65", "description": "9304.63740855823", "fill": "#add8e6", "fill-opacity": 0.7, "stroke": "#000000", "stroke-opacity": 1.0, "stroke-width": 1.0}, "geometry": {"type": "Polygon", "coordinates": [[[-85.970635131544, 39.7094651110466, 0.0], [-85.9710742237435, 39.709450571114, 0.0], [-85.9710741224559, 39.709445932659, 0.0], [-85.9710736684431, 39.7094291353185, 0.0], [-85.9710730777968, 39.7094123405112, 0.0], [-85.9710723505405, 39.7093955489, 0.0], [-85.9710714867031, 39.7093787611479, 0.0], [-85.971064039287, 39.7092446475117, 0.0], [-85.9706237000734, 39.7092592287404, 0.0], [-85.970635131544, 39.7094651110466, 0.0]]]}}, {"type": "Feature", "properties": { "fid": "Montgomery_Woods_64", "description": "12495.8295304833", "fill": "#add8e6", "fill-opacity": 0.7, "stroke": "#000000", "stroke-opacity": 1.0, "stroke-width": 1.0}, "geometry": {"type": "Polygon", "coordinates": [[[-85.9706141977367, 39.7097267961191, 0.0], [-85.9707594622819, 39.7097266760614, 0.0], [-85.97076339288, 39.7097266823479, 0.0], [-85.9707673233498, 39.7097267077091, 0.0], [-85.9707712535361, 39.7097267521441, 0.0], [-85.9707751832837, 39.7097268156512, 0.0], [-85.9707791124376, 39.7097268982277, 0.0], [-85.9707830408425, 39.7097269998704, 0.0], [-85.9707869683435, 39.7097271205753, 0.0], [-85.9707908947855, 39.7097272603377, 0.0], [-85.9707948200135, 39.7097274191521, 0.0], [-85.9707987438725, 39.709727597012, 0.0], [-85.9708026662075, 39.7097277939107, 0.0], [-85.9708065868639, 39.7097280098402, 0.0], [-85.9708105056867, 39.709728244792, 0.0], [-85.9708144225213, 39.709728498757, 0.0], [-85.9708183372131, 39.709728771725, 0.0], [-85.9708222496075, 39.7097290636852, 0.0], [-85.970825800989, 39.7097293453125, 0.0], [-85.970987021588, 39.7097424892802, 0.0], [-85.9709874278036, 39.7097425214869, 0.0], [-85.9709892076673, 39.7097426411878, 0.0], [-85.9709909908628, 39.709742726304, 0.0], [-85.9709927762637, 39.7097427767817, 0.0], [-85.9709945627424, 39.7097427925891, 0.0], [-85.9709963491705, 39.709742773716, 0.0], [-85.9709981344196, 39.7097427201745, 0.0], [-85.9709999173621, 39.7097426319983, 0.0], [-85.971001696872, 39.7097425092432, 0.0], [-85.9710034718251, 39.7097423519867, 0.0], [-85.9710052411005, 39.7097421603281, 0.0], [-85.9710070035805, 39.7097419343885, 0.0], [-85.971008758152, 39.7097416743106, 0.0], [-85.9710105037068, 39.7097413802586, 0.0], [-85.9710122391422, 39.7097410524183, 0.0], [-85.9710139633622, 39.7097406909968, 0.0], [-85.9710156752778, 39.7097402962223, 0.0], [-85.9710173738075, 39.7097398683442, 0.0], [-85.9710190578787, 39.7097394076327, 0.0], [-85.9710207264275, 39.7097389143789, 0.0], [-85.9710223784002, 39.7097383888943, 0.0], [-85.9710240127532, 39.7097378315107, 0.0], [-85.9710256284543, 39.7097372425803, 0.0], [-85.971027224483, 39.7097366224751, 0.0], [-85.9710287998312, 39.7097359715867, 0.0], [-85.9710303535039, 39.7097352903262, 0.0], [-85.9710318845196, 39.7097345791239, 0.0], [-85.9710333919115, 39.709733838429, 0.0], [-85.9710348747274, 39.7097330687095, 0.0], [-85.9710363320307, 39.7097322704513, 0.0], [-85.971037762901, 39.7097314441589, 0.0], [-85.9710391664344, 39.7097305903539, 0.0], [-85.9710405417446, 39.7097297095758, 0.0], [-85.9710418879627, 39.7097288023809, 0.0], [-85.9710432042386, 39.7097278693421, 0.0], [-85.9710444897408, 39.7097269110488, 0.0], [-85.9710457436573, 39.7097259281063, 0.0], [-85.9710469651962, 39.7097249211354, 0.0], [-85.971048153586, 39.7097238907721, 0.0], [-85.9710493080759, 39.7097228376673, 0.0], [-85.9710504279369, 39.709721762486, 0.0], [-85.9710515124615, 39.7097206659075, 0.0], [-85.9710525609648, 39.7097195486243, 0.0], [-85.9710535727845, 39.7097184113422, 0.0], [-85.9710545472816, 39.7097172547794, 0.0], [-85.9710554838405, 39.7097160796666, 0.0], [-85.9710563818696, 39.7097148867458, 0.0], [-85.9710572408018, 39.7097136767706, 0.0], [-85.9710580600945, 39.7097124505052, 0.0], [-85.9710588392303, 39.7097112087242, 0.0], [-85.971059577717, 39.7097099522119, 0.0], [-85.9710602750883, 39.709708681762, 0.0], [-85.9710609309035, 39.7097073981768, 0.0], [-85.9710615447485, 39.7097061022672, 0.0], [-85.9710621162357, 39.7097047948516, 0.0], [-85.9710626450039, 39.7097034767559, 0.0], [-85.9710631307193, 39.7097021488125, 0.0], [-85.971063573075, 39.7097008118603, 0.0], [-85.9710639717917, 39.7096994667437, 0.0], [-85.9710643266176, 39.7096981143123, 0.0], [-85.9710646373284, 39.7096967554203, 0.0], [-85.971064903728, 39.709695390926, 0.0], [-85.9710651256481, 39.7096940216913, 0.0], [-85.9710653029485, 39.709692648581, 0.0], [-85.9710654355172, 39.7096912724624, 0.0], [-85.971068078281, 39.7096582337073, 0.0], [-85.9710685606729, 39.7096520880896, 0.0], [-85.9710697838048, 39.7096353136927, 0.0], [-85.9710708704555, 39.7096185336893, 0.0], [-85.971071820582, 39.7096017487419, 0.0], [-85.9710726341471, 39.7095849595131, 0.0], [-85.9710733111186, 39.7095681666658, 0.0], [-85.9710738514699, 39.7095513708628, 0.0], [-85.9710742551799, 39.7095345727673, 0.0], [-85.9710745222327, 39.7095177730424, 0.0], [-85.9710746526178, 39.7095009723514, 0.0], [-85.9710746463301, 39.7094841713574, 0.0], [-85.9710745033701, 39.7094673707239, 0.0], [-85.9710742237435, 39.709450571114, 0.0], [-85.970635131544, 39.7094651110466, 0.0], [-85.9706141977367, 39.7097267961191, 0.0]]]}}, {"type": "Feature", "properties": { "fid": "Montgomery_Woods_77", "description": "10128.1194396654", "fill": "#add8e6", "fill-opacity": 0.7, "stroke": "#000000", "stroke-opacity": 1.0, "stroke-width": 1.0}, "geometry": {"type": "Polygon", "coordinates": [[[-85.9705570211637, 39.7070086733748, 0.0], [-85.9709980813984, 39.707003947077, 0.0], [-85.9709982116076, 39.7070009128351, 0.0], [-85.9709983664962, 39.7069978792852, 0.0], [-85.9709985460582, 39.7069948465473, 0.0], [-85.9709987502865, 39.7069918147409, 0.0], [-85.9709989791728, 39.7069887839859, 0.0], [-85.9709992327084, 39.7069857544018, 0.0], [-85.970999510883, 39.7069827261083, 0.0], [-85.9709998136858, 39.7069796992248, 0.0], [-85.9709999826413, 39.706978109526, 0.0], [-85.9710000648506, 39.7069773290686, 0.0], [-85.9710001977005, 39.7069759566137, 0.0], [-85.9710003156997, 39.7069745833492, 0.0], [-85.97100041884, 39.706973209371, 0.0], [-85.9710005071144, 39.7069718347748, 0.0], [-85.9710005805164, 39.7069704596568, 0.0], [-85.9710006390412, 39.7069690841129, 0.0], [-85.9710006826845, 39.7069677082391, 0.0], [-85.9710007114433, 39.7069663321315, 0.0], [-85.9710007253157, 39.7069649558861, 0.0], [-85.9710007243006, 39.7069635795991, 0.0], [-85.9710007083982, 39.7069622033665, 0.0], [-85.9710006776094, 39.7069608272843, 0.0], [-85.9710006319366, 39.7069594514487, 0.0], [-85.9710005713828, 39.7069580759557, 0.0], [-85.9710004959524, 39.7069567009013, 0.0], [-85.9710004056505, 39.7069553263816, 0.0], [-85.9710003004835, 39.7069539524923, 0.0], [-85.9710001804587, 39.7069525793296, 0.0], [-85.9710000455845, 39.7069512069892, 0.0], [-85.9709998958703, 39.706949835567, 0.0], [-85.9709997313266, 39.7069484651586, 0.0], [-85.9709995519648, 39.7069470958598, 0.0], [-85.9709993577975, 39.7069457277661, 0.0], [-85.9709991488383, 39.7069443609731, 0.0], [-85.9709989251016, 39.7069429955762, 0.0], [-85.9709986866032, 39.7069416316706, 0.0], [-85.9709984333597, 39.7069402693517, 0.0], [-85.9709981653888, 39.7069389087144, 0.0], [-85.9709978827092, 39.7069375498539, 0.0], [-85.9709975853405, 39.7069361928649, 0.0], [-85.9709972733037, 39.7069348378422, 0.0], [-85.9709969466204, 39.7069334848804, 0.0], [-85.9709966053134, 39.7069321340739, 0.0], [-85.9709962494067, 39.706930785517, 0.0], [-85.970995878925, 39.7069294393039, 0.0], [-85.9709954938942, 39.7069280955286, 0.0], [-85.9709950943412, 39.7069267542849, 0.0], [-85.9709946802939, 39.7069254156663, 0.0], [-85.9709942517811, 39.7069240797664, 0.0], [-85.9709938088329, 39.7069227466785, 0.0], [-85.97099335148, 39.7069214164954, 0.0], [-85.9709928797546, 39.7069200893103, 0.0], [-85.9709923936894, 39.7069187652156, 0.0], [-85.9709918933184, 39.7069174443038, 0.0], [-85.9709913786766, 39.7069161266672, 0.0], [-85.9709908497998, 39.7069148123977, 0.0], [-85.9709903067251, 39.706913501587, 0.0], [-85.9709897494903, 39.7069121943268, 0.0], [-85.9709891781342, 39.7069108907082, 0.0], [-85.9709885926969, 39.7069095908222, 0.0], [-85.9709879932192, 39.7069082947596, 0.0], [-85.9709873797429, 39.7069070026109, 0.0], [-85.9709867523108, 39.7069057144663, 0.0], [-85.9709861109668, 39.7069044304156, 0.0], [-85.9709854557556, 39.7069031505486, 0.0], [-85.970984786723, 39.7069018749546, 0.0], [-85.9709841039156, 39.7069006037226, 0.0], [-85.9709834073812, 39.7068993369415, 0.0], [-85.9709826971684, 39.7068980746995, 0.0], [-85.9709819733267, 39.7068968170849, 0.0], [-85.9709812359067, 39.7068955641854, 0.0], [-85.9709804849598, 39.7068943160885, 0.0], [-85.9709797205386, 39.7068930728813, 0.0], [-85.9709789426963, 39.7068918346506, 0.0], [-85.9709781514872, 39.7068906014829, 0.0], [-85.9709773469666, 39.7068893734643, 0.0], [-85.9709765291907, 39.7068881506804, 0.0], [-85.9709756982166, 39.7068869332166, 0.0], [-85.9709748672424, 39.7068857157529, 0.0], [-85.9709740494666, 39.706884492969, 0.0], [-85.9709732449462, 39.7068832649503, 0.0], [-85.9709724537373, 39.7068820317826, 0.0], [-85.9709716758953, 39.7068807935518, 0.0], [-85.9709709114743, 39.7068795503446, 0.0], [-85.9709701605278, 39.7068783022476, 0.0], [-85.9709694231082, 39.706877049348, 0.0], [-85.970968699267, 39.7068757917333, 0.0], [-85.9709679890547, 39.7068745294913, 0.0], [-85.9709672925209, 39.70687326271, 0.0], [-85.9709666097141, 39.7068719914779, 0.0], [-85.9709659406821, 39.7068707158838, 0.0], [-85.9709652854717, 39.7068694360167, 0.0], [-85.9709646441284, 39.7068681519659, 0.0], [-85.9709640166971, 39.7068668638211, 0.0], [-85.9709634032216, 39.7068655716723, 0.0], [-85.9709628037447, 39.7068642756095, 0.0], [-85.9709622183083, 39.7068629757234, 0.0], [-85.9709616469532, 39.7068616721047, 0.0], [-85.9709610897194, 39.7068603648443, 0.0], [-85.9709605466456, 39.7068590540335, 0.0], [-85.9709600177699, 39.7068577397638, 0.0], [-85.9709595031292, 39.706856422127, 0.0], [-85.9709590027593, 39.7068551012151, 0.0], [-85.9709585166952, 39.7068537771203, 0.0], [-85.9709580449709, 39.7068524499349, 0.0], [-85.9709575876193, 39.7068511197518, 0.0], [-85.9709571446722, 39.7068497866636, 0.0], [-85.9709567161606, 39.7068484507636, 0.0], [-85.9709563021145, 39.7068471121449, 0.0], [-85.9709559025628, 39.706845770901, 0.0], [-85.9709555175332, 39.7068444271255, 0.0], [-85.9709551470528, 39.7068430809123, 0.0], [-85.9709547911473, 39.7068417323553, 0.0], [-85.9709544498417, 39.7068403815487, 0.0], [-85.9709541231597, 39.7068390285867, 0.0], [-85.9709538111241, 39.7068376735638, 0.0], [-85.9709535137568, 39.7068363165747, 0.0], [-85.9709532310785, 39.706834957714, 0.0], [-85.9709529631089, 39.7068335970766, 0.0], [-85.9709527098667, 39.7068322347576, 0.0], [-85.9709524713696, 39.7068308708519, 0.0], [-85.9709522476343, 39.7068295054548, 0.0], [-85.9709520386764, 39.7068281386617, 0.0], [-85.9709518445104, 39.7068267705679, 0.0], [-85.9709516651499, 39.706825401269, 0.0], [-85.9709515006075, 39.7068240308606, 0.0], [-85.9709513508945, 39.7068226594382, 0.0], [-85.9709512160216, 39.7068212870978, 0.0], [-85.970951095998, 39.7068199139349, 0.0], [-85.9709509908322, 39.7068185400456, 0.0], [-85.9709509005315, 39.7068171655258, 0.0], [-85.9709508251022, 39.7068157904713, 0.0], [-85.9709507645496, 39.7068144149783, 0.0], [-85.9709507188779, 39.7068130391426, 0.0], [-85.9709506880902, 39.7068116630604, 0.0], [-85.9709506721888, 39.7068102868277, 0.0], [-85.9709506711748, 39.7068089105407, 0.0], [-85.9709506850481, 39.7068075342953, 0.0], [-85.9709507138079, 39.7068061581877, 0.0], [-85.9709507574522, 39.7068047823138, 0.0], [-85.9709508159778, 39.7068034067699, 0.0], [-85.9709508893807, 39.7068020316519, 0.0], [-85.9709509776558, 39.7068006570557, 0.0], [-85.9709510807969, 39.7067992830775, 0.0], [-85.9709511987968, 39.706797909813, 0.0], [-85.9709513316473, 39.7067965373581, 0.0], [-85.9709514793391, 39.7067951658087, 0.0], [-85.9709516418619, 39.7067937952606, 0.0], [-85.9709518192043, 39.7067924258093, 0.0], [-85.970952011354, 39.7067910575505, 0.0], [-85.9709522182975, 39.7067896905797, 0.0], [-85.9709524400204, 39.7067883249923, 0.0], [-85.9709526765072, 39.7067869608837, 0.0], [-85.9709529277415, 39.7067855983491, 0.0], [-85.9709531937055, 39.7067842374837, 0.0], [-85.9709534743809, 39.7067828783823, 0.0], [-85.970953769748, 39.70678152114, 0.0], [-85.9709540797862, 39.7067801658514, 0.0], [-85.9709544044739, 39.7067788126111, 0.0], [-85.9709547437883, 39.7067774615137, 0.0], [-85.9709550977057, 39.7067761126535, 0.0], [-85.9709554662015, 39.7067747661245, 0.0], [-85.97095584925, 39.7067734220209, 0.0], [-85.9709562468244, 39.7067720804365, 0.0], [-85.970956658897, 39.7067707414648, 0.0], [-85.9709570854389, 39.7067694051995, 0.0], [-85.9709575149127, 39.70676810595, 0.0], [-85.9705559845942, 39.706773492462, 0.0], [-85.9705570211637, 39.7070086733748, 0.0]]]}}, {"type": "Feature", "properties": { "fid": "Montgomery_Woods_83", "description": "10112.3501860012", "fill": "#add8e6", "fill-opacity": 0.7, "stroke": "#000000", "stroke-opacity": 1.0, "stroke-width": 1.0}, "geometry": {"type": "Polygon", "coordinates": [[[-85.9711879603765, 39.7080849541641, 0.0], [-85.9711880054548, 39.708086239144, 0.0], [-85.9711880971756, 39.7080876172502, 0.0], [-85.9711882337044, 39.7080889931413, 0.0], [-85.9711884149551, 39.7080903659484, 0.0], [-85.9711886408131, 39.7080917348044, 0.0], [-85.9711889111359, 39.7080930988447, 0.0], [-85.9711892257526, 39.7080944572077, 0.0], [-85.9711895844645, 39.7080958090354, 0.0], [-85.9711899870451, 39.708097153474, 0.0], [-85.9711904332401, 39.7080984896743, 0.0], [-85.9711909227677, 39.7080998167924, 0.0], [-85.9711914553187, 39.70810113399, 0.0], [-85.9711920305567, 39.7081024404351, 0.0], [-85.9711926481184, 39.7081037353026, 0.0], [-85.9711933076137, 39.7081050177746, 0.0], [-85.9711940086261, 39.7081062870411, 0.0], [-85.9711947507128, 39.7081075423002, 0.0], [-85.9711955334051, 39.7081087827594, 0.0], [-85.9711963562086, 39.7081100076349, 0.0], [-85.9711972186036, 39.7081112161531, 0.0], [-85.9711981200455, 39.7081124075508, 0.0], [-85.9711990599647, 39.7081135810755, 0.0], [-85.9712000377678, 39.7081147359857, 0.0], [-85.9712010528371, 39.7081158715522, 0.0], [-85.9712021045313, 39.7081169870577, 0.0], [-85.9712031921864, 39.7081180817976, 0.0], [-85.9712043151152, 39.7081191550804, 0.0], [-85.9712054726086, 39.7081202062282, 0.0], [-85.9712066639353, 39.7081212345771, 0.0], [-85.971207888343, 39.7081222394776, 0.0], [-85.9712091450583, 39.7081232202949, 0.0], [-85.9712104332875, 39.7081241764096, 0.0], [-85.9712117522167, 39.7081251072177, 0.0], [-85.9712131010131, 39.7081260121313, 0.0], [-85.9712144788246, 39.7081268905789, 0.0], [-85.971215884781, 39.7081277420055, 0.0], [-85.9712173179942, 39.7081285658735, 0.0], [-85.9712187775591, 39.7081293616625, 0.0], [-85.9712202625537, 39.7081301288697, 0.0], [-85.9712217720401, 39.7081308670107, 0.0], [-85.9712233050648, 39.7081315756192, 0.0], [-85.9712248606596, 39.7081322542476, 0.0], [-85.9712264378418, 39.7081329024673, 0.0], [-85.9712280356154, 39.7081335198689, 0.0], [-85.9712296529711, 39.7081341060624, 0.0], [-85.9712312888874, 39.7081346606775, 0.0], [-85.971232942331, 39.7081351833639, 0.0], [-85.9712346122575, 39.7081356737916, 0.0], [-85.9712362976122, 39.7081361316506, 0.0], [-85.9712379973305, 39.7081365566519, 0.0], [-85.9712397103389, 39.708136948527, 0.0], [-85.9712414355555, 39.7081373070284, 0.0], [-85.9712431718904, 39.7081376319296, 0.0], [-85.9712449182471, 39.7081379230254, 0.0], [-85.9712466735225, 39.7081381801321, 0.0], [-85.9712484366078, 39.708138403087, 0.0], [-85.9712502063895, 39.7081385917495, 0.0], [-85.9712519817499, 39.7081387460004, 0.0], [-85.9712537615674, 39.7081388657422, 0.0], [-85.9712555447179, 39.7081389508994, 0.0], [-85.9712573300752, 39.7081390014181, 0.0], [-85.9712591165116, 39.7081390172664, 0.0], [-85.9716214086048, 39.7081387154837, 0.0], [-85.9716203918378, 39.7079088442554, 0.0], [-85.9711865573619, 39.7079099828342, 0.0], [-85.9711869710599, 39.708003645857, 0.0], [-85.9711879603765, 39.7080849541641, 0.0], [-85.9711872840087, 39.7080422821073, 0.0], [-85.9711869710599, 39.708003645857, 0.0], [-85.9711879603765, 39.7080849541641, 0.0]]]}}, {"type": "Feature", "properties": { "fid": "Montgomery_Woods_82", "description": "8055.90415639722", "fill": "#add8e6", "fill-opacity": 0.7, "stroke": "#000000", "stroke-opacity": 1.0, "stroke-width": 1.0}, "geometry": {"type": "Polygon", "coordinates": [[[-85.9711865573619, 39.7079099828342, 0.0], [-85.9716203918378, 39.7079088442554, 0.0], [-85.9716195903982, 39.7077276525009, 0.0], [-85.9711857570658, 39.7077287910766, 0.0], [-85.9711865573619, 39.7079099828342, 0.0]]]}}, {"type": "Feature", "properties": { "fid": "Montgomery_Woods_81", "description": "8055.90415645502", "fill": "#add8e6", "fill-opacity": 0.7, "stroke": "#000000", "stroke-opacity": 1.0, "stroke-width": 1.0}, "geometry": {"type": "Polygon", "coordinates": [[[-85.9711857570658, 39.7077287910766, 0.0], [-85.9716195903982, 39.7077276525009, 0.0], [-85.9716187889659, 39.7075464607408, 0.0], [-85.9711849567769, 39.7075475993133, 0.0], [-85.9711857570658, 39.7077287910766, 0.0]]]}}, {"type": "Feature", "properties": { "fid": "Montgomery_Woods_80", "description": "8055.90415644177", "fill": "#add8e6", "fill-opacity": 0.7, "stroke": "#000000", "stroke-opacity": 1.0, "stroke-width": 1.0}, "geometry": {"type": "Polygon", "coordinates": [[[-85.9711849567769, 39.7075475993133, 0.0], [-85.9716187889659, 39.7075464607408, 0.0], [-85.9716179875407, 39.707365268975, 0.0], [-85.9711841564953, 39.7073664075444, 0.0], [-85.9711849567769, 39.7075475993133, 0.0]]]}}, {"type": "Feature", "properties": { "fid": "Montgomery_Woods_79", "description": "8055.90415647019", "fill": "#add8e6", "fill-opacity": 0.7, "stroke": "#000000", "stroke-opacity": 1.0, "stroke-width": 1.0}, "geometry": {"type": "Polygon", "coordinates": [[[-85.9711841564953, 39.7073664075444, 0.0], [-85.9716179875407, 39.707365268975, 0.0], [-85.9716171861228, 39.7071840772035, 0.0], [-85.9711833562209, 39.7071852157698, 0.0], [-85.9711841564953, 39.7073664075444, 0.0]]]}}, {"type": "Feature", "properties": { "fid": "Montgomery_Woods_78", "description": "9013.54817693197", "fill": "#add8e6", "fill-opacity": 0.7, "stroke": "#000000", "stroke-opacity": 1.0, "stroke-width": 1.0}, "geometry": {"type": "Polygon", "coordinates": [[[-85.971182919718, 39.7070863855425, 0.0], [-85.9711833562209, 39.7071852157698, 0.0], [-85.9716171861228, 39.7071840772035, 0.0], [-85.9716171068933, 39.7071661641883, 0.0], [-85.9716433880115, 39.7069835969707, 0.0], [-85.9712278482076, 39.706984687665, 0.0], [-85.971182919718, 39.7070863855425, 0.0], [-85.9711829210832, 39.7070850092557, 0.0], [-85.9711829373358, 39.7070836330259, 0.0], [-85.9711829684746, 39.7070822569493, 0.0], [-85.9711830144975, 39.7070808811218, 0.0], [-85.9711830754013, 39.7070795056396, 0.0], [-85.9711831511817, 39.7070781305986, 0.0], [-85.9711832418334, 39.7070767560948, 0.0], [-85.9711833473501, 39.7070753822242, 0.0], [-85.9711834677245, 39.7070740090827, 0.0], [-85.971183602948, 39.7070726367662, 0.0], [-85.9711837530113, 39.7070712653705, 0.0], [-85.971183917904, 39.7070698949913, 0.0], [-85.9711840976144, 39.7070685257242, 0.0], [-85.97118429213, 39.7070671576649, 0.0], [-85.9711845014374, 39.7070657909089, 0.0], [-85.9711847255217, 39.7070644255515, 0.0], [-85.9711849643675, 39.7070630616882, 0.0], [-85.971185217958, 39.707061699414, 0.0], [-85.9711854862756, 39.7070603388242, 0.0], [-85.9711857693014, 39.7070589800136, 0.0], [-85.9711860670158, 39.7070576230772, 0.0], [-85.9711863793979, 39.7070562681097, 0.0], [-85.971186706426, 39.7070549152057, 0.0], [-85.9711870480771, 39.7070535644596, 0.0], [-85.9711874043276, 39.7070522159657, 0.0], [-85.9711877751524, 39.7070508698181, 0.0], [-85.9711881605257, 39.7070495261109, 0.0], [-85.9711885604206, 39.7070481849378, 0.0], [-85.9711889748092, 39.7070468463924, 0.0], [-85.9711894036625, 39.7070455105683, 0.0], [-85.9711898469507, 39.7070441775586, 0.0], [-85.9711903046427, 39.7070428474565, 0.0], [-85.9711907767066, 39.7070415203547, 0.0], [-85.9711912631095, 39.707040196346, 0.0], [-85.9711917638174, 39.7070388755227, 0.0], [-85.9711922787953, 39.707037557977, 0.0], [-85.9711928080074, 39.707036243801, 0.0], [-85.9711933514165, 39.7070349330864, 0.0], [-85.9711939089849, 39.7070336259247, 0.0], [-85.9711944806735, 39.7070323224071, 0.0], [-85.9711950664425, 39.7070310226246, 0.0], [-85.9711956662511, 39.7070297266679, 0.0], [-85.9711962800572, 39.7070284346277, 0.0], [-85.971196907818, 39.707027146594, 0.0], [-85.9711975494898, 39.7070258626567, 0.0], [-85.9711982050277, 39.7070245829055, 0.0], [-85.971198874386, 39.7070233074298, 0.0], [-85.971199557518, 39.7070220363185, 0.0], [-85.9712002543759, 39.7070207696604, 0.0], [-85.9712009649111, 39.707019507544, 0.0], [-85.971201689074, 39.7070182500573, 0.0], [-85.971202426814, 39.7070169972882, 0.0], [-85.9712031780796, 39.707015749324, 0.0], [-85.9712039428185, 39.7070145062519, 0.0], [-85.9712047209772, 39.7070132681587, 0.0], [-85.9712055125013, 39.7070120351309, 0.0], [-85.9712063173357, 39.7070108072544, 0.0], [-85.9712071354241, 39.7070095846151, 0.0], [-85.9712079667095, 39.7070083672982, 0.0], [-85.9712088111337, 39.7070071553888, 0.0], [-85.9712096686379, 39.7070059489714, 0.0], [-85.9712105391621, 39.7070047481303, 0.0], [-85.9712114226457, 39.7070035529493, 0.0], [-85.9712123190269, 39.7070023635118, 0.0], [-85.9712132282431, 39.707001179901, 0.0], [-85.971214150231, 39.7070000021993, 0.0], [-85.971215084926, 39.706998830489, 0.0], [-85.971216032263, 39.706997664852, 0.0], [-85.9712169921758, 39.7069965053696, 0.0], [-85.9712179645975, 39.7069953521227, 0.0], [-85.97121894946, 39.7069942051918, 0.0], [-85.9712199466948, 39.706993064657, 0.0], [-85.9712209562321, 39.706991930598, 0.0], [-85.9712219780015, 39.7069908030939, 0.0], [-85.9712230119316, 39.7069896822234, 0.0], [-85.9712240579503, 39.7069885680648, 0.0], [-85.9712251159846, 39.7069874606957, 0.0], [-85.9712261859605, 39.7069863601937, 0.0], [-85.9712272678034, 39.7069852666354, 0.0], [-85.9712278482076, 39.706984687665, 0.0], [-85.971182919718, 39.7070863855425, 0.0]]]}}, {"type": "Feature", "properties": { "fid": "Montgomery_Woods_99", "description": "8250.00000006052", "fill": "#add8e6", "fill-opacity": 0.7, "stroke": "#000000", "stroke-opacity": 1.0, "stroke-width": 1.0}, "geometry": {"type": "Polygon", "coordinates": [[[-85.973299823667, 39.7088894848165, 0.0], [-85.9737441145827, 39.7088878515133, 0.0], [-85.973743633249, 39.7088100495386, 0.0], [-85.9737429936215, 39.7087066607974, 0.0], [-85.9732987038769, 39.7087082940962, 0.0], [-85.973299823667, 39.7088894848165, 0.0]]]}}, {"type": "Feature", "properties": { "fid": "Montgomery_Woods_98", "description": "8579.99999992824", "fill": "#add8e6", "fill-opacity": 0.7, "stroke": "#000000", "stroke-opacity": 1.0, "stroke-width": 1.0}, "geometry": {"type": "Polygon", "coordinates": [[[-85.9732853422992, 39.7094219551121, 0.0], [-85.973747408431, 39.7094202564986, 0.0], [-85.9737462874435, 39.7092390657994, 0.0], [-85.9732842225297, 39.7092407644083, 0.0], [-85.9732853422992, 39.7094219551121, 0.0]]]}}, {"type": "Feature", "properties": { "fid": "Montgomery_Woods_97", "description": "8969.99999999069", "fill": "#add8e6", "fill-opacity": 0.7, "stroke": "#000000", "stroke-opacity": 1.0, "stroke-width": 1.0}, "geometry": {"type": "Polygon", "coordinates": [[[-85.9732865129769, 39.709611381751, 0.0], [-85.973748580382, 39.7096096831327, 0.0], [-85.973747408431, 39.7094202564986, 0.0], [-85.9732853422992, 39.7094219551121, 0.0], [-85.9732858682348, 39.7095070566207, 0.0], [-85.9732865129769, 39.709611381751, 0.0]]]}}, {"type": "Feature", "properties": { "fid": "Montgomery_Woods_96", "description": "11124.2896033104", "fill": "#add8e6", "fill-opacity": 0.7, "stroke": "#000000", "stroke-opacity": 1.0, "stroke-width": 1.0}, "geometry": {"type": "Polygon", "coordinates": [[[-85.9732879720903, 39.7098474777758, 0.0], [-85.9736787003492, 39.7098471454375, 0.0], [-85.9736798536402, 39.7098471372283, 0.0], [-85.9736816394391, 39.709847095983, 0.0], [-85.9736834233313, 39.7098470200885, 0.0], [-85.9736852041901, 39.7098469095928, 0.0], [-85.9736869808906, 39.7098467645658, 0.0], [-85.9736887523107, 39.7098465850989, 0.0], [-85.9736905173314, 39.7098463713055, 0.0], [-85.973692274838, 39.7098461233207, 0.0], [-85.9736940237203, 39.7098458413012, 0.0], [-85.9736957628738, 39.709845525425, 0.0], [-85.9736974911998, 39.7098451758917, 0.0], [-85.9736992076069, 39.709844792922, 0.0], [-85.9737009110108, 39.7098443767578, 0.0], [-85.9737026003357, 39.709843927662, 0.0], [-85.9737042745145, 39.7098434459183, 0.0], [-85.9737059324898, 39.7098429318308, 0.0], [-85.9737075732143, 39.7098423857245, 0.0], [-85.9737091956518, 39.709841807944, 0.0], [-85.9737107987775, 39.7098411988545, 0.0], [-85.9737123815788, 39.7098405588407, 0.0], [-85.9737139430561, 39.7098398883066, 0.0], [-85.9737154822229, 39.709839187676, 0.0], [-85.9737169981071, 39.7098384573913, 0.0], [-85.9737184897513, 39.7098376979138, 0.0], [-85.9737199562134, 39.7098369097232, 0.0], [-85.9737213965671, 39.7098360933174, 0.0], [-85.9737228099025, 39.7098352492119, 0.0], [-85.9737241953271, 39.70983437794, 0.0], [-85.9737255519657, 39.7098334800519, 0.0], [-85.9737268789615, 39.7098325561149, 0.0], [-85.9737281754763, 39.7098316067124, 0.0], [-85.9737294406913, 39.7098306324442, 0.0], [-85.9737306738072, 39.7098296339255, 0.0], [-85.9737318740452, 39.7098286117872, 0.0], [-85.9737330406472, 39.7098275666747, 0.0], [-85.9737341728764, 39.7098264992483, 0.0], [-85.9737352700176, 39.7098254101821, 0.0], [-85.9737363313779, 39.709824300164, 0.0], [-85.9737373562868, 39.7098231698951, 0.0], [-85.9737383440971, 39.7098220200893, 0.0], [-85.9737392941847, 39.7098208514729, 0.0], [-85.9737402059497, 39.709819664784, 0.0], [-85.973741078816, 39.7098184607721, 0.0], [-85.9737419122325, 39.7098172401977, 0.0], [-85.9737427056726, 39.7098160038317, 0.0], [-85.9737434586353, 39.7098147524552, 0.0], [-85.9737441706449, 39.7098134868584, 0.0], [-85.9737448412518, 39.7098122078407, 0.0], [-85.9737454700323, 39.70981091621, 0.0], [-85.9737460565894, 39.7098096127821, 0.0], [-85.9737466005524, 39.7098082983803, 0.0], [-85.973747101578, 39.7098069738349, 0.0], [-85.9737475593495, 39.7098056399823, 0.0], [-85.9737479735779, 39.7098042976651, 0.0], [-85.9737483440016, 39.7098029477312, 0.0], [-85.9737486703865, 39.7098015910331, 0.0], [-85.9737489525265, 39.7098002284279, 0.0], [-85.9737491902435, 39.7097988607761, 0.0], [-85.9737493833872, 39.7097974889416, 0.0], [-85.9737495318357, 39.7097961137909, 0.0], [-85.9737496354953, 39.7097947361925, 0.0], [-85.9737496943003, 39.7097933570165, 0.0], [-85.9737497082138, 39.7097919771342, 0.0], [-85.973748580382, 39.7096096831327, 0.0], [-85.9732865129769, 39.709611381751, 0.0], [-85.9732879720903, 39.7098474777758, 0.0]]]}}, {"type": "Feature", "properties": { "fid": "Montgomery_Woods_95", "description": "8183.99999999358", "fill": "#add8e6", "fill-opacity": 0.7, "stroke": "#000000", "stroke-opacity": 1.0, "stroke-width": 1.0}, "geometry": {"type": "Polygon", "coordinates": [[[-85.9728815844801, 39.7098478220383, 0.0], [-85.9731161758939, 39.7098476234828, 0.0], [-85.9731156850753, 39.7095072009583, 0.0], [-85.9728810948233, 39.7095073995126, 0.0], [-85.9728815844801, 39.7098478220383, 0.0]]]}}, {"type": "Feature", "properties": { "fid": "Montgomery_Woods_94", "description": "8183.9999999999", "fill": "#add8e6", "fill-opacity": 0.7, "stroke": "#000000", "stroke-opacity": 1.0, "stroke-width": 1.0}, "geometry": {"type": "Polygon", "coordinates": [[[-85.9726469930618, 39.7098480201199, 0.0], [-85.9728815844801, 39.7098478220383, 0.0], [-85.9728810948233, 39.7095073995126, 0.0], [-85.9726465045669, 39.709507597593, 0.0], [-85.9726469930618, 39.7098480201199, 0.0]]]}}, {"type": "Feature", "properties": { "fid": "Montgomery_Woods_93", "description": "8105.91092723113", "fill": "#add8e6", "fill-opacity": 0.7, "stroke": "#000000", "stroke-opacity": 1.0, "stroke-width": 1.0}, "geometry": {"type": "Polygon", "coordinates": [[[-85.9724109956263, 39.7098478558521, 0.0], [-85.9724245398218, 39.7098479963892, 0.0], [-85.9724462914387, 39.7098481364279, 0.0], [-85.9724680437631, 39.7098481709003, 0.0], [-85.9726469930618, 39.7098480201199, 0.0], [-85.9726465045669, 39.709507597593, 0.0], [-85.9724177637387, 39.7095077902778, 0.0], [-85.9724109956263, 39.7098478558521, 0.0]]]}}, {"type": "Feature", "properties": { "fid": "Montgomery_Woods_92", "description": "8510.49734715804", "fill": "#add8e6", "fill-opacity": 0.7, "stroke": "#000000", "stroke-opacity": 1.0, "stroke-width": 1.0}, "geometry": {"type": "Polygon", "coordinates": [[[-85.9721515517906, 39.7098372408827, 0.0], [-85.9721720649676, 39.7098386304733, 0.0], [-85.972193745399, 39.7098399959899, 0.0], [-85.9722154365092, 39.7098412562616, 0.0], [-85.9722371374418, 39.7098424112387, 0.0], [-85.9722588473401, 39.7098434608756, 0.0], [-85.9722805653467, 39.7098444051309, 0.0], [-85.9723022906043, 39.7098452439673, 0.0], [-85.9723240222551, 39.7098459773516, 0.0], [-85.972345759441, 39.709846605255, 0.0], [-85.9723675013039, 39.7098471276526, 0.0], [-85.9723892469851, 39.7098475445238, 0.0], [-85.9724109956263, 39.7098478558521, 0.0], [-85.9724177637387, 39.7095077902778, 0.0], [-85.9721913576612, 39.7094982097502, 0.0], [-85.9721515517906, 39.7098372408827, 0.0]]]}}, {"type": "Feature", "properties": { "fid": "Montgomery_Woods_91", "description": "8245.21176269102", "fill": "#add8e6", "fill-opacity": 0.7, "stroke": "#000000", "stroke-opacity": 1.0, "stroke-width": 1.0}, "geometry": {"type": "Polygon", "coordinates": [[[-85.971913252001, 39.7098179984143, 0.0], [-85.9721316624404, 39.7098358028004, 0.0], [-85.9721515517906, 39.7098372408827, 0.0], [-85.9721913576612, 39.7094982097502, 0.0], [-85.9719595577077, 39.7094795461139, 0.0], [-85.971913252001, 39.7098179984143, 0.0]]]}}, {"type": "Feature", "properties": { "fid": "Montgomery_Woods_90", "description": "8594.06020669799", "fill": "#add8e6", "fill-opacity": 0.7, "stroke": "#000000", "stroke-opacity": 1.0, "stroke-width": 1.0}, "geometry": {"type": "Polygon", "coordinates": [[[-85.9716682151651, 39.7097980229973, 0.0], [-85.971913252001, 39.7098179984143, 0.0], [-85.9719595577077, 39.7094795461139, 0.0], [-85.9717145258286, 39.7094595432937, 0.0], [-85.9716682151651, 39.7097980229973, 0.0]]]}}, {"type": "Feature", "properties": { "fid": "Montgomery_Woods_89", "description": "10533.3461686519", "fill": "#add8e6", "fill-opacity": 0.7, "stroke": "#000000", "stroke-opacity": 1.0, "stroke-width": 1.0}, "geometry": {"type": "Polygon", "coordinates": [[[-85.9713125287391, 39.7097690264787, 0.0], [-85.9716682151651, 39.7097980229973, 0.0], [-85.9717025717001, 39.7095469150603, 0.0], [-85.9712590360641, 39.7095380615442, 0.0], [-85.9712586003915, 39.7095557563067, 0.0], [-85.9712580207838, 39.7095734486037, 0.0], [-85.971257297264, 39.7095911377369, 0.0], [-85.9712564298604, 39.7096088230078, 0.0], [-85.9712554186072, 39.7096265037182, 0.0], [-85.9712542635441, 39.7096441791702, 0.0], [-85.9712529647166, 39.709661848666, 0.0], [-85.971252555783, 39.7096670390015, 0.0], [-85.9712490365623, 39.7097110363334, 0.0], [-85.9713125287391, 39.7097690264787, 0.0], [-85.9713107545059, 39.7097688643992, 0.0], [-85.9713089861058, 39.7097686679332, 0.0], [-85.9713072246558, 39.7097684372049, 0.0], [-85.9713054712682, 39.7097681723599, 0.0], [-85.9713037270508, 39.7097678735656, 0.0], [-85.9713019931051, 39.7097675410108, 0.0], [-85.9713002705263, 39.7097671749053, 0.0], [-85.9712985604024, 39.7097667754806, 0.0], [-85.9712968638137, 39.7097663429888, 0.0], [-85.9712951818317, 39.7097658777031, 0.0], [-85.9712935155188, 39.7097653799175, 0.0], [-85.9712918659275, 39.7097648499463, 0.0], [-85.9712902340996, 39.7097642881243, 0.0], [-85.971288621066, 39.7097636948064, 0.0], [-85.9712870278453, 39.7097630703672, 0.0], [-85.971285455444, 39.7097624152013, 0.0], [-85.9712839048552, 39.7097617297223, 0.0], [-85.9712823770583, 39.7097610143634, 0.0], [-85.9712808730183, 39.7097602695763, 0.0], [-85.9712793936851, 39.7097594958314, 0.0], [-85.9712779399931, 39.7097586936175, 0.0], [-85.9712765128606, 39.7097578634412, 0.0], [-85.971275113189, 39.709757005827, 0.0], [-85.9712737418622, 39.7097561213164, 0.0], [-85.9712723997465, 39.7097552104683, 0.0], [-85.9712710876895, 39.7097542738578, 0.0], [-85.97126980652, 39.7097533120766, 0.0], [-85.9712685570472, 39.7097523257322, 0.0], [-85.9712673400604, 39.7097513154476, 0.0], [-85.9712661563281, 39.7097502818608, 0.0], [-85.971265006598, 39.7097492256247, 0.0], [-85.9712638915964, 39.7097481474065, 0.0], [-85.9712628120274, 39.7097470478872, 0.0], [-85.9712617685731, 39.7097459277612, 0.0], [-85.9712607618923, 39.7097447877361, 0.0], [-85.9712597926211, 39.7097436285319, 0.0], [-85.9712588613716, 39.7097424508808, 0.0], [-85.9712579687319, 39.7097412555267, 0.0], [-85.9712571152659, 39.7097400432245, 0.0], [-85.9712563015127, 39.70973881474, 0.0], [-85.9712555279862, 39.7097375708491, 0.0], [-85.9712547951751, 39.7097363123374, 0.0], [-85.9712541035421, 39.7097350399999, 0.0], [-85.9712534535242, 39.7097337546402, 0.0], [-85.9712528455318, 39.7097324570703, 0.0], [-85.9712522799491, 39.7097311481095, 0.0], [-85.9712517571331, 39.7097298285848, 0.0], [-85.9712512774143, 39.7097284993295, 0.0], [-85.9712508410955, 39.7097271611832, 0.0], [-85.9712504484523, 39.7097258149912, 0.0], [-85.9712500997328, 39.7097244616038, 0.0], [-85.9712497951572, 39.7097231018757, 0.0], [-85.9712495349178, 39.7097217366657, 0.0], [-85.9712493191791, 39.7097203668363, 0.0], [-85.9712491480773, 39.7097189932526, 0.0], [-85.9712490217205, 39.7097176167821, 0.0], [-85.9712489401884, 39.7097162382944, 0.0], [-85.9712489035327, 39.70971485866, 0.0], [-85.9712489117763, 39.7097134787504, 0.0], [-85.9712489649142, 39.7097120994372, 0.0], [-85.9712490365623, 39.7097110363334, 0.0], [-85.9713125287391, 39.7097690264787, 0.0]]]}}, {"type": "Feature", "properties": { "fid": "Montgomery_Woods_88", "description": "8641.31530966454", "fill": "#add8e6", "fill-opacity": 0.7, "stroke": "#000000", "stroke-opacity": 1.0, "stroke-width": 1.0}, "geometry": {"type": "Polygon", "coordinates": [[[-85.9712590360641, 39.7095380615442, 0.0], [-85.9717025717001, 39.7095469150603, 0.0], [-85.9717145258286, 39.7094595432937, 0.0], [-85.9716961889463, 39.7093527286947, 0.0], [-85.9716958842744, 39.7093472430464, 0.0], [-85.9712555445531, 39.7093618266712, 0.0], [-85.9712561453836, 39.7093726459303, 0.0], [-85.9712570553872, 39.7093903299471, 0.0], [-85.9712578215178, 39.7094080180291, 0.0], [-85.971258443745, 39.7094257094781, 0.0], [-85.9712589220443, 39.7094434035957, 0.0], [-85.9712592563966, 39.7094610996834, 0.0], [-85.9712594467885, 39.7094787970424, 0.0], [-85.9712594932126, 39.7094964949743, 0.0], [-85.9712593956667, 39.7095141927802, 0.0], [-85.9712591541548, 39.7095318897615, 0.0], [-85.9712590360641, 39.7095380615442, 0.0]]]}}, {"type": "Feature", "properties": { "fid": "Montgomery_Woods_87", "description": "8183.99999990312", "fill": "#add8e6", "fill-opacity": 0.7, "stroke": "#000000", "stroke-opacity": 1.0, "stroke-width": 1.0}, "geometry": {"type": "Polygon", "coordinates": [[[-85.9712555445531, 39.7093618266712, 0.0], [-85.9716958842744, 39.7093472430464, 0.0], [-85.9716858301282, 39.709166216651, 0.0], [-85.9712454915639, 39.7091808002379, 0.0], [-85.9712555445531, 39.7093618266712, 0.0]]]}}, {"type": "Feature", "properties": { "fid": "Montgomery_Woods_86", "description": "8183.99999991057", "fill": "#add8e6", "fill-opacity": 0.7, "stroke": "#000000", "stroke-opacity": 1.0, "stroke-width": 1.0}, "geometry": {"type": "Polygon", "coordinates": [[[-85.9712454915639, 39.7091808002379, 0.0], [-85.9716858301282, 39.709166216651, 0.0], [-85.9716757760379, 39.708985190249, 0.0], [-85.9712354386308, 39.7089997737981, 0.0], [-85.9712454915639, 39.7091808002379, 0.0]]]}}, {"type": "Feature", "properties": { "fid": "Montgomery_Woods_85", "description": "8183.99999988893", "fill": "#add8e6", "fill-opacity": 0.7, "stroke": "#000000", "stroke-opacity": 1.0, "stroke-width": 1.0}, "geometry": {"type": "Polygon", "coordinates": [[[-85.9712354386308, 39.7089997737981, 0.0], [-85.9716757760379, 39.708985190249, 0.0], [-85.9716657220036, 39.7088041638405, 0.0], [-85.9712253857535, 39.7088187473518, 0.0], [-85.9712354386308, 39.7089997737981, 0.0]]]}}, {"type": "Feature", "properties": { "fid": "Montgomery_Woods_84", "description": "8241.38949909836", "fill": "#add8e6", "fill-opacity": 0.7, "stroke": "#000000", "stroke-opacity": 1.0, "stroke-width": 1.0}, "geometry": {"type": "Polygon", "coordinates": [[[-85.9712253857535, 39.7088187473518, 0.0], [-85.9716657220036, 39.7088041638405, 0.0], [-85.9716555975229, 39.7086218679954, 0.0], [-85.971215262438, 39.7086364514686, 0.0], [-85.9712253857535, 39.7088187473518, 0.0]]]}}, {"type": "Feature", "properties": { "fid": "Montgomery_Woods_106", "description": "8184.00000146108", "fill": "#add8e6", "fill-opacity": 0.7, "stroke": "#000000", "stroke-opacity": 1.0, "stroke-width": 1.0}, "geometry": {"type": "Polygon", "coordinates": [[[-85.971995750921, 39.7086215835264, 0.0], [-85.9722303381639, 39.7086213867613, 0.0], [-85.9722298517797, 39.7082809641603, 0.0], [-85.9719952656986, 39.7082811609242, 0.0], [-85.971995750921, 39.7086215835264, 0.0]]]}}, {"type": "Feature", "properties": { "fid": "Montgomery_Woods_105", "description": "8184.00000124012", "fill": "#add8e6", "fill-opacity": 0.7, "stroke": "#000000", "stroke-opacity": 1.0, "stroke-width": 1.0}, "geometry": {"type": "Polygon", "coordinates": [[[-85.9722303381639, 39.7086213867613, 0.0], [-85.9724649254023, 39.7086211895223, 0.0], [-85.9724644378564, 39.7082807669224, 0.0], [-85.9722298517797, 39.7082809641603, 0.0], [-85.9722303381639, 39.7086213867613, 0.0]]]}}, {"type": "Feature", "properties": { "fid": "Montgomery_Woods_104", "description": "8184.00000108462", "fill": "#add8e6", "fill-opacity": 0.7, "stroke": "#000000", "stroke-opacity": 1.0, "stroke-width": 1.0}, "geometry": {"type": "Polygon", "coordinates": [[[-85.9724649254023, 39.7086211895223, 0.0], [-85.9726995126364, 39.7086209918093, 0.0], [-85.9726990239287, 39.7082805692105, 0.0], [-85.9724644378564, 39.7082807669224, 0.0], [-85.9724649254023, 39.7086211895223, 0.0]]]}}, {"type": "Feature", "properties": { "fid": "Montgomery_Woods_103", "description": "8184.0000008858", "fill": "#add8e6", "fill-opacity": 0.7, "stroke": "#000000", "stroke-opacity": 1.0, "stroke-width": 1.0}, "geometry": {"type": "Polygon", "coordinates": [[[-85.9726995126364, 39.7086209918093, 0.0], [-85.9729340998661, 39.7086207936223, 0.0], [-85.9729336099966, 39.7082803710247, 0.0], [-85.9726990239287, 39.7082805692105, 0.0], [-85.9726995126364, 39.7086209918093, 0.0]]]}}, {"type": "Feature", "properties": { "fid": "Montgomery_Woods_102", "description": "8556.0000007311", "fill": "#add8e6", "fill-opacity": 0.7, "stroke": "#000000", "stroke-opacity": 1.0, "stroke-width": 1.0}, "geometry": {"type": "Polygon", "coordinates": [[[-85.9729340998661, 39.7086207936223, 0.0], [-85.9731793501469, 39.70862058592, 0.0], [-85.9731788590628, 39.7082801633237, 0.0], [-85.9729336099966, 39.7082803710247, 0.0], [-85.9729340998661, 39.7086207936223, 0.0]]]}}, {"type": "Feature", "properties": { "fid": "Montgomery_Woods_101", "description": "10759.5450332981", "fill": "#add8e6", "fill-opacity": 0.7, "stroke": "#000000", "stroke-opacity": 1.0, "stroke-width": 1.0}, "geometry": {"type": "Polygon", "coordinates": [[[-85.9732975331968, 39.7085188674279, 0.0], [-85.9737418217172, 39.7085172341338, 0.0], [-85.9737406905557, 39.7083343916552, 0.0], [-85.973740684709, 39.7083339025382, 0.0], [-85.9737406378114, 39.7083325230884, 0.0], [-85.9737405460477, 39.708331144984, 0.0], [-85.9737404094758, 39.7083297690954, 0.0], [-85.973740228182, 39.7083283962916, 0.0], [-85.9737400022809, 39.7083270274399, 0.0], [-85.9737397319151, 39.7083256634046, 0.0], [-85.9737394172554, 39.7083243050474, 0.0], [-85.9737390585006, 39.7083229532263, 0.0], [-85.9737386558771, 39.7083216087951, 0.0], [-85.9737382096395, 39.708320272603, 0.0], [-85.9737377200694, 39.7083189454939, 0.0], [-85.9737371874762, 39.7083176283061, 0.0], [-85.9737366121961, 39.7083163218715, 0.0], [-85.9737359945927, 39.7083150270153, 0.0], [-85.973735335056, 39.7083137445553, 0.0], [-85.9737346340025, 39.7083124753017, 0.0], [-85.9737338918751, 39.708311220056, 0.0], [-85.9737331091425, 39.7083099796112, 0.0], [-85.9737322862991, 39.7083087547507, 0.0], [-85.9737314238646, 39.7083075462481, 0.0], [-85.9737305223838, 39.7083063548667, 0.0], [-85.9737295824261, 39.7083051813592, 0.0], [-85.9737286045851, 39.7083040264666, 0.0], [-85.9737275894785, 39.7083028909185, 0.0], [-85.9737265377475, 39.7083017754321, 0.0], [-85.9737254500562, 39.7083006807118, 0.0], [-85.9737243270919, 39.7082996074493, 0.0], [-85.9737231695637, 39.7082985563223, 0.0], [-85.9737219782027, 39.7082975279949, 0.0], [-85.9737207537615, 39.7082965231164, 0.0], [-85.9737194970135, 39.7082955423217, 0.0], [-85.9737182087524, 39.7082945862301, 0.0], [-85.9737168897918, 39.7082936554456, 0.0], [-85.973715540965, 39.7082927505561, 0.0], [-85.9737141631239, 39.7082918721332, 0.0], [-85.9737127571387, 39.7082910207316, 0.0], [-85.9737113238974, 39.7082901968891, 0.0], [-85.9737098643054, 39.7082894011261, 0.0], [-85.9737083792845, 39.7082886339452, 0.0], [-85.9737068697727, 39.708287895831, 0.0], [-85.9737053367235, 39.7082871872496, 0.0], [-85.9737037811052, 39.7082865086487, 0.0], [-85.9737022039003, 39.7082858604568, 0.0], [-85.973700606105, 39.7082852430834, 0.0], [-85.9736989887285, 39.7082846569184, 0.0], [-85.9736973527924, 39.708284102332, 0.0], [-85.97369569933, 39.7082835796745, 0.0], [-85.9736940293856, 39.7082830892761, 0.0], [-85.973692344014, 39.7082826314465, 0.0], [-85.9736906442797, 39.7082822064748, 0.0], [-85.9736889312563, 39.7082818146296, 0.0], [-85.9736872060259, 39.7082814561582, 0.0], [-85.973685469678, 39.7082811312871, 0.0], [-85.9736837233094, 39.7082808402215, 0.0], [-85.9736819680231, 39.7082805831453, 0.0], [-85.9736802049278, 39.7082803602207, 0.0], [-85.9736784351372, 39.7082801715887, 0.0], [-85.973676659769, 39.7082800173684, 0.0], [-85.9736748799446, 39.7082798976571, 0.0], [-85.9736730967881, 39.7082798125305, 0.0], [-85.973671311426, 39.7082797620423, 0.0], [-85.9736695249857, 39.7082797462245, 0.0], [-85.9732960573756, 39.7082800638857, 0.0], [-85.9732975331968, 39.7085188674279, 0.0]]]}}, {"type": "Feature", "properties": { "fid": "Montgomery_Woods_100", "description": "8624.99999998891", "fill": "#add8e6", "fill-opacity": 0.7, "stroke": "#000000", "stroke-opacity": 1.0, "stroke-width": 1.0}, "geometry": {"type": "Polygon", "coordinates": [[[-85.9732987038769, 39.7087082940962, 0.0], [-85.9737429936215, 39.7087066607974, 0.0], [-85.9737418217172, 39.7085172341338, 0.0], [-85.9732975331968, 39.7085188674279, 0.0], [-85.9732987038769, 39.7087082940962, 0.0]]]}}, {"type": "Feature", "properties": { "fid": "Montgomery_Woods_109", "description": "10655.0347315802", "fill": "#add8e6", "fill-opacity": 0.7, "stroke": "#000000", "stroke-opacity": 1.0, "stroke-width": 1.0}, "geometry": {"type": "Polygon", "coordinates": [[[-85.971215262438, 39.7086364514686, 0.0], [-85.971505257192, 39.7086268473106, 0.0], [-85.9715047675148, 39.708281570808, 0.0], [-85.9712696892702, 39.7082817665162, 0.0], [-85.9712693999427, 39.7082817672126, 0.0], [-85.971267613666, 39.7082817916606, 0.0], [-85.9712658287496, 39.708281850773, 0.0], [-85.9712640463209, 39.7082819445125, 0.0], [-85.9712622675057, 39.7082820728199, 0.0], [-85.9712604934274, 39.7082822356142, 0.0], [-85.9712587252068, 39.7082824327926, 0.0], [-85.9712569639605, 39.7082826642304, 0.0], [-85.9712552108011, 39.7082829297815, 0.0], [-85.9712534668358, 39.7082832292783, 0.0], [-85.9712517331663, 39.7082835625314, 0.0], [-85.9712500108874, 39.7082839293305, 0.0], [-85.9712483010871, 39.7082843294438, 0.0], [-85.9712466048453, 39.7082847626187, 0.0], [-85.9712449232334, 39.7082852285815, 0.0], [-85.9712432573134, 39.7082857270379, 0.0], [-85.9712416081377, 39.7082862576732, 0.0], [-85.9712399767479, 39.708286820152, 0.0], [-85.9712383641744, 39.7082874141192, 0.0], [-85.9712367714357, 39.7082880391996, 0.0], [-85.9712351995379, 39.7082886949983, 0.0], [-85.9712336494738, 39.7082893811012, 0.0], [-85.9712321222224, 39.708290097075, 0.0], [-85.9712306187484, 39.7082908424673, 0.0], [-85.9712291400014, 39.7082916168074, 0.0], [-85.9712276869154, 39.7082924196061, 0.0], [-85.9712262604082, 39.7082932503565, 0.0], [-85.9712248613809, 39.7082941085338, 0.0], [-85.9712234907171, 39.708294993596, 0.0], [-85.9712221492824, 39.708295904984, 0.0], [-85.9712208379243, 39.7082968421222, 0.0], [-85.971219557471, 39.7082978044187, 0.0], [-85.9712183087312, 39.7082987912656, 0.0], [-85.9712170924937, 39.7082998020397, 0.0], [-85.9712159095267, 39.7083008361026, 0.0], [-85.9712147605773, 39.708301892801, 0.0], [-85.9712136463713, 39.7083029714676, 0.0], [-85.9712125676124, 39.708304071421, 0.0], [-85.9712115249821, 39.7083051919665, 0.0], [-85.9712105191387, 39.7083063323964, 0.0], [-85.9712095507178, 39.7083074919903, 0.0], [-85.9712086203308, 39.7083086700158, 0.0], [-85.9712077285656, 39.7083098657288, 0.0], [-85.9712068759852, 39.7083110783742, 0.0], [-85.9712060631284, 39.7083123071859, 0.0], [-85.9712052905084, 39.7083135513878, 0.0], [-85.9712045586133, 39.7083148101941, 0.0], [-85.9712038679054, 39.7083160828096, 0.0], [-85.9712032188208, 39.7083173684306, 0.0], [-85.9712026117698, 39.708318666245, 0.0], [-85.9712020471355, 39.7083199754332, 0.0], [-85.9712015252747, 39.7083212951681, 0.0], [-85.971201046517, 39.7083226246163, 0.0], [-85.9712006111647, 39.708323962938, 0.0], [-85.971200219493, 39.7083253092879, 0.0], [-85.9711998717491, 39.7083266628156, 0.0], [-85.9711995681527, 39.7083280226662, 0.0], [-85.9711993088956, 39.7083293879808, 0.0], [-85.9711990941415, 39.708330757897, 0.0], [-85.9711989240261, 39.7083321315496, 0.0], [-85.9711987986568, 39.708333508071, 0.0], [-85.9711987181128, 39.7083348865916, 0.0], [-85.971198682445, 39.7083362662408, 0.0], [-85.9711986916759, 39.7083376461472, 0.0], [-85.9711987457997, 39.7083390254393, 0.0], [-85.971215262438, 39.7086364514686, 0.0]]]}}, {"type": "Feature", "properties": { "fid": "Montgomery_Woods_108", "description": "8593.39373884093", "fill": "#add8e6", "fill-opacity": 0.7, "stroke": "#000000", "stroke-opacity": 1.0, "stroke-width": 1.0}, "geometry": {"type": "Polygon", "coordinates": [[[-85.971505257192, 39.7086268473106, 0.0], [-85.9716555975229, 39.7086218679954, 0.0], [-85.9717505006169, 39.7086217887285, 0.0], [-85.9717500166091, 39.7082813661251, 0.0], [-85.9716220400562, 39.708281472998, 0.0], [-85.9715047675148, 39.708281570808, 0.0], [-85.971505257192, 39.7086268473106, 0.0]]]}}, {"type": "Feature", "properties": { "fid": "Montgomery_Woods_107", "description": "8556.00000173514", "fill": "#add8e6", "fill-opacity": 0.7, "stroke": "#000000", "stroke-opacity": 1.0, "stroke-width": 1.0}, "geometry": {"type": "Polygon", "coordinates": [[[-85.9717505006169, 39.7086217887285, 0.0], [-85.971995750921, 39.7086215835264, 0.0], [-85.9719952656986, 39.7082811609242, 0.0], [-85.9717500166091, 39.7082813661251, 0.0], [-85.9717505006169, 39.7086217887285, 0.0]]]}}, {"type": "Feature", "properties": { "fid": "Montgomery_Woods_116", "description": "8967.88542210942", "fill": "#add8e6", "fill-opacity": 0.7, "stroke": "#000000", "stroke-opacity": 1.0, "stroke-width": 1.0}, "geometry": {"type": "Polygon", "coordinates": [[[-85.9716490941113, 39.7069439582427, 0.0], [-85.972090180273, 39.7069866016009, 0.0], [-85.9720934238366, 39.7069670800844, 0.0], [-85.9720968261323, 39.7069475746966, 0.0], [-85.9721003870255, 39.7069280862075, 0.0], [-85.9721041063755, 39.7069086153864, 0.0], [-85.9721079840354, 39.706889163002, 0.0], [-85.9721120198519, 39.7068697298223, 0.0], [-85.9721162136657, 39.7068503166143, 0.0], [-85.9721205653109, 39.7068309241446, 0.0], [-85.97212230316, 39.7068233756482, 0.0], [-85.9721270188441, 39.7068030370895, 0.0], [-85.97167831598, 39.7067409611342, 0.0], [-85.9716490941113, 39.7069439582427, 0.0]]]}}, {"type": "Feature", "properties": { "fid": "Montgomery_Woods_115", "description": "8996.15888543243", "fill": "#add8e6", "fill-opacity": 0.7, "stroke": "#000000", "stroke-opacity": 1.0, "stroke-width": 1.0}, "geometry": {"type": "Polygon", "coordinates": [[[-85.9716194175823, 39.707150112548, 0.0], [-85.9720673158193, 39.7071725857077, 0.0], [-85.9720690469574, 39.7071529495378, 0.0], [-85.972070937791, 39.7071333221588, 0.0], [-85.9720729882456, 39.7071137043457, 0.0], [-85.9720751982398, 39.7070940968728, 0.0], [-85.9720775676865, 39.7070745005142, 0.0], [-85.9720800964919, 39.7070549160436, 0.0], [-85.972082784556, 39.7070353442341, 0.0], [-85.9720856317726, 39.7070157858584, 0.0], [-85.9720886380291, 39.7069962416886, 0.0], [-85.972090180273, 39.7069866016009, 0.0], [-85.9716490941113, 39.7069439582427, 0.0], [-85.9716194175823, 39.707150112548, 0.0]]]}}, {"type": "Feature", "properties": { "fid": "Montgomery_Woods_114", "description": "9264.94156685239", "fill": "#add8e6", "fill-opacity": 0.7, "stroke": "#000000", "stroke-opacity": 1.0, "stroke-width": 1.0}, "geometry": {"type": "Polygon", "coordinates": [[[-85.9716179875407, 39.707365268975, 0.0], [-85.9720588185715, 39.7073641103739, 0.0], [-85.9720589919196, 39.7073444291664, 0.0], [-85.9720593253617, 39.7073247491906, 0.0], [-85.9720598188843, 39.7073050712235, 0.0], [-85.972060472468, 39.7072853960419, 0.0], [-85.9720612860867, 39.7072657244225, 0.0], [-85.9720622597082, 39.7072460571419, 0.0], [-85.972063393294, 39.7072263949765, 0.0], [-85.9720646867991, 39.7072067387027, 0.0], [-85.9720661401723, 39.7071870890963, 0.0], [-85.9720673158193, 39.7071725857077, 0.0], [-85.9716194175823, 39.707150112548, 0.0], [-85.9716171068933, 39.7071661641883, 0.0], [-85.9716171861228, 39.7071840772035, 0.0], [-85.9716179875407, 39.707365268975, 0.0]]]}}, {"type": "Feature", "properties": { "fid": "Montgomery_Woods_113", "description": "8184.07709543255", "fill": "#add8e6", "fill-opacity": 0.7, "stroke": "#000000", "stroke-opacity": 1.0, "stroke-width": 1.0}, "geometry": {"type": "Polygon", "coordinates": [[[-85.9716187889659, 39.7075464607408, 0.0], [-85.9720595194364, 39.7075453024041, 0.0], [-85.9720588151224, 39.7073862967813, 0.0], [-85.9720588079945, 39.7073666151169, 0.0], [-85.9720588185715, 39.7073641103739, 0.0], [-85.9716179875407, 39.707365268975, 0.0], [-85.9716187889659, 39.7075464607408, 0.0]]]}}, {"type": "Feature", "properties": { "fid": "Montgomery_Woods_112", "description": "8184.00000018085", "fill": "#add8e6", "fill-opacity": 0.7, "stroke": "#000000", "stroke-opacity": 1.0, "stroke-width": 1.0}, "geometry": {"type": "Polygon", "coordinates": [[[-85.9716195903982, 39.7077276525009, 0.0], [-85.9720603220304, 39.707726494161, 0.0], [-85.9720595194364, 39.7075453024041, 0.0], [-85.9716187889659, 39.7075464607408, 0.0], [-85.9716195903982, 39.7077276525009, 0.0]]]}}, {"type": "Feature", "properties": { "fid": "Montgomery_Woods_111", "description": "8184.00000005474", "fill": "#add8e6", "fill-opacity": 0.7, "stroke": "#000000", "stroke-opacity": 1.0, "stroke-width": 1.0}, "geometry": {"type": "Polygon", "coordinates": [[[-85.9716203918378, 39.7079088442554, 0.0], [-85.9720611246317, 39.7079076859123, 0.0], [-85.9720603220304, 39.707726494161, 0.0], [-85.9716195903982, 39.7077276525009, 0.0], [-85.9716203918378, 39.7079088442554, 0.0]]]}}, {"type": "Feature", "properties": { "fid": "Montgomery_Woods_110", "description": "10314.2648546122", "fill": "#add8e6", "fill-opacity": 0.7, "stroke": "#000000", "stroke-opacity": 1.0, "stroke-width": 1.0}, "geometry": {"type": "Polygon", "coordinates": [[[-85.9716214086048, 39.7081387154837, 0.0], [-85.9719908950718, 39.7081384065439, 0.0], [-85.9719919531296, 39.7081383995712, 0.0], [-85.971993738955, 39.7081383601928, 0.0], [-85.9719955229344, 39.7081382861633, 0.0], [-85.9719973039412, 39.7081381775294, 0.0], [-85.9719990808503, 39.7081380343598, 0.0], [-85.9720008525395, 39.7081378567449, 0.0], [-85.9720026178896, 39.7081376447968, 0.0], [-85.9720043757857, 39.7081373986495, 0.0], [-85.9720061251175, 39.7081371184585, 0.0], [-85.9720078647799, 39.7081368044006, 0.0], [-85.9720095936743, 39.7081364566743, 0.0], [-85.9720113107085, 39.7081360754992, 0.0], [-85.9720130147981, 39.708135661116, 0.0], [-85.9720147048668, 39.7081352137866, 0.0], [-85.9720163798469, 39.7081347337934, 0.0], [-85.9720180386807, 39.7081342214395, 0.0], [-85.9720196803203, 39.7081336770487, 0.0], [-85.9720213037289, 39.7081331009648, 0.0], [-85.972022907881, 39.7081324935516, 0.0], [-85.9720244917634, 39.7081318551928, 0.0], [-85.9720260543758, 39.7081311862916, 0.0], [-85.9720275947311, 39.7081304872705, 0.0], [-85.9720291118564, 39.708129758571, 0.0], [-85.9720306047935, 39.7081290006534, 0.0], [-85.9720320725994, 39.7081282139963, 0.0], [-85.972033514347, 39.7081273990967, 0.0], [-85.9720349291256, 39.7081265564693, 0.0], [-85.9720363160417, 39.7081256866463, 0.0], [-85.9720376742192, 39.7081247901771, 0.0], [-85.9720390028003, 39.7081238676279, 0.0], [-85.9720403009459, 39.7081229195814, 0.0], [-85.9720415678359, 39.7081219466364, 0.0], [-85.9720428026703, 39.7081209494075, 0.0], [-85.972044004669, 39.7081199285246, 0.0], [-85.9720451730728, 39.7081188846324, 0.0], [-85.9720463071438, 39.7081178183903, 0.0], [-85.9720474061657, 39.7081167304717, 0.0], [-85.9720484694442, 39.7081156215639, 0.0], [-85.9720494963078, 39.7081144923672, 0.0], [-85.972050486108, 39.7081133435948, 0.0], [-85.9720514382195, 39.7081121759724, 0.0], [-85.9720523520409, 39.7081109902374, 0.0], [-85.9720532269951, 39.7081097871388, 0.0], [-85.9720540625295, 39.7081085674364, 0.0], [-85.9720548581162, 39.7081073319007, 0.0], [-85.9720556132528, 39.7081060813121, 0.0], [-85.9720563274624, 39.7081048164604, 0.0], [-85.9720570002937, 39.7081035381446, 0.0], [-85.9720576313219, 39.7081022471721, 0.0], [-85.9720582201484, 39.7081009443583, 0.0], [-85.9720587664013, 39.708099630526, 0.0], [-85.9720592697355, 39.7080983065051, 0.0], [-85.9720597298331, 39.708096973132, 0.0], [-85.9720601464035, 39.7080956312487, 0.0], [-85.9720605191837, 39.7080942817029, 0.0], [-85.9720608479381, 39.7080929253469, 0.0], [-85.9720611324591, 39.7080915630375, 0.0], [-85.972061372567, 39.7080901956351, 0.0], [-85.9720615681101, 39.7080888240034, 0.0], [-85.972061718965, 39.7080874490087, 0.0], [-85.9720618250364, 39.7080860715195, 0.0], [-85.9720618862572, 39.708084692406, 0.0], [-85.9720619025888, 39.7080833125391, 0.0], [-85.9720611246317, 39.7079076859123, 0.0], [-85.9716203918378, 39.7079088442554, 0.0], [-85.9716214086048, 39.7081387154837, 0.0]]]}}, {"type": "Feature", "properties": { "fid": "Montgomery_Woods_144", "description": "12656.2437481125", "fill": "#add8e6", "fill-opacity": 0.7, "stroke": "#000000", "stroke-opacity": 1.0, "stroke-width": 1.0}, "geometry": {"type": "Polygon", "coordinates": [[[-85.9731046332359, 39.7053274343043, 0.0], [-85.9735594424235, 39.7053903505771, 0.0], [-85.9736085615387, 39.7051784771063, 0.0], [-85.9736087134643, 39.7051777971847, 0.0], [-85.9736089840737, 39.7051764331858, 0.0], [-85.9736092102214, 39.7051750643642, 0.0], [-85.9736093917644, 39.7051736915846, 0.0], [-85.9736095285882, 39.7051723157141, 0.0], [-85.9736096206064, 39.7051709376215, 0.0], [-85.9736096677607, 39.7051695581774, 0.0], [-85.9736096700215, 39.7051681782531, 0.0], [-85.9736096273872, 39.7051667987201, 0.0], [-85.9736095398849, 39.7051654204498, 0.0], [-85.9736094075698, 39.7051640443128, 0.0], [-85.9736092305255, 39.7051626711782, 0.0], [-85.9736090088638, 39.7051613019133, 0.0], [-85.9736087427247, 39.705159937383, 0.0], [-85.9736084322763, 39.7051585784492, 0.0], [-85.9736080777147, 39.7051572259701, 0.0], [-85.9736076792638, 39.7051558808001, 0.0], [-85.9736072371754, 39.7051545437888, 0.0], [-85.9736067517287, 39.7051532157806, 0.0], [-85.9736062232302, 39.7051518976145, 0.0], [-85.9736056520139, 39.7051505901228, 0.0], [-85.9736050384404, 39.7051492941315, 0.0], [-85.9736043828974, 39.7051480104592, 0.0], [-85.9736036857989, 39.7051467399167, 0.0], [-85.9736029475851, 39.7051454833064, 0.0], [-85.9736021687225, 39.7051442414221, 0.0], [-85.9736013497029, 39.7051430150481, 0.0], [-85.9736004910436, 39.705141804959, 0.0], [-85.973599593287, 39.7051406119193, 0.0], [-85.9735986570001, 39.7051394366824, 0.0], [-85.9735976827743, 39.7051382799906, 0.0], [-85.973596671225, 39.7051371425745, 0.0], [-85.973595622991, 39.7051360251526, 0.0], [-85.9735945387345, 39.7051349284305, 0.0], [-85.9735934191403, 39.7051338531011, 0.0], [-85.9735922649155, 39.7051327998436, 0.0], [-85.9735910767893, 39.7051317693231, 0.0], [-85.9735898555119, 39.7051307621906, 0.0], [-85.9735886018549, 39.7051297790823, 0.0], [-85.9735873166101, 39.705128820619, 0.0], [-85.9735860005892, 39.7051278874061, 0.0], [-85.9735846546235, 39.7051269800332, 0.0], [-85.973583279563, 39.7051260990733, 0.0], [-85.9735818762764, 39.7051252450828, 0.0], [-85.97358044565, 39.7051244186011, 0.0], [-85.9735789885874, 39.7051236201503, 0.0], [-85.9735775060089, 39.7051228502346, 0.0], [-85.9735759988509, 39.7051221093404, 0.0], [-85.9735744680654, 39.7051213979357, 0.0], [-85.9735729146192, 39.7051207164697, 0.0], [-85.9735713394936, 39.7051200653729, 0.0], [-85.9735697436834, 39.7051194450566, 0.0], [-85.9735681281966, 39.7051188559125, 0.0], [-85.9735664940535, 39.7051182983127, 0.0], [-85.9735648422863, 39.7051177726096, 0.0], [-85.9735631739383, 39.705117279135, 0.0], [-85.9735614900633, 39.7051168182007, 0.0], [-85.9735597917248, 39.7051163900978, 0.0], [-85.9735580799956, 39.7051159950968, 0.0], [-85.9735563559567, 39.705115633447, 0.0], [-85.9735546206971, 39.705115305377, 0.0], [-85.9735528753129, 39.705115011094, 0.0], [-85.9735511209065, 39.7051147507837, 0.0], [-85.9732970331073, 39.7050796014838, 0.0], [-85.9732953011534, 39.7050793638547, 0.0], [-85.9732914722889, 39.7050788524353, 0.0], [-85.9732876393404, 39.7050783596085, 0.0], [-85.9732838024592, 39.7050778853936, 0.0], [-85.9732799617968, 39.7050774298093, 0.0], [-85.9732761175049, 39.7050769928737, 0.0], [-85.9732722697351, 39.705076574604, 0.0], [-85.9732684186394, 39.7050761750168, 0.0], [-85.9732645643698, 39.7050757941277, 0.0], [-85.9732607070784, 39.7050754319518, 0.0], [-85.9732568469176, 39.7050750885035, 0.0], [-85.9732529840397, 39.7050747637962, 0.0], [-85.9732491185972, 39.7050744578429, 0.0], [-85.9732452507428, 39.7050741706555, 0.0], [-85.973241380629, 39.7050739022455, 0.0], [-85.9732375084088, 39.7050736526233, 0.0], [-85.9732336342349, 39.705073421799, 0.0], [-85.9732297582604, 39.7050732097815, 0.0], [-85.9732258806381, 39.7050730165792, 0.0], [-85.9732220015213, 39.7050728421999, 0.0], [-85.9732181210629, 39.7050726866503, 0.0], [-85.9732142394164, 39.7050725499366, 0.0], [-85.9732103567347, 39.7050724320641, 0.0], [-85.9732064731713, 39.7050723330377, 0.0], [-85.9732025888795, 39.7050722528611, 0.0], [-85.9731987040125, 39.7050721915375, 0.0], [-85.9731948187239, 39.7050721490694, 0.0], [-85.9731909331668, 39.7050721254584, 0.0], [-85.9731870474948, 39.7050721207055, 0.0], [-85.9731831618612, 39.7050721348108, 0.0], [-85.9731792764195, 39.7050721677738, 0.0], [-85.973175391323, 39.7050722195932, 0.0], [-85.973171506725, 39.7050722902669, 0.0], [-85.973167622779, 39.7050723797922, 0.0], [-85.9731637396383, 39.7050724881654, 0.0], [-85.9731046332359, 39.7053274343043, 0.0]]]}}, {"type": "Feature", "properties": { "fid": "Montgomery_Woods_143", "description": "9750.00000003307", "fill": "#add8e6", "fill-opacity": 0.7, "stroke": "#000000", "stroke-opacity": 1.0, "stroke-width": 1.0}, "geometry": {"type": "Polygon", "coordinates": [[[-85.9730576447155, 39.7055301105112, 0.0], [-85.9735124552033, 39.7055930269657, 0.0], [-85.9735594424235, 39.7053903505771, 0.0], [-85.9731046332359, 39.7053274343043, 0.0], [-85.9730576447155, 39.7055301105112, 0.0]]]}}, {"type": "Feature", "properties": { "fid": "Montgomery_Woods_142", "description": "9750.00000000188", "fill": "#add8e6", "fill-opacity": 0.7, "stroke": "#000000", "stroke-opacity": 1.0, "stroke-width": 1.0}, "geometry": {"type": "Polygon", "coordinates": [[[-85.9730106559216, 39.7057327866921, 0.0], [-85.9734654677097, 39.7057957033282, 0.0], [-85.9735124552033, 39.7055930269657, 0.0], [-85.9730576447155, 39.7055301105112, 0.0], [-85.9730106559216, 39.7057327866921, 0.0]]]}}, {"type": "Feature", "properties": { "fid": "Montgomery_Woods_141", "description": "13050.8342744834", "fill": "#add8e6", "fill-opacity": 0.7, "stroke": "#000000", "stroke-opacity": 1.0, "stroke-width": 1.0}, "geometry": {"type": "Polygon", "coordinates": [[[-85.972950906992, 39.7059904992673, 0.0], [-85.9729512670108, 39.7060361759094, 0.0], [-85.9733611842891, 39.7060342526473, 0.0], [-85.9733615387396, 39.706034250301, 0.0], [-85.9733633247391, 39.7060342176973, 0.0], [-85.9733651091132, 39.7060341504359, 0.0], [-85.9733668907347, 39.7060340485594, 0.0], [-85.9733686684783, 39.7060339121319, 0.0], [-85.9733704412212, 39.7060337412397, 0.0], [-85.9733722078436, 39.7060335359908, 0.0], [-85.9733739672298, 39.7060332965148, 0.0], [-85.9733757182684, 39.7060330229629, 0.0], [-85.9733774598535, 39.7060327155079, 0.0], [-85.973379190885, 39.706032374344, 0.0], [-85.9733809102696, 39.7060319996867, 0.0], [-85.9733826169212, 39.7060315917727, 0.0], [-85.9733843097619, 39.7060311508595, 0.0], [-85.9733859877226, 39.7060306772258, 0.0], [-85.9733876497432, 39.7060301711706, 0.0], [-85.9733892947742, 39.7060296330135, 0.0], [-85.9733909217763, 39.7060290630946, 0.0], [-85.973392529722, 39.7060284617737, 0.0], [-85.9733941175957, 39.7060278294306, 0.0], [-85.9733956843944, 39.7060271664649, 0.0], [-85.9733972291285, 39.7060264732951, 0.0], [-85.9733987508223, 39.7060257503592, 0.0], [-85.9734002485147, 39.7060249981138, 0.0], [-85.9734017212597, 39.7060242170339, 0.0], [-85.9734031681271, 39.706023407613, 0.0], [-85.973404588203, 39.7060225703623, 0.0], [-85.9734059805904, 39.7060217058106, 0.0], [-85.97340734441, 39.706020814504, 0.0], [-85.9734086788002, 39.7060198970055, 0.0], [-85.9734099829182, 39.7060189538945, 0.0], [-85.9734112559404, 39.7060179857668, 0.0], [-85.9734124970627, 39.7060169932338, 0.0], [-85.9734137055011, 39.7060159769225, 0.0], [-85.9734148804923, 39.7060149374748, 0.0], [-85.9734160212944, 39.7060138755472, 0.0], [-85.9734171271865, 39.7060127918104, 0.0], [-85.9734181974704, 39.7060116869491, 0.0], [-85.9734192314699, 39.7060105616609, 0.0], [-85.9734202285319, 39.7060094166568, 0.0], [-85.9734211880268, 39.7060082526598, 0.0], [-85.9734221093484, 39.7060070704052, 0.0], [-85.9734229919148, 39.7060058706398, 0.0], [-85.9734238351686, 39.7060046541213, 0.0], [-85.9734246385772, 39.7060034216182, 0.0], [-85.9734254016331, 39.7060021739088, 0.0], [-85.9734261238544, 39.7060009117813, 0.0], [-85.9734268047848, 39.7059996360328, 0.0], [-85.9734274439944, 39.7059983474692, 0.0], [-85.9734280410793, 39.7059970469044, 0.0], [-85.9734285956625, 39.7059957351597, 0.0], [-85.9734291073936, 39.7059944130638, 0.0], [-85.9734295759494, 39.7059930814517, 0.0], [-85.9734300010341, 39.7059917411644, 0.0], [-85.973430382379, 39.7059903930486, 0.0], [-85.9734307197433, 39.7059890379556, 0.0], [-85.9734310129141, 39.7059876767416, 0.0], [-85.9734312617059, 39.7059863102661, 0.0], [-85.9734314659619, 39.7059849393923, 0.0], [-85.9734316255528, 39.7059835649861, 0.0], [-85.9734325806455, 39.7059743660549, 0.0], [-85.9734336105466, 39.7059651719414, 0.0], [-85.9734347152156, 39.7059559830087, 0.0], [-85.9734358946087, 39.7059467996195, 0.0], [-85.9734371486793, 39.7059376221364, 0.0], [-85.973438477378, 39.7059284509216, 0.0], [-85.9734398806522, 39.7059192863372, 0.0], [-85.9734413584466, 39.705910128745, 0.0], [-85.9734429107026, 39.7059009785065, 0.0], [-85.9734445373592, 39.705891835983, 0.0], [-85.9734462383518, 39.7058827015354, 0.0], [-85.9734480136135, 39.7058735755244, 0.0], [-85.9734498630741, 39.7058644583101, 0.0], [-85.9734517866605, 39.7058553502525, 0.0], [-85.9734537842969, 39.7058462517111, 0.0], [-85.9734557824665, 39.7058374796109, 0.0], [-85.9734654677097, 39.7057957033282, 0.0], [-85.9730106559216, 39.7057327866921, 0.0], [-85.972950906992, 39.7059904992673, 0.0]]]}}, {"type": "Feature", "properties": { "fid": "Montgomery_Woods_119", "description": "11481.8226058669", "fill": "#add8e6", "fill-opacity": 0.7, "stroke": "#000000", "stroke-opacity": 1.0, "stroke-width": 1.0}, "geometry": {"type": "Polygon", "coordinates": [[[-85.9727351132313, 39.7060421358516, 0.0], [-85.9727390017232, 39.7060416937705, 0.0], [-85.9727428937347, 39.7060412705696, 0.0], [-85.9727467891123, 39.7060408662659, 0.0], [-85.972750687702, 39.7060404808751, 0.0], [-85.97275458935, 39.7060401144125, 0.0], [-85.9727584939024, 39.7060397668927, 0.0], [-85.9727624012049, 39.7060394383292, 0.0], [-85.9727663111033, 39.7060391287351, 0.0], [-85.9727702234432, 39.7060388381226, 0.0], [-85.9727741380702, 39.7060385665032, 0.0], [-85.9727780548297, 39.7060383138876, 0.0], [-85.9727819735672, 39.7060380802857, 0.0], [-85.9727858941279, 39.7060378657069, 0.0], [-85.9727898163571, 39.7060376701595, 0.0], [-85.9727937400999, 39.7060374936512, 0.0], [-85.9727976652014, 39.7060373361891, 0.0], [-85.9728015915066, 39.7060371977794, 0.0], [-85.9728055188606, 39.7060370784275, 0.0], [-85.9728094471084, 39.7060369781382, 0.0], [-85.9728133760947, 39.7060368969153, 0.0], [-85.9728173056646, 39.7060368347622, 0.0], [-85.9728212356629, 39.7060367916812, 0.0], [-85.9728243501098, 39.7060367710885, 0.0], [-85.9729512670108, 39.7060361759094, 0.0], [-85.972950906992, 39.7059904992673, 0.0], [-85.9730315837316, 39.7056425191779, 0.0], [-85.9726601725641, 39.7056572907485, 0.0], [-85.9727351132313, 39.7060421358516, 0.0]]]}}, {"type": "Feature", "properties": { "fid": "Montgomery_Woods_118", "description": "12327.4856203205", "fill": "#add8e6", "fill-opacity": 0.7, "stroke": "#000000", "stroke-opacity": 1.0, "stroke-width": 1.0}, "geometry": {"type": "Polygon", "coordinates": [[[-85.9723779440467, 39.7058450493594, 0.0], [-85.9725416304753, 39.7060904256755, 0.0], [-85.972545129964, 39.7060890436289, 0.0], [-85.972548640626, 39.7060876785933, 0.0], [-85.9725521623227, 39.7060863306228, 0.0], [-85.9725556949149, 39.7060849997704, 0.0], [-85.9725592382634, 39.7060836860887, 0.0], [-85.972562792228, 39.7060823896296, 0.0], [-85.9725663566687, 39.7060811104443, 0.0], [-85.9725699314446, 39.7060798485833, 0.0], [-85.9725735164146, 39.7060786040963, 0.0], [-85.9725771114373, 39.7060773770326, 0.0], [-85.9725807163706, 39.7060761674405, 0.0], [-85.9725843310723, 39.7060749753678, 0.0], [-85.9725879553996, 39.7060738008615, 0.0], [-85.9725915892096, 39.7060726439681, 0.0], [-85.9725952323586, 39.7060715047332, 0.0], [-85.972598884703, 39.7060703832017, 0.0], [-85.9726025460985, 39.7060692794181, 0.0], [-85.9726062164006, 39.7060681934257, 0.0], [-85.9726098954643, 39.7060671252675, 0.0], [-85.9726135831445, 39.7060660749857, 0.0], [-85.9726172792956, 39.7060650426218, 0.0], [-85.9726209837716, 39.7060640282164, 0.0], [-85.9726246964263, 39.7060630318096, 0.0], [-85.9726284171131, 39.7060620534408, 0.0], [-85.9726321456852, 39.7060610931486, 0.0], [-85.9726358819954, 39.7060601509709, 0.0], [-85.9726396258961, 39.7060592269449, 0.0], [-85.9726433772396, 39.706058321107, 0.0], [-85.9726471358777, 39.7060574334931, 0.0], [-85.9726509016621, 39.7060565641382, 0.0], [-85.9726546744442, 39.7060557130765, 0.0], [-85.9726584540749, 39.7060548803418, 0.0], [-85.9726622404051, 39.7060540659668, 0.0], [-85.9726660332852, 39.7060532699837, 0.0], [-85.9726698325657, 39.706052492424, 0.0], [-85.9726736380964, 39.7060517333182, 0.0], [-85.9726774497271, 39.7060509926965, 0.0], [-85.9726812673074, 39.7060502705881, 0.0], [-85.9726850906866, 39.7060495670214, 0.0], [-85.9726889197136, 39.7060488820242, 0.0], [-85.9726927542375, 39.7060482156235, 0.0], [-85.9726965941067, 39.7060475678457, 0.0], [-85.9727004391697, 39.7060469387164, 0.0], [-85.9727042892747, 39.7060463282604, 0.0], [-85.9727081442697, 39.7060457365017, 0.0], [-85.9727120040026, 39.7060451634638, 0.0], [-85.9727158683208, 39.7060446091692, 0.0], [-85.972719737072, 39.7060440736399, 0.0], [-85.9727236101034, 39.7060435568969, 0.0], [-85.972727487262, 39.7060430589608, 0.0], [-85.9727313683948, 39.7060425798511, 0.0], [-85.9727351132313, 39.7060421358516, 0.0], [-85.9726601725641, 39.7056572907485, 0.0], [-85.9722962194379, 39.7056717645427, 0.0], [-85.9723779440467, 39.7058450493594, 0.0]]]}}, {"type": "Feature", "properties": { "fid": "Montgomery_Woods_117", "description": "12561.297053843", "fill": "#add8e6", "fill-opacity": 0.7, "stroke": "#000000", "stroke-opacity": 1.0, "stroke-width": 1.0}, "geometry": {"type": "Polygon", "coordinates": [[[-85.9720258308056, 39.7059384353639, 0.0], [-85.9723719817173, 39.7061893193759, 0.0], [-85.9723746801066, 39.7061871120306, 0.0], [-85.9723773963982, 39.7061849178249, 0.0], [-85.9723801304849, 39.7061827368454, 0.0], [-85.9723828822585, 39.7061805691782, 0.0], [-85.9723856516107, 39.7061784149089, 0.0], [-85.972388438432, 39.7061762741224, 0.0], [-85.9723912426123, 39.7061741469034, 0.0], [-85.9723940640411, 39.7061720333358, 0.0], [-85.9723969026068, 39.7061699335031, 0.0], [-85.9723997581976, 39.7061678474881, 0.0], [-85.9724026307005, 39.7061657753732, 0.0], [-85.9724055200022, 39.7061637172402, 0.0], [-85.9724084259887, 39.7061616731703, 0.0], [-85.9724113485453, 39.7061596432443, 0.0], [-85.9724142875564, 39.7061576275422, 0.0], [-85.9724172429062, 39.7061556261437, 0.0], [-85.9724202144779, 39.7061536391278, 0.0], [-85.9724232021543, 39.7061516665729, 0.0], [-85.9724262058174, 39.7061497085568, 0.0], [-85.9724292253485, 39.706147765157, 0.0], [-85.9724322606286, 39.70614583645, 0.0], [-85.9724353115378, 39.706143922512, 0.0], [-85.9724383779555, 39.7061420234187, 0.0], [-85.9724414597609, 39.7061401392449, 0.0], [-85.9724445568322, 39.7061382700651, 0.0], [-85.9724476690471, 39.706136415953, 0.0], [-85.9724507962828, 39.7061345769819, 0.0], [-85.9724539384159, 39.7061327532242, 0.0], [-85.9724570953222, 39.7061309447522, 0.0], [-85.9724602668772, 39.706129151637, 0.0], [-85.9724634529556, 39.7061273739495, 0.0], [-85.9724666534317, 39.70612561176, 0.0], [-85.9724698681791, 39.7061238651379, 0.0], [-85.9724730970709, 39.7061221341522, 0.0], [-85.9724763399797, 39.7061204188713, 0.0], [-85.9724795967773, 39.7061187193629, 0.0], [-85.9724828673353, 39.7061170356939, 0.0], [-85.9724861515245, 39.7061153679311, 0.0], [-85.9724894492153, 39.70611371614, 0.0], [-85.9724927602775, 39.7061120803861, 0.0], [-85.9724960845804, 39.7061104607338, 0.0], [-85.9724994219927, 39.7061088572471, 0.0], [-85.9725027723827, 39.7061072699892, 0.0], [-85.9725061356181, 39.7061056990229, 0.0], [-85.9725095115662, 39.7061041444102, 0.0], [-85.9725129000936, 39.7061026062125, 0.0], [-85.9725163010666, 39.7061010844904, 0.0], [-85.972519714351, 39.706099579304, 0.0], [-85.9725231398119, 39.7060980907128, 0.0], [-85.9725265773142, 39.7060966187755, 0.0], [-85.9725300267222, 39.7060951635502, 0.0], [-85.9725334878996, 39.7060937250945, 0.0], [-85.9725369607099, 39.706092303465, 0.0], [-85.9725404450159, 39.7060908987178, 0.0], [-85.9725416304753, 39.7060904256755, 0.0], [-85.9723779440467, 39.7058450493594, 0.0], [-85.9722962194379, 39.7056717645427, 0.0], [-85.9720258308056, 39.7059384353639, 0.0]]]}}, {"type": "Feature", "properties": { "fid": "Montgomery_Woods_152", "description": "10822.1791104598", "fill": "#add8e6", "fill-opacity": 0.7, "stroke": "#000000", "stroke-opacity": 1.0, "stroke-width": 1.0}, "geometry": {"type": "Polygon", "coordinates": [[[-85.9733459118745, 39.7049413342215, 0.0], [-85.973583698442, 39.704974228468, 0.0], [-85.9735845789658, 39.7049743458674, 0.0], [-85.9735863448239, 39.7049745549108, 0.0], [-85.9735881169245, 39.7049747296107, 0.0], [-85.9735898941484, 39.7049748698567, 0.0], [-85.9735916753731, 39.7049749755603, 0.0], [-85.9735934594734, 39.7049750466547, 0.0], [-85.9735952453226, 39.7049750830951, 0.0], [-85.9735970317926, 39.7049750848583, 0.0], [-85.9735988177551, 39.7049750519434, 0.0], [-85.9736006020819, 39.704974984371, 0.0], [-85.9736023836461, 39.7049748821838, 0.0], [-85.9736041613224, 39.7049747454465, 0.0], [-85.973605933988, 39.7049745742453, 0.0], [-85.9736077005232, 39.7049743686884, 0.0], [-85.9736094598123, 39.7049741289057, 0.0], [-85.9736112107439, 39.7049738550486, 0.0], [-85.9736129522123, 39.7049735472899, 0.0], [-85.9736146831174, 39.7049732058243, 0.0], [-85.973616402366, 39.7049728308673, 0.0], [-85.9736181088721, 39.7049724226557, 0.0], [-85.9736198015579, 39.7049719814474, 0.0], [-85.9736214793543, 39.7049715075211, 0.0], [-85.9736231412015, 39.7049710011761, 0.0], [-85.9736247860498, 39.7049704627323, 0.0], [-85.9736264128604, 39.7049698925296, 0.0], [-85.9736280206056, 39.7049692909284, 0.0], [-85.9736296082701, 39.7049686583085, 0.0], [-85.973631174851, 39.7049679950695, 0.0], [-85.9736327193588, 39.7049673016304, 0.0], [-85.9736342408179, 39.7049665784292, 0.0], [-85.9736357382675, 39.7049658259226, 0.0], [-85.9736372107616, 39.7049650445859, 0.0], [-85.9736386573702, 39.7049642349127, 0.0], [-85.9736400771796, 39.7049633974143, 0.0], [-85.973641469293, 39.7049625326198, 0.0], [-85.9736428328312, 39.7049616410753, 0.0], [-85.9736441669328, 39.7049607233441, 0.0], [-85.9736454707552, 39.7049597800056, 0.0], [-85.973646743475, 39.7049588116559, 0.0], [-85.9736479842882, 39.7049578189064, 0.0], [-85.9736491924111, 39.7049568023843, 0.0], [-85.9736503670806, 39.7049557627316, 0.0], [-85.9736515075549, 39.704954700605, 0.0], [-85.9736526131134, 39.7049536166753, 0.0], [-85.973653683058, 39.7049525116273, 0.0], [-85.9736547167129, 39.7049513861587, 0.0], [-85.9736557134251, 39.7049502409806, 0.0], [-85.9736566725652, 39.7049490768162, 0.0], [-85.9736575935273, 39.7049478944008, 0.0], [-85.9736584757296, 39.7049466944814, 0.0], [-85.9736593186151, 39.7049454778157, 0.0], [-85.9736601216513, 39.7049442451723, 0.0], [-85.973660884331, 39.7049429973297, 0.0], [-85.9736616061725, 39.7049417350761, 0.0], [-85.9736622867198, 39.7049404592088, 0.0], [-85.9736629255432, 39.7049391705336, 0.0], [-85.973663522239, 39.7049378698645, 0.0], [-85.9736640764305, 39.7049365580229, 0.0], [-85.9736645877676, 39.7049352358376, 0.0], [-85.9736650559272, 39.7049339041436, 0.0], [-85.9736654806139, 39.704932563782, 0.0], [-85.9736658615592, 39.7049312155995, 0.0], [-85.9736661985225, 39.7049298604475, 0.0], [-85.97373135277, 39.7046488159499, 0.0], [-85.9734235973605, 39.7046062426521, 0.0], [-85.9733459118745, 39.7049413342215, 0.0]]]}}, {"type": "Feature", "properties": { "fid": "Montgomery_Woods_151", "description": "9669.84482445837", "fill": "#add8e6", "fill-opacity": 0.7, "stroke": "#000000", "stroke-opacity": 1.0, "stroke-width": 1.0}, "geometry": {"type": "Polygon", "coordinates": [[[-85.9731212958418, 39.7049315056825, 0.0], [-85.9731263265941, 39.7049311941159, 0.0], [-85.9731313597819, 39.704930906971, 0.0], [-85.9731363952065, 39.704930644259, 0.0], [-85.9731414326691, 39.7049304059905, 0.0], [-85.9731464719709, 39.7049301921748, 0.0], [-85.973151512913, 39.7049300028204, 0.0], [-85.9731565552963, 39.7049298379347, 0.0], [-85.9731615989218, 39.7049296975242, 0.0], [-85.9731666435903, 39.7049295815945, 0.0], [-85.9731716891028, 39.7049294901501, 0.0], [-85.97317673526, 39.7049294231948, 0.0], [-85.9731817818627, 39.704929380731, 0.0], [-85.9731868287118, 39.7049293627605, 0.0], [-85.9731918756079, 39.704929369284, 0.0], [-85.9731969223518, 39.7049294003012, 0.0], [-85.9732019687443, 39.704929455811, 0.0], [-85.9732070145862, 39.7049295358111, 0.0], [-85.9732120596783, 39.7049296402983, 0.0], [-85.9732171038214, 39.7049297692686, 0.0], [-85.9732221468165, 39.7049299227168, 0.0], [-85.9732271884643, 39.7049301006369, 0.0], [-85.9732322285658, 39.7049303030219, 0.0], [-85.9732372669222, 39.7049305298637, 0.0], [-85.9732423033345, 39.7049307811535, 0.0], [-85.9732473376039, 39.7049310568813, 0.0], [-85.9732523695316, 39.7049313570361, 0.0], [-85.9732573989191, 39.7049316816063, 0.0], [-85.9732624255676, 39.7049320305789, 0.0], [-85.9732674492789, 39.7049324039402, 0.0], [-85.9732724698546, 39.7049328016754, 0.0], [-85.9732774870965, 39.7049332237688, 0.0], [-85.9732825008064, 39.7049336702038, 0.0], [-85.9732875107867, 39.7049341409628, 0.0], [-85.9732925168393, 39.7049346360271, 0.0], [-85.9732975187667, 39.7049351553773, 0.0], [-85.9733025163714, 39.7049356989928, 0.0], [-85.9733075094562, 39.7049362668521, 0.0], [-85.9733124978239, 39.7049368589329, 0.0], [-85.9733174812776, 39.7049374752117, 0.0], [-85.9733224596205, 39.7049381156643, 0.0], [-85.9733274326562, 39.7049387802653, 0.0], [-85.9733296111465, 39.7049390792385, 0.0], [-85.9733459118745, 39.7049413342215, 0.0], [-85.9734235973605, 39.7046062426521, 0.0], [-85.9730846799966, 39.7045922022975, 0.0], [-85.9731212958418, 39.7049315056825, 0.0]]]}}, {"type": "Feature", "properties": { "fid": "Montgomery_Woods_150", "description": "9218.2902807131", "fill": "#add8e6", "fill-opacity": 0.7, "stroke": "#000000", "stroke-opacity": 1.0, "stroke-width": 1.0}, "geometry": {"type": "Polygon", "coordinates": [[[-85.9728569082011, 39.7049099465885, 0.0], [-85.9728870384524, 39.7049745625172, 0.0], [-85.972891723576, 39.7049731131859, 0.0], [-85.9728964203967, 39.7049716866214, 0.0], [-85.972901128729, 39.70497028288, 0.0], [-85.972905848387, 39.7049689020172, 0.0], [-85.9729105791844, 39.7049675440876, 0.0], [-85.9729153209345, 39.7049662091446, 0.0], [-85.9729200734501, 39.704964897241, 0.0], [-85.9729248365434, 39.7049636084286, 0.0], [-85.9729296100266, 39.7049623427583, 0.0], [-85.9729343937111, 39.70496110028, 0.0], [-85.9729391874082, 39.7049598810428, 0.0], [-85.9729439909285, 39.7049586850949, 0.0], [-85.9729488040825, 39.7049575124833, 0.0], [-85.9729536266801, 39.7049563632545, 0.0], [-85.9729584585309, 39.7049552374537, 0.0], [-85.9729632994442, 39.7049541351255, 0.0], [-85.9729681492289, 39.7049530563133, 0.0], [-85.9729730076936, 39.7049520010598, 0.0], [-85.9729778746464, 39.7049509694066, 0.0], [-85.9729827498952, 39.7049499613944, 0.0], [-85.9729876332475, 39.704948977063, 0.0], [-85.9729925245106, 39.7049480164512, 0.0], [-85.9729974234913, 39.7049470795971, 0.0], [-85.9730023299963, 39.7049461665376, 0.0], [-85.9730072438319, 39.7049452773087, 0.0], [-85.9730121648041, 39.7049444119455, 0.0], [-85.9730170927186, 39.7049435704822, 0.0], [-85.9730220273808, 39.7049427529521, 0.0], [-85.9730269685961, 39.7049419593873, 0.0], [-85.9730319161692, 39.7049411898192, 0.0], [-85.9730368699049, 39.7049404442782, 0.0], [-85.9730418296077, 39.7049397227938, 0.0], [-85.9730467950817, 39.7049390253943, 0.0], [-85.9730517661308, 39.7049383521074, 0.0], [-85.973056742559, 39.7049377029596, 0.0], [-85.9730617241696, 39.7049370779766, 0.0], [-85.9730667107661, 39.704936477183, 0.0], [-85.9730717021516, 39.7049359006025, 0.0], [-85.9730766981291, 39.7049353482579, 0.0], [-85.9730816985012, 39.704934820171, 0.0], [-85.9730867030707, 39.7049343163627, 0.0], [-85.9730917116399, 39.7049338368528, 0.0], [-85.9730967240112, 39.7049333816603, 0.0], [-85.9731017399866, 39.7049329508031, 0.0], [-85.9731067593681, 39.7049325442983, 0.0], [-85.9731117819576, 39.7049321621618, 0.0], [-85.9731168075568, 39.7049318044089, 0.0], [-85.9731212958418, 39.7049315056825, 0.0], [-85.9730846799966, 39.7045922022975, 0.0], [-85.9728296832963, 39.7046107736797, 0.0], [-85.9728569082011, 39.7049099465885, 0.0]]]}}, {"type": "Feature", "properties": { "fid": "Montgomery_Woods_149", "description": "9181.50757758406", "fill": "#add8e6", "fill-opacity": 0.7, "stroke": "#000000", "stroke-opacity": 1.0, "stroke-width": 1.0}, "geometry": {"type": "Polygon", "coordinates": [[[-85.9726089845192, 39.704971912686, 0.0], [-85.9726107658309, 39.7049718817733, 0.0], [-85.9726125474151, 39.7049718623579, 0.0], [-85.9726143291473, 39.7049718544412, 0.0], [-85.9726161109033, 39.7049718580237, 0.0], [-85.9726178925585, 39.7049718731052, 0.0], [-85.9726196739886, 39.7049718996846, 0.0], [-85.9726214550693, 39.7049719377601, 0.0], [-85.9726232356762, 39.7049719873289, 0.0], [-85.9726250156851, 39.7049720483877, 0.0], [-85.9726267949715, 39.7049721209322, 0.0], [-85.9726285734115, 39.7049722049573, 0.0], [-85.9726303508807, 39.7049723004572, 0.0], [-85.9726321272551, 39.7049724074251, 0.0], [-85.9726339024107, 39.7049725258537, 0.0], [-85.9726356762236, 39.7049726557346, 0.0], [-85.9726374485699, 39.7049727970588, 0.0], [-85.9726392193259, 39.7049729498164, 0.0], [-85.972640988368, 39.7049731139967, 0.0], [-85.9726427555727, 39.7049732895884, 0.0], [-85.9726445208167, 39.7049734765791, 0.0], [-85.9726462839766, 39.7049736749557, 0.0], [-85.9726480449295, 39.7049738847045, 0.0], [-85.9726498035523, 39.7049741058108, 0.0], [-85.9726515597224, 39.7049743382591, 0.0], [-85.972653313317, 39.7049745820333, 0.0], [-85.9726550642138, 39.7049748371163, 0.0], [-85.9726568122906, 39.7049751034902, 0.0], [-85.9726585574254, 39.7049753811366, 0.0], [-85.9726602994962, 39.704975670036, 0.0], [-85.9726620383815, 39.7049759701683, 0.0], [-85.9726637739599, 39.7049762815124, 0.0], [-85.9726655061103, 39.7049766040467, 0.0], [-85.9726672347116, 39.7049769377487, 0.0], [-85.9726689596433, 39.704977282595, 0.0], [-85.9726706807849, 39.7049776385616, 0.0], [-85.9726723980163, 39.7049780056237, 0.0], [-85.9726741112175, 39.7049783837555, 0.0], [-85.972675820269, 39.7049787729307, 0.0], [-85.9726775250516, 39.7049791731222, 0.0], [-85.972679225446, 39.704979584302, 0.0], [-85.9726809213338, 39.7049800064414, 0.0], [-85.9726826125964, 39.7049804395109, 0.0], [-85.9726842991158, 39.7049808834803, 0.0], [-85.9726859807743, 39.7049813383187, 0.0], [-85.9726876574544, 39.7049818039941, 0.0], [-85.9726893290392, 39.7049822804742, 0.0], [-85.9726909954119, 39.7049827677257, 0.0], [-85.9726926564562, 39.7049832657146, 0.0], [-85.9726943120562, 39.704983774406, 0.0], [-85.97269529124, 39.7049840811107, 0.0], [-85.9726959036747, 39.7049842734515, 0.0], [-85.9726975580505, 39.7049847845138, 0.0], [-85.9726992178964, 39.7049852848813, 0.0], [-85.9727008830965, 39.704985774519, 0.0], [-85.9727025535346, 39.7049862533928, 0.0], [-85.972704229094, 39.7049867214692, 0.0], [-85.9727059096578, 39.7049871787155, 0.0], [-85.9727075951087, 39.7049876250999, 0.0], [-85.972709285329, 39.7049880605912, 0.0], [-85.9727109802007, 39.7049884851589, 0.0], [-85.9727126796055, 39.7049888987735, 0.0], [-85.9727143834247, 39.704989301406, 0.0], [-85.9727160915394, 39.7049896930283, 0.0], [-85.9727178038303, 39.7049900736132, 0.0], [-85.972719520178, 39.704990443134, 0.0], [-85.9727212404626, 39.7049908015649, 0.0], [-85.972722964564, 39.7049911488809, 0.0], [-85.9727246923618, 39.7049914850578, 0.0], [-85.9727264237355, 39.7049918100721, 0.0], [-85.9727281585641, 39.7049921239011, 0.0], [-85.9727298967265, 39.704992426523, 0.0], [-85.9727316381015, 39.7049927179165, 0.0], [-85.9727333825674, 39.7049929980613, 0.0], [-85.9727351300024, 39.7049932669379, 0.0], [-85.9727368802846, 39.7049935245275, 0.0], [-85.9727386332917, 39.7049937708121, 0.0], [-85.9727403889015, 39.7049940057746, 0.0], [-85.9727421469913, 39.7049942293985, 0.0], [-85.9727439074383, 39.7049944416682, 0.0], [-85.9727456701198, 39.7049946425688, 0.0], [-85.9727474349126, 39.7049948320865, 0.0], [-85.9727492016935, 39.7049950102079, 0.0], [-85.9727509703393, 39.7049951769206, 0.0], [-85.9727527407264, 39.704995332213, 0.0], [-85.9727545127312, 39.7049954760742, 0.0], [-85.97275628623, 39.7049956084942, 0.0], [-85.9727580610991, 39.7049957294637, 0.0], [-85.9727598372145, 39.7049958389743, 0.0], [-85.9727616144521, 39.7049959370184, 0.0], [-85.9727633926881, 39.7049960235891, 0.0], [-85.9727651717981, 39.7049960986803, 0.0], [-85.9727669516581, 39.7049961622868, 0.0], [-85.9727687321437, 39.7049962144043, 0.0], [-85.9727705131307, 39.7049962550289, 0.0], [-85.9727722944946, 39.704996284158, 0.0], [-85.9727740761113, 39.7049963017894, 0.0], [-85.9727758578562, 39.704996307922, 0.0], [-85.9727776396051, 39.7049963025553, 0.0], [-85.9727794212335, 39.7049962856897, 0.0], [-85.972781202617, 39.7049962573263, 0.0], [-85.9727829836312, 39.7049962174672, 0.0], [-85.9727847641519, 39.7049961661151, 0.0], [-85.9727865440548, 39.7049961032736, 0.0], [-85.9727883232156, 39.7049960289471, 0.0], [-85.97279010151, 39.7049959431408, 0.0], [-85.972791878814, 39.7049958458606, 0.0], [-85.9727936550034, 39.7049957371135, 0.0], [-85.9727954299543, 39.7049956169069, 0.0], [-85.9727972035427, 39.7049954852492, 0.0], [-85.9727989756449, 39.7049953421497, 0.0], [-85.9728007461371, 39.7049951876183, 0.0], [-85.9728025148957, 39.7049950216659, 0.0], [-85.9728042817973, 39.7049948443039, 0.0], [-85.9728060467185, 39.7049946555448, 0.0], [-85.972807809536, 39.7049944554018, 0.0], [-85.9728095701269, 39.7049942438889, 0.0], [-85.9728113283682, 39.7049940210207, 0.0], [-85.9728130841371, 39.7049937868129, 0.0], [-85.9728148373111, 39.7049935412818, 0.0], [-85.9728165877679, 39.7049932844446, 0.0], [-85.9728183353851, 39.7049930163191, 0.0], [-85.9728200800408, 39.7049927369242, 0.0], [-85.9728218216133, 39.7049924462792, 0.0], [-85.9728235599808, 39.7049921444046, 0.0], [-85.9728252950222, 39.7049918313213, 0.0], [-85.9728270266161, 39.7049915070512, 0.0], [-85.9728287546418, 39.704991171617, 0.0], [-85.9728304789787, 39.7049908250422, 0.0], [-85.9728321995063, 39.7049904673507, 0.0], [-85.9728339161044, 39.7049900985677, 0.0], [-85.9728356286535, 39.7049897187189, 0.0], [-85.9728373370337, 39.7049893278309, 0.0], [-85.9728390411259, 39.7049889259308, 0.0], [-85.9728407408111, 39.7049885130467, 0.0], [-85.9728424359706, 39.7049880892076, 0.0], [-85.9728441264862, 39.7049876544429, 0.0], [-85.9728458122398, 39.7049872087831, 0.0], [-85.9728474931137, 39.7049867522591, 0.0], [-85.9728491689905, 39.704986284903, 0.0], [-85.9728508397533, 39.7049858067473, 0.0], [-85.9728525052855, 39.7049853178254, 0.0], [-85.9728541654707, 39.7049848181715, 0.0], [-85.9728558201931, 39.7049843078203, 0.0], [-85.9728870384524, 39.7049745625172, 0.0], [-85.9728569082011, 39.7049099465885, 0.0], [-85.9728296832963, 39.7046107736797, 0.0], [-85.9726021802598, 39.7046273422198, 0.0], [-85.9726089845192, 39.704971912686, 0.0]]]}}, {"type": "Feature", "properties": { "fid": "Montgomery_Woods_148", "description": "13663.0273871256", "fill": "#add8e6", "fill-opacity": 0.7, "stroke": "#000000", "stroke-opacity": 1.0, "stroke-width": 1.0}, "geometry": {"type": "Polygon", "coordinates": [[[-85.9722863466608, 39.7051360721135, 0.0], [-85.9724014183417, 39.7051362484886, 0.0], [-85.972401429291, 39.705134872227, 0.0], [-85.9724014551266, 39.7051334960844, 0.0], [-85.9724014958468, 39.7051321201567, 0.0], [-85.9724015514486, 39.70513074454, 0.0], [-85.9724016219283, 39.7051293693303, 0.0], [-85.9724017072809, 39.7051279946237, 0.0], [-85.9724018075004, 39.7051266205161, 0.0], [-85.9724019225799, 39.7051252471035, 0.0], [-85.9724020525113, 39.7051238744817, 0.0], [-85.9724021972855, 39.7051225027465, 0.0], [-85.9724023568925, 39.7051211319938, 0.0], [-85.972402531321, 39.7051197623191, 0.0], [-85.972402720559, 39.7051183938182, 0.0], [-85.9724029245932, 39.7051170265865, 0.0], [-85.9724031434093, 39.7051156607195, 0.0], [-85.972403376992, 39.7051142963126, 0.0], [-85.9724036253252, 39.705112933461, 0.0], [-85.9724038883914, 39.7051115722598, 0.0], [-85.9724041661722, 39.7051102128041, 0.0], [-85.9724044586484, 39.7051088551888, 0.0], [-85.9724047657993, 39.7051074995086, 0.0], [-85.9724050876037, 39.7051061458582, 0.0], [-85.9724054240391, 39.7051047943322, 0.0], [-85.9724057750819, 39.7051034450247, 0.0], [-85.9724061407076, 39.7051020980301, 0.0], [-85.9724065208908, 39.7051007534424, 0.0], [-85.9724069156048, 39.7050994113554, 0.0], [-85.9724073248222, 39.7050980718628, 0.0], [-85.9724077485143, 39.7050967350582, 0.0], [-85.9724081866516, 39.7050954010349, 0.0], [-85.9724086392036, 39.7050940698859, 0.0], [-85.9724091061385, 39.7050927417043, 0.0], [-85.9724095874238, 39.7050914165827, 0.0], [-85.9724100830259, 39.7050900946137, 0.0], [-85.9724105929102, 39.7050887758895, 0.0], [-85.9724111170411, 39.7050874605022, 0.0], [-85.9724116553821, 39.7050861485436, 0.0], [-85.9724122078954, 39.7050848401053, 0.0], [-85.9724127745427, 39.7050835352787, 0.0], [-85.9724133552842, 39.7050822341549, 0.0], [-85.9724139500795, 39.7050809368246, 0.0], [-85.972414558887, 39.7050796433785, 0.0], [-85.9724151816643, 39.7050783539068, 0.0], [-85.9724158183678, 39.7050770684996, 0.0], [-85.9724164689531, 39.7050757872466, 0.0], [-85.9724171333748, 39.7050745102372, 0.0], [-85.9724178115865, 39.7050732375606, 0.0], [-85.9724185035409, 39.7050719693056, 0.0], [-85.9724192091897, 39.7050707055608, 0.0], [-85.9724199284835, 39.7050694464145, 0.0], [-85.9724206613721, 39.7050681919544, 0.0], [-85.9724214078045, 39.7050669422682, 0.0], [-85.9724221677286, 39.7050656974431, 0.0], [-85.9724229410911, 39.705064457566, 0.0], [-85.9724237278382, 39.7050632227235, 0.0], [-85.972424527915, 39.7050619930017, 0.0], [-85.9724253412655, 39.7050607684866, 0.0], [-85.972426167833, 39.7050595492636, 0.0], [-85.9724270075598, 39.7050583354179, 0.0], [-85.9724278603873, 39.705057127034, 0.0], [-85.9724287262559, 39.7050559241965, 0.0], [-85.9724296051053, 39.7050547269893, 0.0], [-85.9724304968739, 39.705053535496, 0.0], [-85.9724314014997, 39.7050523497997, 0.0], [-85.9724323189193, 39.7050511699832, 0.0], [-85.9724332490689, 39.7050499961289, 0.0], [-85.9724341918834, 39.7050488283188, 0.0], [-85.972435147297, 39.7050476666343, 0.0], [-85.9724361152431, 39.7050465111565, 0.0], [-85.972437095654, 39.7050453619662, 0.0], [-85.9724380884613, 39.7050442191435, 0.0], [-85.9724390935957, 39.7050430827682, 0.0], [-85.9724401109871, 39.7050419529197, 0.0], [-85.9724411405644, 39.7050408296768, 0.0], [-85.9724421822557, 39.705039713118, 0.0], [-85.9724432359883, 39.7050386033211, 0.0], [-85.9724443016887, 39.7050375003637, 0.0], [-85.9724453792824, 39.7050364043228, 0.0], [-85.9724464686943, 39.7050353152749, 0.0], [-85.9724475698482, 39.7050342332959, 0.0], [-85.9724486826673, 39.7050331584615, 0.0], [-85.972449807074, 39.7050320908467, 0.0], [-85.9724509429896, 39.705031030526, 0.0], [-85.972452090335, 39.7050299775734, 0.0], [-85.97245324903, 39.7050289320625, 0.0], [-85.9724544189937, 39.7050278940661, 0.0], [-85.9724556001445, 39.7050268636569, 0.0], [-85.9724567923999, 39.7050258409066, 0.0], [-85.9724579956767, 39.7050248258868, 0.0], [-85.9724592098908, 39.7050238186682, 0.0], [-85.9724604349575, 39.7050228193213, 0.0], [-85.9724616707913, 39.7050218279157, 0.0], [-85.9724629173059, 39.7050208445206, 0.0], [-85.9724641744143, 39.7050198692048, 0.0], [-85.9724654420287, 39.7050189020362, 0.0], [-85.9724667200606, 39.7050179430825, 0.0], [-85.9724680084209, 39.7050169924106, 0.0], [-85.9724693070195, 39.7050160500867, 0.0], [-85.9724706157658, 39.7050151161768, 0.0], [-85.9724719345685, 39.705014190746, 0.0], [-85.9724732633355, 39.7050132738589, 0.0], [-85.9724746019739, 39.7050123655796, 0.0], [-85.9724759503905, 39.7050114659713, 0.0], [-85.972477308491, 39.7050105750971, 0.0], [-85.9724786761806, 39.7050096930189, 0.0], [-85.9724800533639, 39.7050088197984, 0.0], [-85.9724814399447, 39.7050079554966, 0.0], [-85.9724828358261, 39.7050071001738, 0.0], [-85.9724842409109, 39.7050062538897, 0.0], [-85.9724856551008, 39.7050054167034, 0.0], [-85.9724870782971, 39.7050045886733, 0.0], [-85.9724885104006, 39.7050037698573, 0.0], [-85.9724899513111, 39.7050029603124, 0.0], [-85.9724914009282, 39.7050021600953, 0.0], [-85.9724928591506, 39.7050013692618, 0.0], [-85.9724943258766, 39.705000587867, 0.0], [-85.9724958010037, 39.7049998159656, 0.0], [-85.9724972844289, 39.7049990536114, 0.0], [-85.9724987760487, 39.7049983008577, 0.0], [-85.972500275759, 39.7049975577569, 0.0], [-85.9725017834551, 39.704996824361, 0.0], [-85.9725032990317, 39.7049961007212, 0.0], [-85.972504822383, 39.7049953868879, 0.0], [-85.9725063534027, 39.7049946829111, 0.0], [-85.9725078919838, 39.7049939888398, 0.0], [-85.9725094380191, 39.7049933047226, 0.0], [-85.9725109914004, 39.7049926306071, 0.0], [-85.9725125520196, 39.7049919665405, 0.0], [-85.9725141197674, 39.704991312569, 0.0], [-85.9725156945346, 39.7049906687384, 0.0], [-85.9725172762111, 39.7049900350936, 0.0], [-85.9725188646867, 39.7049894116788, 0.0], [-85.9725204598503, 39.7049887985376, 0.0], [-85.9725220615906, 39.7049881957127, 0.0], [-85.9725236697958, 39.7049876032462, 0.0], [-85.9725252843536, 39.7049870211796, 0.0], [-85.9725269051514, 39.7049864495533, 0.0], [-85.9725285320759, 39.7049858884074, 0.0], [-85.9725301650136, 39.7049853377811, 0.0], [-85.9725318038505, 39.7049847977126, 0.0], [-85.9725334484721, 39.7049842682398, 0.0], [-85.9725350987638, 39.7049837493996, 0.0], [-85.9725367546102, 39.7049832412283, 0.0], [-85.9725384158958, 39.7049827437613, 0.0], [-85.9725400825046, 39.7049822570333, 0.0], [-85.9725417543202, 39.7049817810783, 0.0], [-85.972543431226, 39.7049813159295, 0.0], [-85.9725451131049, 39.7049808616195, 0.0], [-85.9725467998394, 39.7049804181799, 0.0], [-85.9725484913118, 39.7049799856417, 0.0], [-85.9725501874041, 39.704979564035, 0.0], [-85.9725518879978, 39.7049791533894, 0.0], [-85.9725535929741, 39.7049787537334, 0.0], [-85.9725553022142, 39.7049783650951, 0.0], [-85.9725570155987, 39.7049779875014, 0.0], [-85.9725587330078, 39.7049776209788, 0.0], [-85.9725604543219, 39.7049772655529, 0.0], [-85.9725621794206, 39.7049769212485, 0.0], [-85.9725639081836, 39.7049765880895, 0.0], [-85.9725656404902, 39.7049762660993, 0.0], [-85.9725673762194, 39.7049759553004, 0.0], [-85.9725691152501, 39.7049756557144, 0.0], [-85.9725708574608, 39.7049753673623, 0.0], [-85.97257260273, 39.7049750902641, 0.0], [-85.9725743509358, 39.7049748244393, 0.0], [-85.9725761019562, 39.7049745699063, 0.0], [-85.9725778556689, 39.704974326683, 0.0], [-85.9725796119514, 39.7049740947864, 0.0], [-85.9725813706813, 39.7049738742325, 0.0], [-85.9725831317357, 39.7049736650369, 0.0], [-85.9725848949917, 39.7049734672141, 0.0], [-85.9725866603262, 39.7049732807779, 0.0], [-85.9725884276159, 39.7049731057414, 0.0], [-85.9725901967375, 39.7049729421168, 0.0], [-85.9725919675674, 39.7049727899154, 0.0], [-85.9725937399821, 39.704972649148, 0.0], [-85.9725955138578, 39.7049725198243, 0.0], [-85.9725972890707, 39.7049724019534, 0.0], [-85.9725990654968, 39.7049722955434, 0.0], [-85.9726008430122, 39.7049722006019, 0.0], [-85.9726026214927, 39.7049721171355, 0.0], [-85.9726044008142, 39.7049720451499, 0.0], [-85.9726061808526, 39.7049719846502, 0.0], [-85.9726079614833, 39.7049719356407, 0.0], [-85.9726089845192, 39.704971912686, 0.0], [-85.9726021802598, 39.7046273422198, 0.0], [-85.9722841944215, 39.7046504996604, 0.0], [-85.9722863466608, 39.7051360721135, 0.0]]]}}, {"type": "Feature", "properties": { "fid": "Montgomery_Woods_147", "description": "14061.8432206291", "fill": "#add8e6", "fill-opacity": 0.7, "stroke": "#000000", "stroke-opacity": 1.0, "stroke-width": 1.0}, "geometry": {"type": "Polygon", "coordinates": [[[-85.9722883193293, 39.7055811207424, 0.0], [-85.9722962194379, 39.7056717645427, 0.0], [-85.9725505285576, 39.7056616512241, 0.0], [-85.9726342372573, 39.7053006010871, 0.0], [-85.9726324623371, 39.7053007216332, 0.0], [-85.9726306861747, 39.7053008307202, 0.0], [-85.9726289088941, 39.7053009283403, 0.0], [-85.9726271306193, 39.7053010144868, 0.0], [-85.9726253514746, 39.7053010891537, 0.0], [-85.972623571584, 39.7053011523357, 0.0], [-85.9726217910719, 39.7053012040284, 0.0], [-85.9726200100625, 39.7053012442283, 0.0], [-85.9726182286803, 39.7053012729324, 0.0], [-85.9726164470495, 39.7053012901389, 0.0], [-85.9726146652945, 39.7053012958465, 0.0], [-85.9726128835397, 39.7053012900548, 0.0], [-85.9726111019096, 39.7053012727642, 0.0], [-85.9726093205284, 39.7053012439759, 0.0], [-85.9726075395205, 39.705301203692, 0.0], [-85.9726057590103, 39.7053011519152, 0.0], [-85.9726039791221, 39.7053010886491, 0.0], [-85.9726021999802, 39.7053010138983, 0.0], [-85.9726004217086, 39.7053009276678, 0.0], [-85.9725986444316, 39.7053008299638, 0.0], [-85.9725968682733, 39.7053007207929, 0.0], [-85.9725950933576, 39.705300600163, 0.0], [-85.9725933198085, 39.7053004680823, 0.0], [-85.9725915477498, 39.7053003245601, 0.0], [-85.9725897773051, 39.7053001696064, 0.0], [-85.9725880085981, 39.7053000032321, 0.0], [-85.9725862417522, 39.7052998254487, 0.0], [-85.9725844768909, 39.7052996362687, 0.0], [-85.9725827141372, 39.7052994357052, 0.0], [-85.9725809536143, 39.7052992237723, 0.0], [-85.9725791954451, 39.7052990004848, 0.0], [-85.9725774397522, 39.7052987658582, 0.0], [-85.9725756866584, 39.705298519909, 0.0], [-85.9725739362859, 39.7052982626542, 0.0], [-85.9725721887569, 39.7052979941119, 0.0], [-85.9725704441935, 39.7052977143009, 0.0], [-85.9725687027175, 39.7052974232406, 0.0], [-85.9725669644503, 39.7052971209513, 0.0], [-85.9725652295134, 39.7052968074542, 0.0], [-85.9725634980279, 39.7052964827711, 0.0], [-85.9725617701147, 39.7052961469248, 0.0], [-85.9725600458943, 39.7052957999386, 0.0], [-85.9725583254872, 39.7052954418368, 0.0], [-85.9725566090135, 39.7052950726444, 0.0], [-85.9725548965929, 39.7052946923872, 0.0], [-85.9725531883451, 39.7052943010916, 0.0], [-85.9725514843893, 39.7052938987851, 0.0], [-85.9725497848444, 39.7052934854957, 0.0], [-85.9725480898291, 39.7052930612523, 0.0], [-85.9725463994617, 39.7052926260844, 0.0], [-85.9725447138603, 39.7052921800225, 0.0], [-85.9725430331424, 39.7052917230977, 0.0], [-85.9725413574255, 39.7052912553418, 0.0], [-85.9725396868265, 39.7052907767877, 0.0], [-85.972538021462, 39.7052902874686, 0.0], [-85.9725363614484, 39.7052897874187, 0.0], [-85.9725347069014, 39.7052892766729, 0.0], [-85.9725330579367, 39.7052887552669, 0.0], [-85.9725314146692, 39.7052882232371, 0.0], [-85.9725297772138, 39.7052876806206, 0.0], [-85.9725281456847, 39.7052871274553, 0.0], [-85.9725265201959, 39.7052865637799, 0.0], [-85.9725249008608, 39.7052859896336, 0.0], [-85.9725232877924, 39.7052854050565, 0.0], [-85.9725216811035, 39.7052848100896, 0.0], [-85.972520080906, 39.7052842047742, 0.0], [-85.9725184873119, 39.7052835891527, 0.0], [-85.9725169004322, 39.705282963268, 0.0], [-85.9725153203778, 39.7052823271639, 0.0], [-85.972513747259, 39.7052816808846, 0.0], [-85.9725121811856, 39.7052810244755, 0.0], [-85.972510622267, 39.7052803579822, 0.0], [-85.9725090706119, 39.7052796814513, 0.0], [-85.9725075263287, 39.7052789949301, 0.0], [-85.9725059895252, 39.7052782984664, 0.0], [-85.9725044603087, 39.7052775921089, 0.0], [-85.972502938786, 39.7052768759069, 0.0], [-85.9725014250632, 39.7052761499104, 0.0], [-85.972499919246, 39.70527541417, 0.0], [-85.9724984214396, 39.7052746687372, 0.0], [-85.9724969317485, 39.705273913664, 0.0], [-85.9724954502767, 39.7052731490031, 0.0], [-85.9724939771277, 39.7052723748078, 0.0], [-85.9724925124043, 39.7052715911323, 0.0], [-85.9724910562086, 39.7052707980312, 0.0], [-85.9724896086425, 39.7052699955599, 0.0], [-85.9724881698069, 39.7052691837743, 0.0], [-85.9724867398023, 39.7052683627313, 0.0], [-85.9724853187286, 39.7052675324881, 0.0], [-85.9724839066849, 39.7052666931027, 0.0], [-85.9724825037697, 39.7052658446336, 0.0], [-85.9724811100812, 39.7052649871402, 0.0], [-85.9724797257164, 39.7052641206821, 0.0], [-85.9724783507722, 39.7052632453201, 0.0], [-85.9724769853444, 39.7052623611151, 0.0], [-85.9724756295284, 39.7052614681288, 0.0], [-85.9724742834189, 39.7052605664237, 0.0], [-85.9724729471098, 39.7052596560627, 0.0], [-85.9724716206943, 39.7052587371093, 0.0], [-85.9724703042652, 39.7052578096277, 0.0], [-85.9724689979142, 39.7052568736826, 0.0], [-85.9724677017327, 39.7052559293394, 0.0], [-85.9724664158111, 39.705254976664, 0.0], [-85.9724651402391, 39.7052540157229, 0.0], [-85.9724638751058, 39.7052530465831, 0.0], [-85.9724626204996, 39.7052520693124, 0.0], [-85.9724613765079, 39.705251083979, 0.0], [-85.9724601432178, 39.7052500906516, 0.0], [-85.9724589207151, 39.7052490893997, 0.0], [-85.9724577090854, 39.705248080293, 0.0], [-85.9724565084131, 39.705247063402, 0.0], [-85.9724553187822, 39.7052460387979, 0.0], [-85.9724541402755, 39.7052450065519, 0.0], [-85.9724529729755, 39.7052439667363, 0.0], [-85.9724518169637, 39.7052429194236, 0.0], [-85.9724506723206, 39.7052418646869, 0.0], [-85.9724495391262, 39.7052408025999, 0.0], [-85.9724484174597, 39.7052397332367, 0.0], [-85.9724473073993, 39.705238656672, 0.0], [-85.9724462090226, 39.7052375729808, 0.0], [-85.9724451224061, 39.705236482239, 0.0], [-85.9724440476258, 39.7052353845225, 0.0], [-85.9724429847567, 39.7052342799081, 0.0], [-85.972441933873, 39.7052331684729, 0.0], [-85.972440895048, 39.7052320502944, 0.0], [-85.9724398683543, 39.7052309254507, 0.0], [-85.9724388538636, 39.7052297940204, 0.0], [-85.9724378516466, 39.7052286560824, 0.0], [-85.9724368617734, 39.7052275117162, 0.0], [-85.972435884313, 39.7052263610016, 0.0], [-85.9724349193337, 39.705225204019, 0.0], [-85.9724339669028, 39.7052240408491, 0.0], [-85.9724330270868, 39.7052228715733, 0.0], [-85.9724320999514, 39.705221696273, 0.0], [-85.9724311855613, 39.7052205150303, 0.0], [-85.9724302839803, 39.7052193279278, 0.0], [-85.9724293952712, 39.7052181350482, 0.0], [-85.9724285194963, 39.7052169364748, 0.0], [-85.9724276567166, 39.7052157322914, 0.0], [-85.9724268069923, 39.705214522582, 0.0], [-85.9724259703828, 39.705213307431, 0.0], [-85.9724251469465, 39.7052120869233, 0.0], [-85.9724243367408, 39.705210861144, 0.0], [-85.9724235398223, 39.7052096301788, 0.0], [-85.9724227562467, 39.7052083941136, 0.0], [-85.9724219860687, 39.7052071530347, 0.0], [-85.9724212293419, 39.7052059070286, 0.0], [-85.9724204861193, 39.7052046561825, 0.0], [-85.9724197564527, 39.7052034005836, 0.0], [-85.972419040393, 39.7052021403195, 0.0], [-85.9724183379904, 39.7052008754783, 0.0], [-85.9724176492937, 39.7051996061483, 0.0], [-85.972416974351, 39.705198332418, 0.0], [-85.9724163132096, 39.7051970543764, 0.0], [-85.9724156659155, 39.7051957721128, 0.0], [-85.9724150325139, 39.7051944857165, 0.0], [-85.972414413049, 39.7051931952775, 0.0], [-85.9724138075641, 39.7051919008857, 0.0], [-85.9724132161015, 39.7051906026317, 0.0], [-85.9724126387025, 39.705189300606, 0.0], [-85.9724120754072, 39.7051879948995, 0.0], [-85.9724115262552, 39.7051866856033, 0.0], [-85.9724109912846, 39.7051853728089, 0.0], [-85.9724104705329, 39.7051840566079, 0.0], [-85.9724099640365, 39.7051827370922, 0.0], [-85.9724094718305, 39.7051814143539, 0.0], [-85.9724089939496, 39.7051800884854, 0.0], [-85.9724085304269, 39.7051787595791, 0.0], [-85.9724080812948, 39.705177427728, 0.0], [-85.9724076465848, 39.7051760930249, 0.0], [-85.972407226327, 39.705174755563, 0.0], [-85.972406820551, 39.7051734154358, 0.0], [-85.972406429285, 39.7051720727367, 0.0], [-85.9724060525563, 39.7051707275595, 0.0], [-85.9724056903913, 39.7051693799981, 0.0], [-85.9724053428151, 39.7051680301466, 0.0], [-85.9724050098521, 39.7051666780992, 0.0], [-85.9724046915255, 39.7051653239503, 0.0], [-85.9724043878576, 39.7051639677944, 0.0], [-85.9724040988694, 39.7051626097262, 0.0], [-85.9724038245813, 39.7051612498406, 0.0], [-85.9724035650124, 39.7051598882324, 0.0], [-85.9724033201807, 39.7051585249967, 0.0], [-85.9724030901034, 39.7051571602287, 0.0], [-85.9724028747965, 39.7051557940236, 0.0], [-85.972402674275, 39.7051544264768, 0.0], [-85.972402488553, 39.7051530576839, 0.0], [-85.9724023176435, 39.7051516877402, 0.0], [-85.9724021615582, 39.7051503167416, 0.0], [-85.9724020203083, 39.7051489447837, 0.0], [-85.9724018939034, 39.7051475719623, 0.0], [-85.9724017823524, 39.7051461983731, 0.0], [-85.9724016856632, 39.7051448241122, 0.0], [-85.9724016038424, 39.7051434492754, 0.0], [-85.9724015368958, 39.7051420739587, 0.0], [-85.972401484828, 39.7051406982581, 0.0], [-85.9724014476428, 39.7051393222698, 0.0], [-85.9724014253425, 39.7051379460896, 0.0], [-85.972401417929, 39.7051365698138, 0.0], [-85.9724014183417, 39.7051362484886, 0.0], [-85.9722863466608, 39.7051360721135, 0.0], [-85.9722883193293, 39.7055811207424, 0.0]]]}}, {"type": "Feature", "properties": { "fid": "Montgomery_Woods_146", "description": "10448.303148668", "fill": "#add8e6", "fill-opacity": 0.7, "stroke": "#000000", "stroke-opacity": 1.0, "stroke-width": 1.0}, "geometry": {"type": "Polygon", "coordinates": [[[-85.9725505285576, 39.7056616512241, 0.0], [-85.9726601725641, 39.7056572907485, 0.0], [-85.9727910561797, 39.7056520854502, 0.0], [-85.9729143519757, 39.7051202796091, 0.0], [-85.9729130548499, 39.7051207541047, 0.0], [-85.9729114503427, 39.7051213525283, 0.0], [-85.9729098523648, 39.7051219612862, 0.0], [-85.9729082610276, 39.705122580336, 0.0], [-85.9729066764423, 39.7051232096344, 0.0], [-85.9729050987195, 39.7051238491375, 0.0], [-85.9729035279693, 39.7051244988006, 0.0], [-85.9729019643014, 39.7051251585784, 0.0], [-85.972900407825, 39.7051258284249, 0.0], [-85.9728988586486, 39.7051265082933, 0.0], [-85.9728973168804, 39.7051271981361, 0.0], [-85.9728957826282, 39.7051278979051, 0.0], [-85.9728942559989, 39.7051286075515, 0.0], [-85.9728927370992, 39.7051293270258, 0.0], [-85.9728912260351, 39.7051300562778, 0.0], [-85.9728897229121, 39.7051307952565, 0.0], [-85.972888227835, 39.7051315439103, 0.0], [-85.9728867409084, 39.705132302187, 0.0], [-85.972885262236, 39.7051330700336, 0.0], [-85.9728837919209, 39.7051338473966, 0.0], [-85.972882330066, 39.7051346342217, 0.0], [-85.9728808767731, 39.7051354304539, 0.0], [-85.9728794321438, 39.7051362360376, 0.0], [-85.972877996279, 39.7051370509167, 0.0], [-85.9728765692787, 39.7051378750342, 0.0], [-85.9728751512428, 39.7051387083326, 0.0], [-85.9728737422701, 39.7051395507537, 0.0], [-85.9728723424591, 39.7051404022388, 0.0], [-85.9728709519074, 39.7051412627283, 0.0], [-85.9728695707121, 39.7051421321623, 0.0], [-85.9728681989697, 39.7051430104799, 0.0], [-85.9728668367759, 39.7051438976199, 0.0], [-85.9728654842258, 39.7051447935205, 0.0], [-85.9728641414138, 39.7051456981189, 0.0], [-85.9728628084337, 39.7051466113521, 0.0], [-85.9728614853786, 39.7051475331563, 0.0], [-85.9728601723407, 39.7051484634672, 0.0], [-85.9728588694117, 39.7051494022198, 0.0], [-85.9728575766827, 39.7051503493486, 0.0], [-85.9728562942439, 39.7051513047874, 0.0], [-85.9728550221847, 39.7051522684696, 0.0], [-85.972853760594, 39.7051532403279, 0.0], [-85.9728525095599, 39.7051542202945, 0.0], [-85.9728512691697, 39.7051552083009, 0.0], [-85.9728500395099, 39.7051562042781, 0.0], [-85.9728488206665, 39.7051572081567, 0.0], [-85.9728476127246, 39.7051582198666, 0.0], [-85.9728464157683, 39.705159239337, 0.0], [-85.9728452298814, 39.7051602664969, 0.0], [-85.9728440551466, 39.7051613012746, 0.0], [-85.9728428916459, 39.7051623435977, 0.0], [-85.9728417394604, 39.7051633933937, 0.0], [-85.9728405986708, 39.705164450589, 0.0], [-85.9728394693566, 39.7051655151101, 0.0], [-85.9728383515966, 39.7051665868824, 0.0], [-85.9728372454689, 39.7051676658313, 0.0], [-85.9728361510507, 39.7051687518814, 0.0], [-85.9728350684184, 39.7051698449568, 0.0], [-85.9728339976476, 39.7051709449814, 0.0], [-85.972832938813, 39.7051720518782, 0.0], [-85.9728318919885, 39.70517316557, 0.0], [-85.9728308572473, 39.7051742859791, 0.0], [-85.9728298346615, 39.7051754130272, 0.0], [-85.9728288243026, 39.7051765466357, 0.0], [-85.9728278262411, 39.7051776867254, 0.0], [-85.9728268405466, 39.7051788332168, 0.0], [-85.972825867288, 39.7051799860297, 0.0], [-85.9728249065332, 39.7051811450838, 0.0], [-85.9728239583493, 39.705182310298, 0.0], [-85.9728230228025, 39.7051834815912, 0.0], [-85.972822099958, 39.7051846588814, 0.0], [-85.9728211898804, 39.7051858420865, 0.0], [-85.9728202926331, 39.705187031124, 0.0], [-85.9728194082789, 39.7051882259107, 0.0], [-85.9728185368793, 39.7051894263633, 0.0], [-85.9728176784953, 39.7051906323981, 0.0], [-85.9728168331868, 39.7051918439307, 0.0], [-85.9728160010128, 39.7051930608766, 0.0], [-85.9728151820314, 39.7051942831509, 0.0], [-85.9728143762998, 39.7051955106682, 0.0], [-85.9728135838741, 39.7051967433429, 0.0], [-85.9728128048098, 39.7051979810888, 0.0], [-85.9728120391613, 39.7051992238196, 0.0], [-85.9728112869818, 39.7052004714486, 0.0], [-85.9728105483241, 39.7052017238885, 0.0], [-85.9728098232397, 39.7052029810521, 0.0], [-85.9728090981552, 39.7052042382157, 0.0], [-85.9728083594973, 39.7052054906556, 0.0], [-85.9728076073178, 39.7052067382846, 0.0], [-85.9728068416691, 39.7052079810153, 0.0], [-85.9728060626045, 39.7052092187612, 0.0], [-85.9728052701786, 39.7052104514358, 0.0], [-85.9728044644466, 39.7052116789531, 0.0], [-85.9728036454647, 39.7052129012273, 0.0], [-85.9728028132902, 39.7052141181731, 0.0], [-85.9728019679811, 39.7052153297056, 0.0], [-85.9728011095965, 39.7052165357402, 0.0], [-85.9728002381963, 39.7052177361927, 0.0], [-85.9727993538413, 39.7052189309793, 0.0], [-85.9727984565932, 39.7052201200165, 0.0], [-85.9727975465147, 39.7052213032215, 0.0], [-85.9727966236694, 39.7052224805115, 0.0], [-85.9727956881216, 39.7052236518044, 0.0], [-85.9727947399366, 39.7052248170184, 0.0], [-85.9727937791806, 39.7052259760722, 0.0], [-85.9727928059208, 39.7052271288849, 0.0], [-85.972791820225, 39.7052282753759, 0.0], [-85.9727908221621, 39.7052294154653, 0.0], [-85.9727898118018, 39.7052305490734, 0.0], [-85.9727887892145, 39.7052316761212, 0.0], [-85.9727877544717, 39.7052327965299, 0.0], [-85.9727867076456, 39.7052339102213, 0.0], [-85.9727856488092, 39.7052350171176, 0.0], [-85.9727845780366, 39.7052361171417, 0.0], [-85.9727834954024, 39.7052372102167, 0.0], [-85.9727824009823, 39.7052382962662, 0.0], [-85.9727812948525, 39.7052393752146, 0.0], [-85.9727801770904, 39.7052404469864, 0.0], [-85.9727790477741, 39.7052415115068, 0.0], [-85.9727779069822, 39.7052425687015, 0.0], [-85.9727767547945, 39.7052436184968, 0.0], [-85.9727755912913, 39.7052446608193, 0.0], [-85.972774416554, 39.7052456955962, 0.0], [-85.9727732306645, 39.7052467227554, 0.0], [-85.9727720337056, 39.705247742225, 0.0], [-85.9727708257609, 39.7052487539341, 0.0], [-85.9727696069148, 39.7052497578118, 0.0], [-85.9727683772522, 39.7052507537882, 0.0], [-85.972767136859, 39.7052517417937, 0.0], [-85.9727658858218, 39.7052527217593, 0.0], [-85.9727646242281, 39.7052536936166, 0.0], [-85.9727633521657, 39.7052546572978, 0.0], [-85.9727620697236, 39.7052556127356, 0.0], [-85.9727607769912, 39.7052565598633, 0.0], [-85.9727594740589, 39.7052574986147, 0.0], [-85.9727581610176, 39.7052584289244, 0.0], [-85.9727568379588, 39.7052593507274, 0.0], [-85.9727555049751, 39.7052602639594, 0.0], [-85.9727541621594, 39.7052611685565, 0.0], [-85.9727528096055, 39.7052620644557, 0.0], [-85.9727514474079, 39.7052629515944, 0.0], [-85.9727500756616, 39.7052638299106, 0.0], [-85.9727486944623, 39.7052646993431, 0.0], [-85.9727473039065, 39.7052655598311, 0.0], [-85.9727459040914, 39.7052664113146, 0.0], [-85.9727444951145, 39.7052672537342, 0.0], [-85.9727430770743, 39.705268087031, 0.0], [-85.9727416500697, 39.7052689111468, 0.0], [-85.9727402142005, 39.7052697260242, 0.0], [-85.9727387695667, 39.7052705316061, 0.0], [-85.9727373162693, 39.7052713278365, 0.0], [-85.9727358544097, 39.7052721146597, 0.0], [-85.97273438409, 39.7052728920208, 0.0], [-85.9727329054129, 39.7052736598655, 0.0], [-85.9727314184814, 39.7052744181401, 0.0], [-85.9727299233996, 39.7052751667919, 0.0], [-85.9727284202716, 39.7052759057685, 0.0], [-85.9727269092025, 39.7052766350183, 0.0], [-85.9727253902978, 39.7052773544904, 0.0], [-85.9727238636634, 39.7052780641345, 0.0], [-85.972722329406, 39.7052787639013, 0.0], [-85.9727207876327, 39.7052794537417, 0.0], [-85.9727192384511, 39.7052801336076, 0.0], [-85.9727176819693, 39.7052808034517, 0.0], [-85.9727161182961, 39.705281463227, 0.0], [-85.9727145475405, 39.7052821128875, 0.0], [-85.9727129698122, 39.705282752388, 0.0], [-85.9727113852215, 39.7052833816837, 0.0], [-85.9727097938788, 39.7052840007308, 0.0], [-85.9727081958953, 39.7052846094859, 0.0], [-85.9727065913825, 39.7052852079066, 0.0], [-85.9727049804525, 39.7052857959512, 0.0], [-85.9727033632177, 39.7052863735785, 0.0], [-85.972701739791, 39.7052869407483, 0.0], [-85.9727001102858, 39.705287497421, 0.0], [-85.9726984748158, 39.7052880435576, 0.0], [-85.9726968334951, 39.7052885791201, 0.0], [-85.9726951864385, 39.7052891040711, 0.0], [-85.9726935337607, 39.7052896183739, 0.0], [-85.9726918755773, 39.7052901219927, 0.0], [-85.972690212004, 39.7052906148922, 0.0], [-85.9726885431569, 39.705291097038, 0.0], [-85.9726868691525, 39.7052915683966, 0.0], [-85.9726851901077, 39.705292028935, 0.0], [-85.9726835061397, 39.705292478621, 0.0], [-85.9726818173661, 39.7052929174233, 0.0], [-85.9726801239047, 39.7052933453111, 0.0], [-85.9726784258737, 39.7052937622548, 0.0], [-85.9726767233918, 39.705294168225, 0.0], [-85.9726750165778, 39.7052945631936, 0.0], [-85.9726733055508, 39.7052949471329, 0.0], [-85.9726715904303, 39.7052953200161, 0.0], [-85.972669871336, 39.7052956818172, 0.0], [-85.9726681483879, 39.7052960325109, 0.0], [-85.9726664217063, 39.7052963720728, 0.0], [-85.9726646914117, 39.7052967004791, 0.0], [-85.972662957625, 39.705297017707, 0.0], [-85.9726612204671, 39.7052973237342, 0.0], [-85.9726594800594, 39.7052976185394, 0.0], [-85.9726577365234, 39.7052979021021, 0.0], [-85.9726559899807, 39.7052981744024, 0.0], [-85.9726542405533, 39.7052984354213, 0.0], [-85.9726524883633, 39.7052986851406, 0.0], [-85.9726507335331, 39.7052989235429, 0.0], [-85.9726489761851, 39.7052991506115, 0.0], [-85.972647216442, 39.7052993663305, 0.0], [-85.9726454544268, 39.705299570685, 0.0], [-85.9726436902623, 39.7052997636606, 0.0], [-85.9726419240717, 39.7052999452439, 0.0], [-85.9726401559785, 39.7053001154223, 0.0], [-85.9726383861059, 39.7053002741837, 0.0], [-85.9726366145775, 39.7053004215171, 0.0], [-85.972634841517, 39.7053005574123, 0.0], [-85.9726342372573, 39.7053006010871, 0.0], [-85.9725505285576, 39.7056616512241, 0.0]]]}}, {"type": "Feature", "properties": { "fid": "Montgomery_Woods_145", "description": "13626.5006966443", "fill": "#add8e6", "fill-opacity": 0.7, "stroke": "#000000", "stroke-opacity": 1.0, "stroke-width": 1.0}, "geometry": {"type": "Polygon", "coordinates": [[[-85.9727910561797, 39.7056520854502, 0.0], [-85.9730315837316, 39.7056425191779, 0.0], [-85.9730576447155, 39.7055301105112, 0.0], [-85.9731046332359, 39.7053274343043, 0.0], [-85.9731637396383, 39.7050724881654, 0.0], [-85.9731603298025, 39.7050725988953, 0.0], [-85.9731564485887, 39.7050727426589, 0.0], [-85.9731525686213, 39.7050729052562, 0.0], [-85.9731486900534, 39.7050730866808, 0.0], [-85.9731448130383, 39.7050732869256, 0.0], [-85.9731409377288, 39.7050735059825, 0.0], [-85.9731370642781, 39.705073743843, 0.0], [-85.9731331928391, 39.7050740004976, 0.0], [-85.9731293235645, 39.7050742759363, 0.0], [-85.9731254566071, 39.7050745701481, 0.0], [-85.9731215921197, 39.7050748831215, 0.0], [-85.9731177302546, 39.7050752148441, 0.0], [-85.9731138711645, 39.7050755653027, 0.0], [-85.9731100150016, 39.7050759344837, 0.0], [-85.9731061619182, 39.7050763223723, 0.0], [-85.9731023120664, 39.7050767289533, 0.0], [-85.9730984655982, 39.7050771542106, 0.0], [-85.9730946226654, 39.7050775981274, 0.0], [-85.9730907834197, 39.7050780606863, 0.0], [-85.9730869480127, 39.7050785418689, 0.0], [-85.9730831165958, 39.7050790416562, 0.0], [-85.9730792893202, 39.7050795600286, 0.0], [-85.9730754663372, 39.7050800969655, 0.0], [-85.9730716477975, 39.7050806524458, 0.0], [-85.9730678338519, 39.7050812264475, 0.0], [-85.973064024651, 39.705081818948, 0.0], [-85.9730602203451, 39.7050824299239, 0.0], [-85.9730564210846, 39.705083059351, 0.0], [-85.9730526270192, 39.7050837072046, 0.0], [-85.9730488382989, 39.705084373459, 0.0], [-85.9730450550731, 39.7050850580879, 0.0], [-85.9730412774913, 39.7050857610644, 0.0], [-85.9730375057025, 39.7050864823605, 0.0], [-85.9730337398557, 39.705087221948, 0.0], [-85.9730299800996, 39.7050879797976, 0.0], [-85.9730262265825, 39.7050887558793, 0.0], [-85.9730224794526, 39.7050895501625, 0.0], [-85.9730187388579, 39.705090362616, 0.0], [-85.973015004946, 39.7050911932075, 0.0], [-85.9730112778644, 39.7050920419043, 0.0], [-85.9730075577602, 39.705092908673, 0.0], [-85.9730038447802, 39.7050937934792, 0.0], [-85.973000139071, 39.7050946962881, 0.0], [-85.9729964407789, 39.705095617064, 0.0], [-85.9729927500499, 39.7050965557705, 0.0], [-85.9729890670298, 39.7050975123707, 0.0], [-85.9729853918638, 39.7050984868267, 0.0], [-85.9729817246971, 39.7050994791001, 0.0], [-85.9729780656745, 39.7051004891517, 0.0], [-85.9729744149405, 39.7051015169416, 0.0], [-85.972970772639, 39.7051025624293, 0.0], [-85.972967138914, 39.7051036255735, 0.0], [-85.9729635139088, 39.7051047063321, 0.0], [-85.9729598977667, 39.7051058046626, 0.0], [-85.9729562906303, 39.7051069205216, 0.0], [-85.9729250718478, 39.7051166659909, 0.0], [-85.9729241389824, 39.7051169591817, 0.0], [-85.9729224930382, 39.7051174862026, 0.0], [-85.9729208528523, 39.7051180238277, 0.0], [-85.9729192185392, 39.7051185720196, 0.0], [-85.972917590213, 39.7051191307399, 0.0], [-85.9729159679875, 39.7051196999497, 0.0], [-85.9729143519757, 39.7051202796091, 0.0], [-85.9727910561797, 39.7056520854502, 0.0]]]}}, {"type": "Feature", "properties": { "fid": "Montgomery_Woods_140", "description": "11312.6869534393", "fill": "#add8e6", "fill-opacity": 0.7, "stroke": "#000000", "stroke-opacity": 1.0, "stroke-width": 1.0}, "geometry": {"type": "Polygon", "coordinates": [[[-85.9730252457812, 39.7064613244511, 0.0], [-85.9734648288264, 39.7063916491753, 0.0], [-85.973462463741, 39.7063826032904, 0.0], [-85.9734601722857, 39.7063735461066, 0.0], [-85.973457954551, 39.7063644779816, 0.0], [-85.9734558106242, 39.7063553992734, 0.0], [-85.97345374059, 39.7063463103404, 0.0], [-85.9734517445303, 39.7063372115414, 0.0], [-85.9734498225235, 39.7063281032356, 0.0], [-85.9734479746458, 39.7063189857826, 0.0], [-85.9734462009699, 39.7063098595424, 0.0], [-85.9734445015659, 39.7063007248751, 0.0], [-85.9734428765008, 39.7062915821416, 0.0], [-85.9734413258388, 39.7062824317026, 0.0], [-85.973439849641, 39.7062732739195, 0.0], [-85.9734384479656, 39.7062641091538, 0.0], [-85.9734371208681, 39.7062549377673, 0.0], [-85.9734358684008, 39.7062457601221, 0.0], [-85.973434690613, 39.7062365765805, 0.0], [-85.9734335875512, 39.706227387505, 0.0], [-85.9734335462355, 39.7062270306594, 0.0], [-85.9734335137921, 39.7062267577479, 0.0], [-85.9734333236593, 39.7062253856576, 0.0], [-85.9734330889464, 39.7062240176908, 0.0], [-85.9734328098019, 39.7062226547113, 0.0], [-85.9734324864019, 39.7062212975802, 0.0], [-85.9734321189508, 39.7062199471547, 0.0], [-85.9734317076806, 39.7062186042876, 0.0], [-85.9734312528512, 39.7062172698271, 0.0], [-85.9734307547498, 39.7062159446163, 0.0], [-85.973430213691, 39.7062146294919, 0.0], [-85.9734296300165, 39.7062133252849, 0.0], [-85.9734290040951, 39.7062120328188, 0.0], [-85.9734283363221, 39.70621075291, 0.0], [-85.9734276271192, 39.706209486367, 0.0], [-85.9734268769344, 39.7062082339898, 0.0], [-85.9734260862416, 39.7062069965693, 0.0], [-85.9734252555401, 39.7062057748872, 0.0], [-85.9734243853546, 39.706204569715, 0.0], [-85.9734234762349, 39.7062033818141, 0.0], [-85.9734225287551, 39.7062022119346, 0.0], [-85.9734215435136, 39.7062010608156, 0.0], [-85.9734205211327, 39.706199929184, 0.0], [-85.9734194622583, 39.7061988177547, 0.0], [-85.9734183675591, 39.7061977272296, 0.0], [-85.9734172377265, 39.7061966582976, 0.0], [-85.9734160734743, 39.7061956116338, 0.0], [-85.9734148755376, 39.7061945878993, 0.0], [-85.9734136446733, 39.7061935877408, 0.0], [-85.9734123816587, 39.7061926117898, 0.0], [-85.9734110872916, 39.706191660663, 0.0], [-85.9734097623895, 39.7061907349609, 0.0], [-85.9734084077893, 39.7061898352684, 0.0], [-85.9734070243465, 39.7061889621536, 0.0], [-85.9734056129351, 39.7061881161681, 0.0], [-85.9734041744463, 39.7061872978461, 0.0], [-85.9734027097889, 39.7061865077047, 0.0], [-85.9734012198879, 39.7061857462427, 0.0], [-85.9733997056844, 39.7061850139413, 0.0], [-85.9733981681348, 39.7061843112628, 0.0], [-85.9733966082103, 39.7061836386513, 0.0], [-85.973395026896, 39.7061829965314, 0.0], [-85.9733934251909, 39.7061823853087, 0.0], [-85.9733918041066, 39.7061818053694, 0.0], [-85.9733901646669, 39.7061812570797, 0.0], [-85.9733885079074, 39.7061807407859, 0.0], [-85.9733868348746, 39.7061802568142, 0.0], [-85.9733851466251, 39.7061798054701, 0.0], [-85.9733834442253, 39.7061793870389, 0.0], [-85.9733817287505, 39.7061790017848, 0.0], [-85.9733800012841, 39.706178649951, 0.0], [-85.9733782629174, 39.70617833176, 0.0], [-85.9733765147482, 39.7061780474125, 0.0], [-85.9733747578808, 39.7061777970883, 0.0], [-85.9733729934248, 39.7061775809454, 0.0], [-85.9733712224947, 39.7061773991203, 0.0], [-85.973369446209, 39.706177251728, 0.0], [-85.9733676656898, 39.7061771388614, 0.0], [-85.9733658820615, 39.7061770605919, 0.0], [-85.9733640964508, 39.7061770169689, 0.0], [-85.9733623099855, 39.70617700802, 0.0], [-85.972989077391, 39.7061787592229, 0.0], [-85.972989622171, 39.7062478718097, 0.0], [-85.9730252457812, 39.7064613244511, 0.0]]]}}, {"type": "Feature", "properties": { "fid": "Montgomery_Woods_139", "description": "8507.51962318088", "fill": "#add8e6", "fill-opacity": 0.7, "stroke": "#000000", "stroke-opacity": 1.0, "stroke-width": 1.0}, "geometry": {"type": "Polygon", "coordinates": [[[-85.9730918768003, 39.7066516841175, 0.0], [-85.9735207589258, 39.706562123186, 0.0], [-85.9734919169215, 39.7064797254097, 0.0], [-85.9734888348478, 39.7064708092416, 0.0], [-85.9734858253634, 39.7064618782925, 0.0], [-85.973482888587, 39.7064529329148, 0.0], [-85.9734800246345, 39.7064439734618, 0.0], [-85.973477233619, 39.7064350002873, 0.0], [-85.9734745156507, 39.7064260137453, 0.0], [-85.9734718708367, 39.7064170141908, 0.0], [-85.9734692992815, 39.7064080019789, 0.0], [-85.9734668010867, 39.7063989774656, 0.0], [-85.9734648288264, 39.7063916491753, 0.0], [-85.9730252457812, 39.7064613244511, 0.0], [-85.9730918768003, 39.7066516841175, 0.0]]]}}, {"type": "Feature", "properties": { "fid": "Montgomery_Woods_138", "description": "8249.99999991875", "fill": "#add8e6", "fill-opacity": 0.7, "stroke": "#000000", "stroke-opacity": 1.0, "stroke-width": 1.0}, "geometry": {"type": "Polygon", "coordinates": [[[-85.9730918768003, 39.7066516841175, 0.0], [-85.9731531015598, 39.7068265975425, 0.0], [-85.973581984694, 39.7067370363873, 0.0], [-85.9735207589258, 39.706562123186, 0.0], [-85.9730918768003, 39.7066516841175, 0.0]]]}}, {"type": "Feature", "properties": { "fid": "Montgomery_Woods_137", "description": "8250.03535534244", "fill": "#add8e6", "fill-opacity": 0.7, "stroke": "#000000", "stroke-opacity": 1.0, "stroke-width": 1.0}, "geometry": {"type": "Polygon", "coordinates": [[[-85.9732115987391, 39.7069937176513, 0.0], [-85.9732142441297, 39.7070015281585, 0.0], [-85.9736432107764, 39.706911949551, 0.0], [-85.973581984694, 39.7067370363873, 0.0], [-85.9731531015598, 39.7068265975425, 0.0], [-85.9732115987391, 39.7069937176513, 0.0]]]}}, {"type": "Feature", "properties": { "fid": "Montgomery_Woods_136", "description": "8556.80634671799", "fill": "#add8e6", "fill-opacity": 0.7, "stroke": "#000000", "stroke-opacity": 1.0, "stroke-width": 1.0}, "geometry": {"type": "Polygon", "coordinates": [[[-85.9732713479132, 39.7071701264426, 0.0], [-85.9737062369219, 39.7071071609805, 0.0], [-85.9737052083775, 39.7071029619244, 0.0], [-85.9737032287894, 39.7070950879774, 0.0], [-85.9737011851904, 39.7070872237921, 0.0], [-85.9736990776612, 39.7070793696791, 0.0], [-85.973696906285, 39.7070715259485, 0.0], [-85.9736946711476, 39.7070636929098, 0.0], [-85.9736923723372, 39.7070558708723, 0.0], [-85.9736900099447, 39.7070480601448, 0.0], [-85.9736875840632, 39.7070402610356, 0.0], [-85.9736850947886, 39.7070324738527, 0.0], [-85.9736825422191, 39.7070246989035, 0.0], [-85.9736799264556, 39.7070169364948, 0.0], [-85.9736772476014, 39.7070091869332, 0.0], [-85.9736432107764, 39.706911949551, 0.0], [-85.9732142441297, 39.7070015281585, 0.0], [-85.9732713479132, 39.7071701264426, 0.0]]]}}, {"type": "Feature", "properties": { "fid": "Montgomery_Woods_135", "description": "9528.51805349553", "fill": "#add8e6", "fill-opacity": 0.7, "stroke": "#000000", "stroke-opacity": 1.0, "stroke-width": 1.0}, "geometry": {"type": "Polygon", "coordinates": [[[-85.9732902887707, 39.7073466181981, 0.0], [-85.9737345697149, 39.7073449849327, 0.0], [-85.9737345158675, 39.707336280558, 0.0], [-85.9737344619344, 39.7073303984983, 0.0], [-85.9737343318453, 39.7073223781145, 0.0], [-85.9737341365167, 39.7073143585194, 0.0], [-85.9737338759565, 39.7073063400297, 0.0], [-85.9737335501749, 39.7072983229621, 0.0], [-85.9737331591847, 39.7072903076329, 0.0], [-85.9737327030015, 39.7072822943586, 0.0], [-85.9737321816434, 39.7072742834555, 0.0], [-85.9737315951308, 39.70726627524, 0.0], [-85.973730943487, 39.7072582700281, 0.0], [-85.9737302267377, 39.7072502681359, 0.0], [-85.9737294449113, 39.7072422698793, 0.0], [-85.9737285980386, 39.7072342755741, 0.0], [-85.9737276861531, 39.7072262855358, 0.0], [-85.9737267092907, 39.7072183000799, 0.0], [-85.9737256674902, 39.7072103195216, 0.0], [-85.9737245607927, 39.707202344176, 0.0], [-85.9737233892417, 39.7071943743579, 0.0], [-85.9737221528838, 39.707186410382, 0.0], [-85.9737208517676, 39.7071784525627, 0.0], [-85.9737194859445, 39.707170501214, 0.0], [-85.9737180554685, 39.7071625566501, 0.0], [-85.9737165603961, 39.7071546191844, 0.0], [-85.9737150007864, 39.7071466891303, 0.0], [-85.9737133767008, 39.7071387668009, 0.0], [-85.9737116882037, 39.707130852509, 0.0], [-85.9737099353616, 39.7071229465669, 0.0], [-85.9737081182437, 39.7071150492868, 0.0], [-85.9737062369219, 39.7071071609805, 0.0], [-85.9732713479132, 39.7071701264426, 0.0], [-85.9732902887707, 39.7073466181981, 0.0]]]}}, {"type": "Feature", "properties": { "fid": "Montgomery_Woods_134", "description": "8250.00000002115", "fill": "#add8e6", "fill-opacity": 0.7, "stroke": "#000000", "stroke-opacity": 1.0, "stroke-width": 1.0}, "geometry": {"type": "Polygon", "coordinates": [[[-85.9732914084937, 39.7075278089611, 0.0], [-85.9737356906088, 39.7075261756912, 0.0], [-85.9737345697149, 39.7073449849327, 0.0], [-85.9732902887707, 39.7073466181981, 0.0], [-85.9732914084937, 39.7075278089611, 0.0]]]}}, {"type": "Feature", "properties": { "fid": "Montgomery_Woods_133", "description": "8625.00000010745", "fill": "#add8e6", "fill-opacity": 0.7, "stroke": "#000000", "stroke-opacity": 1.0, "stroke-width": 1.0}, "geometry": {"type": "Polygon", "coordinates": [[[-85.9732925791226, 39.7077172356618, 0.0], [-85.973736862462, 39.7077156023873, 0.0], [-85.9737356906088, 39.7075261756912, 0.0], [-85.9732914084937, 39.7075278089611, 0.0], [-85.9732925791226, 39.7077172356618, 0.0]]]}}, {"type": "Feature", "properties": { "fid": "Montgomery_Woods_132", "description": "8624.99999999006", "fill": "#add8e6", "fill-opacity": 0.7, "stroke": "#000000", "stroke-opacity": 1.0, "stroke-width": 1.0}, "geometry": {"type": "Polygon", "coordinates": [[[-85.9732937497614, 39.7079066623562, 0.0], [-85.973738034325, 39.7079050290771, 0.0], [-85.973736862462, 39.7077156023873, 0.0], [-85.9732925791226, 39.7077172356618, 0.0], [-85.9732937497614, 39.7079066623562, 0.0]]]}}, {"type": "Feature", "properties": { "fid": "Montgomery_Woods_131", "description": "10443.7246613222", "fill": "#add8e6", "fill-opacity": 0.7, "stroke": "#000000", "stroke-opacity": 1.0, "stroke-width": 1.0}, "geometry": {"type": "Polygon", "coordinates": [[[-85.9732951751338, 39.708137306591, 0.0], [-85.9736681219187, 39.7081369893759, 0.0], [-85.973669275181, 39.7081369811669, 0.0], [-85.9736710609355, 39.7081369399217, 0.0], [-85.9736728447833, 39.7081368640274, 0.0], [-85.9736746255979, 39.7081367535318, 0.0], [-85.9736764022542, 39.7081366085048, 0.0], [-85.9736781736303, 39.7081364290381, 0.0], [-85.9736799386072, 39.7081362152448, 0.0], [-85.9736816960701, 39.7081359672602, 0.0], [-85.973683444909, 39.7081356852407, 0.0], [-85.9736851840192, 39.7081353693646, 0.0], [-85.9736869123024, 39.7081350198313, 0.0], [-85.9736886286669, 39.7081346368616, 0.0], [-85.9736903320286, 39.7081342206975, 0.0], [-85.9736920213115, 39.7081337716017, 0.0], [-85.9736936954489, 39.708133289858, 0.0], [-85.9736953533831, 39.7081327757706, 0.0], [-85.973696994067, 39.7081322296642, 0.0], [-85.9736986164643, 39.7081316518838, 0.0], [-85.9737002195503, 39.7081310427943, 0.0], [-85.9737018023124, 39.7081304027804, 0.0], [-85.973703363751, 39.7081297322463, 0.0], [-85.9737049028797, 39.7081290316156, 0.0], [-85.9737064187265, 39.7081283013309, 0.0], [-85.9737079103339, 39.7081275418533, 0.0], [-85.9737093767597, 39.7081267536626, 0.0], [-85.9737108170777, 39.7081259372566, 0.0], [-85.9737122303783, 39.708125093151, 0.0], [-85.9737136157687, 39.708124221879, 0.0], [-85.9737149723738, 39.7081233239908, 0.0], [-85.9737162993369, 39.7081224000536, 0.0], [-85.9737175958198, 39.708121450651, 0.0], [-85.9737188610035, 39.7081204763826, 0.0], [-85.9737200940891, 39.7081194778637, 0.0], [-85.9737212942975, 39.7081184557252, 0.0], [-85.9737224608709, 39.7081174106125, 0.0], [-85.9737235930722, 39.7081163431859, 0.0], [-85.9737246901865, 39.7081152541195, 0.0], [-85.9737257515207, 39.7081141441012, 0.0], [-85.9737267764045, 39.708113013832, 0.0], [-85.9737277641905, 39.708111864026, 0.0], [-85.9737287142549, 39.7081106954094, 0.0], [-85.9737296259975, 39.7081095087202, 0.0], [-85.9737304988425, 39.708108304708, 0.0], [-85.9737313322386, 39.7081070841333, 0.0], [-85.9737321256594, 39.7081058477671, 0.0], [-85.9737328786037, 39.7081045963902, 0.0], [-85.9737335905961, 39.7081033307931, 0.0], [-85.9737342611866, 39.7081020517751, 0.0], [-85.9737348899519, 39.7081007601441, 0.0], [-85.9737354764948, 39.7080994567159, 0.0], [-85.9737360204447, 39.7080981423138, 0.0], [-85.9737365214582, 39.708096817768, 0.0], [-85.9737369792188, 39.7080954839151, 0.0], [-85.9737373934373, 39.7080941415975, 0.0], [-85.9737377638522, 39.7080927916632, 0.0], [-85.9737380902294, 39.7080914349648, 0.0], [-85.9737383723628, 39.7080900723592, 0.0], [-85.9737386100743, 39.708088704707, 0.0], [-85.9737388032137, 39.7080873328721, 0.0], [-85.9737389516589, 39.708085957721, 0.0], [-85.9737390553163, 39.7080845801222, 0.0], [-85.9737391141203, 39.7080832009459, 0.0], [-85.9737391280339, 39.7080818210631, 0.0], [-85.973738034325, 39.7079050290771, 0.0], [-85.9732937497614, 39.7079066623562, 0.0], [-85.9732951751338, 39.708137306591, 0.0]]]}}, {"type": "Feature", "properties": { "fid": "Montgomery_Woods_130", "description": "8555.99999979723", "fill": "#add8e6", "fill-opacity": 0.7, "stroke": "#000000", "stroke-opacity": 1.0, "stroke-width": 1.0}, "geometry": {"type": "Polygon", "coordinates": [[[-85.9729190597993, 39.7081376252878, 0.0], [-85.9731643083565, 39.7081374176176, 0.0], [-85.9731638173655, 39.7077969949929, 0.0], [-85.9729185700228, 39.7077972026619, 0.0], [-85.9729190597993, 39.7081376252878, 0.0]]]}}, {"type": "Feature", "properties": { "fid": "Montgomery_Woods_129", "description": "8183.99999976991", "fill": "#add8e6", "fill-opacity": 0.7, "stroke": "#000000", "stroke-opacity": 1.0, "stroke-width": 1.0}, "geometry": {"type": "Polygon", "coordinates": [[[-85.9726844742183, 39.7081378234442, 0.0], [-85.9729190597993, 39.7081376252878, 0.0], [-85.9729185700228, 39.7077972026619, 0.0], [-85.9726839856036, 39.7077974008171, 0.0], [-85.9726844742183, 39.7081378234442, 0.0]]]}}, {"type": "Feature", "properties": { "fid": "Montgomery_Woods_128", "description": "10292.2926135182", "fill": "#add8e6", "fill-opacity": 0.7, "stroke": "#000000", "stroke-opacity": 1.0, "stroke-width": 1.0}, "geometry": {"type": "Polygon", "coordinates": [[[-85.9722467290809, 39.7080834123743, 0.0], [-85.9722467353062, 39.708083974961, 0.0], [-85.9722467821737, 39.7080853544114, 0.0], [-85.9722468739071, 39.7080867325171, 0.0], [-85.9722470104486, 39.7080881084075, 0.0], [-85.9722471917118, 39.7080894812136, 0.0], [-85.9722474175824, 39.7080908500684, 0.0], [-85.9722476879177, 39.7080922141072, 0.0], [-85.9722480025468, 39.7080935724685, 0.0], [-85.9722483612712, 39.7080949242942, 0.0], [-85.9722487638641, 39.7080962687307, 0.0], [-85.9722492100714, 39.7080976049286, 0.0], [-85.9722496996112, 39.708098932044, 0.0], [-85.9722502321742, 39.7081002492387, 0.0], [-85.9722508074242, 39.7081015556807, 0.0], [-85.9722514249978, 39.7081028505449, 0.0], [-85.9722520845048, 39.7081041330133, 0.0], [-85.9722527855288, 39.7081054022759, 0.0], [-85.972253527627, 39.7081066575311, 0.0], [-85.9722543103306, 39.708107897986, 0.0], [-85.9722551331453, 39.7081091228571, 0.0], [-85.9722559955514, 39.7081103313706, 0.0], [-85.9722568970041, 39.7081115227635, 0.0], [-85.9722578369341, 39.708112696283, 0.0], [-85.9722588147478, 39.708113851188, 0.0], [-85.9722598298274, 39.708114986749, 0.0], [-85.9722608815318, 39.7081161022488, 0.0], [-85.9722619691969, 39.7081171969827, 0.0], [-85.9722630921355, 39.7081182702595, 0.0], [-85.9722642496384, 39.708119321401, 0.0], [-85.9722654409745, 39.7081203497435, 0.0], [-85.9722666653914, 39.7081213546373, 0.0], [-85.9722679221156, 39.7081223354478, 0.0], [-85.9722692103534, 39.7081232915555, 0.0], [-85.9722705292912, 39.7081242223565, 0.0], [-85.9722718780957, 39.7081251272628, 0.0], [-85.9722732559152, 39.7081260057029, 0.0], [-85.9722746618793, 39.7081268571219, 0.0], [-85.9722760951001, 39.7081276809822, 0.0], [-85.9722775546722, 39.7081284767632, 0.0], [-85.9722790396737, 39.7081292439624, 0.0], [-85.9722805491668, 39.7081299820952, 0.0], [-85.9722820821979, 39.7081306906954, 0.0], [-85.9722836377988, 39.7081313693154, 0.0], [-85.9722852149869, 39.7081320175266, 0.0], [-85.972286812766, 39.7081326349195, 0.0], [-85.9722884301271, 39.7081332211042, 0.0], [-85.9722900660483, 39.7081337757105, 0.0], [-85.9722917194966, 39.708134298388, 0.0], [-85.9722933894274, 39.7081347888066, 0.0], [-85.9722950747862, 39.7081352466565, 0.0], [-85.9722967745084, 39.7081356716486, 0.0], [-85.9722984875202, 39.7081360635144, 0.0], [-85.97230021274, 39.7081364220064, 0.0], [-85.9723019490778, 39.7081367468983, 0.0], [-85.972303695437, 39.7081370379846, 0.0], [-85.9723054507146, 39.7081372950817, 0.0], [-85.9723072138019, 39.7081375180271, 0.0], [-85.9723089835852, 39.7081377066801, 0.0], [-85.9723107589468, 39.7081378609213, 0.0], [-85.9723125387653, 39.7081379806535, 0.0], [-85.9723143219165, 39.708138065801, 0.0], [-85.9723161072741, 39.7081381163101, 0.0], [-85.9723178937105, 39.7081381321487, 0.0], [-85.9726844742183, 39.7081378234442, 0.0], [-85.9726841416998, 39.707906155703, 0.0], [-85.9722459485416, 39.7079073097276, 0.0], [-85.9722467290809, 39.7080834123743, 0.0]]]}}, {"type": "Feature", "properties": { "fid": "Montgomery_Woods_127", "description": "8141.89442099945", "fill": "#add8e6", "fill-opacity": 0.7, "stroke": "#000000", "stroke-opacity": 1.0, "stroke-width": 1.0}, "geometry": {"type": "Polygon", "coordinates": [[[-85.9722459485416, 39.7079073097276, 0.0], [-85.9726841416998, 39.707906155703, 0.0], [-85.9726838816337, 39.7077249625221, 0.0], [-85.9722451454532, 39.7077261179776, 0.0], [-85.9722459485416, 39.7079073097276, 0.0]]]}}, {"type": "Feature", "properties": { "fid": "Montgomery_Woods_126", "description": "8151.99931865241", "fill": "#add8e6", "fill-opacity": 0.7, "stroke": "#000000", "stroke-opacity": 1.0, "stroke-width": 1.0}, "geometry": {"type": "Polygon", "coordinates": [[[-85.9722451454532, 39.7077261179776, 0.0], [-85.9726838816337, 39.7077249625221, 0.0], [-85.972683621572, 39.7075437693355, 0.0], [-85.972244342372, 39.707544926222, 0.0], [-85.9722451454532, 39.7077261179776, 0.0]]]}}, {"type": "Feature", "properties": { "fid": "Montgomery_Woods_125", "description": "8186.44366971071", "fill": "#add8e6", "fill-opacity": 0.7, "stroke": "#000000", "stroke-opacity": 1.0, "stroke-width": 1.0}, "geometry": {"type": "Polygon", "coordinates": [[[-85.972244342372, 39.707544926222, 0.0], [-85.972683621572, 39.7075437693355, 0.0], [-85.9726833621888, 39.7073630458318, 0.0], [-85.972243653311, 39.707362180717, 0.0], [-85.9722436302891, 39.7073670258394, 0.0], [-85.9722436371427, 39.7073858105304, 0.0], [-85.972244342372, 39.707544926222, 0.0]]]}}, {"type": "Feature", "properties": { "fid": "Montgomery_Woods_124", "description": "8499.82559396246", "fill": "#add8e6", "fill-opacity": 0.7, "stroke": "#000000", "stroke-opacity": 1.0, "stroke-width": 1.0}, "geometry": {"type": "Polygon", "coordinates": [[[-85.972243653311, 39.707362180717, 0.0], [-85.9726833621888, 39.7073630458318, 0.0], [-85.9726930441038, 39.7071870173118, 0.0], [-85.9722534311583, 39.7071627827911, 0.0], [-85.972243653311, 39.707362180717, 0.0], [-85.9722438386746, 39.7073433965732, 0.0], [-85.9722441768347, 39.7073246137016, 0.0], [-85.9722446677779, 39.7073058328438, 0.0], [-85.9722453114845, 39.7072870547412, 0.0], [-85.9722461079291, 39.707268280135, 0.0], [-85.9722470570802, 39.7072495097666, 0.0], [-85.9722481589, 39.7072307443769, 0.0], [-85.9722494133449, 39.7072119847067, 0.0], [-85.9722508203654, 39.7071932314966, 0.0], [-85.9722523799058, 39.707174485487, 0.0], [-85.9722534311583, 39.7071627827911, 0.0], [-85.972243653311, 39.707362180717, 0.0]]]}}, {"type": "Feature", "properties": { "fid": "Montgomery_Woods_123", "description": "8476.42191001952", "fill": "#add8e6", "fill-opacity": 0.7, "stroke": "#000000", "stroke-opacity": 1.0, "stroke-width": 1.0}, "geometry": {"type": "Polygon", "coordinates": [[[-85.9722534311583, 39.7071627827911, 0.0], [-85.9726930441038, 39.7071870173118, 0.0], [-85.9727167719584, 39.7070121422679, 0.0], [-85.9722802092259, 39.7069654368569, 0.0], [-85.9722534311583, 39.7071627827911, 0.0], [-85.9722552383313, 39.7071440500561, 0.0], [-85.9722571978494, 39.707125326463, 0.0], [-85.9722593096352, 39.7071066127512, 0.0], [-85.9722615736051, 39.7070879096594, 0.0], [-85.9722639896697, 39.7070692179259, 0.0], [-85.9722665577334, 39.7070505382887, 0.0], [-85.9722692776947, 39.7070318714851, 0.0], [-85.9722721494462, 39.7070132182522, 0.0], [-85.9722751728742, 39.7069945793263, 0.0], [-85.9722783478595, 39.7069759554432, 0.0], [-85.9722802092259, 39.7069654368569, 0.0], [-85.9722534311583, 39.7071627827911, 0.0]]]}}, {"type": "Feature", "properties": { "fid": "Montgomery_Woods_122", "description": "8168.12135187051", "fill": "#add8e6", "fill-opacity": 0.7, "stroke": "#000000", "stroke-opacity": 1.0, "stroke-width": 1.0}, "geometry": {"type": "Polygon", "coordinates": [[[-85.9722802092259, 39.7069654368569, 0.0], [-85.9727167719584, 39.7070121422679, 0.0], [-85.9727537813185, 39.706840739422, 0.0], [-85.9723199548289, 39.7067807240225, 0.0], [-85.9723042303492, 39.7068485439033, 0.0], [-85.9722802092259, 39.7069654368569, 0.0], [-85.9722836211686, 39.7069468379939, 0.0], [-85.9722871843346, 39.7069282560585, 0.0], [-85.9722908985831, 39.7069096917841, 0.0], [-85.9722947637675, 39.7068911459038, 0.0], [-85.9722987797348, 39.7068726191495, 0.0], [-85.9723029463266, 39.7068541122528, 0.0], [-85.9723042303492, 39.7068485439033, 0.0], [-85.9722802092259, 39.7069654368569, 0.0]]]}}, {"type": "Feature", "properties": { "fid": "Montgomery_Woods_121", "description": "8183.99999991519", "fill": "#add8e6", "fill-opacity": 0.7, "stroke": "#000000", "stroke-opacity": 1.0, "stroke-width": 1.0}, "geometry": {"type": "Polygon", "coordinates": [[[-85.9723199548289, 39.7067807240225, 0.0], [-85.9727537813185, 39.706840739422, 0.0], [-85.9727951327868, 39.7066623845096, 0.0], [-85.9723613073887, 39.7066023692625, 0.0], [-85.9723199548289, 39.7067807240225, 0.0]]]}}, {"type": "Feature", "properties": { "fid": "Montgomery_Woods_120", "description": "8550.17493758745", "fill": "#add8e6", "fill-opacity": 0.7, "stroke": "#000000", "stroke-opacity": 1.0, "stroke-width": 1.0}, "geometry": {"type": "Polygon", "coordinates": [[[-85.9723613073887, 39.7066023692625, 0.0], [-85.9727951327868, 39.7066623845096, 0.0], [-85.9728383636409, 39.706475922534, 0.0], [-85.9724082991018, 39.7064164275718, 0.0], [-85.9724074912835, 39.7064184032204, 0.0], [-85.9724066736553, 39.706420446785, 0.0], [-85.9724058726665, 39.7064224942775, 0.0], [-85.9724050883487, 39.7064245456172, 0.0], [-85.9724043207329, 39.7064266007231, 0.0], [-85.9724035698493, 39.7064286595139, 0.0], [-85.9724028357277, 39.7064307219085, 0.0], [-85.972402118397, 39.7064327878255, 0.0], [-85.9724014178855, 39.7064348571832, 0.0], [-85.972400734221, 39.7064369299, 0.0], [-85.9724000674303, 39.706439005894, 0.0], [-85.9723994175398, 39.7064410850833, 0.0], [-85.9723987845752, 39.7064431673858, 0.0], [-85.9723981685614, 39.7064452527193, 0.0], [-85.9723975695228, 39.7064473410015, 0.0], [-85.9723969874831, 39.70644943215, 0.0], [-85.9723964224651, 39.7064515260821, 0.0], [-85.9723958744912, 39.7064536227152, 0.0], [-85.9723953435831, 39.7064557219666, 0.0], [-85.9723948297617, 39.7064578237534, 0.0], [-85.9723943330473, 39.7064599279925, 0.0], [-85.9723613073887, 39.7066023692625, 0.0]]]}}, {"type": "Feature", "properties": { "fid": "Montgomery_Woods_16", "description": "8486.34722680317", "fill": "#add8e6", "fill-opacity": 0.7, "stroke": "#000000", "stroke-opacity": 1.0, "stroke-width": 1.0}, "geometry": {"type": "Polygon", "coordinates": [[[-85.9739843298638, 39.7074996193004, 0.0], [-85.9744463830384, 39.707497917907, 0.0], [-85.97444526249, 39.7073170850769, 0.0], [-85.9739831521982, 39.7073220284505, 0.0], [-85.973983280277, 39.7073312563976, 0.0], [-85.9739833131425, 39.7073353638512, 0.0], [-85.9739843298638, 39.7074996193004, 0.0]]]}}, {"type": "Feature", "properties": {"description": "10215.5964338179", "fill": "#add8e6", "fill-opacity": 0.7, "stroke": "#000000", "stroke-opacity": 1.0, "stroke-width": 1.0}, "geometry": {"type": "Polygon", "coordinates": [[[-85.9712587216773, 39.7112638643149, 0.0], [-85.9718921680045, 39.7112622010033, 0.0], [-85.971873828979, 39.7110728193705, 0.0], [-85.9713790533457, 39.7110741187796, 0.0], [-85.9713794710502, 39.711075456724, 0.0], [-85.9713798742666, 39.711076797317, 0.0], [-85.9713802629668, 39.7110781404651, 0.0], [-85.9713806371237, 39.7110794860746, 0.0], [-85.9713809967112, 39.7110808340514, 0.0], [-85.9713813417041, 39.7110821843014, 0.0], [-85.9713816720784, 39.7110835367305, 0.0], [-85.9713819878109, 39.7110848912441, 0.0], [-85.9713822888798, 39.7110862477478, 0.0], [-85.9713825752638, 39.7110876061468, 0.0], [-85.9713828469432, 39.7110889663463, 0.0], [-85.9713831038988, 39.7110903282514, 0.0], [-85.9713833461127, 39.7110916917669, 0.0], [-85.9713835735681, 39.7110930567977, 0.0], [-85.971383786249, 39.7110944232485, 0.0], [-85.9713839841406, 39.7110957910239, 0.0], [-85.9713841672291, 39.7110971600284, 0.0], [-85.9713843355018, 39.7110985301664, 0.0], [-85.9713844889467, 39.7110999013424, 0.0], [-85.9713846275534, 39.7111012734605, 0.0], [-85.9713847513119, 39.7111026464249, 0.0], [-85.9713848602138, 39.7111040201399, 0.0], [-85.9713849542515, 39.7111053945096, 0.0], [-85.9713850334183, 39.7111067694379, 0.0], [-85.9713850977087, 39.7111081448289, 0.0], [-85.9713851471183, 39.7111095205866, 0.0], [-85.9713851816435, 39.7111108966149, 0.0], [-85.9713852012821, 39.7111122728179, 0.0], [-85.9713852060325, 39.7111136490993, 0.0], [-85.9713851958945, 39.7111150253631, 0.0], [-85.9713851708688, 39.7111164015133, 0.0], [-85.9713851309571, 39.7111177774538, 0.0], [-85.9713850761623, 39.7111191530885, 0.0], [-85.971385006488, 39.7111205283214, 0.0], [-85.9713849219393, 39.7111219030565, 0.0], [-85.971384822522, 39.7111232771978, 0.0], [-85.971384708243, 39.7111246506494, 0.0], [-85.9713845791103, 39.7111260233154, 0.0], [-85.971384435133, 39.7111273950999, 0.0], [-85.9713842763211, 39.7111287659073, 0.0], [-85.9713841026856, 39.7111301356418, 0.0], [-85.9713839142387, 39.7111315042077, 0.0], [-85.9713837109936, 39.7111328715096, 0.0], [-85.9713834929644, 39.711134237452, 0.0], [-85.9713832601663, 39.7111356019396, 0.0], [-85.9713830126156, 39.711136964877, 0.0], [-85.9713827503297, 39.7111383261692, 0.0], [-85.9713824733267, 39.7111396857211, 0.0], [-85.971382181626, 39.7111410434378, 0.0], [-85.9713818752481, 39.7111423992244, 0.0], [-85.9713815542142, 39.7111437529865, 0.0], [-85.9713812185468, 39.7111451046294, 0.0], [-85.9713808682694, 39.7111464540588, 0.0], [-85.9713805034063, 39.7111478011805, 0.0], [-85.971380123983, 39.7111491459004, 0.0], [-85.9713797300261, 39.7111504881247, 0.0], [-85.971379321563, 39.7111518277597, 0.0], [-85.9713788986223, 39.7111531647118, 0.0], [-85.9713784612335, 39.7111544988878, 0.0], [-85.971378009427, 39.7111558301944, 0.0], [-85.9713775432345, 39.7111571585387, 0.0], [-85.9713770626885, 39.7111584838281, 0.0], [-85.9713765678226, 39.7111598059699, 0.0], [-85.9713760586712, 39.7111611248719, 0.0], [-85.9713755352699, 39.711162440442, 0.0], [-85.9713749976553, 39.7111637525884, 0.0], [-85.971374445865, 39.7111650612195, 0.0], [-85.9713738799373, 39.7111663662439, 0.0], [-85.9713732999118, 39.7111676675705, 0.0], [-85.9713727058291, 39.7111689651084, 0.0], [-85.9713720977306, 39.7111702587671, 0.0], [-85.9713714756587, 39.7111715484563, 0.0], [-85.9713708396568, 39.7111728340859, 0.0], [-85.9713701897695, 39.7111741155662, 0.0], [-85.9713695260419, 39.7111753928077, 0.0], [-85.9713688485205, 39.7111766657213, 0.0], [-85.9713681572526, 39.711177934218, 0.0], [-85.9713674522864, 39.7111791982094, 0.0], [-85.9713667336712, 39.7111804576072, 0.0], [-85.9713660014571, 39.7111817123235, 0.0], [-85.9713652556951, 39.7111829622707, 0.0], [-85.9713644964375, 39.7111842073614, 0.0], [-85.9713637237371, 39.7111854475089, 0.0], [-85.971362937648, 39.7111866826265, 0.0], [-85.9713621382249, 39.711187912628, 0.0], [-85.9713613255238, 39.7111891374276, 0.0], [-85.9713604996013, 39.7111903569397, 0.0], [-85.9713596605151, 39.7111915710791, 0.0], [-85.9713588083238, 39.7111927797612, 0.0], [-85.9713579430869, 39.7111939829016, 0.0], [-85.9713570648647, 39.7111951804162, 0.0], [-85.9713561737186, 39.7111963722215, 0.0], [-85.9713552697108, 39.7111975582343, 0.0], [-85.9713543529044, 39.7111987383717, 0.0], [-85.9713534233635, 39.7111999125514, 0.0], [-85.9713524811528, 39.7112010806914, 0.0], [-85.9713515263381, 39.7112022427102, 0.0], [-85.9713505589862, 39.7112033985266, 0.0], [-85.9713495791646, 39.71120454806, 0.0], [-85.9713485869416, 39.7112056912301, 0.0], [-85.9713475823866, 39.711206827957, 0.0], [-85.9713465655696, 39.7112079581615, 0.0], [-85.9713455365616, 39.7112090817647, 0.0], [-85.9713444954346, 39.711210198688, 0.0], [-85.971343442261, 39.7112113088536, 0.0], [-85.9713423771146, 39.7112124121839, 0.0], [-85.9713413000696, 39.7112135086019, 0.0], [-85.9713402112012, 39.711214598031, 0.0], [-85.9713391105855, 39.7112156803953, 0.0], [-85.9713379982992, 39.7112167556191, 0.0], [-85.97133687442, 39.7112178236273, 0.0], [-85.9713357390265, 39.7112188843455, 0.0], [-85.9713345921978, 39.7112199376996, 0.0], [-85.971333434014, 39.711220983616, 0.0], [-85.9713322645559, 39.7112220220217, 0.0], [-85.9713310839052, 39.7112230528443, 0.0], [-85.9713298921444, 39.7112240760117, 0.0], [-85.9713286893566, 39.7112250914525, 0.0], [-85.9713274756258, 39.7112260990959, 0.0], [-85.9713262510367, 39.7112270988716, 0.0], [-85.9713250156748, 39.7112280907096, 0.0], [-85.9713237696263, 39.7112290745408, 0.0], [-85.9713225129783, 39.7112300502964, 0.0], [-85.9713212458184, 39.7112310179085, 0.0], [-85.9713199682352, 39.7112319773093, 0.0], [-85.9713186803178, 39.711232928432, 0.0], [-85.971317382156, 39.7112338712101, 0.0], [-85.9713160738407, 39.7112348055779, 0.0], [-85.971314755463, 39.71123573147, 0.0], [-85.9713134271151, 39.7112366488219, 0.0], [-85.9713120888896, 39.7112375575696, 0.0], [-85.97131074088, 39.7112384576495, 0.0], [-85.9713093831803, 39.7112393489988, 0.0], [-85.9713080158854, 39.7112402315554, 0.0], [-85.9713066390908, 39.7112411052575, 0.0], [-85.9713052528924, 39.7112419700443, 0.0], [-85.9713038573872, 39.7112428258553, 0.0], [-85.9713024526725, 39.7112436726308, 0.0], [-85.9713010388464, 39.7112445103117, 0.0], [-85.9712996160075, 39.7112453388394, 0.0], [-85.9712981842553, 39.7112461581562, 0.0], [-85.9712967436896, 39.7112469682049, 0.0], [-85.9712952944111, 39.7112477689289, 0.0], [-85.9712938365209, 39.7112485602723, 0.0], [-85.9712923701208, 39.7112493421799, 0.0], [-85.9712908953131, 39.7112501145971, 0.0], [-85.9712894122009, 39.7112508774699, 0.0], [-85.9712879208876, 39.7112516307451, 0.0], [-85.9712864214774, 39.7112523743701, 0.0], [-85.9712849140749, 39.7112531082931, 0.0], [-85.9712833987853, 39.7112538324627, 0.0], [-85.9712818757146, 39.7112545468284, 0.0], [-85.9712803449689, 39.7112552513403, 0.0], [-85.9712788066551, 39.7112559459493, 0.0], [-85.9712772608807, 39.7112566306069, 0.0], [-85.9712757077536, 39.7112573052652, 0.0], [-85.9712741473821, 39.7112579698772, 0.0], [-85.9712725798752, 39.7112586243965, 0.0], [-85.9712710053423, 39.7112592687773, 0.0], [-85.9712694238934, 39.7112599029747, 0.0], [-85.9712678356389, 39.7112605269445, 0.0], [-85.9712662406896, 39.711261140643, 0.0], [-85.9712646391568, 39.7112617440275, 0.0], [-85.9712630311525, 39.7112623370557, 0.0], [-85.9712614167888, 39.7112629196863, 0.0], [-85.9712597961784, 39.7112634918787, 0.0], [-85.9712587216773, 39.7112638643149, 0.0]]]}}, {"type": "Feature", "properties": {"description": "9038.23988215227", "fill": "#add8e6", "fill-opacity": 0.7, "stroke": "#000000", "stroke-opacity": 1.0, "stroke-width": 1.0}, "geometry": {"type": "Polygon", "coordinates": [[[-85.97444526249, 39.7073170850769, 0.0], [-85.9739831521982, 39.7073220284505, 0.0], [-85.9739783912905, 39.7072365467839, 0.0], [-85.9739709532004, 39.7071750490634, 0.0], [-85.973967194317, 39.7071514242024, 0.0], [-85.9744253281393, 39.7071050269517, 0.0], [-85.97444526249, 39.7073170850769, 0.0]]]}}],  "fid": "Montgomery_Woods_C:\\Users\\Rebecca\\pbiTable\\demoTable\\assets"}