{"type": "FeatureCollection", "features": [{"geometry": {"type": "Polygon", "coordinates": [[[-86.16707, 39.60574], [-86.16705, 39.60556], [-86.16703, 39.605], [-86.16701, 39.6049], [-86.16703, 39.60474], [-86.16703, 39.60469], [-86.16703, 39.60459], [-86.16702, 39.60449], [-86.16702, 39.60439], [-86.16702, 39.60425], [-86.16702, 39.60419], [-86.16701, 39.60408], [-86.16701, 39.60398], [-86.16701, 39.60388], [-86.16701, 39.60378], [-86.16701, 39.60357], [-86.167, 39.60348], [-86.167, 39.60334], [-86.16699, 39.60302], [-86.16698, 39.60283], [-86.16698, 39.60269], [-86.16698, 39.60262], [-86.1668, 39.60262], [-86.16657, 39.60263], [-86.16616, 39.60263], [-86.16584, 39.60264], [-86.16556, 39.60265], [-86.16552, 39.60265], [-86.1653, 39.60267], [-86.16503, 39.60267], [-86.16477, 39.60268], [-86.16475, 39.60268], [-86.16474, 39.60187], [-86.16473, 39.60151], [-86.16472, 39.60109], [-86.1599, 39.60124], [-86.15989, 39.60099], [-86.15989, 39.60087], [-86.15986, 39.60081], [-86.15981, 39.60072], [-86.15978, 39.59987], [-86.16049, 39.59984], [-86.16082, 39.59983], [-86.16082, 39.59864], [-86.1592, 39.59869], [-86.15919, 39.59849], [-86.15923, 39.59714], [-86.15923, 39.59709], [-86.15923, 39.59694], [-86.15924, 39.59676], [-86.15924, 39.59647], [-86.15923, 39.59615], [-86.16139, 39.59611], [-86.16135, 39.59378], [-86.16132, 39.59241], [-86.16081, 39.59242], [-86.16042, 39.59243], [-86.16015, 39.59244], [-86.15981, 39.59246], [-86.15934, 39.59247], [-86.1592, 39.59247], [-86.15908, 39.59248], [-86.15907, 39.59211], [-86.15907, 39.591], [-86.15907, 39.59063], [-86.15907, 39.59061], [-86.15907, 39.59054], [-86.15907, 39.59052], [-86.15907, 39.59028], [-86.15907, 39.58956], [-86.15907, 39.58932], [-86.15905, 39.58881], [-86.15919, 39.5888], [-86.16078, 39.58879], [-86.16076, 39.58873], [-86.16055, 39.58862], [-86.16074, 39.58832], [-86.1603, 39.58796], [-86.1592, 39.58733], [-86.15918, 39.58604], [-86.15917, 39.5857], [-86.15916, 39.58516], [-86.15915, 39.58392], [-86.15915, 39.58359], [-86.15914, 39.5828], [-86.15914, 39.58185], [-86.15913, 39.58136], [-86.15911, 39.57958], [-86.16003, 39.57956], [-86.16003, 39.57836], [-86.16073, 39.57833], [-86.16074, 39.57774], [-86.16026, 39.57775], [-86.16, 39.57775], [-86.15985, 39.57776], [-86.15976, 39.57776], [-86.15922, 39.57776], [-86.15896, 39.57776], [-86.15895, 39.57743], [-86.15895, 39.57709], [-86.15894, 39.57643], [-86.15894, 39.5761], [-86.15895, 39.57594], [-86.15894, 39.57511], [-86.15893, 39.57427], [-86.15893, 39.57404], [-86.15893, 39.57279], [-86.15892, 39.57247], [-86.15891, 39.57214], [-86.1589, 39.57115], [-86.1589, 39.57104], [-86.15889, 39.57046], [-86.15889, 39.57022], [-86.15889, 39.57003], [-86.15889, 39.56954], [-86.15888, 39.5689], [-86.15888, 39.56839], [-86.15886, 39.56793], [-86.15885, 39.5677], [-86.15885, 39.56677], [-86.15885, 39.56663], [-86.15884, 39.56616], [-86.15884, 39.56588], [-86.15883, 39.56534], [-86.15884, 39.56527], [-86.15882, 39.56465], [-86.15882, 39.56451], [-86.15881, 39.56398], [-86.1588, 39.56333], [-86.1588, 39.56305], [-86.15879, 39.56219], [-86.15879, 39.56196], [-86.15879, 39.5611], [-86.15878, 39.56054], [-86.15876, 39.55906], [-86.15876, 39.5587], [-86.15875, 39.55762], [-86.15874, 39.55672], [-86.15876, 39.55613], [-86.15875, 39.55574], [-86.15873, 39.55529], [-86.15874, 39.55484], [-86.15874, 39.55477], [-86.15872, 39.55393], [-86.15873, 39.55353], [-86.15871, 39.55193], [-86.15871, 39.55135], [-86.15871, 39.55079], [-86.15871, 39.55019], [-86.15871, 39.55013], [-86.15869, 39.54847], [-86.15869, 39.54834], [-86.1582, 39.54834], [-86.15747, 39.54835], [-86.15718, 39.54836], [-86.15581, 39.54837], [-86.15569, 39.54837], [-86.15376, 39.5484], [-86.15199, 39.54841], [-86.1494, 39.54844], [-86.14717, 39.54847], [-86.14657, 39.54848], [-86.14422, 39.5485], [-86.14423, 39.54851], [-86.14315, 39.54852], [-86.14293, 39.54852], [-86.14077, 39.54854], [-86.14002, 39.54856], [-86.13968, 39.54865], [-86.13947, 39.54877], [-86.13952, 39.55127], [-86.13952, 39.55165], [-86.13958, 39.5551], [-86.13958, 39.55589], [-86.13957, 39.55664], [-86.13961, 39.56031], [-86.13964, 39.56198], [-86.13964, 39.56254], [-86.13966, 39.5632], [-86.13966, 39.5633], [-86.13966, 39.56359], [-86.13966, 39.56369], [-86.13966, 39.56503], [-86.13966, 39.56604], [-86.13966, 39.56645], [-86.13966, 39.56672], [-86.13967, 39.56906], [-86.13969, 39.57041], [-86.13969, 39.57099], [-86.13081, 39.57113], [-86.12551, 39.57121], [-86.12074, 39.57129], [-86.12074, 39.57301], [-86.116, 39.5732], [-86.116, 39.57332], [-86.116, 39.57355], [-86.116, 39.57383], [-86.116, 39.57471], [-86.11601, 39.57538], [-86.11602, 39.57589], [-86.11602, 39.576], [-86.11603, 39.57642], [-86.11604, 39.57663], [-86.11603, 39.578], [-86.11603, 39.57852], [-86.11603, 39.57867], [-86.11603, 39.57874], [-86.11404, 39.5788], [-86.11124, 39.57889], [-86.10684, 39.57903], [-86.10648, 39.57904], [-86.10531, 39.57908], [-86.10522, 39.57912], [-86.10518, 39.5792], [-86.10492, 39.57941], [-86.10299, 39.58094], [-86.10293, 39.58088], [-86.10269, 39.58088], [-86.10174, 39.58094], [-86.10173, 39.58088], [-86.10173, 39.58077], [-86.10173, 39.58074], [-86.10173, 39.58071], [-86.10173, 39.58069], [-86.10173, 39.58063], [-86.10173, 39.58054], [-86.10173, 39.5804], [-86.10173, 39.57949], [-86.10173, 39.57917], [-86.10167, 39.57918], [-86.10147, 39.57918], [-86.10143, 39.57918], [-86.10137, 39.57919], [-86.1007, 39.5792], [-86.10056, 39.57921], [-86.10055, 39.57793], [-86.10157, 39.57788], [-86.10171, 39.57788], [-86.10172, 39.57593], [-86.10154, 39.57593], [-86.1003, 39.57596], [-86.10029, 39.57589], [-86.10028, 39.57574], [-86.10029, 39.5756], [-86.10027, 39.57525], [-86.10172, 39.57521], [-86.10173, 39.57478], [-86.1017, 39.57467], [-86.09722, 39.57481], [-86.09689, 39.57483], [-86.09675, 39.57485], [-86.09673, 39.5748], [-86.09666, 39.57463], [-86.09658, 39.57438], [-86.09657, 39.57435], [-86.09654, 39.57428], [-86.09653, 39.57426], [-86.09651, 39.57421], [-86.09647, 39.5741], [-86.09629, 39.57363], [-86.09623, 39.57347], [-86.09619, 39.57337], [-86.09608, 39.57308], [-86.09605, 39.57299], [-86.096, 39.57286], [-86.09596, 39.57276], [-86.09595, 39.57272], [-86.0959, 39.57259], [-86.09565, 39.57195], [-86.09564, 39.57194], [-86.09563, 39.5719], [-86.09535, 39.57191], [-86.09516, 39.57191], [-86.08647, 39.57212], [-86.08636, 39.57212], [-86.08623, 39.57213], [-86.08756, 39.57534], [-86.08757, 39.57584], [-86.08352, 39.57591], [-86.08289, 39.57592], [-86.08289, 39.57553], [-86.08289, 39.5749], [-86.0829, 39.57389], [-86.0829, 39.57225], [-86.07821, 39.57237], [-86.07352, 39.57248], [-86.07305, 39.5725], [-86.07231, 39.57253], [-86.06412, 39.57277], [-86.05944, 39.57281], [-86.05674, 39.57282], [-86.05636, 39.57282], [-86.05696, 39.57369], [-86.05775, 39.57489], [-86.05818, 39.57558], [-86.05825, 39.57569], [-86.05869, 39.57648], [-86.05958, 39.57826], [-86.05978, 39.57871], [-86.06007, 39.57941], [-86.06019, 39.57973], [-86.0604, 39.58027], [-86.05942, 39.58027], [-86.05469, 39.58036], [-86.0534, 39.58036], [-86.05292, 39.58036], [-86.05069, 39.58039], [-86.0489, 39.58039], [-86.0477, 39.58041], [-86.04761, 39.58041], [-86.04614, 39.5804], [-86.04585, 39.5804], [-86.04523, 39.58041], [-86.04522, 39.58182], [-86.04522, 39.58204], [-86.0452, 39.58309], [-86.04521, 39.58368], [-86.04521, 39.5861], [-86.04521, 39.58628], [-86.04523, 39.58777], [-86.04471, 39.58777], [-86.04429, 39.58777], [-86.04357, 39.58775], [-86.04316, 39.58773], [-86.0427, 39.58771], [-86.04265, 39.58771], [-86.04226, 39.5877], [-86.04111, 39.58769], [-86.04108, 39.58769], [-86.04072, 39.58767], [-86.04057, 39.58767], [-86.04042, 39.58772], [-86.0404, 39.58776], [-86.04037, 39.5878], [-86.04035, 39.58792], [-86.04036, 39.58831], [-86.04037, 39.58907], [-86.04037, 39.58954], [-86.04037, 39.58979], [-86.04037, 39.59008], [-86.04038, 39.5903], [-86.04038, 39.59083], [-86.04038, 39.59108], [-86.0404, 39.59183], [-86.04041, 39.5927], [-86.04041, 39.59405], [-86.04041, 39.59505], [-86.04041, 39.5955], [-86.0404, 39.59608], [-86.0404, 39.59653], [-86.0404, 39.59682], [-86.0404, 39.59735], [-86.04041, 39.59757], [-86.0404, 39.59817], [-86.04039, 39.59864], [-86.04038, 39.60005], [-86.04038, 39.60099], [-86.04038, 39.60137], [-86.04036, 39.60248], [-86.04034, 39.6027], [-86.04032, 39.6033], [-86.04031, 39.60338], [-86.0403, 39.60358], [-86.0403, 39.60361], [-86.04029, 39.60377], [-86.04028, 39.60391], [-86.04122, 39.60394], [-86.04147, 39.60395], [-86.04121, 39.60633], [-86.04119, 39.60754], [-86.04118, 39.60789], [-86.04001, 39.6079], [-86.04001, 39.60797], [-86.04, 39.608], [-86.04, 39.60809], [-86.04, 39.60813], [-86.04, 39.6084], [-86.03999, 39.60905], [-86.03999, 39.60919], [-86.04121, 39.60919], [-86.0446, 39.60919], [-86.04461, 39.60942], [-86.04461, 39.60962], [-86.04462, 39.61089], [-86.04463, 39.6118], [-86.04467, 39.6118], [-86.04474, 39.61179], [-86.0477, 39.61172], [-86.04771, 39.61219], [-86.04858, 39.61217], [-86.04861, 39.61507], [-86.04835, 39.61508], [-86.04705, 39.61512], [-86.0463, 39.61513], [-86.04558, 39.61514], [-86.04544, 39.61514], [-86.04466, 39.61516], [-86.04467, 39.61656], [-86.04469, 39.61735], [-86.04464, 39.61891], [-86.04462, 39.62078], [-86.04462, 39.62092], [-86.04462, 39.62219], [-86.04463, 39.62243], [-86.05368, 39.62224], [-86.05432, 39.62224], [-86.05437, 39.62223], [-86.05476, 39.62223], [-86.055, 39.62223], [-86.0553, 39.62222], [-86.0561, 39.6222], [-86.05645, 39.6222], [-86.05652, 39.62219], [-86.05654, 39.62217], [-86.05656, 39.6221], [-86.05656, 39.62198], [-86.05655, 39.62196], [-86.05655, 39.62135], [-86.05655, 39.62114], [-86.05655, 39.62106], [-86.05654, 39.62087], [-86.05565, 39.62089], [-86.05564, 39.62041], [-86.05632, 39.6204], [-86.05654, 39.62039], [-86.05654, 39.62062], [-86.05654, 39.62064], [-86.05654, 39.62072], [-86.05654, 39.62075], [-86.05654, 39.62082], [-86.05843, 39.62078], [-86.05864, 39.62077], [-86.05887, 39.62077], [-86.05887, 39.62062], [-86.06153, 39.62055], [-86.06272, 39.62054], [-86.06297, 39.62053], [-86.06309, 39.62053], [-86.06309, 39.62013], [-86.06367, 39.6201], [-86.06368, 39.62103], [-86.06368, 39.62127], [-86.06368, 39.62141], [-86.06368, 39.62173], [-86.06369, 39.62286], [-86.0637, 39.6231], [-86.0637, 39.6234], [-86.06126, 39.62344], [-86.06118, 39.62307], [-86.06116, 39.62213], [-86.06082, 39.62213], [-86.05892, 39.62217], [-86.05892, 39.62588], [-86.05852, 39.62589], [-86.05684, 39.62592], [-86.05683, 39.62672], [-86.05418, 39.62675], [-86.05418, 39.62792], [-86.05418, 39.62834], [-86.05418, 39.62849], [-86.05418, 39.62888], [-86.05596, 39.62886], [-86.05684, 39.62885], [-86.05684, 39.62906], [-86.05683, 39.62965], [-86.05418, 39.62971], [-86.05419, 39.62984], [-86.05419, 39.631], [-86.05419, 39.63148], [-86.05419, 39.63179], [-86.05418, 39.63259], [-86.05418, 39.63329], [-86.05418, 39.63336], [-86.0584, 39.63326], [-86.05893, 39.63325], [-86.05893, 39.63694], [-86.06009, 39.63692], [-86.06028, 39.63691], [-86.06372, 39.63684], [-86.06824, 39.63673], [-86.0711, 39.63666], [-86.07166, 39.63664], [-86.07172, 39.63664], [-86.07259, 39.63663], [-86.07285, 39.63663], [-86.07317, 39.63662], [-86.07339, 39.63661], [-86.07399, 39.6366], [-86.07409, 39.6366], [-86.07421, 39.6366], [-86.07435, 39.63659], [-86.07442, 39.63659], [-86.07539, 39.63657], [-86.07586, 39.63657], [-86.07603, 39.63656], [-86.07639, 39.63655], [-86.07678, 39.63655], [-86.07707, 39.63654], [-86.0772, 39.63654], [-86.07928, 39.6365], [-86.08274, 39.63645], [-86.08595, 39.63634], [-86.08694, 39.63632], [-86.08766, 39.6363], [-86.0887, 39.63627], [-86.08893, 39.63626], [-86.09112, 39.63619], [-86.09154, 39.63618], [-86.09222, 39.63616], [-86.09229, 39.63616], [-86.09296, 39.63613], [-86.09314, 39.63613], [-86.09317, 39.63613], [-86.09339, 39.63612], [-86.09456, 39.63608], [-86.09482, 39.63608], [-86.09579, 39.63605], [-86.09586, 39.63605], [-86.09629, 39.63604], [-86.09853, 39.63597], [-86.09942, 39.63594], [-86.10002, 39.63592], [-86.10028, 39.63591], [-86.10153, 39.63586], [-86.10178, 39.63585], [-86.10194, 39.63586], [-86.10232, 39.63585], [-86.10318, 39.63584], [-86.10546, 39.63581], [-86.10629, 39.6358], [-86.1063, 39.63579], [-86.10659, 39.63579], [-86.10972, 39.63573], [-86.11124, 39.63576], [-86.11176, 39.63576], [-86.11302, 39.63572], [-86.11448, 39.6357], [-86.11452, 39.6357], [-86.11478, 39.6357], [-86.1153, 39.63569], [-86.11533, 39.63569], [-86.11651, 39.63563], [-86.11699, 39.63562], [-86.11714, 39.63561], [-86.11887, 39.63557], [-86.11924, 39.63557], [-86.11939, 39.63557], [-86.12112, 39.63555], [-86.12181, 39.63555], [-86.12236, 39.63555], [-86.12266, 39.63555], [-86.12336, 39.63555], [-86.12383, 39.63554], [-86.12429, 39.63554], [-86.12493, 39.63553], [-86.12544, 39.63553], [-86.12668, 39.63549], [-86.12687, 39.63548], [-86.12809, 39.6355], [-86.12811, 39.6355], [-86.12822, 39.63551], [-86.12832, 39.63551], [-86.12968, 39.6355], [-86.13134, 39.63549], [-86.13161, 39.63549], [-86.13245, 39.63549], [-86.1341, 39.63547], [-86.13478, 39.63546], [-86.13553, 39.63546], [-86.13791, 39.63545], [-86.13871, 39.63543], [-86.1388, 39.63542], [-86.13889, 39.63542], [-86.13923, 39.6354], [-86.13943, 39.63539], [-86.13949, 39.63539], [-86.13975, 39.63536], [-86.14127, 39.6353], [-86.14268, 39.63529], [-86.14318, 39.63529], [-86.14341, 39.63529], [-86.14403, 39.63527], [-86.14426, 39.63527], [-86.14428, 39.63527], [-86.14448, 39.63527], [-86.1457, 39.63527], [-86.14726, 39.63525], [-86.14809, 39.63524], [-86.14892, 39.63523], [-86.14925, 39.63523], [-86.14954, 39.63523], [-86.14969, 39.63523], [-86.15034, 39.63522], [-86.1506, 39.63522], [-86.1512, 39.63521], [-86.15122, 39.63521], [-86.153, 39.63517], [-86.15485, 39.63516], [-86.15512, 39.63516], [-86.15573, 39.63516], [-86.15691, 39.63514], [-86.15725, 39.63512], [-86.15731, 39.63512], [-86.15788, 39.63513], [-86.1584, 39.63511], [-86.16004, 39.63509], [-86.16255, 39.63504], [-86.16375, 39.63501], [-86.16374, 39.63449], [-86.1637, 39.63431], [-86.1637, 39.63425], [-86.1637, 39.63412], [-86.16369, 39.63121], [-86.16369, 39.63099], [-86.16369, 39.63075], [-86.16386, 39.63075], [-86.1654, 39.63074], [-86.16592, 39.63074], [-86.16616, 39.63074], [-86.16616, 39.62765], [-86.16602, 39.62766], [-86.16597, 39.62766], [-86.16485, 39.62768], [-86.16452, 39.62768], [-86.16412, 39.62769], [-86.16384, 39.6277], [-86.1634, 39.62771], [-86.16321, 39.62771], [-86.16321, 39.62722], [-86.16321, 39.62554], [-86.16322, 39.62503], [-86.16321, 39.62444], [-86.1632, 39.62368], [-86.16317, 39.62038], [-86.16316, 39.62006], [-86.16319, 39.61721], [-86.16319, 39.61609], [-86.1632, 39.61586], [-86.16321, 39.61461], [-86.16324, 39.61102], [-86.16324, 39.61066], [-86.16325, 39.61001], [-86.16325, 39.60961], [-86.16329, 39.60581], [-86.16363, 39.60581], [-86.16362, 39.60503], [-86.16364, 39.60503], [-86.16421, 39.60506], [-86.16422, 39.60562], [-86.16422, 39.60569], [-86.1642, 39.6058], [-86.16635, 39.60574], [-86.16648, 39.60574], [-86.16654, 39.60574], [-86.1667, 39.60573], [-86.16674, 39.60573], [-86.16707, 39.60574]]], "crs": null}, "id": 12, "type": "Feature", "properties": {"fid": 12, "statefp": "18", "namelsad": "Greenwood city", "municipalt": "Greenwood", "placefp": "29898", "munic_typ": "City", "SHAPE__Length": 0.5259769178677116, "SHAPE__Area": 0.007579778752000002}}, {"geometry": {"type": "Polygon", "coordinates": [[[-86.09468, 39.48136], [-86.09465, 39.48092], [-86.09464, 39.48071], [-86.09464, 39.4806], [-86.09462, 39.48027], [-86.09461, 39.48012], [-86.09461, 39.4801], [-86.09461, 39.47998], [-86.0946, 39.47995], [-86.0946, 39.47991], [-86.0946, 39.47986], [-86.09458, 39.47951], [-86.09458, 39.4795], [-86.09458, 39.47939], [-86.09456, 39.47915], [-86.09458, 39.47702], [-86.0936, 39.47733], [-86.0923, 39.47775], [-86.09215, 39.47779], [-86.09148, 39.478], [-86.09075, 39.47824], [-86.08992, 39.47849], [-86.08928, 39.4787], [-86.0885, 39.47896], [-86.08689, 39.47946], [-86.08611, 39.47971], [-86.08609, 39.47934], [-86.0861, 39.47924], [-86.08609, 39.47872], [-86.08609, 39.47809], [-86.08608, 39.47769], [-86.08453, 39.47769], [-86.08392, 39.47769], [-86.08377, 39.47769], [-86.08209, 39.47771], [-86.08148, 39.47772], [-86.08152, 39.47724], [-86.08152, 39.47711], [-86.08219, 39.47711], [-86.08221, 39.47648], [-86.08249, 39.47648], [-86.08286, 39.47648], [-86.08285, 39.47568], [-86.08282, 39.47421], [-86.08281, 39.47369], [-86.08279, 39.47367], [-86.08275, 39.47365], [-86.08269, 39.47362], [-86.08257, 39.47356], [-86.08246, 39.47351], [-86.0823, 39.47343], [-86.08225, 39.47341], [-86.08216, 39.47337], [-86.08204, 39.47332], [-86.08159, 39.47319], [-86.08149, 39.47317], [-86.08104, 39.47311], [-86.08079, 39.47304], [-86.08065, 39.47298], [-86.08053, 39.47293], [-86.08045, 39.47286], [-86.08027, 39.47272], [-86.08026, 39.47262], [-86.08025, 39.47256], [-86.08024, 39.47251], [-86.08022, 39.47242], [-86.08023, 39.47234], [-86.08019, 39.47225], [-86.08017, 39.47208], [-86.07993, 39.47192], [-86.07949, 39.47187], [-86.07916, 39.47191], [-86.07901, 39.47203], [-86.07896, 39.47214], [-86.07894, 39.47228], [-86.07893, 39.47247], [-86.07881, 39.47263], [-86.07871, 39.47278], [-86.07851, 39.47287], [-86.07837, 39.47284], [-86.07829, 39.47282], [-86.07808, 39.47264], [-86.078, 39.47241], [-86.07808, 39.4723], [-86.07811, 39.47223], [-86.07814, 39.47194], [-86.07811, 39.47191], [-86.07782, 39.47177], [-86.07756, 39.47177], [-86.07741, 39.47186], [-86.0773, 39.47193], [-86.07727, 39.47195], [-86.07714, 39.472], [-86.07701, 39.47205], [-86.07695, 39.4721], [-86.07682, 39.47218], [-86.07669, 39.47227], [-86.07663, 39.4723], [-86.07644, 39.47234], [-86.07638, 39.47235], [-86.07619, 39.47248], [-86.07606, 39.47269], [-86.07608, 39.47284], [-86.07609, 39.47294], [-86.07606, 39.47306], [-86.07604, 39.47309], [-86.07597, 39.47316], [-86.07579, 39.47322], [-86.07565, 39.47315], [-86.0756, 39.47313], [-86.07546, 39.47314], [-86.07522, 39.47315], [-86.07508, 39.47315], [-86.07488, 39.47316], [-86.07472, 39.47325], [-86.07462, 39.47337], [-86.07459, 39.47348], [-86.07455, 39.47359], [-86.07459, 39.47381], [-86.07466, 39.47394], [-86.07483, 39.47415], [-86.07483, 39.47429], [-86.07468, 39.47439], [-86.07451, 39.47444], [-86.07432, 39.47443], [-86.07427, 39.47442], [-86.07417, 39.47442], [-86.07416, 39.47424], [-86.07417, 39.47402], [-86.0742, 39.47072], [-86.0742, 39.47056], [-86.07621, 39.47047], [-86.07889, 39.47035], [-86.07889, 39.4695], [-86.07889, 39.46932], [-86.07888, 39.46895], [-86.07888, 39.46853], [-86.07886, 39.46716], [-86.07892, 39.46294], [-86.07781, 39.46297], [-86.07665, 39.463], [-86.0758, 39.46302], [-86.07367, 39.46307], [-86.07192, 39.46312], [-86.06567, 39.46328], [-86.06338, 39.46334], [-86.06309, 39.46368], [-86.06289, 39.4639], [-86.06275, 39.46405], [-86.06267, 39.46415], [-86.06256, 39.46427], [-86.06236, 39.4645], [-86.06231, 39.46457], [-86.06223, 39.46465], [-86.06196, 39.46496], [-86.06187, 39.46508], [-86.06137, 39.46563], [-86.06129, 39.46571], [-86.06113, 39.46589], [-86.06147, 39.46605], [-86.06233, 39.46651], [-86.06263, 39.46669], [-86.06288, 39.46682], [-86.06279, 39.46706], [-86.06244, 39.46789], [-86.06232, 39.46822], [-86.06225, 39.46839], [-86.06216, 39.46855], [-86.06199, 39.46894], [-86.06202, 39.46899], [-86.06202, 39.46914], [-86.06202, 39.46931], [-86.06202, 39.46941], [-86.06201, 39.46965], [-86.06201, 39.46996], [-86.06201, 39.47159], [-86.062, 39.47204], [-86.06201, 39.47213], [-86.06201, 39.47219], [-86.06201, 39.4723], [-86.06201, 39.47243], [-86.06201, 39.47286], [-86.062, 39.47299], [-86.062, 39.47314], [-86.06201, 39.47351], [-86.06201, 39.47365], [-86.06201, 39.47388], [-86.06189, 39.47399], [-86.06183, 39.4739], [-86.06181, 39.47386], [-86.06178, 39.47383], [-86.06171, 39.47371], [-86.06168, 39.47367], [-86.06163, 39.47359], [-86.06161, 39.47357], [-86.06159, 39.47353], [-86.06137, 39.47326], [-86.0613, 39.47316], [-86.06103, 39.47282], [-86.06102, 39.4728], [-86.06087, 39.47261], [-86.06071, 39.47242], [-86.06021, 39.4718], [-86.05995, 39.47146], [-86.05984, 39.47132], [-86.05951, 39.4709], [-86.0594, 39.47076], [-86.05943, 39.4707], [-86.05955, 39.47055], [-86.05959, 39.4705], [-86.05961, 39.47046], [-86.05968, 39.47034], [-86.05971, 39.47031], [-86.05975, 39.47025], [-86.05977, 39.47018], [-86.05956, 39.47018], [-86.05921, 39.47018], [-86.05894, 39.47019], [-86.05875, 39.46995], [-86.05844, 39.46957], [-86.05821, 39.46929], [-86.0576, 39.4685], [-86.05644, 39.46707], [-86.05637, 39.46699], [-86.0557, 39.46612], [-86.05533, 39.46567], [-86.055, 39.46526], [-86.05425, 39.46435], [-86.05389, 39.46391], [-86.05359, 39.46357], [-86.05357, 39.46354], [-86.05267, 39.4626], [-86.05236, 39.46228], [-86.05234, 39.46225], [-86.052, 39.46194], [-86.05185, 39.46179], [-86.05157, 39.46152], [-86.05068, 39.46073], [-86.05027, 39.46069], [-86.05, 39.46066], [-86.04877, 39.46069], [-86.04711, 39.46073], [-86.04534, 39.46077], [-86.04535, 39.46253], [-86.04535, 39.46359], [-86.04533, 39.46372], [-86.04313, 39.46372], [-86.0423, 39.46372], [-86.0408, 39.46371], [-86.0403, 39.4637], [-86.03937, 39.46369], [-86.03782, 39.46367], [-86.03782, 39.46381], [-86.03783, 39.46519], [-86.03784, 39.46622], [-86.03703, 39.46705], [-86.03606, 39.46807], [-86.03614, 39.46811], [-86.0363, 39.4682], [-86.03664, 39.46839], [-86.03695, 39.46855], [-86.03703, 39.46859], [-86.03716, 39.46866], [-86.03726, 39.46872], [-86.03759, 39.46889], [-86.03808, 39.46915], [-86.03829, 39.46925], [-86.0384, 39.46931], [-86.03852, 39.46937], [-86.03876, 39.4695], [-86.03891, 39.46958], [-86.03891, 39.46951], [-86.03892, 39.46817], [-86.03957, 39.46755], [-86.04032, 39.46755], [-86.04055, 39.46754], [-86.04061, 39.46754], [-86.04061, 39.46759], [-86.04061, 39.46781], [-86.04061, 39.46808], [-86.04063, 39.46869], [-86.04063, 39.46922], [-86.04064, 39.47011], [-86.04063, 39.47048], [-86.04062, 39.47057], [-86.04062, 39.47076], [-86.04062, 39.47097], [-86.04062, 39.47212], [-86.04063, 39.47265], [-86.04056, 39.47261], [-86.04038, 39.47248], [-86.04032, 39.47244], [-86.04014, 39.47232], [-86.0396, 39.47196], [-86.03951, 39.4719], [-86.03942, 39.47184], [-86.03923, 39.47172], [-86.03884, 39.47215], [-86.03767, 39.4734], [-86.03735, 39.47375], [-86.03729, 39.47384], [-86.03722, 39.4738], [-86.03674, 39.47357], [-86.03659, 39.47349], [-86.03612, 39.47325], [-86.03544, 39.47292], [-86.03512, 39.47275], [-86.03471, 39.47255], [-86.03347, 39.4743], [-86.03232, 39.47405], [-86.03381, 39.47212], [-86.03358, 39.472], [-86.03318, 39.4718], [-86.0311, 39.47078], [-86.03089, 39.47068], [-86.02967, 39.47007], [-86.02818, 39.46934], [-86.0268, 39.46865], [-86.02597, 39.46824], [-86.02598, 39.47016], [-86.02599, 39.47092], [-86.02601, 39.47522], [-86.01731, 39.47531], [-86.01732, 39.47528], [-86.01732, 39.47505], [-86.01732, 39.47481], [-86.01609, 39.47483], [-86.01581, 39.47484], [-86.01344, 39.47591], [-86.01213, 39.47591], [-86.01196, 39.47591], [-86.01189, 39.4757], [-86.01174, 39.47536], [-86.0117, 39.47525], [-86.01136, 39.47453], [-86.01093, 39.47373], [-86.01061, 39.47324], [-86.01019, 39.47255], [-86.00775, 39.46882], [-86.00733, 39.46816], [-86.00726, 39.46806], [-86.00624, 39.4665], [-86.0049, 39.46443], [-86.00489, 39.46442], [-86.00455, 39.46443], [-86.00419, 39.46444], [-85.99969, 39.46454], [-85.99828, 39.46458], [-85.99827, 39.46565], [-85.99827, 39.46635], [-85.99826, 39.46663], [-85.99826, 39.46753], [-85.99824, 39.46933], [-85.99825, 39.46976], [-85.99825, 39.47041], [-85.99825, 39.47322], [-85.99868, 39.4732], [-86.00279, 39.47309], [-86.00303, 39.47308], [-86.00304, 39.47338], [-86.00302, 39.4744], [-86.00302, 39.47706], [-86.00303, 39.47752], [-86.00301, 39.47802], [-86.00281, 39.47802], [-85.99831, 39.47817], [-85.99831, 39.47812], [-85.99831, 39.47765], [-85.99593, 39.4777], [-85.99588, 39.47775], [-85.99585, 39.47784], [-85.99584, 39.47794], [-85.99593, 39.47913], [-85.99594, 39.47938], [-85.9959, 39.47946], [-85.99577, 39.47952], [-85.99797, 39.47952], [-85.99828, 39.47952], [-85.99839, 39.48371], [-85.99784, 39.48373], [-85.99735, 39.48375], [-85.99647, 39.48378], [-85.99597, 39.48379], [-85.99526, 39.48381], [-85.99369, 39.48387], [-85.99327, 39.48387], [-85.99302, 39.48388], [-85.99193, 39.48393], [-85.99169, 39.48396], [-85.99129, 39.484], [-85.99099, 39.48405], [-85.99094, 39.48406], [-85.99058, 39.48414], [-85.99022, 39.48422], [-85.98998, 39.4843], [-85.98966, 39.4844], [-85.98938, 39.4845], [-85.98933, 39.48452], [-85.989, 39.48465], [-85.98894, 39.48467], [-85.98893, 39.48498], [-85.98893, 39.48674], [-85.98893, 39.48937], [-85.98894, 39.49459], [-85.99379, 39.49444], [-85.99378, 39.49398], [-85.99492, 39.49395], [-85.99491, 39.49279], [-85.99656, 39.49274], [-85.99657, 39.49333], [-85.99774, 39.49329], [-85.99831, 39.49328], [-85.99831, 39.49346], [-85.99834, 39.49353], [-85.99838, 39.49362], [-85.99839, 39.49368], [-85.99848, 39.49376], [-85.99871, 39.49394], [-85.99885, 39.49403], [-85.99895, 39.49408], [-85.99903, 39.49411], [-85.99926, 39.49417], [-85.99933, 39.4942], [-85.9997, 39.49422], [-85.99988, 39.49422], [-85.99999, 39.49421], [-86.0016, 39.49416], [-86.00455, 39.49408], [-86.00556, 39.49403], [-86.00583, 39.494], [-86.00779, 39.49399], [-86.00957, 39.49398], [-86.01403, 39.49398], [-86.01494, 39.49396], [-86.01673, 39.49393], [-86.01707, 39.49393], [-86.01712, 39.4941], [-86.01738, 39.49507], [-86.01772, 39.49625], [-86.01791, 39.49621], [-86.01803, 39.49619], [-86.01811, 39.49618], [-86.01869, 39.49609], [-86.01886, 39.49606], [-86.01972, 39.49591], [-86.02133, 39.49565], [-86.02142, 39.49564], [-86.02216, 39.49551], [-86.0227, 39.49542], [-86.02353, 39.49529], [-86.02434, 39.49515], [-86.02489, 39.49506], [-86.02514, 39.49502], [-86.02559, 39.49495], [-86.02589, 39.4949], [-86.02615, 39.49487], [-86.02617, 39.4952], [-86.02617, 39.49536], [-86.02618, 39.49569], [-86.02618, 39.49573], [-86.02711, 39.49571], [-86.02809, 39.49569], [-86.02859, 39.49568], [-86.02858, 39.49422], [-86.02858, 39.49396], [-86.02869, 39.4939], [-86.02931, 39.49354], [-86.02996, 39.49316], [-86.03045, 39.49289], [-86.0309, 39.49263], [-86.03109, 39.4925], [-86.03122, 39.49242], [-86.0315, 39.49223], [-86.03188, 39.49193], [-86.03288, 39.49111], [-86.03291, 39.49109], [-86.03316, 39.49094], [-86.03355, 39.49076], [-86.03367, 39.49084], [-86.03403, 39.49107], [-86.03411, 39.49112], [-86.03415, 39.49115], [-86.03419, 39.49118], [-86.0343, 39.49125], [-86.03506, 39.49179], [-86.03532, 39.49197], [-86.03632, 39.49267], [-86.03685, 39.49295], [-86.03731, 39.49313], [-86.03766, 39.49323], [-86.03773, 39.49324], [-86.03777, 39.49276], [-86.03777, 39.49271], [-86.03867, 39.49274], [-86.0407, 39.49281], [-86.04187, 39.49285], [-86.04187, 39.4931], [-86.04187, 39.49318], [-86.04188, 39.49327], [-86.04188, 39.49343], [-86.04188, 39.49352], [-86.04188, 39.49359], [-86.04189, 39.49377], [-86.04189, 39.49382], [-86.0419, 39.49389], [-86.04191, 39.49401], [-86.04192, 39.49408], [-86.04192, 39.49438], [-86.04193, 39.49442], [-86.04193, 39.4945], [-86.04195, 39.49478], [-86.04197, 39.49516], [-86.04135, 39.49511], [-86.04038, 39.49504], [-86.03959, 39.495], [-86.0388, 39.49493], [-86.03747, 39.49565], [-86.03693, 39.49594], [-86.03197, 39.49865], [-86.03112, 39.49911], [-86.03112, 39.50026], [-86.03265, 39.50025], [-86.03291, 39.50025], [-86.03291, 39.50034], [-86.03292, 39.50133], [-86.03291, 39.50772], [-86.02776, 39.50737], [-86.0276, 39.50736], [-86.0276, 39.50836], [-86.02759, 39.50857], [-86.02617, 39.50847], [-86.02617, 39.50868], [-86.02617, 39.50884], [-86.02617, 39.50898], [-86.02616, 39.50899], [-86.02617, 39.509], [-86.02621, 39.50903], [-86.02624, 39.50904], [-86.02627, 39.50905], [-86.02632, 39.50909], [-86.02638, 39.50917], [-86.02648, 39.50928], [-86.02652, 39.50931], [-86.02657, 39.50934], [-86.02663, 39.50937], [-86.02668, 39.50942], [-86.0267, 39.50945], [-86.02676, 39.50954], [-86.0268, 39.50959], [-86.02685, 39.50962], [-86.0269, 39.50965], [-86.02693, 39.50966], [-86.02697, 39.50968], [-86.02699, 39.5097], [-86.02702, 39.50973], [-86.02708, 39.5098], [-86.02715, 39.50987], [-86.02718, 39.50992], [-86.02731, 39.51004], [-86.02735, 39.51009], [-86.02738, 39.51012], [-86.02739, 39.51013], [-86.02741, 39.51015], [-86.02748, 39.51021], [-86.02756, 39.51024], [-86.02771, 39.51035], [-86.02773, 39.51038], [-86.02777, 39.51049], [-86.02777, 39.51057], [-86.02779, 39.51066], [-86.0278, 39.51073], [-86.02781, 39.51078], [-86.02783, 39.51085], [-86.02784, 39.51094], [-86.02782, 39.51101], [-86.02785, 39.51106], [-86.02788, 39.51112], [-86.02791, 39.51116], [-86.02792, 39.5112], [-86.02798, 39.51141], [-86.02801, 39.51166], [-86.02802, 39.51171], [-86.02803, 39.51174], [-86.02805, 39.51181], [-86.02808, 39.51191], [-86.02811, 39.512], [-86.02815, 39.51214], [-86.02818, 39.51219], [-86.02818, 39.51224], [-86.02821, 39.5124], [-86.02823, 39.51253], [-86.02828, 39.51276], [-86.02833, 39.51302], [-86.02835, 39.51324], [-86.02836, 39.51332], [-86.02837, 39.51345], [-86.02838, 39.51349], [-86.02841, 39.51357], [-86.02844, 39.51361], [-86.02847, 39.51366], [-86.0285, 39.51372], [-86.02853, 39.51378], [-86.02853, 39.51381], [-86.02854, 39.51387], [-86.02857, 39.51392], [-86.02861, 39.51399], [-86.02865, 39.51403], [-86.0287, 39.5141], [-86.0288, 39.51434], [-86.02888, 39.51461], [-86.02899, 39.5147], [-86.02907, 39.51479], [-86.02911, 39.51483], [-86.02918, 39.51488], [-86.02927, 39.51494], [-86.02945, 39.515], [-86.02948, 39.51501], [-86.0295, 39.51501], [-86.02957, 39.51504], [-86.02959, 39.51505], [-86.02985, 39.51521], [-86.02997, 39.51525], [-86.03003, 39.51527], [-86.03014, 39.51529], [-86.03034, 39.51532], [-86.03041, 39.51533], [-86.03046, 39.51538], [-86.03062, 39.51547], [-86.03072, 39.5155], [-86.03082, 39.5155], [-86.03088, 39.51549], [-86.03093, 39.51549], [-86.03099, 39.51552], [-86.03104, 39.51556], [-86.03107, 39.51559], [-86.03109, 39.51561], [-86.03114, 39.51564], [-86.03123, 39.5157], [-86.03133, 39.51576], [-86.03144, 39.51583], [-86.0315, 39.51586], [-86.03178, 39.51606], [-86.03179, 39.51609], [-86.0318, 39.51611], [-86.03182, 39.51613], [-86.03185, 39.51614], [-86.03195, 39.51629], [-86.03207, 39.51647], [-86.03208, 39.51649], [-86.03209, 39.5165], [-86.0321, 39.51652], [-86.03211, 39.51653], [-86.03214, 39.51658], [-86.03218, 39.51663], [-86.0322, 39.51667], [-86.03221, 39.5167], [-86.03222, 39.5168], [-86.03228, 39.5169], [-86.0323, 39.51695], [-86.03232, 39.51697], [-86.03237, 39.51703], [-86.03239, 39.51708], [-86.0324, 39.51711], [-86.03242, 39.51718], [-86.03244, 39.5172], [-86.03246, 39.51724], [-86.03248, 39.51727], [-86.03249, 39.51732], [-86.03251, 39.51734], [-86.03258, 39.51739], [-86.03264, 39.51744], [-86.03267, 39.51748], [-86.0327, 39.51753], [-86.03273, 39.51758], [-86.03274, 39.51761], [-86.03275, 39.51764], [-86.03275, 39.51769], [-86.03275, 39.51774], [-86.03276, 39.51791], [-86.03277, 39.51798], [-86.03277, 39.51801], [-86.03278, 39.51802], [-86.0328, 39.51806], [-86.03282, 39.5181], [-86.03283, 39.51813], [-86.03285, 39.51816], [-86.03292, 39.51833], [-86.03295, 39.51837], [-86.03297, 39.5184], [-86.03296, 39.51853], [-86.03298, 39.5187], [-86.03299, 39.51877], [-86.03298, 39.51879], [-86.03296, 39.5189], [-86.03296, 39.51909], [-86.03296, 39.51935], [-86.03297, 39.51949], [-86.03298, 39.51959], [-86.03299, 39.51966], [-86.033, 39.51985], [-86.033, 39.51995], [-86.03299, 39.52002], [-86.03297, 39.52015], [-86.03296, 39.52019], [-86.03296, 39.52027], [-86.03296, 39.52036], [-86.03297, 39.52039], [-86.03298, 39.52041], [-86.03299, 39.52048], [-86.03299, 39.52051], [-86.03295, 39.5206], [-86.03293, 39.52067], [-86.03292, 39.52069], [-86.03292, 39.52083], [-86.03291, 39.52086], [-86.03291, 39.52092], [-86.03291, 39.52094], [-86.03292, 39.52095], [-86.03292, 39.52096], [-86.03293, 39.52099], [-86.03293, 39.52101], [-86.03293, 39.52107], [-86.03293, 39.52108], [-86.03294, 39.52113], [-86.03294, 39.52118], [-86.03294, 39.52121], [-86.03296, 39.52128], [-86.03388, 39.52127], [-86.03478, 39.52125], [-86.03494, 39.52124], [-86.03539, 39.52123], [-86.03542, 39.52123], [-86.03557, 39.52122], [-86.03571, 39.52111], [-86.03585, 39.52102], [-86.03591, 39.52091], [-86.03593, 39.52078], [-86.03595, 39.52055], [-86.03595, 39.52043], [-86.03595, 39.51941], [-86.03595, 39.5186], [-86.03595, 39.51857], [-86.03595, 39.51812], [-86.03595, 39.51799], [-86.03596, 39.51795], [-86.03535, 39.51795], [-86.03436, 39.51797], [-86.03438, 39.51721], [-86.03535, 39.5172], [-86.03596, 39.51719], [-86.03596, 39.51704], [-86.03596, 39.51699], [-86.03596, 39.51621], [-86.03596, 39.51595], [-86.03596, 39.5159], [-86.03596, 39.51582], [-86.03593, 39.51582], [-86.03437, 39.51578], [-86.03435, 39.51519], [-86.036, 39.51534], [-86.03602, 39.51527], [-86.03604, 39.51511], [-86.03604, 39.51493], [-86.03605, 39.51491], [-86.03605, 39.51468], [-86.03605, 39.5146], [-86.03605, 39.51458], [-86.03605, 39.51436], [-86.03605, 39.51428], [-86.03606, 39.51417], [-86.03606, 39.51404], [-86.03606, 39.51384], [-86.03607, 39.51372], [-86.03608, 39.51345], [-86.03607, 39.51301], [-86.03607, 39.51287], [-86.03609, 39.51214], [-86.03609, 39.51152], [-86.03609, 39.51087], [-86.03609, 39.51083], [-86.03607, 39.51035], [-86.03607, 39.51016], [-86.03608, 39.50963], [-86.03607, 39.50867], [-86.03607, 39.50866], [-86.03607, 39.50793], [-86.03764, 39.50803], [-86.03818, 39.50807], [-86.03884, 39.50813], [-86.04086, 39.50823], [-86.04087, 39.51196], [-86.04302, 39.5121], [-86.04404, 39.51217], [-86.04555, 39.51228], [-86.04579, 39.51229], [-86.04579, 39.51222], [-86.04579, 39.51205], [-86.04579, 39.51191], [-86.0466, 39.51189], [-86.04775, 39.51187], [-86.04778, 39.51187], [-86.04944, 39.51185], [-86.04995, 39.51184], [-86.05337, 39.51179], [-86.05356, 39.51179], [-86.05543, 39.51176], [-86.05737, 39.51173], [-86.05736, 39.51103], [-86.05757, 39.51102], [-86.05796, 39.51102], [-86.05794, 39.51011], [-86.05791, 39.50843], [-86.05775, 39.50842], [-86.05734, 39.50842], [-86.05616, 39.5084], [-86.05581, 39.5084], [-86.05537, 39.50841], [-86.05536, 39.50831], [-86.05536, 39.50802], [-86.05536, 39.50795], [-86.05535, 39.50793], [-86.05535, 39.50787], [-86.05534, 39.50768], [-86.05534, 39.50762], [-86.05603, 39.50761], [-86.05731, 39.5076], [-86.05812, 39.50758], [-86.0584, 39.50758], [-86.05882, 39.50757], [-86.0591, 39.50757], [-86.05912, 39.50757], [-86.05911, 39.50836], [-86.0591, 39.50893], [-86.05908, 39.50994], [-86.05906, 39.51083], [-86.05905, 39.5116], [-86.05905, 39.51174], [-86.05929, 39.51175], [-86.05954, 39.51175], [-86.05983, 39.51159], [-86.06014, 39.51143], [-86.06039, 39.51131], [-86.06092, 39.51106], [-86.06147, 39.5108], [-86.06187, 39.51061], [-86.06118, 39.50834], [-86.06095, 39.50759], [-86.06093, 39.50754], [-86.06112, 39.50753], [-86.06135, 39.50753], [-86.06162, 39.50823], [-86.06234, 39.51008], [-86.06244, 39.51033], [-86.06256, 39.51065], [-86.06271, 39.51104], [-86.06288, 39.51149], [-86.06299, 39.51175], [-86.06309, 39.51202], [-86.06373, 39.51363], [-86.06421, 39.51488], [-86.06425, 39.51498], [-86.06435, 39.51525], [-86.06455, 39.51577], [-86.06395, 39.51577], [-86.06219, 39.51581], [-86.06155, 39.51581], [-86.06107, 39.51583], [-86.05941, 39.51588], [-86.05872, 39.51588], [-86.05881, 39.51591], [-86.05886, 39.51596], [-86.05886, 39.51597], [-86.0589, 39.51603], [-86.05891, 39.51614], [-86.05891, 39.51692], [-86.05891, 39.51695], [-86.0589, 39.5174], [-86.05891, 39.51814], [-86.05891, 39.51848], [-86.05891, 39.51865], [-86.05891, 39.51956], [-86.05891, 39.51979], [-86.05891, 39.52], [-86.0589, 39.52035], [-86.05891, 39.52075], [-86.05826, 39.52075], [-86.05689, 39.52077], [-86.05632, 39.52078], [-86.05567, 39.52079], [-86.05548, 39.5208], [-86.05548, 39.51983], [-86.05549, 39.51712], [-86.0555, 39.51666], [-86.05285, 39.51666], [-86.05285, 39.51661], [-86.05251, 39.51661], [-86.05152, 39.51661], [-86.05137, 39.51662], [-86.05069, 39.51662], [-86.0507, 39.51597], [-86.05052, 39.51597], [-86.04897, 39.51599], [-86.04789, 39.516], [-86.0479, 39.51893], [-86.0479, 39.51937], [-86.04793, 39.52093], [-86.04832, 39.52092], [-86.04836, 39.52092], [-86.04848, 39.52092], [-86.04919, 39.52091], [-86.05031, 39.52089], [-86.0507, 39.52088], [-86.05085, 39.52088], [-86.05164, 39.52087], [-86.05214, 39.52086], [-86.05242, 39.52086], [-86.05366, 39.52084], [-86.05417, 39.52083], [-86.05425, 39.52237], [-86.05422, 39.52409], [-86.0574, 39.52403], [-86.05809, 39.52402], [-86.05857, 39.52401], [-86.05863, 39.52401], [-86.05879, 39.52401], [-86.05886, 39.52401], [-86.0589, 39.52401], [-86.05893, 39.52401], [-86.05894, 39.52406], [-86.05894, 39.52415], [-86.05894, 39.52417], [-86.05893, 39.52436], [-86.05893, 39.52533], [-86.05893, 39.52552], [-86.05893, 39.52561], [-86.05894, 39.5259], [-86.05896, 39.52656], [-86.05897, 39.52741], [-86.05898, 39.52785], [-86.05902, 39.5315], [-86.05907, 39.53152], [-86.0601, 39.5315], [-86.06013, 39.5315], [-86.06013, 39.53169], [-86.06014, 39.53187], [-86.05908, 39.53189], [-86.05902, 39.53189], [-86.05902, 39.53195], [-86.05903, 39.53296], [-86.05903, 39.53307], [-86.05904, 39.53347], [-86.05904, 39.53358], [-86.05904, 39.53392], [-86.05905, 39.53404], [-86.05905, 39.53436], [-86.05907, 39.53532], [-86.05908, 39.53564], [-86.06122, 39.53561], [-86.06382, 39.53557], [-86.066, 39.53553], [-86.06764, 39.53549], [-86.06888, 39.53546], [-86.06978, 39.53545], [-86.07217, 39.53539], [-86.07233, 39.53539], [-86.07259, 39.53538], [-86.07311, 39.53538], [-86.07432, 39.53535], [-86.07502, 39.53534], [-86.07554, 39.53532], [-86.07716, 39.53529], [-86.07931, 39.53524], [-86.07952, 39.53523], [-86.07967, 39.53522], [-86.07966, 39.53485], [-86.08066, 39.53482], [-86.08086, 39.53482], [-86.08101, 39.5352], [-86.08126, 39.53517], [-86.08127, 39.5352], [-86.08152, 39.5352], [-86.08224, 39.53518], [-86.08261, 39.53517], [-86.08261, 39.53524], [-86.08262, 39.53532], [-86.08261, 39.53544], [-86.08262, 39.53554], [-86.08231, 39.53559], [-86.08183, 39.53568], [-86.08148, 39.53574], [-86.0815, 39.53578], [-86.08152, 39.53585], [-86.08167, 39.53621], [-86.08173, 39.53636], [-86.08241, 39.53811], [-86.08264, 39.5387], [-86.08265, 39.53872], [-86.08268, 39.53879], [-86.0827, 39.53881], [-86.08281, 39.53911], [-86.08315, 39.54002], [-86.08327, 39.54032], [-86.08342, 39.54071], [-86.08388, 39.54189], [-86.08404, 39.54229], [-86.08411, 39.54246], [-86.08417, 39.54259], [-86.08461, 39.54258], [-86.08596, 39.54254], [-86.08813, 39.54251], [-86.08853, 39.54251], [-86.0888, 39.54257], [-86.08883, 39.54251], [-86.0889, 39.54243], [-86.08894, 39.54243], [-86.08898, 39.5424], [-86.08923, 39.54219], [-86.08924, 39.54218], [-86.08934, 39.54209], [-86.08942, 39.54203], [-86.08948, 39.54197], [-86.0895, 39.54196], [-86.08964, 39.54183], [-86.08972, 39.54177], [-86.08983, 39.54166], [-86.09131, 39.54039], [-86.09201, 39.53979], [-86.0921, 39.53971], [-86.0921, 39.53965], [-86.09207, 39.53498], [-86.09207, 39.53495], [-86.09205, 39.53495], [-86.09204, 39.53408], [-86.09195, 39.53407], [-86.09176, 39.53408], [-86.09123, 39.53408], [-86.09039, 39.5341], [-86.09016, 39.5341], [-86.09015, 39.53331], [-86.09014, 39.53322], [-86.09015, 39.53319], [-86.09012, 39.52646], [-86.09008, 39.52646], [-86.08999, 39.52646], [-86.08751, 39.52651], [-86.08726, 39.52652], [-86.08728, 39.52747], [-86.08617, 39.5275], [-86.08585, 39.5275], [-86.0857, 39.5275], [-86.08255, 39.52757], [-86.08254, 39.52685], [-86.08254, 39.52637], [-86.08253, 39.52564], [-86.08253, 39.52524], [-86.08253, 39.52501], [-86.08252, 39.52482], [-86.08252, 39.52454], [-86.08252, 39.52432], [-86.08252, 39.52387], [-86.08251, 39.52349], [-86.08251, 39.52336], [-86.0825, 39.52212], [-86.0825, 39.52194], [-86.0825, 39.52133], [-86.08047, 39.52136], [-86.08029, 39.52136], [-86.08027, 39.52037], [-86.08029, 39.51915], [-86.08033, 39.51543], [-86.08034, 39.51522], [-86.08039, 39.51521], [-86.08108, 39.51519], [-86.0813, 39.51518], [-86.08278, 39.51513], [-86.08313, 39.51511], [-86.0832, 39.51511], [-86.08381, 39.51509], [-86.08414, 39.51508], [-86.08514, 39.51506], [-86.08548, 39.51505], [-86.08561, 39.51505], [-86.086, 39.51505], [-86.08603, 39.51505], [-86.08614, 39.51505], [-86.0866, 39.51504], [-86.08751, 39.51502], [-86.08767, 39.51501], [-86.08878, 39.515], [-86.08988, 39.51499], [-86.0907, 39.51497], [-86.09152, 39.51497], [-86.09227, 39.51496], [-86.09367, 39.51494], [-86.09365, 39.50744], [-86.09365, 39.5073], [-86.09323, 39.50731], [-86.09264, 39.50733], [-86.08916, 39.50741], [-86.088, 39.50744], [-86.08722, 39.50746], [-86.08489, 39.5075], [-86.08423, 39.50752], [-86.08404, 39.50752], [-86.08403, 39.50752], [-86.08304, 39.50752], [-86.08075, 39.50754], [-86.08049, 39.50752], [-86.08025, 39.50749], [-86.08025, 39.50759], [-86.08025, 39.50773], [-86.08025, 39.50776], [-86.07881, 39.50778], [-86.0785, 39.50779], [-86.0745, 39.5079], [-86.07451, 39.50643], [-86.0751, 39.50643], [-86.0751, 39.50631], [-86.07509, 39.50518], [-86.07508, 39.50447], [-86.07508, 39.50416], [-86.07509, 39.50411], [-86.07549, 39.50411], [-86.07549, 39.50402], [-86.07548, 39.50319], [-86.07603, 39.50319], [-86.07603, 39.50374], [-86.07604, 39.50402], [-86.07624, 39.50401], [-86.07668, 39.50401], [-86.07688, 39.50401], [-86.07772, 39.50401], [-86.07795, 39.504], [-86.07863, 39.504], [-86.07872, 39.504], [-86.07894, 39.504], [-86.0792, 39.50399], [-86.07919, 39.50358], [-86.07919, 39.50324], [-86.07919, 39.50299], [-86.07919, 39.50295], [-86.07919, 39.50284], [-86.07919, 39.50275], [-86.07919, 39.50256], [-86.0792, 39.50211], [-86.07966, 39.5021], [-86.07989, 39.5021], [-86.08042, 39.50209], [-86.0804, 39.50096], [-86.08041, 39.50019], [-86.08159, 39.50018], [-86.08398, 39.50014], [-86.08397, 39.49994], [-86.08397, 39.49967], [-86.08396, 39.49844], [-86.08396, 39.4969], [-86.08395, 39.49663], [-86.08395, 39.49634], [-86.08395, 39.4956], [-86.08395, 39.49519], [-86.08394, 39.49491], [-86.08394, 39.49451], [-86.08518, 39.49448], [-86.08695, 39.4945], [-86.08767, 39.4945], [-86.08834, 39.49445], [-86.08952, 39.49442], [-86.08968, 39.49443], [-86.08967, 39.50007], [-86.09358, 39.50002], [-86.09353, 39.49631], [-86.09352, 39.49574], [-86.09348, 39.49251], [-86.0924, 39.49252], [-86.09177, 39.49153], [-86.09108, 39.49051], [-86.0906, 39.48992], [-86.0903, 39.48961], [-86.09007, 39.4894], [-86.08888, 39.48854], [-86.08904, 39.48842], [-86.08967, 39.48794], [-86.08967, 39.48776], [-86.08967, 39.48707], [-86.08965, 39.48644], [-86.08962, 39.48506], [-86.08938, 39.48495], [-86.08935, 39.48493], [-86.08915, 39.48484], [-86.08878, 39.48467], [-86.08855, 39.48456], [-86.08835, 39.48447], [-86.08812, 39.48437], [-86.08801, 39.48432], [-86.08766, 39.48415], [-86.08711, 39.4839], [-86.08699, 39.48385], [-86.08665, 39.4837], [-86.08652, 39.48365], [-86.08627, 39.48355], [-86.08613, 39.4835], [-86.086, 39.48345], [-86.08575, 39.48337], [-86.08572, 39.48336], [-86.08547, 39.48327], [-86.08523, 39.48319], [-86.08515, 39.48317], [-86.08503, 39.48314], [-86.08478, 39.48307], [-86.08471, 39.48305], [-86.08465, 39.48304], [-86.08456, 39.48301], [-86.08456, 39.48273], [-86.08455, 39.48206], [-86.08455, 39.48141], [-86.08468, 39.48141], [-86.08581, 39.48141], [-86.08784, 39.48139], [-86.08855, 39.48139], [-86.09184, 39.48137], [-86.0929, 39.48137], [-86.09309, 39.48136], [-86.09346, 39.48136], [-86.09362, 39.48136], [-86.09381, 39.48136], [-86.09383, 39.48136], [-86.0946, 39.48135], [-86.09468, 39.48136]], [[-86.0837, 39.4813], [-86.08355, 39.48148], [-86.08333, 39.48177], [-86.08316, 39.48203], [-86.0831, 39.48212], [-86.08307, 39.48219], [-86.08296, 39.4824], [-86.08292, 39.4825], [-86.08288, 39.48249], [-86.08278, 39.48246], [-86.08275, 39.48245], [-86.0824, 39.48234], [-86.08222, 39.48229], [-86.08188, 39.48218], [-86.08164, 39.48211], [-86.08167, 39.48188], [-86.08167, 39.48142], [-86.08167, 39.4812], [-86.08237, 39.48121], [-86.08303, 39.4812], [-86.08327, 39.4812], [-86.08339, 39.48118], [-86.0837, 39.4813]], [[-86.08135, 39.48003], [-86.08136, 39.48056], [-86.08135, 39.48075], [-86.08133, 39.48093], [-86.08129, 39.48111], [-86.08128, 39.48118], [-86.08116, 39.48156], [-86.08102, 39.48192], [-86.08036, 39.48174], [-86.08033, 39.48173], [-86.07972, 39.48153], [-86.07902, 39.48131], [-86.07878, 39.48125], [-86.07843, 39.48114], [-86.07841, 39.48114], [-86.07828, 39.4811], [-86.07791, 39.48098], [-86.07779, 39.48095], [-86.07763, 39.48089], [-86.0775, 39.48086], [-86.07707, 39.48073], [-86.07668, 39.48061], [-86.07612, 39.48045], [-86.07557, 39.48028], [-86.07542, 39.48023], [-86.0751, 39.48015], [-86.07491, 39.48009], [-86.07479, 39.48005], [-86.07419, 39.4799], [-86.07421, 39.4795], [-86.07422, 39.47943], [-86.07421, 39.47914], [-86.07421, 39.47847], [-86.0742, 39.47831], [-86.0742, 39.4783], [-86.07422, 39.47792], [-86.0745, 39.47787], [-86.0746, 39.47786], [-86.07494, 39.47785], [-86.07553, 39.47784], [-86.07577, 39.47783], [-86.07594, 39.47783], [-86.07616, 39.47782], [-86.07654, 39.47781], [-86.07665, 39.47781], [-86.07737, 39.4778], [-86.07734, 39.47707], [-86.0779, 39.47705], [-86.07801, 39.47705], [-86.07912, 39.47705], [-86.08, 39.47704], [-86.08, 39.47716], [-86.08, 39.4774], [-86.08001, 39.47774], [-86.08004, 39.47774], [-86.08016, 39.47774], [-86.08039, 39.47774], [-86.08109, 39.47773], [-86.08133, 39.47773], [-86.08134, 39.47858], [-86.08135, 39.47862], [-86.08135, 39.47949], [-86.08135, 39.48003]], [[-86.07216, 39.48391], [-86.07217, 39.48552], [-86.07213, 39.48552], [-86.06882, 39.4856], [-86.0678, 39.48563], [-86.06637, 39.48567], [-86.06587, 39.48568], [-86.0658, 39.48568], [-86.06579, 39.4838], [-86.06579, 39.48343], [-86.0658, 39.48276], [-86.0658, 39.48226], [-86.0658, 39.48218], [-86.06579, 39.48203], [-86.06578, 39.48168], [-86.06578, 39.48157], [-86.06577, 39.48118], [-86.06577, 39.48109], [-86.06591, 39.48109], [-86.06599, 39.48109], [-86.06615, 39.4811], [-86.0663, 39.48109], [-86.06669, 39.48107], [-86.06736, 39.48104], [-86.06747, 39.48103], [-86.06763, 39.48102], [-86.06787, 39.48101], [-86.06866, 39.48095], [-86.07005, 39.48088], [-86.07214, 39.48078], [-86.07216, 39.48391]], [[-86.05946, 39.50269], [-86.05928, 39.50269], [-86.05538, 39.50271], [-86.05531, 39.50271], [-86.0553, 39.50245], [-86.0553, 39.50224], [-86.0553, 39.50218], [-86.0553, 39.50197], [-86.05529, 39.50188], [-86.05529, 39.50152], [-86.05529, 39.50146], [-86.05536, 39.50146], [-86.05584, 39.50146], [-86.05709, 39.50145], [-86.0589, 39.50145], [-86.05897, 39.50145], [-86.05917, 39.50196], [-86.05946, 39.50269]], [[-86.04187, 39.49187], [-86.04187, 39.49192], [-86.04071, 39.49192], [-86.04069, 39.49192], [-86.0399, 39.49192], [-86.0399, 39.49106], [-86.04069, 39.49105], [-86.04186, 39.49105], [-86.04186, 39.49114], [-86.04186, 39.49153], [-86.04187, 39.49187]], [[-86.04064, 39.47669], [-86.04064, 39.47681], [-86.04035, 39.47677], [-86.04004, 39.47673], [-86.04033, 39.47566], [-86.04039, 39.47544], [-86.0404, 39.47537], [-86.04046, 39.4754], [-86.04049, 39.47542], [-86.04052, 39.47543], [-86.04061, 39.47547], [-86.04064, 39.47549], [-86.04064, 39.4757], [-86.04064, 39.47603], [-86.04064, 39.47633], [-86.04064, 39.47654], [-86.04064, 39.47669]], [[-86.03987, 39.50069], [-86.03986, 39.50071], [-86.03985, 39.50075], [-86.0398, 39.50089], [-86.03977, 39.50101], [-86.03966, 39.50142], [-86.03954, 39.50181], [-86.03947, 39.50205], [-86.03943, 39.5022], [-86.03934, 39.50246], [-86.03933, 39.50248], [-86.03924, 39.50279], [-86.03921, 39.50292], [-86.03912, 39.50292], [-86.03902, 39.50292], [-86.03872, 39.50292], [-86.038, 39.50292], [-86.03791, 39.50292], [-86.03791, 39.50283], [-86.03793, 39.5011], [-86.03793, 39.50098], [-86.03793, 39.50055], [-86.03898, 39.50062], [-86.03987, 39.50069]], [[-86.03966, 39.47501], [-86.03969, 39.47502], [-86.03893, 39.47605], [-86.03806, 39.47568], [-86.03808, 39.47563], [-86.03869, 39.47452], [-86.03881, 39.47459], [-86.03896, 39.47466], [-86.03952, 39.47494], [-86.03966, 39.47501]], [[-86.00769, 39.48309], [-86.00768, 39.48313], [-86.00768, 39.4834], [-86.00723, 39.48343], [-86.00692, 39.48345], [-86.00591, 39.48348], [-86.00547, 39.48349], [-86.00544, 39.48349], [-86.00537, 39.4835], [-86.00535, 39.4835], [-86.00536, 39.48275], [-86.00537, 39.48223], [-86.00692, 39.48219], [-86.00711, 39.48218], [-86.00737, 39.48218], [-86.00742, 39.48218], [-86.00768, 39.48217], [-86.00768, 39.48219], [-86.00768, 39.48223], [-86.00768, 39.48231], [-86.00768, 39.48256], [-86.00769, 39.48309]]], "crs": null}, "id": 49, "type": "Feature", "properties": {"fid": 49, "statefp": "18", "namelsad": "Franklin city", "municipalt": "Franklin", "placefp": "25450", "munic_typ": "City", "SHAPE__Length": 0.7853953171335589, "SHAPE__Area": 0.003998261199000001}}, {"geometry": {"type": "Polygon", "coordinates": [[[-85.84317, 40.00095], [-85.84316, 40.00062], [-85.83845, 40.0006], [-85.83845, 39.9963], [-85.83845, 39.99505], [-85.83374, 39.99505], [-85.83373, 39.99393], [-85.83951, 39.99394], [-85.83945, 39.99393], [-85.83938, 39.99391], [-85.83897, 39.99379], [-85.83881, 39.99375], [-85.83783, 39.99351], [-85.83706, 39.99336], [-85.837, 39.99335], [-85.83644, 39.99327], [-85.83506, 39.99305], [-85.83492, 39.99303], [-85.83373, 39.99284], [-85.83266, 39.99269], [-85.83204, 39.9926], [-85.83168, 39.99254], [-85.83059, 39.99238], [-85.83016, 39.99231], [-85.8298, 39.99226], [-85.82901, 39.99214], [-85.82855, 39.99207], [-85.82815, 39.99201], [-85.82769, 39.99195], [-85.82721, 39.99188], [-85.82683, 39.99183], [-85.82617, 39.99175], [-85.82569, 39.99171], [-85.82514, 39.99166], [-85.82434, 39.99158], [-85.82432, 39.99157], [-85.82378, 39.99156], [-85.82372, 39.99156], [-85.82299, 39.99154], [-85.822, 39.99154], [-85.82032, 39.99155], [-85.8196, 39.99157], [-85.81872, 39.99159], [-85.81817, 39.9916], [-85.81762, 39.99161], [-85.81743, 39.99162], [-85.81572, 39.99165], [-85.81534, 39.99166], [-85.81488, 39.99167], [-85.81481, 39.99167], [-85.81422, 39.99168], [-85.81287, 39.99171], [-85.81017, 39.99177], [-85.80549, 39.99192], [-85.8016, 39.99201], [-85.80038, 39.99203], [-85.79911, 39.99206], [-85.79801, 39.99208], [-85.7968, 39.99211], [-85.79641, 39.99211], [-85.79625, 39.99212], [-85.79619, 39.99211], [-85.79619, 39.99205], [-85.7962, 39.99188], [-85.79619, 39.99164], [-85.79619, 39.99139], [-85.79584, 39.9914], [-85.7947, 39.99142], [-85.79364, 39.99145], [-85.79311, 39.99145], [-85.79196, 39.99148], [-85.78876, 39.99157], [-85.78856, 39.99157], [-85.78701, 39.9916], [-85.78701, 39.99184], [-85.78701, 39.99206], [-85.78701, 39.99228], [-85.78695, 39.99228], [-85.78658, 39.99229], [-85.78627, 39.9923], [-85.78605, 39.99233], [-85.78557, 39.99237], [-85.78515, 39.99242], [-85.78468, 39.9925], [-85.7843, 39.99258], [-85.78416, 39.99261], [-85.78363, 39.99276], [-85.78296, 39.99297], [-85.78253, 39.99313], [-85.78222, 39.99326], [-85.78208, 39.99332], [-85.78162, 39.99355], [-85.78124, 39.99374], [-85.78084, 39.99399], [-85.78047, 39.99423], [-85.78014, 39.99447], [-85.77975, 39.9948], [-85.77932, 39.99519], [-85.77902, 39.99551], [-85.77872, 39.99586], [-85.77853, 39.9961], [-85.7782, 39.99611], [-85.77786, 39.99612], [-85.77777, 39.99613], [-85.77754, 39.99604], [-85.77753, 39.99604], [-85.77511, 39.99604], [-85.771, 39.99604], [-85.76868, 39.99604], [-85.76793, 39.99605], [-85.76792, 39.99006], [-85.76761, 39.99024], [-85.76684, 39.99065], [-85.76631, 39.99096], [-85.76505, 39.99168], [-85.76408, 39.99223], [-85.76372, 39.99244], [-85.76287, 39.99292], [-85.76186, 39.99351], [-85.76137, 39.99377], [-85.76115, 39.99387], [-85.76096, 39.99395], [-85.76068, 39.99403], [-85.75972, 39.99432], [-85.75909, 39.99452], [-85.7579, 39.9949], [-85.75778, 39.99495], [-85.75767, 39.99502], [-85.75757, 39.99511], [-85.7573, 39.99537], [-85.75718, 39.99549], [-85.757, 39.99569], [-85.75674, 39.99602], [-85.75661, 39.9962], [-85.75652, 39.99636], [-85.75586, 39.99636], [-85.75567, 39.99636], [-85.75562, 39.99636], [-85.75557, 39.99636], [-85.75555, 39.99618], [-85.75557, 39.99604], [-85.75562, 39.9958], [-85.75563, 39.99569], [-85.75567, 39.99559], [-85.75572, 39.99549], [-85.75572, 39.99544], [-85.75572, 39.99536], [-85.7557, 39.99524], [-85.75565, 39.99506], [-85.75559, 39.99488], [-85.75553, 39.99466], [-85.75549, 39.99457], [-85.75546, 39.99453], [-85.75539, 39.99441], [-85.75534, 39.99429], [-85.7554, 39.99429], [-85.75541, 39.99433], [-85.75544, 39.99439], [-85.75547, 39.99445], [-85.7555, 39.99449], [-85.75551, 39.99451], [-85.75552, 39.99453], [-85.75558, 39.99452], [-85.75572, 39.99448], [-85.7559, 39.99441], [-85.75596, 39.99429], [-85.75599, 39.99422], [-85.75599, 39.99415], [-85.75597, 39.99411], [-85.75601, 39.99397], [-85.75603, 39.99374], [-85.75596, 39.99364], [-85.75587, 39.99351], [-85.75587, 39.99336], [-85.75585, 39.99326], [-85.75577, 39.99274], [-85.75563, 39.99274], [-85.75584, 39.99226], [-85.75581, 39.99191], [-85.75457, 39.99155], [-85.75462, 39.99146], [-85.75466, 39.99141], [-85.75471, 39.99133], [-85.75476, 39.99124], [-85.7548, 39.99118], [-85.75487, 39.99111], [-85.75491, 39.99107], [-85.75498, 39.99103], [-85.75503, 39.99098], [-85.7551, 39.99093], [-85.75513, 39.99091], [-85.75517, 39.99088], [-85.7552, 39.99086], [-85.75525, 39.99083], [-85.75528, 39.99082], [-85.75531, 39.9908], [-85.75532, 39.9908], [-85.75535, 39.99079], [-85.75538, 39.99079], [-85.75543, 39.99078], [-85.75551, 39.9908], [-85.75563, 39.99083], [-85.75565, 39.99083], [-85.7557, 39.99084], [-85.75574, 39.99085], [-85.75582, 39.99086], [-85.75587, 39.99087], [-85.75592, 39.99088], [-85.75597, 39.99087], [-85.75603, 39.99087], [-85.7561, 39.99086], [-85.75616, 39.99085], [-85.75622, 39.99083], [-85.75628, 39.99082], [-85.75634, 39.99082], [-85.75638, 39.99083], [-85.75645, 39.99082], [-85.75654, 39.9908], [-85.75664, 39.99075], [-85.75671, 39.99072], [-85.75679, 39.99068], [-85.75687, 39.99064], [-85.75693, 39.9906], [-85.757, 39.99055], [-85.75707, 39.99049], [-85.75712, 39.99043], [-85.75718, 39.99037], [-85.75724, 39.99033], [-85.75728, 39.9903], [-85.75733, 39.99026], [-85.75738, 39.99022], [-85.75743, 39.99016], [-85.75746, 39.99012], [-85.75748, 39.99008], [-85.75751, 39.99005], [-85.75756, 39.98999], [-85.75766, 39.98988], [-85.7577, 39.98982], [-85.75774, 39.98977], [-85.75778, 39.98973], [-85.75781, 39.98969], [-85.75784, 39.98964], [-85.75787, 39.98961], [-85.75789, 39.98957], [-85.75791, 39.98954], [-85.75794, 39.9895], [-85.75797, 39.98946], [-85.75799, 39.98943], [-85.75802, 39.98939], [-85.75804, 39.98936], [-85.75806, 39.98932], [-85.7581, 39.98928], [-85.75813, 39.98924], [-85.75815, 39.98921], [-85.75817, 39.98918], [-85.75818, 39.98917], [-85.75819, 39.98916], [-85.75821, 39.98913], [-85.75822, 39.98912], [-85.75825, 39.98909], [-85.75828, 39.98907], [-85.7583, 39.98904], [-85.75832, 39.98902], [-85.75833, 39.98901], [-85.75837, 39.98898], [-85.75838, 39.98895], [-85.7584, 39.98894], [-85.7584, 39.98881], [-85.7584, 39.98876], [-85.75845, 39.98876], [-85.75873, 39.98876], [-85.7588, 39.98871], [-85.75887, 39.98867], [-85.7589, 39.98863], [-85.75892, 39.98861], [-85.75896, 39.98858], [-85.75899, 39.98856], [-85.759, 39.98854], [-85.75903, 39.98852], [-85.75907, 39.98851], [-85.75912, 39.98848], [-85.75917, 39.98845], [-85.75922, 39.98842], [-85.75926, 39.98839], [-85.75929, 39.98836], [-85.75935, 39.98834], [-85.75939, 39.98832], [-85.75945, 39.98829], [-85.7595, 39.98826], [-85.75956, 39.98823], [-85.7596, 39.9882], [-85.75965, 39.98818], [-85.75971, 39.98815], [-85.75975, 39.98812], [-85.75977, 39.98811], [-85.7598, 39.98809], [-85.75981, 39.9881], [-85.75982, 39.98808], [-85.75985, 39.98804], [-85.75991, 39.98801], [-85.76001, 39.98795], [-85.76005, 39.98792], [-85.76011, 39.98788], [-85.76018, 39.98784], [-85.7602, 39.98783], [-85.76029, 39.98773], [-85.76033, 39.9877], [-85.76037, 39.98768], [-85.76043, 39.98763], [-85.76048, 39.9876], [-85.76053, 39.98757], [-85.76057, 39.98755], [-85.76059, 39.98754], [-85.7606, 39.98753], [-85.76062, 39.98753], [-85.76071, 39.98746], [-85.76092, 39.98741], [-85.76102, 39.98739], [-85.76112, 39.98737], [-85.76124, 39.98734], [-85.76139, 39.98727], [-85.76148, 39.98722], [-85.76152, 39.9872], [-85.76167, 39.98715], [-85.76169, 39.98714], [-85.76171, 39.98713], [-85.76174, 39.98711], [-85.76181, 39.98708], [-85.76192, 39.98703], [-85.76195, 39.98701], [-85.762, 39.98699], [-85.76207, 39.98696], [-85.7621, 39.98694], [-85.76212, 39.98693], [-85.76216, 39.98691], [-85.76223, 39.9869], [-85.76226, 39.98687], [-85.76233, 39.98684], [-85.76242, 39.98679], [-85.76244, 39.98678], [-85.76247, 39.98676], [-85.76239, 39.98672], [-85.76203, 39.98656], [-85.76137, 39.98625], [-85.76131, 39.98623], [-85.76012, 39.98568], [-85.75555, 39.9836], [-85.75572, 39.9834], [-85.75584, 39.98328], [-85.75604, 39.98306], [-85.7566, 39.98249], [-85.75698, 39.98216], [-85.75702, 39.98213], [-85.7579, 39.98137], [-85.75834, 39.98098], [-85.75838, 39.98095], [-85.75838, 39.98052], [-85.75839, 39.98031], [-85.75839, 39.98001], [-85.75839, 39.97978], [-85.75839, 39.97873], [-85.75839, 39.97855], [-85.75838, 39.97783], [-85.75722, 39.97783], [-85.75641, 39.97782], [-85.755, 39.97782], [-85.75443, 39.97782], [-85.75471, 39.97707], [-85.75502, 39.97626], [-85.75508, 39.97612], [-85.75498, 39.97612], [-85.7548, 39.97612], [-85.75413, 39.97612], [-85.75378, 39.97612], [-85.75336, 39.97613], [-85.75315, 39.97613], [-85.75315, 39.97605], [-85.75249, 39.97606], [-85.75193, 39.97607], [-85.75153, 39.97608], [-85.75111, 39.97609], [-85.75068, 39.97609], [-85.75054, 39.9761], [-85.75053, 39.97627], [-85.75054, 39.97637], [-85.75055, 39.97666], [-85.75055, 39.97695], [-85.75055, 39.97725], [-85.75055, 39.97754], [-85.75021, 39.97754], [-85.75021, 39.97762], [-85.75021, 39.9777], [-85.75055, 39.9777], [-85.75055, 39.97772], [-85.75055, 39.97821], [-85.75037, 39.97821], [-85.7502, 39.97821], [-85.74983, 39.97821], [-85.74959, 39.97821], [-85.74923, 39.97822], [-85.74889, 39.97822], [-85.74846, 39.97822], [-85.74805, 39.97822], [-85.74767, 39.97823], [-85.74728, 39.97823], [-85.74689, 39.97824], [-85.74649, 39.97824], [-85.7464, 39.97824], [-85.7461, 39.97824], [-85.74571, 39.97824], [-85.74551, 39.97824], [-85.74532, 39.97825], [-85.74493, 39.97825], [-85.74453, 39.97825], [-85.74424, 39.97825], [-85.74414, 39.97825], [-85.74414, 39.97842], [-85.74414, 39.97896], [-85.74394, 39.97896], [-85.73941, 39.97896], [-85.73939, 39.97572], [-85.73782, 39.97573], [-85.73782, 39.97438], [-85.73793, 39.97437], [-85.73797, 39.97437], [-85.73796, 39.97347], [-85.74074, 39.97346], [-85.74074, 39.97338], [-85.74075, 39.97069], [-85.73758, 39.97071], [-85.73758, 39.97247], [-85.73464, 39.97247], [-85.73466, 39.97399], [-85.73465, 39.9744], [-85.73378, 39.9744], [-85.7322, 39.9744], [-85.7299, 39.97442], [-85.72989, 39.97495], [-85.7299, 39.9756], [-85.7299, 39.97625], [-85.72991, 39.97763], [-85.72991, 39.97896], [-85.72992, 39.98019], [-85.72992, 39.98139], [-85.73114, 39.98139], [-85.73117, 39.98173], [-85.72993, 39.98173], [-85.72993, 39.98255], [-85.73083, 39.98255], [-85.73083, 39.98295], [-85.72994, 39.98297], [-85.72994, 39.98307], [-85.72994, 39.98364], [-85.73394, 39.98362], [-85.73394, 39.98514], [-85.73394, 39.98589], [-85.73083, 39.98591], [-85.73083, 39.98615], [-85.72995, 39.98615], [-85.72995, 39.98693], [-85.72996, 39.98801], [-85.72996, 39.98834], [-85.72997, 39.98858], [-85.72996, 39.98905], [-85.72522, 39.98912], [-85.72525, 39.99667], [-85.72568, 39.99679], [-85.72568, 39.99706], [-85.72569, 39.99775], [-85.72525, 39.99762], [-85.72525, 39.99836], [-85.72525, 39.99837], [-85.72524, 39.99852], [-85.72524, 39.99874], [-85.72524, 39.999], [-85.72525, 40.00031], [-85.72525, 40.00142], [-85.72525, 40.00156], [-85.72526, 40.00179], [-85.72529, 40.00371], [-85.72511, 40.00371], [-85.72413, 40.00371], [-85.7226, 40.00372], [-85.72244, 40.00372], [-85.72239, 40.00379], [-85.72232, 40.00388], [-85.72228, 40.00396], [-85.72224, 40.00405], [-85.72215, 40.0042], [-85.72211, 40.00433], [-85.72208, 40.00451], [-85.72211, 40.00473], [-85.72216, 40.00485], [-85.72218, 40.005], [-85.72218, 40.00513], [-85.72215, 40.00522], [-85.72211, 40.00536], [-85.72213, 40.00554], [-85.72224, 40.00564], [-85.72238, 40.0057], [-85.72252, 40.00576], [-85.72273, 40.00576], [-85.7231, 40.0057], [-85.72329, 40.00572], [-85.72341, 40.00574], [-85.72355, 40.00581], [-85.7239, 40.00606], [-85.72404, 40.00617], [-85.72429, 40.0063], [-85.7245, 40.00639], [-85.72455, 40.00639], [-85.72455, 40.00617], [-85.72455, 40.0056], [-85.72454, 40.00552], [-85.72535, 40.00575], [-85.72625, 40.00596], [-85.72631, 40.00598], [-85.72646, 40.006], [-85.72664, 40.006], [-85.7289, 40.00599], [-85.72909, 40.00597], [-85.72929, 40.00589], [-85.72947, 40.00577], [-85.72969, 40.00567], [-85.7299, 40.00564], [-85.73003, 40.00562], [-85.73014, 40.00561], [-85.73008, 40.00597], [-85.73008, 40.00669], [-85.73009, 40.00704], [-85.73009, 40.0071], [-85.73009, 40.00762], [-85.7302, 40.00762], [-85.73042, 40.00762], [-85.73092, 40.00762], [-85.73119, 40.00762], [-85.73131, 40.00762], [-85.73157, 40.00762], [-85.73188, 40.00762], [-85.73188, 40.00796], [-85.73187, 40.00807], [-85.73186, 40.00808], [-85.73216, 40.00808], [-85.73237, 40.00808], [-85.73253, 40.00808], [-85.73262, 40.00826], [-85.73262, 40.00854], [-85.73262, 40.00862], [-85.7326, 40.00862], [-85.73249, 40.00862], [-85.73244, 40.00863], [-85.73244, 40.00906], [-85.73244, 40.00913], [-85.73244, 40.00921], [-85.73243, 40.00973], [-85.73242, 40.00982], [-85.73237, 40.00982], [-85.73238, 40.01076], [-85.73235, 40.01076], [-85.73118, 40.01076], [-85.73118, 40.0103], [-85.7301, 40.01031], [-85.73009, 40.01076], [-85.73009, 40.0108], [-85.73009, 40.01112], [-85.72995, 40.01111], [-85.72944, 40.01111], [-85.72844, 40.01111], [-85.72825, 40.01111], [-85.72825, 40.01033], [-85.72824, 40.00975], [-85.72531, 40.00976], [-85.72531, 40.01194], [-85.72531, 40.01206], [-85.72532, 40.01323], [-85.72532, 40.0133], [-85.72652, 40.0133], [-85.72651, 40.01244], [-85.72714, 40.01244], [-85.72777, 40.01244], [-85.72777, 40.01233], [-85.72995, 40.01233], [-85.72997, 40.01233], [-85.73009, 40.01229], [-85.73009, 40.01233], [-85.73009, 40.01245], [-85.73008, 40.01281], [-85.73009, 40.015], [-85.73009, 40.01605], [-85.73009, 40.01709], [-85.73008, 40.01755], [-85.73007, 40.01844], [-85.73006, 40.0189], [-85.73006, 40.01949], [-85.73006, 40.0202], [-85.73006, 40.02068], [-85.73006, 40.02122], [-85.73004, 40.02325], [-85.73004, 40.02502], [-85.73001, 40.02546], [-85.72998, 40.02573], [-85.72997, 40.02578], [-85.72992, 40.026], [-85.72985, 40.02626], [-85.72979, 40.02645], [-85.72969, 40.0267], [-85.72957, 40.02696], [-85.72943, 40.02721], [-85.72934, 40.02736], [-85.72906, 40.02778], [-85.72887, 40.02802], [-85.72884, 40.02805], [-85.72848, 40.02844], [-85.72797, 40.02901], [-85.72688, 40.03025], [-85.72666, 40.03051], [-85.72675, 40.03055], [-85.72693, 40.03063], [-85.72721, 40.03076], [-85.72755, 40.03091], [-85.72772, 40.03099], [-85.72791, 40.03107], [-85.72812, 40.03117], [-85.7283, 40.03125], [-85.72848, 40.03133], [-85.72866, 40.03141], [-85.72885, 40.0315], [-85.72903, 40.03158], [-85.72922, 40.03166], [-85.7294, 40.03175], [-85.72959, 40.03183], [-85.72977, 40.03191], [-85.72995, 40.032], [-85.73061, 40.03225], [-85.73226, 40.0329], [-85.73242, 40.03303], [-85.73258, 40.03315], [-85.73279, 40.03315], [-85.73468, 40.03315], [-85.73615, 40.03314], [-85.73734, 40.03312], [-85.73763, 40.03304], [-85.73948, 40.03252], [-85.73954, 40.0325], [-85.74131, 40.032], [-85.74419, 40.03119], [-85.74471, 40.03105], [-85.74657, 40.03052], [-85.74799, 40.03009], [-85.74858, 40.02989], [-85.7489, 40.02976], [-85.74923, 40.02962], [-85.75056, 40.02912], [-85.7506, 40.0291], [-85.75066, 40.02908], [-85.75178, 40.02859], [-85.75298, 40.02801], [-85.75366, 40.02765], [-85.75394, 40.0275], [-85.75409, 40.02742], [-85.75479, 40.02714], [-85.75525, 40.02674], [-85.7555, 40.02659], [-85.75657, 40.02589], [-85.75687, 40.02569], [-85.7575, 40.02522], [-85.75813, 40.02474], [-85.75818, 40.02471], [-85.75821, 40.02468], [-85.75897, 40.02404], [-85.75977, 40.02333], [-85.76028, 40.02283], [-85.76045, 40.02266], [-85.76124, 40.02182], [-85.76174, 40.02124], [-85.76195, 40.02101], [-85.76261, 40.02017], [-85.76313, 40.01957], [-85.7634, 40.01919], [-85.76468, 40.01715], [-85.76473, 40.01708], [-85.76491, 40.01706], [-85.76517, 40.01721], [-85.76568, 40.01752], [-85.76726, 40.01845], [-85.76883, 40.01937], [-85.76969, 40.01988], [-85.77002, 40.02008], [-85.77077, 40.02051], [-85.77267, 40.02164], [-85.77354, 40.02216], [-85.77566, 40.02341], [-85.77581, 40.0235], [-85.77673, 40.02404], [-85.77727, 40.02436], [-85.77828, 40.02497], [-85.77854, 40.02512], [-85.77891, 40.02534], [-85.77903, 40.02541], [-85.77923, 40.02552], [-85.78, 40.02597], [-85.78152, 40.02688], [-85.78287, 40.02766], [-85.78312, 40.02783], [-85.78414, 40.02841], [-85.78433, 40.02852], [-85.78469, 40.02875], [-85.78665, 40.0299], [-85.78698, 40.03011], [-85.78779, 40.03058], [-85.7885, 40.03099], [-85.78901, 40.03129], [-85.78939, 40.03151], [-85.79161, 40.03154], [-85.79624, 40.03155], [-85.80463, 40.03165], [-85.80545, 40.03164], [-85.81478, 40.0316], [-85.81482, 40.02979], [-85.81484, 40.02796], [-85.81483, 40.02677], [-85.81483, 40.02433], [-85.81485, 40.02062], [-85.81484, 40.01702], [-85.81486, 40.01397], [-85.81487, 40.01284], [-85.81488, 40.01], [-85.81487, 40.00587], [-85.81487, 40.00584], [-85.81487, 40.00248], [-85.8153, 40.00248], [-85.81698, 40.00246], [-85.81966, 40.00244], [-85.82103, 40.00241], [-85.8238, 40.00238], [-85.82427, 40.00238], [-85.82509, 40.00237], [-85.82777, 40.00236], [-85.82913, 40.00235], [-85.83045, 40.00234], [-85.83181, 40.00234], [-85.83302, 40.00234], [-85.83372, 40.00234], [-85.8345, 40.00234], [-85.83589, 40.00235], [-85.83725, 40.00234], [-85.83996, 40.00235], [-85.84316, 40.00234], [-85.84316, 40.0021], [-85.84317, 40.00095]], [[-85.8141, 40.01368], [-85.8141, 40.0138], [-85.81403, 40.01378], [-85.81382, 40.01373], [-85.81243, 40.01341], [-85.81235, 40.01339], [-85.81208, 40.01333], [-85.81208, 40.01322], [-85.81208, 40.01282], [-85.81409, 40.01283], [-85.8141, 40.01368]], [[-85.80899, 40.0125], [-85.80899, 40.01262], [-85.80891, 40.01261], [-85.80836, 40.01248], [-85.80753, 40.01228], [-85.80753, 40.01214], [-85.80752, 40.01105], [-85.80899, 40.01104], [-85.80899, 40.0125]], [[-85.80546, 40.01162], [-85.80546, 40.01175], [-85.80413, 40.01122], [-85.8031, 40.0108], [-85.80281, 40.01068], [-85.80288, 40.01059], [-85.80346, 40.00978], [-85.80423, 40.0101], [-85.80499, 40.01043], [-85.80546, 40.01062], [-85.80546, 40.01162]], [[-85.80077, 40.00799], [-85.80077, 40.00811], [-85.80077, 40.00827], [-85.80074, 40.00967], [-85.80073, 40.00974], [-85.80068, 40.00985], [-85.80052, 40.00982], [-85.80043, 40.00981], [-85.79997, 40.00978], [-85.79937, 40.00976], [-85.7984, 40.00972], [-85.79838, 40.01339], [-85.79838, 40.01359], [-85.79609, 40.01356], [-85.79492, 40.01354], [-85.79459, 40.01353], [-85.79359, 40.01352], [-85.79246, 40.0135], [-85.79136, 40.01348], [-85.79129, 40.01348], [-85.79123, 40.01348], [-85.79117, 40.01348], [-85.79117, 40.01341], [-85.78983, 40.01342], [-85.78979, 40.01342], [-85.78943, 40.01342], [-85.78946, 40.01314], [-85.78966, 40.01314], [-85.78957, 40.01265], [-85.78952, 40.01265], [-85.78959, 40.0121], [-85.78964, 40.01175], [-85.7897, 40.01175], [-85.78967, 40.01194], [-85.78972, 40.01194], [-85.79061, 40.01194], [-85.79123, 40.01195], [-85.79123, 40.01193], [-85.79124, 40.01176], [-85.79125, 40.01135], [-85.79124, 40.01116], [-85.79125, 40.01041], [-85.79128, 40.0097], [-85.79128, 40.00965], [-85.79129, 40.00958], [-85.79113, 40.00958], [-85.79099, 40.00958], [-85.7901, 40.00956], [-85.79011, 40.00943], [-85.79011, 40.00933], [-85.79011, 40.00895], [-85.79013, 40.00778], [-85.78695, 40.00776], [-85.78695, 40.00754], [-85.78695, 40.00685], [-85.78697, 40.00589], [-85.78698, 40.00485], [-85.78788, 40.00485], [-85.78789, 40.0054], [-85.78794, 40.00549], [-85.78794, 40.0056], [-85.78794, 40.00563], [-85.78792, 40.00581], [-85.7879, 40.00593], [-85.78877, 40.00595], [-85.78879, 40.00595], [-85.78894, 40.00595], [-85.78922, 40.00596], [-85.78926, 40.00596], [-85.78951, 40.00596], [-85.7897, 40.00596], [-85.78972, 40.00596], [-85.79016, 40.00597], [-85.79019, 40.00597], [-85.79062, 40.00598], [-85.79065, 40.00598], [-85.79109, 40.00599], [-85.79111, 40.00599], [-85.7913, 40.00599], [-85.79155, 40.006], [-85.79159, 40.006], [-85.79185, 40.006], [-85.79189, 40.006], [-85.79204, 40.00601], [-85.79251, 40.00602], [-85.79251, 40.00545], [-85.79251, 40.00539], [-85.79262, 40.00541], [-85.79276, 40.00544], [-85.79282, 40.00543], [-85.79289, 40.00542], [-85.79295, 40.00539], [-85.79299, 40.00535], [-85.79298, 40.00543], [-85.79299, 40.00602], [-85.79393, 40.00604], [-85.79405, 40.00551], [-85.79411, 40.00518], [-85.79409, 40.00476], [-85.79408, 40.0045], [-85.79408, 40.00442], [-85.79284, 40.00437], [-85.79238, 40.00435], [-85.79166, 40.00432], [-85.7916, 40.00431], [-85.79164, 40.00402], [-85.79164, 40.00392], [-85.79164, 40.00386], [-85.79165, 40.0038], [-85.79164, 40.00375], [-85.79164, 40.00368], [-85.79164, 40.00362], [-85.79164, 40.00355], [-85.79164, 40.00348], [-85.79165, 40.0034], [-85.79165, 40.00332], [-85.79165, 40.00323], [-85.79164, 40.00315], [-85.79164, 40.00297], [-85.79164, 40.00289], [-85.79165, 40.00281], [-85.79165, 40.00272], [-85.79167, 40.00255], [-85.79168, 40.00246], [-85.79169, 40.00238], [-85.79171, 40.00229], [-85.79171, 40.00226], [-85.79158, 40.00226], [-85.79076, 40.00225], [-85.79024, 40.00224], [-85.78961, 40.00223], [-85.78927, 40.00222], [-85.78858, 40.00221], [-85.78771, 40.0022], [-85.78771, 40.00277], [-85.78698, 40.00275], [-85.78697, 40.00216], [-85.78698, 40.00057], [-85.78699, 40.0001], [-85.78699, 39.99898], [-85.787, 39.99888], [-85.787, 39.99857], [-85.78705, 39.99856], [-85.78813, 39.99857], [-85.79233, 39.99864], [-85.79608, 39.9987], [-85.79622, 39.9987], [-85.79621, 39.99896], [-85.79622, 39.99996], [-85.7962, 40.00117], [-85.79621, 40.00211], [-85.79619, 40.00482], [-85.79621, 40.00796], [-85.80048, 40.00798], [-85.80077, 40.00799]], [[-85.78695, 40.00935], [-85.78694, 40.00951], [-85.78694, 40.01005], [-85.78694, 40.01085], [-85.78695, 40.01127], [-85.78694, 40.01162], [-85.78694, 40.01231], [-85.78694, 40.013], [-85.78688, 40.013], [-85.78651, 40.013], [-85.78627, 40.013], [-85.78628, 40.01245], [-85.78627, 40.01172], [-85.78627, 40.01126], [-85.78629, 40.01069], [-85.78634, 40.00899], [-85.78648, 40.00908], [-85.78684, 40.00931], [-85.78688, 40.00932], [-85.78694, 40.00934], [-85.78695, 40.00935]], [[-85.73707, 39.98825], [-85.73707, 39.98835], [-85.73707, 39.98907], [-85.73212, 39.98905], [-85.73207, 39.98905], [-85.73235, 39.98879], [-85.73235, 39.98861], [-85.73235, 39.98857], [-85.73408, 39.98858], [-85.73468, 39.98826], [-85.73707, 39.98825]]], "crs": null}, "id": 67, "type": "Feature", "properties": {"fid": 67, "statefp": "18", "namelsad": "Pendleton town", "municipalt": "Pendleton", "placefp": "58662", "munic_typ": "Town", "SHAPE__Length": 0.5837792092111227, "SHAPE__Area": 0.003669518228500001}}, {"geometry": {"type": "MultiPolygon", "coordinates": [[[[-86.35603, 40.06902], [-86.35603, 40.06791], [-86.35602, 40.06782], [-86.35602, 40.066], [-86.35601, 40.06522], [-86.35601, 40.06422], [-86.35601, 40.06413], [-86.356, 40.06303], [-86.35598, 40.06131], [-86.35598, 40.05998], [-86.35598, 40.05857], [-86.35596, 40.05773], [-86.35595, 40.05615], [-86.35595, 40.0561], [-86.35595, 40.05504], [-86.35596, 40.05443], [-86.35595, 40.05438], [-86.35595, 40.05366], [-86.35594, 40.05298], [-86.35594, 40.05256], [-86.35592, 40.05117], [-86.35591, 40.0497], [-86.3559, 40.04915], [-86.3559, 40.04865], [-86.3559, 40.04828], [-86.35588, 40.04735], [-86.35588, 40.0472], [-86.3559, 40.04645], [-86.35589, 40.04573], [-86.35589, 40.04535], [-86.35589, 40.04284], [-86.3559, 40.04131], [-86.3559, 40.03982], [-86.35495, 40.03985], [-86.35404, 40.03985], [-86.35387, 40.03986], [-86.35267, 40.03988], [-86.35178, 40.03989], [-86.35064, 40.03991], [-86.34813, 40.03995], [-86.34802, 40.03996], [-86.34694, 40.03997], [-86.34619, 40.03999], [-86.34618, 40.03945], [-86.34618, 40.03908], [-86.34618, 40.03853], [-86.34617, 40.03708], [-86.34617, 40.0364], [-86.34616, 40.03635], [-86.34616, 40.03608], [-86.34616, 40.03545], [-86.34616, 40.03523], [-86.34614, 40.03488], [-86.34613, 40.03422], [-86.34611, 40.0332], [-86.34611, 40.03264], [-86.34611, 40.03236], [-86.34611, 40.03156], [-86.3461, 40.03134], [-86.34609, 40.03084], [-86.34607, 40.02889], [-86.34605, 40.02768], [-86.34605, 40.02745], [-86.34606, 40.0268], [-86.34604, 40.02616], [-86.34603, 40.02563], [-86.34604, 40.02458], [-86.34602, 40.02413], [-86.34602, 40.02328], [-86.34601, 40.02325], [-86.346, 40.02112], [-86.346, 40.01872], [-86.34598, 40.0173], [-86.34597, 40.01645], [-86.34596, 40.01521], [-86.34596, 40.01451], [-86.34597, 40.01431], [-86.34595, 40.01416], [-86.34595, 40.014], [-86.34595, 40.0138], [-86.34595, 40.01364], [-86.34595, 40.01355], [-86.34596, 40.01311], [-86.34594, 40.01211], [-86.34594, 40.0116], [-86.3455, 40.01162], [-86.34504, 40.01162], [-86.34405, 40.01164], [-86.3428, 40.01167], [-86.34159, 40.01169], [-86.3395, 40.01174], [-86.33838, 40.01176], [-86.33729, 40.01178], [-86.33649, 40.0118], [-86.33584, 40.01181], [-86.3353, 40.01181], [-86.33447, 40.01184], [-86.33367, 40.01185], [-86.33156, 40.01189], [-86.33127, 40.01189], [-86.33037, 40.01192], [-86.33003, 40.01192], [-86.32998, 40.01192], [-86.33001, 40.00685], [-86.32814, 40.00688], [-86.32366, 40.00696], [-86.32187, 40.00699], [-86.3219, 40.00677], [-86.32191, 40.00662], [-86.32205, 40.00526], [-86.32207, 40.0051], [-86.32206, 40.00497], [-86.32206, 40.00495], [-86.32208, 40.00495], [-86.32211, 40.00474], [-86.32212, 40.00462], [-86.32227, 40.0035], [-86.32543, 40.00343], [-86.32708, 40.0034], [-86.32706, 39.99782], [-86.32704, 39.99747], [-86.32705, 39.99723], [-86.32703, 39.99674], [-86.32704, 39.9962], [-86.327, 39.99601], [-86.32702, 39.99566], [-86.32703, 39.9955], [-86.32703, 39.99504], [-86.32703, 39.99398], [-86.32708, 39.99364], [-86.32707, 39.98952], [-86.32704, 39.983], [-86.32946, 39.98297], [-86.32947, 39.98282], [-86.32956, 39.98266], [-86.3297, 39.98248], [-86.32974, 39.9821], [-86.3297, 39.98195], [-86.32967, 39.9818], [-86.32965, 39.98161], [-86.32963, 39.98129], [-86.32964, 39.98118], [-86.33056, 39.98117], [-86.33183, 39.98113], [-86.3318, 39.97656], [-86.33173, 39.97568], [-86.33057, 39.9757], [-86.32736, 39.9757], [-86.32716, 39.9757], [-86.32708, 39.97438], [-86.327, 39.9735], [-86.33248, 39.97354], [-86.33252, 39.97359], [-86.33266, 39.97373], [-86.33282, 39.9739], [-86.33291, 39.97402], [-86.33292, 39.97405], [-86.33296, 39.97408], [-86.33302, 39.97415], [-86.33307, 39.97423], [-86.33321, 39.97426], [-86.3365, 39.97423], [-86.33651, 39.9739], [-86.33651, 39.9736], [-86.33652, 39.97353], [-86.33651, 39.97328], [-86.33652, 39.9727], [-86.33652, 39.97191], [-86.3365, 39.97129], [-86.33683, 39.97129], [-86.33793, 39.97127], [-86.33814, 39.97127], [-86.33814, 39.97077], [-86.33813, 39.97049], [-86.33682, 39.97051], [-86.3365, 39.97052], [-86.3365, 39.97051], [-86.3365, 39.97039], [-86.3365, 39.97033], [-86.33649, 39.96968], [-86.33649, 39.96956], [-86.33649, 39.96931], [-86.33649, 39.969], [-86.33839, 39.96904], [-86.33837, 39.96839], [-86.33837, 39.96832], [-86.3458, 39.96829], [-86.34592, 39.96829], [-86.34652, 39.9683], [-86.3471, 39.96829], [-86.3476, 39.96828], [-86.3482, 39.96827], [-86.34825, 39.96604], [-86.34828, 39.96462], [-86.34604, 39.96465], [-86.34603, 39.96458], [-86.34603, 39.96444], [-86.34603, 39.96424], [-86.3472, 39.96429], [-86.34718, 39.96397], [-86.34773, 39.96399], [-86.34774, 39.96436], [-86.3476, 39.96435], [-86.34757, 39.96445], [-86.34839, 39.96445], [-86.35069, 39.96441], [-86.35069, 39.96137], [-86.35069, 39.96091], [-86.35025, 39.96092], [-86.34921, 39.96094], [-86.34808, 39.96097], [-86.34793, 39.96097], [-86.34716, 39.96099], [-86.34652, 39.961], [-86.34627, 39.96101], [-86.34604, 39.961], [-86.34605, 39.96026], [-86.34605, 39.96014], [-86.34606, 39.96009], [-86.34606, 39.96004], [-86.34607, 39.95948], [-86.34446, 39.95951], [-86.34137, 39.95954], [-86.34142, 39.95601], [-86.34142, 39.95557], [-86.34134, 39.95557], [-86.3404, 39.95559], [-86.33756, 39.95563], [-86.33756, 39.95543], [-86.33756, 39.95541], [-86.33755, 39.9552], [-86.33822, 39.9552], [-86.33818, 39.95411], [-86.33818, 39.9538], [-86.3366, 39.95383], [-86.3364, 39.95384], [-86.33597, 39.95385], [-86.33586, 39.95386], [-86.33576, 39.95385], [-86.33567, 39.95382], [-86.33563, 39.95375], [-86.33561, 39.95363], [-86.33562, 39.95241], [-86.33561, 39.95175], [-86.33561, 39.95169], [-86.3351, 39.95169], [-86.33282, 39.95172], [-86.33284, 39.94964], [-86.33284, 39.94954], [-86.33228, 39.94955], [-86.33221, 39.94955], [-86.33212, 39.94955], [-86.33078, 39.94957], [-86.32886, 39.94957], [-86.3287, 39.94957], [-86.32854, 39.94957], [-86.32854, 39.94947], [-86.32853, 39.9475], [-86.32853, 39.94748], [-86.32852, 39.94637], [-86.32852, 39.94597], [-86.32863, 39.94597], [-86.33218, 39.94595], [-86.33307, 39.94594], [-86.33433, 39.94594], [-86.33477, 39.94593], [-86.33529, 39.94593], [-86.3354, 39.94593], [-86.3354, 39.9462], [-86.3354, 39.94627], [-86.3354, 39.94637], [-86.33542, 39.94849], [-86.33542, 39.94856], [-86.33542, 39.94858], [-86.33542, 39.9486], [-86.33543, 39.94866], [-86.33543, 39.94934], [-86.33543, 39.94952], [-86.33561, 39.94952], [-86.33567, 39.94952], [-86.33585, 39.94952], [-86.33592, 39.94952], [-86.3361, 39.94952], [-86.3366, 39.94951], [-86.3368, 39.94951], [-86.337, 39.94951], [-86.33776, 39.94948], [-86.33907, 39.94945], [-86.3402, 39.94941], [-86.34056, 39.9494], [-86.34056, 39.94899], [-86.34054, 39.94851], [-86.34054, 39.94839], [-86.34053, 39.94763], [-86.34053, 39.94595], [-86.34113, 39.94596], [-86.34311, 39.94597], [-86.34513, 39.946], [-86.34513, 39.94606], [-86.34514, 39.94612], [-86.34513, 39.94622], [-86.34513, 39.94639], [-86.34509, 39.94674], [-86.34508, 39.94687], [-86.34506, 39.94709], [-86.34504, 39.94731], [-86.34504, 39.94744], [-86.34508, 39.94753], [-86.34511, 39.94789], [-86.34511, 39.94797], [-86.34511, 39.94819], [-86.34511, 39.94828], [-86.34513, 39.94843], [-86.34514, 39.94864], [-86.34515, 39.94899], [-86.34515, 39.94906], [-86.34522, 39.94906], [-86.3454, 39.94906], [-86.34679, 39.94901], [-86.34679, 39.94829], [-86.34689, 39.9483], [-86.34755, 39.94826], [-86.34799, 39.94822], [-86.34849, 39.94815], [-86.34888, 39.94808], [-86.34899, 39.94842], [-86.3491, 39.9487], [-86.34919, 39.94868], [-86.3499, 39.94855], [-86.35008, 39.94854], [-86.35018, 39.94853], [-86.35066, 39.94832], [-86.35141, 39.948], [-86.35169, 39.94788], [-86.35228, 39.94764], [-86.35251, 39.94738], [-86.35225, 39.94705], [-86.35213, 39.94684], [-86.35166, 39.94601], [-86.35162, 39.94594], [-86.35141, 39.94555], [-86.35047, 39.9446], [-86.34977, 39.94389], [-86.34864, 39.94269], [-86.34808, 39.94208], [-86.34782, 39.9418], [-86.34776, 39.94173], [-86.34755, 39.9415], [-86.347, 39.94086], [-86.34677, 39.94059], [-86.34616, 39.93987], [-86.34597, 39.93964], [-86.34561, 39.93921], [-86.34551, 39.93909], [-86.3451, 39.9386], [-86.345, 39.93847], [-86.34501, 39.93817], [-86.34501, 39.93773], [-86.34501, 39.93758], [-86.34502, 39.9375], [-86.34501, 39.93718], [-86.34501, 39.93706], [-86.34501, 39.9364], [-86.34501, 39.93546], [-86.345, 39.93524], [-86.34501, 39.93444], [-86.34502, 39.93411], [-86.34501, 39.93372], [-86.34503, 39.93292], [-86.34505, 39.93148], [-86.34505, 39.9314], [-86.34489, 39.93139], [-86.34326, 39.93137], [-86.34288, 39.93137], [-86.34262, 39.93137], [-86.34245, 39.93138], [-86.34238, 39.9314], [-86.3423, 39.93146], [-86.3417, 39.93096], [-86.34145, 39.93076], [-86.3408, 39.93024], [-86.34034, 39.92986], [-86.33988, 39.92947], [-86.33943, 39.92913], [-86.33937, 39.92907], [-86.33933, 39.92904], [-86.3393, 39.929], [-86.3389, 39.92868], [-86.33878, 39.92858], [-86.33858, 39.9284], [-86.33849, 39.92831], [-86.33854, 39.92828], [-86.33865, 39.92823], [-86.33824, 39.92782], [-86.33802, 39.9276], [-86.33796, 39.92753], [-86.33823, 39.92743], [-86.33834, 39.9276], [-86.33858, 39.92759], [-86.33865, 39.92757], [-86.33877, 39.92752], [-86.33889, 39.92773], [-86.34028, 39.92773], [-86.34028, 39.9277], [-86.34025, 39.9277], [-86.34025, 39.9272], [-86.34024, 39.92681], [-86.34024, 39.92653], [-86.34024, 39.92631], [-86.34024, 39.92608], [-86.34024, 39.92597], [-86.34024, 39.92579], [-86.34024, 39.9256], [-86.34024, 39.92542], [-86.34023, 39.92526], [-86.34023, 39.92465], [-86.34023, 39.92449], [-86.34022, 39.92439], [-86.34021, 39.92412], [-86.33938, 39.92413], [-86.3369, 39.92416], [-86.33608, 39.92417], [-86.33588, 39.92417], [-86.33556, 39.92417], [-86.33529, 39.92417], [-86.33509, 39.92417], [-86.33489, 39.92417], [-86.33429, 39.92417], [-86.33409, 39.92418], [-86.33401, 39.92418], [-86.33395, 39.92418], [-86.33376, 39.92418], [-86.33368, 39.92418], [-86.3336, 39.92418], [-86.33357, 39.92418], [-86.33335, 39.92415], [-86.33327, 39.92415], [-86.33325, 39.92414], [-86.33293, 39.92414], [-86.33191, 39.92414], [-86.33163, 39.92414], [-86.33157, 39.92415], [-86.33141, 39.92415], [-86.33093, 39.92417], [-86.3308, 39.92418], [-86.33077, 39.92418], [-86.33065, 39.92417], [-86.33031, 39.92416], [-86.3302, 39.92416], [-86.33016, 39.92416], [-86.32961, 39.92418], [-86.32949, 39.92417], [-86.3263, 39.92404], [-86.32629, 39.92405], [-86.32165, 39.92416], [-86.3214, 39.92417], [-86.32139, 39.92423], [-86.32134, 39.92423], [-86.31946, 39.92422], [-86.31902, 39.92422], [-86.31879, 39.92422], [-86.31808, 39.92423], [-86.31804, 39.92423], [-86.31748, 39.92423], [-86.31668, 39.92423], [-86.3161, 39.92424], [-86.31582, 39.92425], [-86.31435, 39.92427], [-86.31055, 39.92434], [-86.30926, 39.92436], [-86.30725, 39.9244], [-86.30408, 39.92445], [-86.304, 39.92445], [-86.30332, 39.92446], [-86.30237, 39.92449], [-86.30163, 39.92449], [-86.29892, 39.92453], [-86.29782, 39.92454], [-86.2972, 39.92454], [-86.29533, 39.92457], [-86.2936, 39.92459], [-86.29359, 39.92459], [-86.29269, 39.9246], [-86.29261, 39.9246], [-86.29078, 39.92463], [-86.29024, 39.92463], [-86.29017, 39.92464], [-86.28905, 39.92465], [-86.289, 39.92465], [-86.28892, 39.92464], [-86.28592, 39.92465], [-86.28376, 39.92465], [-86.28218, 39.92465], [-86.28199, 39.92465], [-86.28186, 39.92465], [-86.2818, 39.92465], [-86.28128, 39.92465], [-86.2811, 39.92465], [-86.27999, 39.9247], [-86.27958, 39.92471], [-86.27952, 39.92471], [-86.27945, 39.92471], [-86.27848, 39.92474], [-86.27758, 39.92477], [-86.27756, 39.92477], [-86.27735, 39.92477], [-86.27559, 39.92481], [-86.27489, 39.92482], [-86.27472, 39.92482], [-86.27274, 39.92487], [-86.27141, 39.9249], [-86.27095, 39.92491], [-86.27043, 39.92492], [-86.26887, 39.92492], [-86.26825, 39.92492], [-86.26791, 39.92491], [-86.26761, 39.92495], [-86.26734, 39.92495], [-86.26689, 39.92499], [-86.26614, 39.92502], [-86.26491, 39.92508], [-86.264, 39.92511], [-86.26249, 39.92514], [-86.26112, 39.92515], [-86.26009, 39.92504], [-86.25987, 39.92505], [-86.25986, 39.92512], [-86.25502, 39.92537], [-86.2521, 39.92552], [-86.25155, 39.92555], [-86.25151, 39.92555], [-86.25136, 39.92556], [-86.25066, 39.92559], [-86.25035, 39.92561], [-86.24965, 39.92565], [-86.24843, 39.92572], [-86.24822, 39.92573], [-86.24816, 39.92573], [-86.24682, 39.9258], [-86.24138, 39.92609], [-86.24121, 39.9261], [-86.2411, 39.9261], [-86.24106, 39.9261], [-86.24078, 39.92607], [-86.24074, 39.92607], [-86.24081, 39.93241], [-86.24083, 39.93417], [-86.24083, 39.93431], [-86.24091, 39.94076], [-86.24091, 39.94502], [-86.24091, 39.94618], [-86.24091, 39.94804], [-86.24091, 39.94811], [-86.24091, 39.94852], [-86.24091, 39.94886], [-86.24091, 39.95027], [-86.24091, 39.95082], [-86.24091, 39.95093], [-86.24091, 39.95097], [-86.24091, 39.95108], [-86.24091, 39.95111], [-86.24091, 39.95132], [-86.24091, 39.95146], [-86.24091, 39.95195], [-86.24091, 39.95216], [-86.24091, 39.95224], [-86.24096, 39.9552], [-86.24097, 39.95532], [-86.24098, 39.95697], [-86.24098, 39.95713], [-86.241, 39.95876], [-86.24101, 39.96087], [-86.24102, 39.96258], [-86.24103, 39.96356], [-86.24103, 39.96368], [-86.24103, 39.96412], [-86.24107, 39.96972], [-86.24107, 39.96985], [-86.24105, 39.97175], [-86.24118, 39.9771], [-86.24119, 39.97874], [-86.24121, 39.9837], [-86.24122, 39.98403], [-86.24122, 39.98536], [-86.24123, 39.98708], [-86.24108, 39.99152], [-86.24107, 39.9919], [-86.24107, 39.99272], [-86.24108, 39.99335], [-86.24107, 39.99345], [-86.24124, 39.99589], [-86.24125, 39.99786], [-86.24125, 39.99789], [-86.24125, 39.99801], [-86.24125, 39.99805], [-86.2411, 39.99864], [-86.24107, 39.99878], [-86.24107, 39.99892], [-86.24107, 39.999], [-86.24108, 39.99956], [-86.24106, 40.00005], [-86.24106, 40.00042], [-86.24106, 40.00226], [-86.24106, 40.00233], [-86.24106, 40.00354], [-86.24106, 40.00404], [-86.24107, 40.00583], [-86.24107, 40.00593], [-86.24107, 40.00884], [-86.24107, 40.01277], [-86.24108, 40.01282], [-86.24108, 40.01288], [-86.24108, 40.01294], [-86.24108, 40.01295], [-86.24108, 40.01328], [-86.24108, 40.01396], [-86.24108, 40.01426], [-86.24107, 40.01864], [-86.24107, 40.02077], [-86.24114, 40.02652], [-86.24114, 40.02683], [-86.24116, 40.02748], [-86.24116, 40.02758], [-86.24117, 40.02778], [-86.24117, 40.02803], [-86.24118, 40.02876], [-86.2412, 40.02982], [-86.24123, 40.03202], [-86.24143, 40.04155], [-86.24143, 40.04156], [-86.24143, 40.04168], [-86.24143, 40.04232], [-86.24145, 40.0467], [-86.24146, 40.04836], [-86.24146, 40.04878], [-86.24146, 40.04884], [-86.24146, 40.04924], [-86.24146, 40.04932], [-86.24146, 40.05611], [-86.24145, 40.06141], [-86.24145, 40.06323], [-86.24145, 40.06491], [-86.24145, 40.06941], [-86.24146, 40.07072], [-86.24146, 40.07083], [-86.24194, 40.07083], [-86.24393, 40.07078], [-86.24524, 40.07074], [-86.24643, 40.07072], [-86.2482, 40.07067], [-86.24907, 40.07065], [-86.24973, 40.07063], [-86.25106, 40.0706], [-86.25205, 40.07057], [-86.25304, 40.07056], [-86.25366, 40.07054], [-86.25377, 40.07053], [-86.2553, 40.0705], [-86.2559, 40.07048], [-86.25621, 40.07048], [-86.25662, 40.07047], [-86.25687, 40.07046], [-86.25704, 40.07046], [-86.25737, 40.07044], [-86.2576, 40.07044], [-86.25791, 40.07042], [-86.25835, 40.0704], [-86.25882, 40.0704], [-86.25896, 40.07039], [-86.25906, 40.07039], [-86.2595, 40.07038], [-86.26032, 40.07036], [-86.26069, 40.07035], [-86.26164, 40.07033], [-86.26169, 40.07033], [-86.26276, 40.07032], [-86.26339, 40.07033], [-86.26451, 40.07029], [-86.26471, 40.07029], [-86.26547, 40.07028], [-86.26564, 40.07028], [-86.26619, 40.07027], [-86.26765, 40.07025], [-86.26837, 40.07023], [-86.2691, 40.07021], [-86.26933, 40.0702], [-86.27004, 40.07018], [-86.27028, 40.07018], [-86.27113, 40.07016], [-86.27369, 40.07013], [-86.2737, 40.07013], [-86.27454, 40.07012], [-86.27499, 40.07012], [-86.27536, 40.07011], [-86.27557, 40.07011], [-86.27594, 40.07012], [-86.27625, 40.07012], [-86.27651, 40.07012], [-86.27745, 40.0701], [-86.27863, 40.07008], [-86.27901, 40.07008], [-86.27966, 40.07005], [-86.28016, 40.07005], [-86.28501, 40.07001], [-86.28819, 40.07001], [-86.28947, 40.06999], [-86.29118, 40.06997], [-86.29165, 40.06996], [-86.29415, 40.06993], [-86.29493, 40.06992], [-86.29652, 40.06987], [-86.29667, 40.06987], [-86.2986, 40.06984], [-86.2995, 40.06984], [-86.2997, 40.06983], [-86.30079, 40.0698], [-86.30185, 40.0698], [-86.30548, 40.06976], [-86.30709, 40.06974], [-86.30802, 40.06973], [-86.30927, 40.06971], [-86.31295, 40.06963], [-86.31464, 40.06962], [-86.31495, 40.06961], [-86.316, 40.0696], [-86.31704, 40.06957], [-86.31779, 40.06956], [-86.31945, 40.06952], [-86.31963, 40.06951], [-86.32048, 40.0695], [-86.32177, 40.06949], [-86.32316, 40.06947], [-86.32424, 40.06945], [-86.32454, 40.06944], [-86.32471, 40.06943], [-86.32518, 40.06943], [-86.32525, 40.06943], [-86.32638, 40.06941], [-86.32703, 40.06939], [-86.32707, 40.06939], [-86.32721, 40.06939], [-86.32726, 40.06939], [-86.3277, 40.06939], [-86.32858, 40.06937], [-86.32994, 40.06934], [-86.33101, 40.06933], [-86.33261, 40.06929], [-86.33354, 40.06928], [-86.33398, 40.06927], [-86.33622, 40.06924], [-86.33801, 40.06921], [-86.33854, 40.0692], [-86.33991, 40.0692], [-86.3407, 40.06919], [-86.34104, 40.0692], [-86.34207, 40.06923], [-86.34241, 40.06924], [-86.34513, 40.06919], [-86.3533, 40.06906], [-86.35603, 40.06902]], [[-86.32866, 40.02406], [-86.32864, 40.02584], [-86.32798, 40.02585], [-86.32797, 40.02649], [-86.32788, 40.02649], [-86.32783, 40.02649], [-86.32766, 40.02649], [-86.32714, 40.0265], [-86.32624, 40.02652], [-86.32625, 40.02507], [-86.32628, 40.0241], [-86.32866, 40.02406]], [[-86.32483, 40.01201], [-86.32487, 40.01564], [-86.32345, 40.01568], [-86.32344, 40.01522], [-86.32244, 40.01522], [-86.32244, 40.01486], [-86.32244, 40.01341], [-86.32244, 40.01242], [-86.32242, 40.01211], [-86.32243, 40.01205], [-86.32253, 40.01204], [-86.32357, 40.01202], [-86.32483, 40.01201]], [[-86.32366, 40.01709], [-86.32366, 40.01732], [-86.32366, 40.01748], [-86.32363, 40.01748], [-86.32325, 40.01748], [-86.32246, 40.01749], [-86.32245, 40.01717], [-86.32245, 40.01697], [-86.32291, 40.01697], [-86.32315, 40.01697], [-86.32366, 40.01696], [-86.32366, 40.01709]]], [[[-86.35999, 39.92772], [-86.35998, 39.92688], [-86.35997, 39.92553], [-86.35997, 39.92488], [-86.35997, 39.92401], [-86.35941, 39.92401], [-86.35776, 39.92403], [-86.35726, 39.92403], [-86.35577, 39.92404], [-86.35527, 39.92405], [-86.35315, 39.92407], [-86.35184, 39.92408], [-86.35185, 39.92471], [-86.35186, 39.92523], [-86.35187, 39.92577], [-86.35188, 39.92643], [-86.3519, 39.9271], [-86.35191, 39.9278], [-86.35522, 39.92779], [-86.35535, 39.92779], [-86.35731, 39.92776], [-86.35999, 39.92772]]], [[[-86.40336, 39.98636], [-86.40334, 39.98475], [-86.4032, 39.98463], [-86.40304, 39.98451], [-86.40295, 39.98444], [-86.4027, 39.98423], [-86.40255, 39.98412], [-86.40244, 39.98403], [-86.40179, 39.98454], [-86.40204, 39.98474], [-86.40249, 39.98509], [-86.40258, 39.98516], [-86.4028, 39.98533], [-86.40282, 39.98637], [-86.40293, 39.98637], [-86.40336, 39.98636]]], [[[-86.45093, 39.97151], [-86.45094, 39.9699], [-86.45092, 39.96907], [-86.45092, 39.96828], [-86.45093, 39.96791], [-86.45092, 39.96683], [-86.45092, 39.96663], [-86.45093, 39.96639], [-86.45093, 39.96604], [-86.45093, 39.96584], [-86.45093, 39.96457], [-86.45093, 39.96413], [-86.45092, 39.96249], [-86.45092, 39.96077], [-86.45092, 39.96057], [-86.45093, 39.95951], [-86.4509, 39.95805], [-86.45082, 39.95367], [-86.45079, 39.95221], [-86.45049, 39.95221], [-86.45011, 39.95221], [-86.45004, 39.94621], [-86.45, 39.93792], [-86.44986, 39.9233], [-86.44906, 39.92332], [-86.4482, 39.92333], [-86.44737, 39.92333], [-86.44606, 39.92333], [-86.44539, 39.92334], [-86.44316, 39.92336], [-86.44192, 39.92338], [-86.44007, 39.92339], [-86.43665, 39.92342], [-86.43467, 39.92345], [-86.43462, 39.92345], [-86.43357, 39.92347], [-86.43225, 39.92347], [-86.43126, 39.92349], [-86.43103, 39.9235], [-86.43088, 39.9235], [-86.43051, 39.92353], [-86.42942, 39.92363], [-86.42906, 39.92367], [-86.42565, 39.92368], [-86.41541, 39.92372], [-86.412, 39.92373], [-86.41147, 39.92373], [-86.40988, 39.92374], [-86.40935, 39.92374], [-86.40702, 39.92375], [-86.40363, 39.92376], [-86.40344, 39.92376], [-86.40004, 39.92377], [-86.39986, 39.92377], [-86.39772, 39.92378], [-86.3968, 39.92378], [-86.39406, 39.92379], [-86.39314, 39.92379], [-86.39288, 39.92379], [-86.39145, 39.9238], [-86.39057, 39.9238], [-86.39059, 39.92651], [-86.3906, 39.92764], [-86.39061, 39.92915], [-86.39063, 39.93], [-86.39066, 39.93106], [-86.39016, 39.93107], [-86.3893, 39.93106], [-86.38829, 39.93105], [-86.38733, 39.93103], [-86.38706, 39.93103], [-86.38633, 39.93103], [-86.38535, 39.93104], [-86.38447, 39.93105], [-86.38352, 39.93107], [-86.38256, 39.93107], [-86.38122, 39.93107], [-86.37971, 39.93106], [-86.37951, 39.93106], [-86.37876, 39.93107], [-86.37841, 39.93106], [-86.37795, 39.93106], [-86.37739, 39.93107], [-86.37705, 39.93107], [-86.37654, 39.93108], [-86.3762, 39.93107], [-86.37542, 39.93107], [-86.37418, 39.93109], [-86.37407, 39.93109], [-86.37408, 39.93218], [-86.37409, 39.93285], [-86.37409, 39.93319], [-86.3741, 39.93603], [-86.37408, 39.93832], [-86.37408, 39.93893], [-86.37409, 39.94015], [-86.37409, 39.94087], [-86.3741, 39.94214], [-86.3741, 39.94398], [-86.37409, 39.94553], [-86.37409, 39.94565], [-86.37439, 39.94565], [-86.37509, 39.94564], [-86.37511, 39.94564], [-86.3759, 39.94564], [-86.37632, 39.94565], [-86.37828, 39.94564], [-86.37846, 39.94564], [-86.37908, 39.94564], [-86.38095, 39.94564], [-86.38283, 39.94564], [-86.38335, 39.94563], [-86.38462, 39.94563], [-86.38578, 39.94564], [-86.38659, 39.94564], [-86.38768, 39.94564], [-86.38847, 39.94565], [-86.38891, 39.94564], [-86.3892, 39.94564], [-86.38977, 39.94565], [-86.38998, 39.94564], [-86.39023, 39.94564], [-86.39048, 39.94565], [-86.39049, 39.94565], [-86.39067, 39.94565], [-86.39125, 39.94564], [-86.39194, 39.94564], [-86.39213, 39.94564], [-86.39243, 39.94565], [-86.39313, 39.94565], [-86.39313, 39.94577], [-86.39319, 39.94929], [-86.39319, 39.94942], [-86.3932, 39.95014], [-86.3932, 39.95035], [-86.39321, 39.95084], [-86.39321, 39.95113], [-86.39322, 39.95166], [-86.39323, 39.95193], [-86.39323, 39.95219], [-86.39324, 39.95295], [-86.39369, 39.95294], [-86.3937, 39.95348], [-86.39372, 39.954], [-86.39373, 39.95442], [-86.39374, 39.95484], [-86.39374, 39.95504], [-86.39375, 39.95529], [-86.39827, 39.95524], [-86.39841, 39.95524], [-86.39844, 39.95557], [-86.39847, 39.95595], [-86.39846, 39.95599], [-86.39846, 39.95628], [-86.39848, 39.95657], [-86.39848, 39.95662], [-86.39664, 39.95663], [-86.39663, 39.95728], [-86.39848, 39.95728], [-86.39848, 39.95748], [-86.39849, 39.95804], [-86.39831, 39.95804], [-86.39775, 39.95804], [-86.39772, 39.95804], [-86.3977, 39.95804], [-86.39767, 39.95805], [-86.39764, 39.95805], [-86.39762, 39.95806], [-86.3976, 39.95805], [-86.39758, 39.95807], [-86.39756, 39.95808], [-86.39755, 39.95809], [-86.39754, 39.9581], [-86.39764, 39.95817], [-86.39762, 39.9582], [-86.39765, 39.95956], [-86.39749, 39.95956], [-86.39727, 39.95957], [-86.39679, 39.95957], [-86.39628, 39.95958], [-86.3958, 39.95958], [-86.39531, 39.95959], [-86.39483, 39.95959], [-86.39425, 39.9596], [-86.39425, 39.95958], [-86.39424, 39.95896], [-86.39411, 39.95896], [-86.39383, 39.95896], [-86.39383, 39.95902], [-86.39386, 39.96024], [-86.39387, 39.96084], [-86.39388, 39.96145], [-86.39397, 39.96655], [-86.39397, 39.96659], [-86.39398, 39.96751], [-86.39411, 39.96751], [-86.39502, 39.9675], [-86.39632, 39.96748], [-86.39633, 39.96838], [-86.39853, 39.96835], [-86.39854, 39.96851], [-86.40018, 39.96851], [-86.4003, 39.96851], [-86.40031, 39.96744], [-86.40902, 39.96737], [-86.4128, 39.96734], [-86.41279, 39.96746], [-86.4128, 39.96904], [-86.4128, 39.96966], [-86.41171, 39.96965], [-86.4117, 39.96979], [-86.41169, 39.97135], [-86.41168, 39.97171], [-86.4128, 39.97171], [-86.41282, 39.97242], [-86.41281, 39.97331], [-86.41282, 39.97463], [-86.40802, 39.97465], [-86.40781, 39.97465], [-86.40728, 39.97466], [-86.40572, 39.97468], [-86.40496, 39.97469], [-86.40419, 39.9747], [-86.404, 39.9747], [-86.40333, 39.97471], [-86.40267, 39.97471], [-86.39948, 39.9747], [-86.39875, 39.9747], [-86.39861, 39.9747], [-86.39854, 39.97471], [-86.39855, 39.97527], [-86.39857, 39.97611], [-86.39858, 39.97751], [-86.39857, 39.97754], [-86.39855, 39.97781], [-86.39855, 39.9779], [-86.40123, 39.97784], [-86.40119, 39.9783], [-86.40118, 39.97836], [-86.40132, 39.97837], [-86.40148, 39.97836], [-86.40181, 39.97836], [-86.4029, 39.97835], [-86.40289, 39.98072], [-86.40289, 39.98078], [-86.40227, 39.98077], [-86.40221, 39.98077], [-86.40221, 39.98087], [-86.40172, 39.98087], [-86.4013, 39.98086], [-86.40111, 39.98086], [-86.40093, 39.98086], [-86.40093, 39.98097], [-86.40093, 39.98146], [-86.40093, 39.98187], [-86.40093, 39.98203], [-86.40111, 39.98203], [-86.40115, 39.98203], [-86.40258, 39.982], [-86.4033, 39.982], [-86.4034, 39.98199], [-86.40387, 39.98199], [-86.40433, 39.98199], [-86.40441, 39.98198], [-86.40476, 39.98198], [-86.40552, 39.98197], [-86.40698, 39.98196], [-86.40847, 39.98195], [-86.4094, 39.98195], [-86.41001, 39.98194], [-86.41085, 39.98192], [-86.41139, 39.98191], [-86.41224, 39.98191], [-86.41286, 39.98191], [-86.41433, 39.98189], [-86.41517, 39.98188], [-86.41555, 39.98187], [-86.41555, 39.98216], [-86.41556, 39.98244], [-86.41558, 39.98295], [-86.41761, 39.98293], [-86.41761, 39.98296], [-86.41761, 39.9855], [-86.41768, 39.9855], [-86.41769, 39.98553], [-86.41771, 39.987], [-86.41676, 39.98701], [-86.41537, 39.98703], [-86.41542, 39.98916], [-86.41678, 39.98915], [-86.41916, 39.98913], [-86.42197, 39.9891], [-86.42227, 39.9891], [-86.42236, 39.9891], [-86.42236, 39.9892], [-86.42237, 39.98925], [-86.42236, 39.98949], [-86.42235, 39.99045], [-86.42236, 39.99187], [-86.42236, 39.99252], [-86.42235, 39.99283], [-86.43188, 39.99258], [-86.43188, 39.99291], [-86.43188, 39.99342], [-86.43189, 39.99368], [-86.43187, 39.99436], [-86.43188, 39.99537], [-86.43188, 39.99635], [-86.43201, 39.99635], [-86.43623, 39.99631], [-86.43643, 39.99631], [-86.44133, 39.99626], [-86.44136, 39.99213], [-86.44145, 39.9887], [-86.44183, 39.9887], [-86.44619, 39.98879], [-86.44619, 39.98733], [-86.44619, 39.9869], [-86.44618, 39.98468], [-86.44617, 39.98378], [-86.44617, 39.98295], [-86.44617, 39.98149], [-86.44612, 39.98019], [-86.44605, 39.97792], [-86.44767, 39.97791], [-86.44897, 39.9779], [-86.44936, 39.9779], [-86.45023, 39.9779], [-86.45054, 39.9779], [-86.45094, 39.9779], [-86.45094, 39.97786], [-86.45094, 39.97714], [-86.45094, 39.97678], [-86.45094, 39.97503], [-86.45093, 39.97486], [-86.45093, 39.97411], [-86.45093, 39.97351], [-86.45093, 39.97265], [-86.45093, 39.97151]]]], "crs": null}, "id": 129, "type": "Feature", "properties": {"fid": 129, "statefp": "18", "namelsad": "Zionsville town", "municipalt": "Zionsville", "placefp": "86372", "munic_typ": "Town", "SHAPE__Length": 1.067862263253536, "SHAPE__Area": 0.018391583219500005}}, {"geometry": {"type": "Polygon", "coordinates": [[[-86.32813, 39.86613], [-86.32812, 39.86562], [-86.3281, 39.86425], [-86.32809, 39.86381], [-86.32808, 39.86241], [-86.32802, 39.85928], [-86.328, 39.85811], [-86.32798, 39.857], [-86.32797, 39.85654], [-86.32797, 39.85588], [-86.32796, 39.85555], [-86.32792, 39.8541], [-86.32789, 39.85317], [-86.32787, 39.85196], [-86.32786, 39.84992], [-86.32786, 39.84991], [-86.32783, 39.84855], [-86.32783, 39.84808], [-86.32782, 39.84793], [-86.3278, 39.84717], [-86.32779, 39.84703], [-86.32777, 39.84548], [-86.32777, 39.84543], [-86.32776, 39.84463], [-86.32775, 39.84429], [-86.32772, 39.84293], [-86.32772, 39.84291], [-86.32771, 39.84259], [-86.32769, 39.84155], [-86.32769, 39.84151], [-86.32759, 39.83721], [-86.32758, 39.83645], [-86.32759, 39.83638], [-86.32758, 39.83631], [-86.32758, 39.83629], [-86.32758, 39.83587], [-86.32756, 39.83463], [-86.32755, 39.83455], [-86.32755, 39.83418], [-86.32754, 39.83386], [-86.32752, 39.83302], [-86.32753, 39.83301], [-86.32749, 39.83177], [-86.32747, 39.8308], [-86.32747, 39.83055], [-86.32745, 39.82988], [-86.32743, 39.82873], [-86.32742, 39.82844], [-86.32737, 39.82636], [-86.32736, 39.82505], [-86.32735, 39.82445], [-86.32731, 39.82323], [-86.3273, 39.82273], [-86.3273, 39.8225], [-86.32729, 39.82242], [-86.32727, 39.8216], [-86.32725, 39.82058], [-86.32723, 39.81972], [-86.32243, 39.81987], [-86.32244, 39.82063], [-86.32246, 39.82146], [-86.32249, 39.82232], [-86.3225, 39.82237], [-86.3225, 39.82246], [-86.32251, 39.82277], [-86.32254, 39.82318], [-86.32257, 39.82476], [-86.32258, 39.82516], [-86.32259, 39.82546], [-86.32261, 39.82612], [-86.32261, 39.82642], [-86.32262, 39.82669], [-86.32041, 39.82712], [-86.32017, 39.82639], [-86.32003, 39.82644], [-86.31993, 39.82648], [-86.3198, 39.82652], [-86.31975, 39.82653], [-86.31971, 39.82654], [-86.31967, 39.82655], [-86.31953, 39.82658], [-86.31936, 39.8266], [-86.31932, 39.8266], [-86.31925, 39.82661], [-86.3191, 39.82661], [-86.31906, 39.8266], [-86.31903, 39.8266], [-86.31899, 39.8266], [-86.31895, 39.8266], [-86.31884, 39.82658], [-86.31881, 39.82657], [-86.31877, 39.82657], [-86.31876, 39.82656], [-86.31901, 39.82724], [-86.31681, 39.82789], [-86.31648, 39.82779], [-86.31616, 39.82768], [-86.31584, 39.82757], [-86.31552, 39.82746], [-86.31521, 39.82734], [-86.31503, 39.82727], [-86.31489, 39.82722], [-86.31458, 39.82709], [-86.31397, 39.82682], [-86.31362, 39.82666], [-86.31337, 39.82654], [-86.31329, 39.8265], [-86.31321, 39.82287], [-86.31327, 39.82287], [-86.31337, 39.82286], [-86.31401, 39.82286], [-86.31511, 39.82285], [-86.31707, 39.82283], [-86.31799, 39.82282], [-86.3179, 39.82105], [-86.3178, 39.81934], [-86.31775, 39.81735], [-86.31842, 39.81736], [-86.31795, 39.81684], [-86.31809, 39.81564], [-86.31736, 39.81556], [-86.31596, 39.8135], [-86.31641, 39.8136], [-86.3169, 39.81374], [-86.31703, 39.81379], [-86.31707, 39.81337], [-86.31754, 39.81343], [-86.31754, 39.81339], [-86.31754, 39.81336], [-86.31754, 39.81334], [-86.31751, 39.81307], [-86.31751, 39.81305], [-86.31751, 39.81304], [-86.31752, 39.81303], [-86.31756, 39.81297], [-86.31664, 39.8126], [-86.31662, 39.81143], [-86.31658, 39.81141], [-86.31647, 39.81137], [-86.31634, 39.81133], [-86.31622, 39.81128], [-86.31611, 39.81124], [-86.316, 39.81119], [-86.31592, 39.81115], [-86.31563, 39.81102], [-86.31553, 39.81097], [-86.31541, 39.81091], [-86.31531, 39.81085], [-86.31521, 39.81079], [-86.3151, 39.81074], [-86.31499, 39.81067], [-86.3149, 39.81062], [-86.31478, 39.81054], [-86.3146, 39.81043], [-86.31447, 39.81033], [-86.31434, 39.81024], [-86.31393, 39.80986], [-86.31361, 39.80957], [-86.31271, 39.8083], [-86.31275, 39.80825], [-86.31748, 39.80824], [-86.31756, 39.80816], [-86.31767, 39.80722], [-86.32006, 39.80718], [-86.32018, 39.80752], [-86.32223, 39.8075], [-86.32224, 39.80804], [-86.32224, 39.80806], [-86.32224, 39.8081], [-86.32385, 39.80807], [-86.32547, 39.80805], [-86.32701, 39.80802], [-86.32698, 39.80746], [-86.32698, 39.80735], [-86.32697, 39.80716], [-86.32696, 39.80625], [-86.32694, 39.80582], [-86.32691, 39.80467], [-86.32689, 39.80359], [-86.32686, 39.80241], [-86.32682, 39.80081], [-86.32681, 39.80065], [-86.32681, 39.80056], [-86.32681, 39.80045], [-86.32678, 39.79933], [-86.32678, 39.79899], [-86.32676, 39.7985], [-86.32674, 39.79729], [-86.32674, 39.79708], [-86.32674, 39.79684], [-86.32672, 39.79601], [-86.32668, 39.79473], [-86.32669, 39.79427], [-86.32667, 39.79384], [-86.32665, 39.79331], [-86.32664, 39.79299], [-86.32663, 39.79203], [-86.32661, 39.79164], [-86.32661, 39.79138], [-86.32661, 39.7912], [-86.32661, 39.79094], [-86.3266, 39.78997], [-86.32659, 39.78953], [-86.32657, 39.78898], [-86.32657, 39.78883], [-86.32657, 39.7878], [-86.32656, 39.78747], [-86.32655, 39.78703], [-86.32654, 39.78673], [-86.32654, 39.78651], [-86.32652, 39.78601], [-86.32651, 39.78562], [-86.3265, 39.7847], [-86.32646, 39.78284], [-86.32644, 39.78186], [-86.32642, 39.78162], [-86.32642, 39.78151], [-86.32641, 39.78138], [-86.32641, 39.78078], [-86.32641, 39.78077], [-86.32641, 39.78], [-86.32641, 39.77996], [-86.3264, 39.77966], [-86.32639, 39.77955], [-86.3264, 39.77942], [-86.32641, 39.77929], [-86.32644, 39.77916], [-86.32647, 39.77907], [-86.3266, 39.77876], [-86.32664, 39.77865], [-86.32666, 39.77862], [-86.32671, 39.77849], [-86.32682, 39.77824], [-86.32686, 39.7781], [-86.3269, 39.77797], [-86.32692, 39.77782], [-86.32691, 39.77638], [-86.32691, 39.776], [-86.32691, 39.7749], [-86.3269, 39.77448], [-86.3269, 39.77446], [-86.3269, 39.77409], [-86.32688, 39.77179], [-86.32687, 39.77126], [-86.32687, 39.77102], [-86.32687, 39.77072], [-86.32687, 39.77041], [-86.32687, 39.7704], [-86.32687, 39.77039], [-86.32686, 39.76927], [-86.32686, 39.76926], [-86.32686, 39.76823], [-86.32686, 39.76789], [-86.32685, 39.76692], [-86.32683, 39.76613], [-86.32681, 39.76516], [-86.32681, 39.76512], [-86.32681, 39.76511], [-86.3268, 39.76444], [-86.32679, 39.76378], [-86.32679, 39.76363], [-86.32679, 39.76281], [-86.32679, 39.76163], [-86.32679, 39.76162], [-86.32678, 39.7615], [-86.32677, 39.76085], [-86.32676, 39.76067], [-86.32675, 39.75988], [-86.32675, 39.75981], [-86.32675, 39.7597], [-86.32674, 39.75918], [-86.32673, 39.75878], [-86.32673, 39.75842], [-86.32671, 39.75677], [-86.32671, 39.75656], [-86.32671, 39.75632], [-86.3267, 39.75574], [-86.3267, 39.75573], [-86.3267, 39.75474], [-86.3267, 39.75457], [-86.3267, 39.75449], [-86.3267, 39.75445], [-86.3267, 39.75439], [-86.32669, 39.75329], [-86.32669, 39.75271], [-86.32669, 39.75257], [-86.32668, 39.75175], [-86.32668, 39.75156], [-86.32668, 39.75149], [-86.32668, 39.75135], [-86.32668, 39.75124], [-86.32668, 39.75078], [-86.32668, 39.75047], [-86.32668, 39.75023], [-86.32668, 39.75013], [-86.32668, 39.74991], [-86.32668, 39.74979], [-86.32668, 39.74973], [-86.32667, 39.74966], [-86.32667, 39.74903], [-86.32666, 39.74715], [-86.32665, 39.74639], [-86.32664, 39.74577], [-86.32664, 39.74496], [-86.32662, 39.74369], [-86.32662, 39.74363], [-86.32661, 39.74166], [-86.3266, 39.74081], [-86.3266, 39.74044], [-86.32659, 39.73933], [-86.32659, 39.73835], [-86.32659, 39.73824], [-86.32659, 39.7382], [-86.32658, 39.73727], [-86.32658, 39.73721], [-86.32657, 39.7369], [-86.32657, 39.73667], [-86.32657, 39.73648], [-86.32657, 39.7362], [-86.32656, 39.73548], [-86.32656, 39.73538], [-86.32655, 39.73514], [-86.32655, 39.73439], [-86.32652, 39.73127], [-86.32651, 39.73], [-86.32651, 39.72998], [-86.32651, 39.72945], [-86.32652, 39.72939], [-86.32653, 39.72914], [-86.3266, 39.72878], [-86.3266, 39.72838], [-86.3266, 39.72823], [-86.3266, 39.72789], [-86.3266, 39.72315], [-86.3266, 39.72186], [-86.32659, 39.72091], [-86.32659, 39.72041], [-86.32659, 39.72029], [-86.32659, 39.71985], [-86.3266, 39.71949], [-86.32656, 39.71466], [-86.32656, 39.71444], [-86.32655, 39.71407], [-86.32655, 39.71386], [-86.32655, 39.71326], [-86.32654, 39.71276], [-86.32654, 39.71212], [-86.32654, 39.71199], [-86.32653, 39.71174], [-86.32653, 39.71166], [-86.32653, 39.7115], [-86.32653, 39.71122], [-86.32653, 39.71066], [-86.32652, 39.71028], [-86.32652, 39.70983], [-86.32651, 39.70927], [-86.32651, 39.70924], [-86.32649, 39.70618], [-86.32647, 39.70325], [-86.32645, 39.7019], [-86.32643, 39.70072], [-86.3264, 39.69779], [-86.32639, 39.69765], [-86.32633, 39.6946], [-86.32633, 39.69458], [-86.32633, 39.69453], [-86.32633, 39.69447], [-86.32633, 39.69444], [-86.32654, 39.68764], [-86.32655, 39.68747], [-86.32657, 39.6868], [-86.32658, 39.68656], [-86.32658, 39.68651], [-86.32658, 39.68645], [-86.32659, 39.68639], [-86.32659, 39.68637], [-86.32659, 39.6863], [-86.32659, 39.68627], [-86.32659, 39.68625], [-86.32659, 39.68621], [-86.3266, 39.68609], [-86.3266, 39.68602], [-86.32661, 39.68598], [-86.32661, 39.6859], [-86.32661, 39.68563], [-86.32662, 39.68455], [-86.32658, 39.68252], [-86.32657, 39.68169], [-86.32657, 39.68158], [-86.32657, 39.68147], [-86.32657, 39.68135], [-86.32657, 39.68121], [-86.32657, 39.68114], [-86.32656, 39.68051], [-86.32656, 39.67964], [-86.32656, 39.67928], [-86.32656, 39.67924], [-86.32657, 39.67921], [-86.3266, 39.67916], [-86.3266, 39.67859], [-86.3266, 39.67666], [-86.3266, 39.67581], [-86.3266, 39.67528], [-86.3266, 39.67416], [-86.3266, 39.67343], [-86.3266, 39.67203], [-86.3266, 39.67197], [-86.32659, 39.67191], [-86.32659, 39.6718], [-86.32658, 39.67151], [-86.32648, 39.66866], [-86.32649, 39.66755], [-86.32645, 39.66467], [-86.32645, 39.66463], [-86.32646, 39.66438], [-86.32646, 39.6642], [-86.32646, 39.66402], [-86.32647, 39.66383], [-86.32646, 39.66346], [-86.32645, 39.66308], [-86.32645, 39.66259], [-86.32645, 39.66201], [-86.32647, 39.66134], [-86.32644, 39.66097], [-86.32642, 39.65459], [-86.3264, 39.64966], [-86.32639, 39.64905], [-86.3264, 39.64878], [-86.3264, 39.64857], [-86.3264, 39.6472], [-86.3264, 39.64695], [-86.32637, 39.64678], [-86.32637, 39.64626], [-86.32638, 39.64493], [-86.3264, 39.6438], [-86.32638, 39.64313], [-86.32637, 39.64253], [-86.32637, 39.64221], [-86.32637, 39.64219], [-86.32636, 39.64162], [-86.32636, 39.64101], [-86.32637, 39.63992], [-86.32637, 39.6399], [-86.32637, 39.63938], [-86.32637, 39.63899], [-86.32636, 39.63833], [-86.32636, 39.63822], [-86.32636, 39.6379], [-86.32636, 39.63774], [-86.32636, 39.63728], [-86.32635, 39.63706], [-86.32635, 39.63694], [-86.32635, 39.63675], [-86.32635, 39.63637], [-86.32636, 39.63566], [-86.32636, 39.63527], [-86.32636, 39.63485], [-86.32636, 39.63463], [-86.32636, 39.63446], [-86.32635, 39.63413], [-86.32635, 39.63387], [-86.32635, 39.63341], [-86.32635, 39.63331], [-86.32635, 39.63284], [-86.32635, 39.6327], [-86.32635, 39.63255], [-86.32635, 39.63244], [-86.32635, 39.63218], [-86.32584, 39.6322], [-86.32531, 39.6322], [-86.32231, 39.63224], [-86.3222, 39.63225], [-86.32046, 39.63229], [-86.32038, 39.63229], [-86.3171, 39.63238], [-86.31683, 39.63238], [-86.31682, 39.63238], [-86.31677, 39.63238], [-86.31605, 39.63241], [-86.31563, 39.63242], [-86.31483, 39.63244], [-86.31429, 39.63245], [-86.313, 39.63249], [-86.31268, 39.6325], [-86.31242, 39.6325], [-86.31223, 39.63251], [-86.31125, 39.63254], [-86.31107, 39.63254], [-86.31088, 39.63255], [-86.31057, 39.63255], [-86.30905, 39.63259], [-86.30732, 39.63262], [-86.30693, 39.63262], [-86.30543, 39.63263], [-86.29997, 39.63267], [-86.29776, 39.6327], [-86.29714, 39.63271], [-86.2971, 39.63271], [-86.29692, 39.63272], [-86.29601, 39.63272], [-86.29588, 39.63273], [-86.29526, 39.63273], [-86.29484, 39.63273], [-86.29463, 39.63273], [-86.29399, 39.63274], [-86.29371, 39.63274], [-86.29314, 39.63274], [-86.2928, 39.63275], [-86.29182, 39.63275], [-86.29138, 39.63275], [-86.29018, 39.63276], [-86.28962, 39.63276], [-86.28945, 39.63276], [-86.28885, 39.63277], [-86.28819, 39.63278], [-86.28794, 39.63278], [-86.27787, 39.63298], [-86.27779, 39.63298], [-86.27159, 39.63318], [-86.27147, 39.63318], [-86.27144, 39.63319], [-86.27137, 39.63319], [-86.27018, 39.63321], [-86.27005, 39.63323], [-86.26961, 39.63325], [-86.26924, 39.63327], [-86.26892, 39.63323], [-86.26882, 39.6332], [-86.26872, 39.63316], [-86.26853, 39.63307], [-86.2685, 39.63306], [-86.25802, 39.63337], [-86.25753, 39.63339], [-86.25664, 39.63342], [-86.25636, 39.63342], [-86.25203, 39.63355], [-86.24989, 39.63365], [-86.24337, 39.63375], [-86.2431, 39.63374], [-86.2428, 39.63375], [-86.24233, 39.63376], [-86.24209, 39.63376], [-86.24001, 39.63378], [-86.23945, 39.6338], [-86.23942, 39.6338], [-86.2393, 39.6338], [-86.23925, 39.6338], [-86.23894, 39.6338], [-86.23886, 39.6338], [-86.23565, 39.63384], [-86.23507, 39.63385], [-86.23462, 39.63385], [-86.23423, 39.63386], [-86.23391, 39.63387], [-86.2211, 39.63408], [-86.22073, 39.63409], [-86.21425, 39.63419], [-86.21158, 39.63424], [-86.21139, 39.63424], [-86.21058, 39.63425], [-86.20937, 39.63427], [-86.20578, 39.63426], [-86.20552, 39.63425], [-86.20548, 39.63433], [-86.20465, 39.63434], [-86.20439, 39.63433], [-86.20393, 39.63433], [-86.2015, 39.63435], [-86.2014, 39.63435], [-86.20133, 39.63435], [-86.19973, 39.63437], [-86.19861, 39.63439], [-86.19776, 39.6344], [-86.19643, 39.6344], [-86.19642, 39.6344], [-86.19435, 39.63444], [-86.19402, 39.63444], [-86.19118, 39.6345], [-86.18962, 39.63453], [-86.18567, 39.63459], [-86.18506, 39.6346], [-86.18417, 39.63462], [-86.18417, 39.63461], [-86.18375, 39.63462], [-86.18331, 39.63463], [-86.18163, 39.63468], [-86.18155, 39.63468], [-86.18142, 39.63468], [-86.18137, 39.63468], [-86.18016, 39.6347], [-86.17898, 39.63472], [-86.17845, 39.63473], [-86.17759, 39.63474], [-86.17745, 39.63475], [-86.17742, 39.63475], [-86.17317, 39.63482], [-86.17088, 39.63486], [-86.17074, 39.63488], [-86.16884, 39.6349], [-86.16815, 39.63493], [-86.16816, 39.63492], [-86.16638, 39.63495], [-86.16501, 39.63498], [-86.16488, 39.63499], [-86.16433, 39.635], [-86.16375, 39.63501], [-86.16255, 39.63504], [-86.16004, 39.63509], [-86.1584, 39.63511], [-86.15788, 39.63513], [-86.15731, 39.63512], [-86.15725, 39.63512], [-86.15691, 39.63514], [-86.15573, 39.63516], [-86.15512, 39.63516], [-86.15485, 39.63516], [-86.153, 39.63517], [-86.15122, 39.63521], [-86.1512, 39.63521], [-86.1506, 39.63522], [-86.15034, 39.63522], [-86.14969, 39.63523], [-86.14954, 39.63523], [-86.14925, 39.63523], [-86.14892, 39.63523], [-86.14809, 39.63524], [-86.14726, 39.63525], [-86.1457, 39.63527], [-86.14448, 39.63527], [-86.14428, 39.63527], [-86.14426, 39.63527], [-86.14403, 39.63527], [-86.14341, 39.63529], [-86.14318, 39.63529], [-86.14268, 39.63529], [-86.14127, 39.6353], [-86.13975, 39.63536], [-86.13949, 39.63539], [-86.13943, 39.63539], [-86.13923, 39.6354], [-86.13889, 39.63542], [-86.1388, 39.63542], [-86.13871, 39.63543], [-86.13791, 39.63545], [-86.13553, 39.63546], [-86.13478, 39.63546], [-86.1341, 39.63547], [-86.13245, 39.63549], [-86.13161, 39.63549], [-86.13134, 39.63549], [-86.12968, 39.6355], [-86.12832, 39.63551], [-86.12822, 39.63551], [-86.12811, 39.6355], [-86.12809, 39.6355], [-86.12687, 39.63548], [-86.12668, 39.63549], [-86.12544, 39.63553], [-86.12493, 39.63553], [-86.12429, 39.63554], [-86.12383, 39.63554], [-86.12336, 39.63555], [-86.12266, 39.63555], [-86.12236, 39.63555], [-86.12181, 39.63555], [-86.12112, 39.63555], [-86.11939, 39.63557], [-86.11924, 39.63557], [-86.11887, 39.63557], [-86.11714, 39.63561], [-86.11699, 39.63562], [-86.11651, 39.63563], [-86.11533, 39.63569], [-86.1153, 39.63569], [-86.11478, 39.6357], [-86.11452, 39.6357], [-86.11448, 39.6357], [-86.11302, 39.63572], [-86.11176, 39.63576], [-86.11124, 39.63576], [-86.10972, 39.63573], [-86.10659, 39.63579], [-86.1063, 39.63579], [-86.10629, 39.6358], [-86.10546, 39.63581], [-86.10318, 39.63584], [-86.10232, 39.63585], [-86.10194, 39.63586], [-86.10178, 39.63585], [-86.10153, 39.63586], [-86.10028, 39.63591], [-86.10002, 39.63592], [-86.09942, 39.63594], [-86.09853, 39.63597], [-86.09629, 39.63604], [-86.09586, 39.63605], [-86.09579, 39.63605], [-86.09482, 39.63608], [-86.09456, 39.63608], [-86.09339, 39.63612], [-86.09317, 39.63613], [-86.09314, 39.63613], [-86.09296, 39.63613], [-86.09229, 39.63616], [-86.09222, 39.63616], [-86.09154, 39.63618], [-86.09112, 39.63619], [-86.08893, 39.63626], [-86.0887, 39.63627], [-86.08766, 39.6363], [-86.08694, 39.63632], [-86.08595, 39.63634], [-86.08274, 39.63645], [-86.07928, 39.6365], [-86.0772, 39.63654], [-86.07707, 39.63654], [-86.07678, 39.63655], [-86.07639, 39.63655], [-86.07603, 39.63656], [-86.07586, 39.63657], [-86.07539, 39.63657], [-86.07442, 39.63659], [-86.07435, 39.63659], [-86.07421, 39.6366], [-86.07409, 39.6366], [-86.07399, 39.6366], [-86.07339, 39.63661], [-86.07317, 39.63662], [-86.07285, 39.63663], [-86.07259, 39.63663], [-86.07172, 39.63664], [-86.07166, 39.63664], [-86.0711, 39.63666], [-86.06824, 39.63673], [-86.06372, 39.63684], [-86.06028, 39.63691], [-86.06009, 39.63692], [-86.05893, 39.63694], [-86.05839, 39.63695], [-86.05693, 39.63698], [-86.05418, 39.63704], [-86.05417, 39.63704], [-86.05287, 39.63707], [-86.0509, 39.63711], [-86.05045, 39.63712], [-86.04791, 39.63717], [-86.04481, 39.63723], [-86.04471, 39.63723], [-86.04464, 39.63723], [-86.03451, 39.63725], [-86.03414, 39.63725], [-86.03028, 39.63725], [-86.03019, 39.63725], [-86.01879, 39.63735], [-86.01405, 39.63745], [-86.01188, 39.6375], [-86.00763, 39.63759], [-86.00756, 39.63759], [-86.00654, 39.63761], [-86.00112, 39.63773], [-85.99029, 39.63798], [-85.99019, 39.63798], [-85.99009, 39.63798], [-85.99002, 39.63798], [-85.9891, 39.638], [-85.9713, 39.63815], [-85.96682, 39.63815], [-85.96654, 39.63813], [-85.96452, 39.63814], [-85.95698, 39.6383], [-85.9543, 39.63833], [-85.95428, 39.63833], [-85.95406, 39.63833], [-85.95209, 39.63835], [-85.95208, 39.63962], [-85.95209, 39.63966], [-85.95209, 39.6397], [-85.95211, 39.64209], [-85.95209, 39.64221], [-85.95208, 39.64224], [-85.95207, 39.64274], [-85.95207, 39.64364], [-85.95201, 39.64446], [-85.95204, 39.64456], [-85.9521, 39.64474], [-85.95216, 39.65331], [-85.95219, 39.65676], [-85.95217, 39.65677], [-85.95212, 39.65682], [-85.95211, 39.65685], [-85.95208, 39.65702], [-85.95208, 39.65716], [-85.95209, 39.65855], [-85.95209, 39.65856], [-85.95209, 39.65912], [-85.95207, 39.66022], [-85.95207, 39.66043], [-85.95209, 39.66128], [-85.95209, 39.66155], [-85.95209, 39.66752], [-85.95209, 39.66781], [-85.95208, 39.66811], [-85.95207, 39.66823], [-85.95207, 39.66828], [-85.95206, 39.66834], [-85.95205, 39.66865], [-85.95205, 39.66875], [-85.95206, 39.66882], [-85.95206, 39.66887], [-85.95206, 39.66889], [-85.95206, 39.6689], [-85.95206, 39.66892], [-85.95206, 39.66894], [-85.95207, 39.66897], [-85.95208, 39.66908], [-85.95208, 39.66916], [-85.95208, 39.66919], [-85.95209, 39.66935], [-85.95209, 39.6694], [-85.9521, 39.66963], [-85.9521, 39.66968], [-85.95207, 39.66986], [-85.95207, 39.67025], [-85.95206, 39.67188], [-85.95206, 39.6721], [-85.95204, 39.67432], [-85.95204, 39.67517], [-85.95201, 39.67632], [-85.952, 39.67784], [-85.952, 39.67853], [-85.95199, 39.67881], [-85.95198, 39.67895], [-85.95199, 39.67897], [-85.95201, 39.67915], [-85.95201, 39.67916], [-85.95199, 39.68081], [-85.952, 39.68218], [-85.952, 39.68237], [-85.952, 39.68249], [-85.952, 39.68257], [-85.95196, 39.68526], [-85.95192, 39.68662], [-85.95189, 39.68745], [-85.95187, 39.68863], [-85.95186, 39.68891], [-85.95186, 39.689], [-85.95185, 39.68951], [-85.95183, 39.69066], [-85.95179, 39.69238], [-85.95176, 39.69453], [-85.95176, 39.69545], [-85.95176, 39.69582], [-85.95175, 39.69665], [-85.95175, 39.69702], [-85.95174, 39.69706], [-85.95174, 39.69707], [-85.95173, 39.69714], [-85.95171, 39.69746], [-85.95168, 39.6986], [-85.95164, 39.69983], [-85.95163, 39.70036], [-85.95159, 39.70214], [-85.95157, 39.70274], [-85.95155, 39.70377], [-85.95155, 39.70447], [-85.95156, 39.70635], [-85.95156, 39.7083], [-85.95156, 39.70943], [-85.95157, 39.71003], [-85.95157, 39.71112], [-85.95158, 39.71241], [-85.95158, 39.71322], [-85.95159, 39.71389], [-85.95159, 39.71568], [-85.95159, 39.71587], [-85.95159, 39.71627], [-85.95159, 39.71657], [-85.95159, 39.71673], [-85.95159, 39.7176], [-85.9516, 39.71962], [-85.95161, 39.71992], [-85.95165, 39.72215], [-85.95165, 39.72274], [-85.95166, 39.72359], [-85.95166, 39.72394], [-85.9517, 39.72638], [-85.9517, 39.72643], [-85.95171, 39.72671], [-85.95173, 39.72747], [-85.95174, 39.72816], [-85.95175, 39.72877], [-85.95185, 39.73411], [-85.95184, 39.73427], [-85.95184, 39.73617], [-85.95183, 39.7362], [-85.95183, 39.73628], [-85.95183, 39.73639], [-85.95183, 39.73679], [-85.95183, 39.73711], [-85.95182, 39.73746], [-85.95183, 39.73796], [-85.95182, 39.73905], [-85.95182, 39.74005], [-85.95182, 39.74036], [-85.95182, 39.74053], [-85.95182, 39.74094], [-85.95185, 39.74176], [-85.95189, 39.7426], [-85.95196, 39.74452], [-85.95196, 39.74454], [-85.95202, 39.74765], [-85.95206, 39.74969], [-85.95208, 39.75024], [-85.95214, 39.75257], [-85.95214, 39.75289], [-85.95215, 39.75318], [-85.95219, 39.75468], [-85.95219, 39.75512], [-85.95221, 39.75561], [-85.95221, 39.75592], [-85.95221, 39.75687], [-85.95223, 39.75838], [-85.95225, 39.76277], [-85.95225, 39.76313], [-85.95227, 39.76557], [-85.95227, 39.76581], [-85.95227, 39.76621], [-85.95228, 39.76847], [-85.95229, 39.76877], [-85.9523, 39.76986], [-85.9523, 39.77027], [-85.95232, 39.77104], [-85.95232, 39.77177], [-85.95232, 39.7719], [-85.95232, 39.77198], [-85.95256, 39.77191], [-85.95579, 39.77106], [-85.956, 39.77382], [-85.95601, 39.77394], [-85.95922, 39.77377], [-85.96183, 39.77363], [-85.9665, 39.77339], [-85.96647, 39.77005], [-85.97116, 39.77001], [-85.97116, 39.77002], [-85.9712, 39.7714], [-85.97122, 39.77312], [-85.97125, 39.7758], [-85.97127, 39.77734], [-85.97128, 39.77808], [-85.97132, 39.78054], [-85.97133, 39.7817], [-85.97133, 39.78237], [-85.97133, 39.78244], [-85.97132, 39.78251], [-85.9712, 39.78251], [-85.96897, 39.78253], [-85.96759, 39.78253], [-85.96619, 39.78254], [-85.96497, 39.78256], [-85.9648, 39.78256], [-85.96364, 39.78256], [-85.96209, 39.78257], [-85.96038, 39.78258], [-85.95838, 39.7826], [-85.95776, 39.78261], [-85.95732, 39.78261], [-85.95729, 39.78261], [-85.95726, 39.78261], [-85.95723, 39.78262], [-85.95719, 39.78262], [-85.95715, 39.78263], [-85.95552, 39.78265], [-85.95486, 39.78265], [-85.9547, 39.78265], [-85.9546, 39.78265], [-85.95238, 39.78271], [-85.95239, 39.78281], [-85.95239, 39.78289], [-85.95239, 39.78305], [-85.95241, 39.78418], [-85.95241, 39.78445], [-85.95242, 39.78517], [-85.95242, 39.78528], [-85.95245, 39.78724], [-85.95245, 39.78734], [-85.95245, 39.78762], [-85.95246, 39.7882], [-85.95248, 39.7896], [-85.95248, 39.78974], [-85.95258, 39.79709], [-85.95258, 39.79712], [-85.95259, 39.79739], [-85.95259, 39.79745], [-85.95273, 39.80169], [-85.95275, 39.80247], [-85.95279, 39.80329], [-85.9528, 39.80352], [-85.95284, 39.80481], [-85.95287, 39.80568], [-85.9529, 39.80631], [-85.9529, 39.8065], [-85.95291, 39.80676], [-85.95292, 39.80701], [-85.95293, 39.80721], [-85.95298, 39.80844], [-85.95297, 39.80912], [-85.95295, 39.81207], [-85.95303, 39.81674], [-85.95306, 39.81957], [-85.95306, 39.82044], [-85.95306, 39.82057], [-85.95307, 39.82305], [-85.95308, 39.82378], [-85.95308, 39.82446], [-85.95308, 39.82458], [-85.9531, 39.82526], [-85.95313, 39.82678], [-85.95315, 39.82745], [-85.95325, 39.83132], [-85.95328, 39.83304], [-85.95332, 39.83414], [-85.95339, 39.83649], [-85.95341, 39.83766], [-85.95342, 39.83835], [-85.95345, 39.83972], [-85.95348, 39.84031], [-85.95348, 39.84039], [-85.95349, 39.84051], [-85.95349, 39.84072], [-85.95349, 39.84147], [-85.96156, 39.84132], [-85.96254, 39.8413], [-85.96294, 39.84129], [-85.96962, 39.84121], [-85.9724, 39.84117], [-85.97489, 39.84115], [-85.98185, 39.84112], [-85.98455, 39.84109], [-85.98851, 39.84104], [-85.98926, 39.84104], [-85.99132, 39.84101], [-85.99128, 39.83864], [-85.99128, 39.83851], [-85.99127, 39.83831], [-85.99132, 39.83831], [-85.99155, 39.83831], [-85.99502, 39.83823], [-85.99582, 39.83821], [-85.99599, 39.83821], [-85.996, 39.83888], [-85.99709, 39.83888], [-85.99781, 39.83888], [-85.99861, 39.83887], [-85.99897, 39.83866], [-85.99933, 39.83845], [-85.99959, 39.8383], [-85.99964, 39.83827], [-85.99993, 39.83809], [-86.00089, 39.83806], [-86.00154, 39.83828], [-86.00335, 39.83825], [-86.00538, 39.83823], [-86.00536, 39.83705], [-86.00551, 39.83706], [-86.00551, 39.83624], [-86.00846, 39.8362], [-86.00846, 39.83607], [-86.00939, 39.83606], [-86.0095, 39.83606], [-86.00954, 39.83605], [-86.00953, 39.8357], [-86.01012, 39.83568], [-86.01012, 39.83535], [-86.01011, 39.83459], [-86.01009, 39.83337], [-86.01069, 39.83336], [-86.012, 39.83336], [-86.0133, 39.83335], [-86.01593, 39.83333], [-86.016, 39.83333], [-86.01611, 39.83333], [-86.01614, 39.83556], [-86.01617, 39.83728], [-86.01617, 39.83766], [-86.01618, 39.83803], [-86.01903, 39.838], [-86.0192, 39.838], [-86.01967, 39.838], [-86.02335, 39.83624], [-86.02332, 39.83425], [-86.0233, 39.83328], [-86.02341, 39.83328], [-86.02483, 39.83326], [-86.02504, 39.83326], [-86.02511, 39.83326], [-86.02522, 39.83324], [-86.0253, 39.83324], [-86.02537, 39.83323], [-86.0254, 39.83322], [-86.02555, 39.8332], [-86.02562, 39.83318], [-86.02575, 39.83315], [-86.02579, 39.83313], [-86.02594, 39.8331], [-86.02601, 39.83308], [-86.02604, 39.83307], [-86.02618, 39.83305], [-86.02636, 39.83302], [-86.02643, 39.83302], [-86.02705, 39.83302], [-86.02703, 39.83325], [-86.0296, 39.83325], [-86.03129, 39.83324], [-86.03295, 39.83338], [-86.03307, 39.83339], [-86.03354, 39.83333], [-86.03419, 39.83303], [-86.03459, 39.83283], [-86.03492, 39.83267], [-86.0357, 39.83231], [-86.03591, 39.83221], [-86.03671, 39.8318], [-86.03702, 39.83165], [-86.03784, 39.83124], [-86.03803, 39.83111], [-86.03826, 39.831], [-86.03899, 39.83065], [-86.04018, 39.83008], [-86.04021, 39.83006], [-86.04186, 39.82927], [-86.04201, 39.8292], [-86.04261, 39.82891], [-86.04328, 39.82859], [-86.04455, 39.82798], [-86.04587, 39.82734], [-86.04587, 39.8275], [-86.04587, 39.82776], [-86.04592, 39.83049], [-86.04592, 39.83093], [-86.04592, 39.83097], [-86.04593, 39.83129], [-86.04596, 39.83307], [-86.04597, 39.83392], [-86.04598, 39.83442], [-86.04599, 39.83536], [-86.04601, 39.83673], [-86.04603, 39.8379], [-86.04607, 39.8404], [-86.04903, 39.84039], [-86.05021, 39.84039], [-86.05127, 39.84038], [-86.05157, 39.84039], [-86.05219, 39.84038], [-86.05506, 39.84039], [-86.05547, 39.84039], [-86.05554, 39.84039], [-86.05554, 39.84049], [-86.05554, 39.84055], [-86.05558, 39.84212], [-86.05562, 39.84479], [-86.05566, 39.84733], [-86.05567, 39.84772], [-86.0555, 39.84772], [-86.0517, 39.84772], [-86.05093, 39.84773], [-86.05098, 39.85139], [-86.05102, 39.85383], [-86.05104, 39.85468], [-86.05104, 39.85473], [-86.05104, 39.85482], [-86.05104, 39.85495], [-86.05104, 39.85499], [-86.05104, 39.85506], [-86.05073, 39.85506], [-86.05071, 39.85506], [-86.05065, 39.85506], [-86.04922, 39.85506], [-86.0473, 39.85506], [-86.04714, 39.85505], [-86.04714, 39.85508], [-86.04715, 39.85567], [-86.04719, 39.85815], [-86.04721, 39.85974], [-86.04695, 39.85937], [-86.04673, 39.85896], [-86.04668, 39.85968], [-86.04664, 39.86034], [-86.04658, 39.86088], [-86.04647, 39.86144], [-86.04639, 39.8618], [-86.04635, 39.86207], [-86.04635, 39.86237], [-86.0464, 39.86261], [-86.04642, 39.86268], [-86.04646, 39.86279], [-86.04632, 39.86301], [-86.04616, 39.86333], [-86.04608, 39.86363], [-86.04606, 39.86379], [-86.04603, 39.86439], [-86.04598, 39.86494], [-86.04596, 39.86515], [-86.04588, 39.86599], [-86.04548, 39.8661], [-86.04534, 39.86614], [-86.04525, 39.86616], [-86.04516, 39.86618], [-86.04498, 39.86624], [-86.04489, 39.86627], [-86.0448, 39.86629], [-86.04472, 39.86632], [-86.04463, 39.86635], [-86.04456, 39.86638], [-86.04448, 39.86641], [-86.04418, 39.86653], [-86.04411, 39.86657], [-86.04403, 39.8666], [-86.04388, 39.86667], [-86.04317, 39.86703], [-86.04315, 39.86705], [-86.04312, 39.86708], [-86.0431, 39.8671], [-86.04309, 39.86713], [-86.04308, 39.86717], [-86.04308, 39.86718], [-86.04309, 39.86732], [-86.04305, 39.86731], [-86.04299, 39.86732], [-86.04287, 39.86733], [-86.04281, 39.86734], [-86.04277, 39.86734], [-86.04273, 39.86735], [-86.04269, 39.86736], [-86.04264, 39.86737], [-86.04256, 39.86739], [-86.04248, 39.86742], [-86.04244, 39.86743], [-86.0424, 39.86744], [-86.04236, 39.86746], [-86.04228, 39.86748], [-86.04223, 39.86751], [-86.04217, 39.86754], [-86.03944, 39.86892], [-86.03909, 39.86917], [-86.03907, 39.86919], [-86.03905, 39.86921], [-86.039, 39.86925], [-86.03896, 39.86929], [-86.03895, 39.86932], [-86.03893, 39.86934], [-86.0389, 39.86939], [-86.0386, 39.87], [-86.03859, 39.87002], [-86.03858, 39.87004], [-86.03856, 39.87009], [-86.03855, 39.87013], [-86.03854, 39.87018], [-86.03853, 39.87022], [-86.03853, 39.87027], [-86.03853, 39.8703], [-86.03853, 39.87035], [-86.03853, 39.8704], [-86.03854, 39.87046], [-86.03854, 39.87049], [-86.03856, 39.87053], [-86.03857, 39.87058], [-86.03858, 39.8706], [-86.03865, 39.87076], [-86.03876, 39.87103], [-86.0392, 39.87209], [-86.03923, 39.87217], [-86.03925, 39.87225], [-86.03926, 39.87231], [-86.03927, 39.87239], [-86.03927, 39.87245], [-86.03927, 39.87247], [-86.03927, 39.87253], [-86.03926, 39.87259], [-86.03925, 39.87264], [-86.03924, 39.87269], [-86.03922, 39.87275], [-86.03921, 39.87281], [-86.03917, 39.87288], [-86.03915, 39.87294], [-86.03912, 39.87299], [-86.0391, 39.87301], [-86.03909, 39.87304], [-86.03907, 39.87306], [-86.03905, 39.87309], [-86.03903, 39.87311], [-86.03901, 39.87314], [-86.03897, 39.87318], [-86.03837, 39.87396], [-86.0382, 39.87417], [-86.03816, 39.87422], [-86.03814, 39.87424], [-86.0381, 39.87429], [-86.03803, 39.87436], [-86.03796, 39.87442], [-86.03794, 39.87444], [-86.03786, 39.8745], [-86.03673, 39.87517], [-86.03619, 39.87549], [-86.03611, 39.87554], [-86.03603, 39.8756], [-86.03598, 39.87564], [-86.03593, 39.87568], [-86.03588, 39.87572], [-86.03583, 39.87576], [-86.03581, 39.87578], [-86.03577, 39.87582], [-86.03572, 39.87587], [-86.0357, 39.87589], [-86.03567, 39.87594], [-86.03561, 39.87601], [-86.03558, 39.87606], [-86.03555, 39.87611], [-86.0355, 39.87619], [-86.03548, 39.87623], [-86.03293, 39.87628], [-86.02486, 39.8762], [-86.02429, 39.87621], [-86.0223, 39.87625], [-86.0211, 39.87626], [-86.02065, 39.87861], [-86.02071, 39.87876], [-86.02028, 39.87895], [-86.01999, 39.87909], [-86.01834, 39.87949], [-86.01748, 39.8797], [-86.01646, 39.87995], [-86.0164, 39.87996], [-86.01638, 39.87996], [-86.01632, 39.8771], [-86.0163, 39.8759], [-86.01524, 39.87593], [-86.01509, 39.87593], [-86.01447, 39.87604], [-86.01434, 39.87602], [-86.01408, 39.87604], [-86.01386, 39.87597], [-86.0133, 39.87595], [-86.01303, 39.87621], [-86.0132, 39.87664], [-86.01347, 39.87688], [-86.01371, 39.87711], [-86.01367, 39.87751], [-86.01365, 39.87775], [-86.01351, 39.87791], [-86.01298, 39.87856], [-86.01069, 39.8795], [-86.00984, 39.87958], [-86.00756, 39.87918], [-86.00545, 39.87882], [-86.00458, 39.87911], [-86.00379, 39.87938], [-86.00379, 39.87989], [-86.00415, 39.88012], [-86.0045, 39.88047], [-86.00407, 39.88082], [-86.00382, 39.88077], [-86.00368, 39.8807], [-86.00315, 39.88099], [-86.00298, 39.88168], [-86.00314, 39.8824], [-86.0035, 39.88273], [-86.00445, 39.88318], [-86.00449, 39.8837], [-86.00454, 39.88435], [-86.00401, 39.88473], [-86.00363, 39.8849], [-86.00337, 39.88522], [-86.00311, 39.88549], [-86.0028, 39.88566], [-86.00243, 39.8857], [-86.00206, 39.88567], [-86.00125, 39.88616], [-86.00113, 39.88689], [-86.00124, 39.88718], [-86.00132, 39.88737], [-86.00146, 39.88776], [-86.00136, 39.88825], [-86.00122, 39.88869], [-86.00096, 39.88914], [-86.0008, 39.88949], [-86.00068, 39.88979], [-86.00058, 39.89013], [-86.00028, 39.89048], [-85.99994, 39.89076], [-85.99964, 39.89089], [-85.99961, 39.89182], [-85.99935, 39.89212], [-85.99916, 39.89234], [-85.99914, 39.89236], [-85.99908, 39.89243], [-85.99905, 39.89248], [-85.99903, 39.8925], [-85.999, 39.89255], [-85.99899, 39.89258], [-85.99896, 39.89263], [-85.99895, 39.89266], [-85.99892, 39.89271], [-85.99889, 39.89279], [-85.99842, 39.8939], [-85.99835, 39.89406], [-85.99723, 39.8962], [-85.99718, 39.89629], [-85.99717, 39.89632], [-85.99711, 39.89642], [-85.99701, 39.89659], [-85.99696, 39.89666], [-85.99678, 39.89693], [-85.99625, 39.89771], [-85.99593, 39.89823], [-85.99591, 39.89827], [-85.99589, 39.8983], [-85.99586, 39.89835], [-85.99582, 39.8984], [-85.99578, 39.89847], [-85.99461, 39.89995], [-85.99451, 39.89991], [-85.99447, 39.89989], [-85.99442, 39.89986], [-85.99427, 39.89976], [-85.99425, 39.89973], [-85.99415, 39.89965], [-85.99413, 39.89963], [-85.99409, 39.89959], [-85.99408, 39.89957], [-85.99404, 39.89953], [-85.994, 39.89949], [-85.99352, 39.89885], [-85.9935, 39.89883], [-85.99344, 39.89876], [-85.99337, 39.89869], [-85.99335, 39.89867], [-85.99333, 39.89865], [-85.9933, 39.89863], [-85.99328, 39.89861], [-85.99325, 39.89859], [-85.99313, 39.8985], [-85.99306, 39.89846], [-85.99303, 39.89844], [-85.993, 39.89843], [-85.99297, 39.89841], [-85.99294, 39.89839], [-85.99291, 39.89838], [-85.99288, 39.89836], [-85.99278, 39.89832], [-85.99275, 39.89831], [-85.99272, 39.8983], [-85.99268, 39.89829], [-85.99265, 39.89827], [-85.99244, 39.89822], [-85.99241, 39.89821], [-85.99237, 39.8982], [-85.99234, 39.8982], [-85.9923, 39.89819], [-85.99219, 39.89817], [-85.99215, 39.89817], [-85.99212, 39.89817], [-85.99208, 39.89817], [-85.99205, 39.89816], [-85.99193, 39.89816], [-85.99123, 39.89817], [-85.99057, 39.89817], [-85.9905, 39.89817], [-85.98946, 39.89818], [-85.98569, 39.89822], [-85.98213, 39.89824], [-85.98061, 39.89825], [-85.97872, 39.89826], [-85.97614, 39.89826], [-85.97615, 39.90103], [-85.97614, 39.90111], [-85.97613, 39.90117], [-85.97611, 39.90122], [-85.9761, 39.90125], [-85.97608, 39.9013], [-85.97605, 39.90136], [-85.97603, 39.90138], [-85.97602, 39.90141], [-85.976, 39.90143], [-85.97598, 39.90146], [-85.97594, 39.9015], [-85.97592, 39.90153], [-85.9759, 39.90155], [-85.97587, 39.90157], [-85.97582, 39.90161], [-85.97577, 39.90165], [-85.97569, 39.9017], [-85.97566, 39.90172], [-85.97563, 39.90173], [-85.9756, 39.90175], [-85.97553, 39.90178], [-85.9755, 39.90179], [-85.97547, 39.9018], [-85.97543, 39.90181], [-85.97533, 39.90184], [-85.9753, 39.90185], [-85.97526, 39.90185], [-85.97512, 39.90187], [-85.97508, 39.90187], [-85.97504, 39.90187], [-85.97314, 39.9019], [-85.97248, 39.90191], [-85.97181, 39.90191], [-85.97041, 39.9019], [-85.96722, 39.90193], [-85.96663, 39.90194], [-85.96646, 39.90194], [-85.96553, 39.90194], [-85.96404, 39.90196], [-85.96397, 39.90196], [-85.96302, 39.90197], [-85.9628, 39.90197], [-85.9626, 39.90197], [-85.96249, 39.90198], [-85.96225, 39.90199], [-85.96206, 39.902], [-85.96187, 39.90202], [-85.96169, 39.90203], [-85.96144, 39.90206], [-85.96125, 39.90207], [-85.96106, 39.90209], [-85.96081, 39.90212], [-85.96062, 39.90214], [-85.95962, 39.90225], [-85.95931, 39.90229], [-85.95881, 39.90236], [-85.95716, 39.90255], [-85.95714, 39.90569], [-85.95714, 39.90701], [-85.95714, 39.91034], [-85.95713, 39.91237], [-85.95712, 39.91242], [-85.95712, 39.91248], [-85.95711, 39.91253], [-85.9571, 39.91256], [-85.95708, 39.91264], [-85.95706, 39.91269], [-85.95701, 39.91282], [-85.95643, 39.91285], [-85.95295, 39.9129], [-85.95224, 39.91291], [-85.95133, 39.91292], [-85.94937, 39.91295], [-85.94541, 39.91301], [-85.94247, 39.91305], [-85.94199, 39.91306], [-85.94069, 39.91307], [-85.94011, 39.91307], [-85.93961, 39.91307], [-85.9381, 39.91304], [-85.93811, 39.91321], [-85.9381, 39.91394], [-85.93809, 39.91681], [-85.93809, 39.91716], [-85.93809, 39.9172], [-85.93809, 39.91744], [-85.93809, 39.91754], [-85.9381, 39.91795], [-85.93809, 39.91909], [-85.93808, 39.92034], [-85.93808, 39.92051], [-85.93808, 39.92115], [-85.93809, 39.92149], [-85.93809, 39.92157], [-85.9381, 39.9216], [-85.9381, 39.92163], [-85.93811, 39.92233], [-85.93811, 39.92283], [-85.9381, 39.92303], [-85.93809, 39.9232], [-85.93807, 39.92337], [-85.93803, 39.92358], [-85.93799, 39.92371], [-85.93793, 39.92388], [-85.93783, 39.92408], [-85.93771, 39.92429], [-85.93763, 39.92442], [-85.93742, 39.92466], [-85.9374, 39.92583], [-85.93738, 39.92644], [-85.93812, 39.9265], [-85.93814, 39.9265], [-85.93815, 39.92656], [-85.93816, 39.92663], [-85.93816, 39.92673], [-85.93816, 39.92684], [-85.93813, 39.92698], [-85.93809, 39.92702], [-85.93777, 39.92703], [-85.9376, 39.92705], [-85.93759, 39.92714], [-85.93765, 39.92712], [-85.93782, 39.92712], [-85.93942, 39.92712], [-85.94118, 39.92711], [-85.94289, 39.92709], [-85.94334, 39.92709], [-85.94549, 39.92707], [-85.94585, 39.92707], [-85.94592, 39.92707], [-85.94616, 39.92707], [-85.9464, 39.92707], [-85.94677, 39.92706], [-85.9474, 39.92706], [-85.94747, 39.92706], [-85.94794, 39.92706], [-85.94801, 39.92705], [-85.94862, 39.92705], [-85.94999, 39.92703], [-85.95036, 39.92703], [-85.9521, 39.92702], [-85.95924, 39.92696], [-85.96637, 39.92689], [-85.97013, 39.92686], [-85.97124, 39.92686], [-85.97206, 39.92685], [-85.97256, 39.92685], [-85.97291, 39.92685], [-85.97354, 39.92684], [-85.97521, 39.92686], [-85.97536, 39.92687], [-85.9754, 39.92689], [-85.97551, 39.92696], [-85.97565, 39.92702], [-85.97579, 39.92707], [-85.97588, 39.9271], [-85.97607, 39.92714], [-85.97612, 39.92714], [-85.97616, 39.92715], [-85.97633, 39.92715], [-85.97651, 39.92715], [-85.97855, 39.92714], [-85.97909, 39.92713], [-85.98086, 39.92712], [-85.98128, 39.92711], [-85.9822, 39.92711], [-85.98235, 39.92711], [-85.98307, 39.9271], [-85.98352, 39.9271], [-85.98446, 39.92709], [-85.98518, 39.92709], [-85.98651, 39.92708], [-85.98735, 39.92707], [-85.98754, 39.92707], [-85.98793, 39.92707], [-85.98859, 39.92706], [-85.98874, 39.92706], [-85.98917, 39.92706], [-85.98962, 39.92706], [-85.99149, 39.92704], [-85.99329, 39.92703], [-85.99504, 39.92701], [-86.00139, 39.92706], [-86.00166, 39.92706], [-86.00204, 39.92707], [-86.00341, 39.92708], [-86.00439, 39.92709], [-86.0064, 39.9271], [-86.007, 39.92711], [-86.00742, 39.92711], [-86.00855, 39.92712], [-86.01002, 39.92713], [-86.0102, 39.92713], [-86.01081, 39.92714], [-86.01085, 39.92714], [-86.01101, 39.92715], [-86.01126, 39.92717], [-86.01241, 39.92731], [-86.01256, 39.92733], [-86.01282, 39.92735], [-86.01302, 39.92736], [-86.0134, 39.92739], [-86.01356, 39.9274], [-86.01371, 39.9274], [-86.01386, 39.9274], [-86.01425, 39.9274], [-86.01449, 39.92739], [-86.01572, 39.92737], [-86.0169, 39.92735], [-86.01789, 39.92733], [-86.01812, 39.92732], [-86.01927, 39.92729], [-86.01958, 39.92728], [-86.02069, 39.92726], [-86.02103, 39.92726], [-86.02177, 39.92726], [-86.02185, 39.92726], [-86.02524, 39.92721], [-86.02598, 39.9272], [-86.02643, 39.92719], [-86.02767, 39.92716], [-86.02823, 39.92715], [-86.02891, 39.92713], [-86.02947, 39.92712], [-86.02977, 39.92711], [-86.03101, 39.92709], [-86.03298, 39.92707], [-86.03404, 39.92707], [-86.03487, 39.92707], [-86.03497, 39.92707], [-86.03523, 39.92708], [-86.0366, 39.92708], [-86.03995, 39.92707], [-86.04536, 39.92706], [-86.04626, 39.92706], [-86.04691, 39.92706], [-86.04737, 39.92706], [-86.04771, 39.92706], [-86.04859, 39.92706], [-86.04907, 39.92706], [-86.04934, 39.92706], [-86.04963, 39.92706], [-86.05066, 39.92705], [-86.05184, 39.92705], [-86.05383, 39.92704], [-86.05428, 39.92704], [-86.05466, 39.92704], [-86.05549, 39.92704], [-86.05584, 39.92704], [-86.05606, 39.92703], [-86.05718, 39.92703], [-86.05787, 39.92703], [-86.05884, 39.92702], [-86.05977, 39.92702], [-86.05997, 39.92702], [-86.06027, 39.92702], [-86.06058, 39.92702], [-86.06141, 39.92701], [-86.06168, 39.92701], [-86.0617, 39.92701], [-86.06192, 39.92701], [-86.06295, 39.92701], [-86.06309, 39.92701], [-86.06358, 39.92701], [-86.06371, 39.92701], [-86.0641, 39.92701], [-86.0652, 39.92702], [-86.06613, 39.92701], [-86.06641, 39.92701], [-86.06744, 39.927], [-86.06831, 39.92699], [-86.06866, 39.92699], [-86.0692, 39.92699], [-86.0696, 39.92699], [-86.06975, 39.92699], [-86.07047, 39.92699], [-86.07184, 39.92699], [-86.07495, 39.92696], [-86.07588, 39.92696], [-86.07604, 39.92696], [-86.07619, 39.92696], [-86.07625, 39.92696], [-86.07634, 39.92696], [-86.07649, 39.92696], [-86.07667, 39.92695], [-86.07671, 39.92695], [-86.07683, 39.92695], [-86.07716, 39.92695], [-86.07906, 39.92694], [-86.0793, 39.92694], [-86.08083, 39.92693], [-86.08139, 39.92693], [-86.0822, 39.92693], [-86.08225, 39.92693], [-86.08325, 39.92691], [-86.08419, 39.92691], [-86.08755, 39.9269], [-86.0882, 39.92689], [-86.08862, 39.92689], [-86.08871, 39.92689], [-86.09113, 39.9269], [-86.0944, 39.92689], [-86.09456, 39.92689], [-86.09481, 39.92689], [-86.09578, 39.92689], [-86.09651, 39.92689], [-86.0982, 39.92689], [-86.09948, 39.92689], [-86.10051, 39.92689], [-86.10349, 39.9269], [-86.10486, 39.92691], [-86.10549, 39.92691], [-86.10664, 39.92691], [-86.10675, 39.92691], [-86.10787, 39.92691], [-86.10797, 39.92691], [-86.10987, 39.92692], [-86.11076, 39.92692], [-86.11159, 39.92691], [-86.11217, 39.92691], [-86.11242, 39.92691], [-86.11256, 39.92691], [-86.11278, 39.92691], [-86.11312, 39.92691], [-86.11356, 39.92691], [-86.11467, 39.92691], [-86.1151, 39.92691], [-86.11638, 39.92691], [-86.11731, 39.92691], [-86.118, 39.92691], [-86.11898, 39.9269], [-86.11928, 39.9269], [-86.11936, 39.9269], [-86.12116, 39.92689], [-86.12279, 39.92688], [-86.1236, 39.92688], [-86.1244, 39.92688], [-86.12525, 39.92688], [-86.12668, 39.92688], [-86.12682, 39.92688], [-86.12688, 39.92689], [-86.12697, 39.92691], [-86.12701, 39.92691], [-86.12708, 39.92692], [-86.12724, 39.92694], [-86.12877, 39.92693], [-86.13032, 39.92691], [-86.1307, 39.9269], [-86.13142, 39.9269], [-86.13194, 39.92689], [-86.13276, 39.92688], [-86.13294, 39.92688], [-86.13302, 39.9269], [-86.13309, 39.92691], [-86.13315, 39.92693], [-86.13329, 39.92696], [-86.13336, 39.92697], [-86.13343, 39.92698], [-86.13371, 39.92702], [-86.13378, 39.92702], [-86.13389, 39.92703], [-86.134, 39.92704], [-86.13437, 39.92706], [-86.1347, 39.92707], [-86.13637, 39.92708], [-86.13799, 39.92709], [-86.1387, 39.9271], [-86.13943, 39.9271], [-86.14184, 39.92713], [-86.14239, 39.92714], [-86.14398, 39.92715], [-86.14466, 39.92715], [-86.14527, 39.92716], [-86.14589, 39.92718], [-86.14753, 39.92716], [-86.14821, 39.92714], [-86.14852, 39.92714], [-86.14912, 39.92713], [-86.15068, 39.92711], [-86.1507, 39.92711], [-86.15226, 39.92709], [-86.15329, 39.92709], [-86.15384, 39.92708], [-86.15491, 39.92706], [-86.15531, 39.92705], [-86.15638, 39.92703], [-86.15676, 39.92703], [-86.15782, 39.92702], [-86.15806, 39.92701], [-86.15903, 39.92699], [-86.15923, 39.92698], [-86.16014, 39.92697], [-86.16098, 39.92697], [-86.16307, 39.92694], [-86.16392, 39.92693], [-86.16507, 39.92691], [-86.16576, 39.92691], [-86.1693, 39.9269], [-86.17214, 39.9269], [-86.17224, 39.9269], [-86.17386, 39.92691], [-86.1744, 39.9269], [-86.17475, 39.92689], [-86.17555, 39.92687], [-86.17617, 39.92686], [-86.17713, 39.92685], [-86.17761, 39.92685], [-86.17841, 39.92685], [-86.17877, 39.92685], [-86.17936, 39.92684], [-86.18055, 39.92683], [-86.18227, 39.92683], [-86.18265, 39.92682], [-86.18362, 39.92681], [-86.18403, 39.92682], [-86.18408, 39.92682], [-86.18453, 39.92681], [-86.18578, 39.9268], [-86.18775, 39.92679], [-86.18862, 39.92678], [-86.19092, 39.92676], [-86.19234, 39.92674], [-86.19312, 39.92674], [-86.19374, 39.92673], [-86.19446, 39.92673], [-86.19465, 39.92673], [-86.19502, 39.92672], [-86.19775, 39.92669], [-86.19896, 39.92667], [-86.19904, 39.92667], [-86.19945, 39.92667], [-86.20083, 39.92666], [-86.20204, 39.92664], [-86.20282, 39.92664], [-86.20284, 39.92664], [-86.20287, 39.92664], [-86.20288, 39.92664], [-86.20293, 39.92663], [-86.20309, 39.92663], [-86.20325, 39.92663], [-86.20342, 39.92663], [-86.2036, 39.92662], [-86.20497, 39.9266], [-86.20686, 39.92657], [-86.20851, 39.92654], [-86.20947, 39.92653], [-86.21053, 39.92651], [-86.21072, 39.9265], [-86.21132, 39.9265], [-86.21162, 39.92649], [-86.21192, 39.92648], [-86.21254, 39.92648], [-86.21372, 39.92646], [-86.2138, 39.92646], [-86.21423, 39.92644], [-86.21444, 39.92644], [-86.21501, 39.92643], [-86.21593, 39.92641], [-86.21613, 39.92641], [-86.21829, 39.92637], [-86.21858, 39.92637], [-86.21897, 39.92636], [-86.21927, 39.92635], [-86.21954, 39.92634], [-86.21991, 39.92634], [-86.22039, 39.92633], [-86.22106, 39.92632], [-86.22204, 39.9263], [-86.2222, 39.92629], [-86.22229, 39.92629], [-86.22243, 39.92629], [-86.22299, 39.92628], [-86.22325, 39.92628], [-86.2238, 39.92627], [-86.22431, 39.92627], [-86.22491, 39.92626], [-86.22517, 39.92625], [-86.22552, 39.92625], [-86.22607, 39.92624], [-86.22647, 39.92623], [-86.22762, 39.92622], [-86.22882, 39.92619], [-86.22961, 39.92617], [-86.23169, 39.92614], [-86.23206, 39.92616], [-86.23223, 39.92616], [-86.23234, 39.92616], [-86.2325, 39.92615], [-86.23274, 39.92615], [-86.23306, 39.92614], [-86.23339, 39.92614], [-86.23548, 39.92611], [-86.23706, 39.9261], [-86.23745, 39.92609], [-86.23791, 39.92608], [-86.23849, 39.92608], [-86.23919, 39.92607], [-86.23974, 39.92606], [-86.24038, 39.92605], [-86.24051, 39.92605], [-86.24063, 39.92606], [-86.24074, 39.92607], [-86.24078, 39.92607], [-86.24106, 39.9261], [-86.2411, 39.9261], [-86.24121, 39.9261], [-86.24138, 39.92609], [-86.24682, 39.9258], [-86.24816, 39.92573], [-86.24822, 39.92573], [-86.24843, 39.92572], [-86.24965, 39.92565], [-86.25035, 39.92561], [-86.25066, 39.92559], [-86.25136, 39.92556], [-86.25151, 39.92555], [-86.25155, 39.92555], [-86.2521, 39.92552], [-86.25502, 39.92537], [-86.25986, 39.92512], [-86.25987, 39.92505], [-86.26009, 39.92504], [-86.26112, 39.92515], [-86.26249, 39.92514], [-86.264, 39.92511], [-86.26491, 39.92508], [-86.26614, 39.92502], [-86.26689, 39.92499], [-86.26734, 39.92495], [-86.26761, 39.92495], [-86.26791, 39.92491], [-86.26825, 39.92492], [-86.26887, 39.92492], [-86.27043, 39.92492], [-86.27095, 39.92491], [-86.27141, 39.9249], [-86.27274, 39.92487], [-86.27472, 39.92482], [-86.27489, 39.92482], [-86.27559, 39.92481], [-86.27735, 39.92477], [-86.27756, 39.92477], [-86.27758, 39.92477], [-86.27848, 39.92474], [-86.27945, 39.92471], [-86.27952, 39.92471], [-86.27958, 39.92471], [-86.27999, 39.9247], [-86.2811, 39.92465], [-86.28128, 39.92465], [-86.2818, 39.92465], [-86.28186, 39.92465], [-86.28199, 39.92465], [-86.28218, 39.92465], [-86.28376, 39.92465], [-86.28592, 39.92465], [-86.28892, 39.92464], [-86.289, 39.92465], [-86.28905, 39.92465], [-86.29017, 39.92464], [-86.29024, 39.92463], [-86.29078, 39.92463], [-86.29261, 39.9246], [-86.29269, 39.9246], [-86.29359, 39.92459], [-86.2936, 39.92459], [-86.29533, 39.92457], [-86.2972, 39.92454], [-86.29782, 39.92454], [-86.29892, 39.92453], [-86.30163, 39.92449], [-86.30237, 39.92449], [-86.30332, 39.92446], [-86.304, 39.92445], [-86.30408, 39.92445], [-86.30725, 39.9244], [-86.30926, 39.92436], [-86.31055, 39.92434], [-86.31435, 39.92427], [-86.31582, 39.92425], [-86.3161, 39.92424], [-86.31668, 39.92423], [-86.31748, 39.92423], [-86.31804, 39.92423], [-86.31808, 39.92423], [-86.31879, 39.92422], [-86.31902, 39.92422], [-86.31946, 39.92422], [-86.32134, 39.92423], [-86.32139, 39.92423], [-86.3214, 39.92417], [-86.32165, 39.92416], [-86.32629, 39.92405], [-86.3263, 39.92404], [-86.3263, 39.92187], [-86.32638, 39.92117], [-86.3264, 39.92104], [-86.32639, 39.92091], [-86.32637, 39.91997], [-86.32635, 39.91916], [-86.32628, 39.91734], [-86.32627, 39.9172], [-86.32627, 39.91705], [-86.32622, 39.91573], [-86.32622, 39.91558], [-86.32622, 39.91533], [-86.32624, 39.91463], [-86.32625, 39.91439], [-86.32625, 39.91415], [-86.32626, 39.91369], [-86.32627, 39.91359], [-86.32624, 39.9118], [-86.32624, 39.91177], [-86.32624, 39.91168], [-86.32623, 39.91132], [-86.32622, 39.91062], [-86.32621, 39.90963], [-86.3262, 39.90933], [-86.3262, 39.90926], [-86.3262, 39.90869], [-86.3262, 39.90865], [-86.32616, 39.90639], [-86.32614, 39.90603], [-86.32608, 39.90468], [-86.32607, 39.90464], [-86.32607, 39.90458], [-86.32608, 39.90432], [-86.32611, 39.90316], [-86.32611, 39.90298], [-86.32611, 39.90259], [-86.3261, 39.90239], [-86.3261, 39.90213], [-86.32608, 39.89989], [-86.32607, 39.89952], [-86.32599, 39.89145], [-86.32599, 39.89123], [-86.32595, 39.88792], [-86.32595, 39.88786], [-86.32592, 39.88498], [-86.32589, 39.88234], [-86.32592, 39.88233], [-86.32597, 39.8823], [-86.326, 39.88226], [-86.32602, 39.88223], [-86.32603, 39.88221], [-86.32603, 39.88218], [-86.32606, 39.88206], [-86.32603, 39.88074], [-86.32603, 39.88006], [-86.326, 39.87716], [-86.326, 39.87501], [-86.326, 39.87406], [-86.32599, 39.8735], [-86.32595, 39.87265], [-86.32593, 39.87237], [-86.32592, 39.87214], [-86.32591, 39.87198], [-86.32587, 39.87159], [-86.32575, 39.87034], [-86.32562, 39.86882], [-86.32542, 39.86674], [-86.32538, 39.86618], [-86.32541, 39.86618], [-86.32599, 39.86616], [-86.32693, 39.86615], [-86.32813, 39.86613]], [[-86.27528, 39.80887], [-86.27529, 39.80929], [-86.27526, 39.80928], [-86.27209, 39.80922], [-86.27001, 39.80927], [-86.27004, 39.81068], [-86.26866, 39.81067], [-86.26547, 39.81068], [-86.26498, 39.81069], [-86.26461, 39.81071], [-86.26181, 39.81078], [-86.26061, 39.81078], [-86.26028, 39.81079], [-86.26027, 39.81065], [-86.26022, 39.80978], [-86.26026, 39.80909], [-86.26026, 39.80898], [-86.25584, 39.80916], [-86.24939, 39.8091], [-86.24828, 39.80913], [-86.24804, 39.80912], [-86.24673, 39.80915], [-86.24458, 39.80919], [-86.24398, 39.80919], [-86.24152, 39.80924], [-86.24109, 39.80925], [-86.24111, 39.80871], [-86.24009, 39.80869], [-86.23987, 39.80869], [-86.23985, 39.80778], [-86.23982, 39.80631], [-86.23982, 39.80605], [-86.23981, 39.80525], [-86.2398, 39.80503], [-86.23749, 39.80502], [-86.23562, 39.80506], [-86.23502, 39.80503], [-86.23503, 39.80572], [-86.23505, 39.80828], [-86.23506, 39.80842], [-86.23506, 39.80848], [-86.23506, 39.8089], [-86.23457, 39.8089], [-86.23435, 39.80891], [-86.23379, 39.80891], [-86.23272, 39.80894], [-86.23259, 39.80895], [-86.23259, 39.80876], [-86.23258, 39.80849], [-86.23281, 39.80848], [-86.23277, 39.80816], [-86.23275, 39.8055], [-86.23275, 39.80333], [-86.23275, 39.80275], [-86.23276, 39.80222], [-86.23228, 39.80184], [-86.23134, 39.80189], [-86.23113, 39.80189], [-86.23069, 39.80188], [-86.2296, 39.80191], [-86.2277, 39.80197], [-86.22664, 39.80198], [-86.22565, 39.80197], [-86.22554, 39.79497], [-86.22554, 39.79473], [-86.22551, 39.79303], [-86.22547, 39.79009], [-86.22546, 39.79002], [-86.22545, 39.78933], [-86.22543, 39.78762], [-86.22585, 39.78761], [-86.22583, 39.787], [-86.22577, 39.78698], [-86.22575, 39.78696], [-86.22573, 39.78695], [-86.22571, 39.78692], [-86.22569, 39.78689], [-86.22567, 39.78685], [-86.22567, 39.78683], [-86.22566, 39.78571], [-86.22565, 39.78557], [-86.22564, 39.78543], [-86.22563, 39.78529], [-86.22561, 39.78509], [-86.22559, 39.78498], [-86.22556, 39.78484], [-86.22553, 39.78471], [-86.22551, 39.78463], [-86.22548, 39.78449], [-86.22545, 39.78441], [-86.2254, 39.78425], [-86.22528, 39.78391], [-86.22526, 39.78382], [-86.22525, 39.78377], [-86.22524, 39.78372], [-86.22524, 39.78368], [-86.22524, 39.78363], [-86.22521, 39.78203], [-86.22521, 39.78197], [-86.22521, 39.78194], [-86.22521, 39.78189], [-86.2252, 39.78104], [-86.22543, 39.78037], [-86.22658, 39.78035], [-86.22816, 39.78033], [-86.23122, 39.78028], [-86.23185, 39.78027], [-86.23212, 39.78027], [-86.23363, 39.78024], [-86.23407, 39.78023], [-86.2341, 39.77821], [-86.23411, 39.77604], [-86.23411, 39.7759], [-86.23411, 39.77508], [-86.23411, 39.77387], [-86.23411, 39.77369], [-86.2341, 39.77307], [-86.23409, 39.77286], [-86.23381, 39.77224], [-86.23381, 39.77223], [-86.23371, 39.77168], [-86.23315, 39.7717], [-86.23221, 39.77172], [-86.23106, 39.77167], [-86.22884, 39.77172], [-86.22876, 39.77172], [-86.2284, 39.77172], [-86.22839, 39.77129], [-86.22835, 39.77052], [-86.22816, 39.76675], [-86.22807, 39.76505], [-86.22998, 39.76508], [-86.23436, 39.76511], [-86.23435, 39.7659], [-86.23434, 39.76616], [-86.23433, 39.76748], [-86.23431, 39.76851], [-86.23431, 39.76859], [-86.23428, 39.77087], [-86.23427, 39.77163], [-86.23407, 39.77164], [-86.23413, 39.77217], [-86.23444, 39.77279], [-86.23444, 39.77296], [-86.23447, 39.77398], [-86.23447, 39.77507], [-86.23447, 39.7759], [-86.23911, 39.77595], [-86.2393, 39.77554], [-86.23939, 39.77554], [-86.23951, 39.77555], [-86.23968, 39.77555], [-86.23976, 39.77557], [-86.23986, 39.7756], [-86.23998, 39.77563], [-86.24017, 39.77571], [-86.24035, 39.77581], [-86.24068, 39.77587], [-86.242, 39.77606], [-86.24321, 39.7762], [-86.24461, 39.7766], [-86.24629, 39.77715], [-86.24753, 39.77735], [-86.24819, 39.77756], [-86.25057, 39.77824], [-86.25057, 39.77838], [-86.2506, 39.77998], [-86.25325, 39.77993], [-86.25695, 39.77986], [-86.25804, 39.77983], [-86.25838, 39.77983], [-86.25844, 39.77983], [-86.25897, 39.77982], [-86.26014, 39.77979], [-86.26017, 39.78022], [-86.26021, 39.78076], [-86.2602, 39.78144], [-86.2602, 39.78148], [-86.26018, 39.78193], [-86.26018, 39.782], [-86.26018, 39.7821], [-86.25945, 39.7821], [-86.25844, 39.78212], [-86.25844, 39.782], [-86.25838, 39.78069], [-86.25837, 39.78009], [-86.25826, 39.77997], [-86.25823, 39.77995], [-86.25695, 39.78003], [-86.25528, 39.78012], [-86.25527, 39.78025], [-86.25528, 39.78057], [-86.25533, 39.78263], [-86.25538, 39.78309], [-86.25539, 39.784], [-86.25542, 39.78473], [-86.26017, 39.78541], [-86.26678, 39.78691], [-86.26723, 39.78702], [-86.26733, 39.78704], [-86.26747, 39.78706], [-86.26969, 39.78748], [-86.26968, 39.78765], [-86.26968, 39.78792], [-86.26967, 39.78819], [-86.2697, 39.78971], [-86.26972, 39.79006], [-86.26976, 39.79069], [-86.26978, 39.79151], [-86.2698, 39.79392], [-86.26981, 39.79412], [-86.26981, 39.79418], [-86.2698, 39.79424], [-86.2698, 39.79429], [-86.26981, 39.79454], [-86.26981, 39.79456], [-86.26982, 39.7946], [-86.26983, 39.79463], [-86.26984, 39.79465], [-86.26985, 39.79469], [-86.26987, 39.79471], [-86.26988, 39.79474], [-86.26991, 39.79477], [-86.26994, 39.79481], [-86.26996, 39.79483], [-86.26998, 39.79485], [-86.27, 39.79486], [-86.27002, 39.79488], [-86.27005, 39.79489], [-86.27007, 39.79491], [-86.27009, 39.79492], [-86.27013, 39.79493], [-86.27017, 39.79495], [-86.27026, 39.79498], [-86.27031, 39.79499], [-86.27033, 39.79499], [-86.27036, 39.79499], [-86.27039, 39.795], [-86.27042, 39.795], [-86.27024, 39.79665], [-86.2705, 39.79682], [-86.27081, 39.79728], [-86.27072, 39.79756], [-86.27074, 39.79791], [-86.27123, 39.79839], [-86.27201, 39.79874], [-86.27276, 39.7989], [-86.27374, 39.79908], [-86.27466, 39.79926], [-86.27467, 39.79948], [-86.27472, 39.80027], [-86.27472, 39.80034], [-86.27471, 39.8004], [-86.27469, 39.80048], [-86.27464, 39.80061], [-86.27454, 39.80076], [-86.27415, 39.80065], [-86.27372, 39.80056], [-86.27343, 39.80054], [-86.27298, 39.80055], [-86.27267, 39.8006], [-86.27251, 39.80063], [-86.27082, 39.8012], [-86.27076, 39.80122], [-86.27079, 39.80123], [-86.27091, 39.80123], [-86.27094, 39.80124], [-86.2711, 39.80125], [-86.27125, 39.80126], [-86.27143, 39.80128], [-86.272, 39.8011], [-86.27279, 39.80088], [-86.27308, 39.80084], [-86.27359, 39.80085], [-86.27387, 39.80089], [-86.27437, 39.80103], [-86.27495, 39.8012], [-86.27515, 39.80126], [-86.27515, 39.80144], [-86.27515, 39.80152], [-86.27517, 39.80281], [-86.27519, 39.80374], [-86.27519, 39.80384], [-86.27521, 39.80505], [-86.27521, 39.80512], [-86.27522, 39.80521], [-86.27522, 39.80544], [-86.27525, 39.8068], [-86.27526, 39.80748], [-86.27528, 39.80883], [-86.27528, 39.80887]], [[-86.20429, 39.83227], [-86.20437, 39.83538], [-86.20305, 39.83539], [-86.20247, 39.8354], [-86.20191, 39.83546], [-86.20132, 39.83546], [-86.19983, 39.83545], [-86.19757, 39.83546], [-86.19756, 39.83547], [-86.19754, 39.83547], [-86.19752, 39.83547], [-86.19749, 39.83548], [-86.19747, 39.83549], [-86.19747, 39.83547], [-86.19748, 39.83545], [-86.19748, 39.83543], [-86.19748, 39.83541], [-86.19746, 39.83371], [-86.19745, 39.8331], [-86.19563, 39.83315], [-86.1953, 39.83555], [-86.1953, 39.83559], [-86.19529, 39.83564], [-86.19529, 39.8357], [-86.19529, 39.83576], [-86.1953, 39.83625], [-86.194, 39.83677], [-86.19361, 39.83692], [-86.19236, 39.83742], [-86.19091, 39.838], [-86.19046, 39.83818], [-86.18946, 39.83616], [-86.19033, 39.83472], [-86.18951, 39.83153], [-86.19271, 39.83249], [-86.19455, 39.83216], [-86.19528, 39.83179], [-86.19579, 39.83073], [-86.19591, 39.8305], [-86.1959, 39.83049], [-86.19587, 39.83041], [-86.1956, 39.82968], [-86.19741, 39.82971], [-86.19787, 39.82971], [-86.19836, 39.8297], [-86.20069, 39.82972], [-86.20146, 39.82973], [-86.2016, 39.82973], [-86.20216, 39.82993], [-86.20284, 39.82992], [-86.20343, 39.82992], [-86.20351, 39.82992], [-86.20354, 39.82992], [-86.20369, 39.82993], [-86.20373, 39.82993], [-86.20384, 39.82994], [-86.20386, 39.82994], [-86.2039, 39.82992], [-86.2039, 39.82995], [-86.20391, 39.8302], [-86.20397, 39.83224], [-86.20429, 39.83227]], [[-86.17993, 39.84667], [-86.17986, 39.84807], [-86.17852, 39.85042], [-86.17863, 39.85386], [-86.17861, 39.85388], [-86.17291, 39.85386], [-86.17379, 39.85487], [-86.17359, 39.85502], [-86.17424, 39.85507], [-86.17413, 39.85704], [-86.17345, 39.85701], [-86.1734, 39.85895], [-86.17328, 39.85901], [-86.17307, 39.85915], [-86.17287, 39.85928], [-86.17267, 39.85942], [-86.17257, 39.8595], [-86.17247, 39.85957], [-86.17238, 39.85965], [-86.1722, 39.8598], [-86.17202, 39.85996], [-86.17181, 39.86016], [-86.17172, 39.86025], [-86.17164, 39.86033], [-86.17149, 39.8605], [-86.17142, 39.86059], [-86.17134, 39.86068], [-86.17106, 39.86107], [-86.16955, 39.86114], [-86.16941, 39.86263], [-86.16935, 39.86265], [-86.16928, 39.86267], [-86.16925, 39.86268], [-86.16918, 39.86269], [-86.16911, 39.86271], [-86.16904, 39.86272], [-86.16897, 39.86273], [-86.1689, 39.86274], [-86.16883, 39.86275], [-86.16876, 39.86276], [-86.16868, 39.86276], [-86.16847, 39.86276], [-86.1684, 39.86276], [-86.16836, 39.86275], [-86.16829, 39.86276], [-86.16825, 39.86275], [-86.16724, 39.86249], [-86.16707, 39.86245], [-86.167, 39.86243], [-86.16696, 39.86242], [-86.1669, 39.86241], [-86.16686, 39.8624], [-86.16679, 39.86239], [-86.16669, 39.86237], [-86.16661, 39.86236], [-86.16658, 39.86236], [-86.16647, 39.86234], [-86.1664, 39.86234], [-86.16637, 39.86233], [-86.16622, 39.86232], [-86.16615, 39.86232], [-86.16612, 39.86232], [-86.16557, 39.86231], [-86.16539, 39.86231], [-86.16381, 39.86227], [-86.16318, 39.86225], [-86.16316, 39.86266], [-86.16316, 39.86274], [-86.16317, 39.86282], [-86.16317, 39.86286], [-86.16318, 39.86291], [-86.1632, 39.86296], [-86.16322, 39.86302], [-86.16323, 39.86305], [-86.16325, 39.86307], [-86.16326, 39.8631], [-86.16327, 39.86312], [-86.16329, 39.86315], [-86.16331, 39.86317], [-86.16351, 39.86345], [-86.16353, 39.86351], [-86.16356, 39.86356], [-86.16358, 39.86362], [-86.16358, 39.86364], [-86.1636, 39.8637], [-86.1636, 39.86373], [-86.16361, 39.86379], [-86.16362, 39.86385], [-86.16362, 39.86389], [-86.16362, 39.86443], [-86.16361, 39.86449], [-86.16361, 39.86451], [-86.16361, 39.86454], [-86.1636, 39.86462], [-86.16358, 39.86468], [-86.16357, 39.86473], [-86.16355, 39.86479], [-86.16353, 39.86484], [-86.16351, 39.86487], [-86.16322, 39.86557], [-86.16321, 39.8656], [-86.1632, 39.86563], [-86.1632, 39.86565], [-86.16319, 39.86569], [-86.16319, 39.86571], [-86.1632, 39.86577], [-86.16321, 39.8658], [-86.16322, 39.86582], [-86.16324, 39.86585], [-86.16325, 39.86587], [-86.16327, 39.8659], [-86.1633, 39.86593], [-86.16332, 39.86596], [-86.16334, 39.86597], [-86.16337, 39.86599], [-86.16341, 39.86601], [-86.16342, 39.86602], [-86.16471, 39.86667], [-86.16474, 39.86669], [-86.16477, 39.86671], [-86.16482, 39.86674], [-86.16485, 39.86676], [-86.16487, 39.86678], [-86.16491, 39.86683], [-86.16493, 39.86686], [-86.16495, 39.86688], [-86.16496, 39.86691], [-86.16498, 39.86693], [-86.16499, 39.86695], [-86.165, 39.86698], [-86.16502, 39.86704], [-86.16502, 39.86706], [-86.16503, 39.86712], [-86.16502, 39.86715], [-86.16502, 39.86718], [-86.16502, 39.8672], [-86.16502, 39.86748], [-86.16501, 39.86827], [-86.16268, 39.86839], [-86.16268, 39.86836], [-86.15983, 39.86841], [-86.16006, 39.86792], [-86.1622, 39.86221], [-86.16296, 39.85461], [-86.16377, 39.85363], [-86.16402, 39.85349], [-86.1643, 39.85318], [-86.16235, 39.85344], [-86.16289, 39.85297], [-86.16508, 39.85099], [-86.16863, 39.84787], [-86.16865, 39.84785], [-86.16891, 39.84762], [-86.16977, 39.84668], [-86.17138, 39.84478], [-86.17277, 39.84487], [-86.17406, 39.84486], [-86.17515, 39.84485], [-86.17625, 39.84484], [-86.17735, 39.84483], [-86.17783, 39.84483], [-86.1779, 39.84483], [-86.17847, 39.84482], [-86.17848, 39.8448], [-86.17848, 39.84479], [-86.17846, 39.84397], [-86.17845, 39.84372], [-86.17844, 39.84369], [-86.17844, 39.84368], [-86.17843, 39.84367], [-86.17842, 39.84362], [-86.17841, 39.84358], [-86.1784, 39.84355], [-86.17838, 39.84347], [-86.17836, 39.84337], [-86.17835, 39.8433], [-86.17833, 39.84313], [-86.17833, 39.84307], [-86.17833, 39.84303], [-86.17833, 39.84298], [-86.17835, 39.84286], [-86.17836, 39.84281], [-86.17835, 39.84276], [-86.17833, 39.8426], [-86.1785, 39.83911], [-86.17955, 39.84475], [-86.17993, 39.84667]], [[-86.16506, 39.89941], [-86.16506, 39.89978], [-86.16397, 39.89967], [-86.16337, 39.89969], [-86.16323, 39.89969], [-86.16307, 39.89969], [-86.16294, 39.8997], [-86.1623, 39.89968], [-86.16211, 39.89963], [-86.16075, 39.89977], [-86.16027, 39.89985], [-86.16028, 39.90137], [-86.16028, 39.90138], [-86.16022, 39.90138], [-86.15949, 39.90131], [-86.15787, 39.90136], [-86.15627, 39.90142], [-86.15573, 39.90145], [-86.15548, 39.90145], [-86.15548, 39.90235], [-86.15548, 39.90347], [-86.15549, 39.90488], [-86.15319, 39.90491], [-86.1531, 39.90493], [-86.15077, 39.90496], [-86.15065, 39.90495], [-86.14795, 39.90497], [-86.14759, 39.90496], [-86.14752, 39.90501], [-86.14581, 39.90525], [-86.14581, 39.90523], [-86.14583, 39.9052], [-86.14584, 39.90518], [-86.14584, 39.90514], [-86.14585, 39.90511], [-86.14585, 39.90489], [-86.14585, 39.90466], [-86.14585, 39.90447], [-86.14585, 39.90403], [-86.14585, 39.90293], [-86.14585, 39.90289], [-86.14585, 39.90284], [-86.14585, 39.9028], [-86.14585, 39.90076], [-86.14585, 39.89791], [-86.14585, 39.89669], [-86.14584, 39.89376], [-86.14583, 39.89054], [-86.14582, 39.8867], [-86.14225, 39.88672], [-86.14126, 39.88519], [-86.1416, 39.88339], [-86.14163, 39.8833], [-86.14286, 39.88328], [-86.14288, 39.88327], [-86.14291, 39.88327], [-86.14294, 39.88326], [-86.14297, 39.88326], [-86.14493, 39.88324], [-86.14532, 39.88324], [-86.14542, 39.88323], [-86.14551, 39.88322], [-86.14581, 39.8832], [-86.14698, 39.8832], [-86.1481, 39.88319], [-86.14919, 39.88318], [-86.15062, 39.88316], [-86.15164, 39.88315], [-86.15174, 39.88315], [-86.15175, 39.88258], [-86.15304, 39.88257], [-86.15433, 39.88257], [-86.15433, 39.88309], [-86.1553, 39.88308], [-86.15536, 39.88308], [-86.15538, 39.88308], [-86.1554, 39.88308], [-86.15542, 39.88309], [-86.15545, 39.88309], [-86.15544, 39.88146], [-86.15546, 39.88022], [-86.15548, 39.87744], [-86.1555, 39.87728], [-86.1555, 39.87709], [-86.15549, 39.87699], [-86.15549, 39.87695], [-86.15547, 39.87687], [-86.15546, 39.87682], [-86.15545, 39.87678], [-86.15542, 39.8767], [-86.15537, 39.87662], [-86.15535, 39.87658], [-86.15532, 39.87654], [-86.15531, 39.87653], [-86.15526, 39.87647], [-86.1552, 39.8764], [-86.15516, 39.87637], [-86.15512, 39.87633], [-86.15508, 39.87631], [-86.15504, 39.87628], [-86.155, 39.87626], [-86.15426, 39.87577], [-86.15377, 39.87546], [-86.15364, 39.87537], [-86.15345, 39.87524], [-86.15332, 39.87514], [-86.15304, 39.87492], [-86.15298, 39.87487], [-86.15258, 39.87449], [-86.15269, 39.87422], [-86.15282, 39.87395], [-86.1531, 39.87354], [-86.15333, 39.8733], [-86.15394, 39.87266], [-86.1541, 39.8727], [-86.15435, 39.87276], [-86.15676, 39.87334], [-86.15679, 39.87335], [-86.15688, 39.87338], [-86.15691, 39.87338], [-86.15694, 39.87339], [-86.15697, 39.8734], [-86.15699, 39.8734], [-86.15755, 39.87346], [-86.15788, 39.87349], [-86.15842, 39.87354], [-86.1588, 39.87356], [-86.15897, 39.87357], [-86.15976, 39.87358], [-86.15998, 39.87357], [-86.16028, 39.87356], [-86.16258, 39.87335], [-86.16502, 39.87314], [-86.16502, 39.87349], [-86.16502, 39.87449], [-86.16502, 39.87566], [-86.16503, 39.87839], [-86.16503, 39.88211], [-86.16504, 39.88561], [-86.16504, 39.88668], [-86.16505, 39.88821], [-86.16506, 39.8898], [-86.16506, 39.89037], [-86.16506, 39.8911], [-86.16506, 39.89263], [-86.16506, 39.89271], [-86.16506, 39.89363], [-86.16505, 39.89403], [-86.16505, 39.89531], [-86.16505, 39.89764], [-86.16506, 39.89856], [-86.16506, 39.89871], [-86.16506, 39.89933], [-86.16506, 39.89941]], [[-86.13948, 39.66769], [-86.13948, 39.66856], [-86.13947, 39.66966], [-86.13947, 39.6709], [-86.13821, 39.6709], [-86.13702, 39.67091], [-86.13637, 39.67092], [-86.13478, 39.67093], [-86.13481, 39.67222], [-86.13161, 39.67224], [-86.13057, 39.67224], [-86.12981, 39.67225], [-86.12957, 39.67225], [-86.12649, 39.67228], [-86.12567, 39.67229], [-86.12555, 39.67229], [-86.1241, 39.66859], [-86.12379, 39.66781], [-86.12367, 39.66751], [-86.12331, 39.66659], [-86.12172, 39.66656], [-86.12142, 39.6666], [-86.12068, 39.66656], [-86.12052, 39.66653], [-86.12051, 39.66666], [-86.12049, 39.6669], [-86.11688, 39.66693], [-86.11657, 39.66656], [-86.11648, 39.66646], [-86.11647, 39.66645], [-86.11646, 39.66635], [-86.11641, 39.66625], [-86.11624, 39.66609], [-86.11605, 39.66592], [-86.11589, 39.66577], [-86.1151, 39.66592], [-86.11445, 39.66568], [-86.1135, 39.66588], [-86.11109, 39.66602], [-86.11109, 39.66594], [-86.1111, 39.66522], [-86.11109, 39.66456], [-86.11109, 39.66392], [-86.11108, 39.66333], [-86.11108, 39.66263], [-86.11107, 39.66197], [-86.11106, 39.66124], [-86.11105, 39.66], [-86.11103, 39.65813], [-86.11103, 39.65776], [-86.11102, 39.65712], [-86.11101, 39.65632], [-86.11099, 39.6546], [-86.11099, 39.65404], [-86.11098, 39.6535], [-86.11097, 39.65306], [-86.11096, 39.65258], [-86.11093, 39.65038], [-86.11183, 39.65037], [-86.11267, 39.65036], [-86.11358, 39.65035], [-86.11447, 39.65034], [-86.11521, 39.65032], [-86.11689, 39.6503], [-86.11694, 39.6503], [-86.11752, 39.6518], [-86.11981, 39.65764], [-86.12113, 39.66102], [-86.12125, 39.66134], [-86.12352, 39.66124], [-86.12397, 39.66126], [-86.12527, 39.66126], [-86.12577, 39.66125], [-86.1261, 39.6622], [-86.12635, 39.66296], [-86.12664, 39.66383], [-86.12682, 39.66436], [-86.12688, 39.66455], [-86.12692, 39.66463], [-86.12698, 39.66478], [-86.12704, 39.66494], [-86.12708, 39.66502], [-86.12716, 39.6652], [-86.12723, 39.66533], [-86.1273, 39.66548], [-86.12739, 39.66569], [-86.12741, 39.66574], [-86.12749, 39.66595], [-86.12754, 39.66609], [-86.1276, 39.66626], [-86.12767, 39.66647], [-86.12567, 39.66695], [-86.1246, 39.66724], [-86.12508, 39.66716], [-86.12581, 39.66701], [-86.12638, 39.66689], [-86.12703, 39.66681], [-86.12754, 39.66677], [-86.1278, 39.66678], [-86.12811, 39.66678], [-86.13025, 39.66683], [-86.13101, 39.66685], [-86.13105, 39.66746], [-86.13099, 39.6686], [-86.13164, 39.66859], [-86.13223, 39.66859], [-86.13224, 39.66778], [-86.13376, 39.66771], [-86.1348, 39.66783], [-86.13948, 39.66769]], [[-86.11312, 39.7221], [-86.11312, 39.72315], [-86.11133, 39.72319], [-86.11127, 39.72329], [-86.11127, 39.72331], [-86.11128, 39.72465], [-86.11128, 39.72471], [-86.11128, 39.7255], [-86.11128, 39.72554], [-86.11129, 39.72714], [-86.11131, 39.72958], [-86.11131, 39.73013], [-86.11131, 39.73061], [-86.11131, 39.73063], [-86.1101, 39.73065], [-86.10892, 39.73066], [-86.10655, 39.73069], [-86.10534, 39.7307], [-86.1043, 39.73071], [-86.10416, 39.73072], [-86.10297, 39.73073], [-86.10175, 39.73074], [-86.10176, 39.7316], [-86.10177, 39.73355], [-86.10178, 39.73422], [-86.10178, 39.73429], [-86.09857, 39.73435], [-86.09439, 39.7345], [-86.09434, 39.7345], [-86.09401, 39.7345], [-86.09374, 39.73451], [-86.09367, 39.73451], [-86.09358, 39.73451], [-86.09351, 39.73451], [-86.09347, 39.73451], [-86.09341, 39.73451], [-86.09237, 39.73451], [-86.09232, 39.7344], [-86.09228, 39.73431], [-86.09221, 39.73415], [-86.09221, 39.7332], [-86.09221, 39.73296], [-86.09221, 39.73285], [-86.0922, 39.73143], [-86.09158, 39.73102], [-86.09102, 39.73067], [-86.09023, 39.73015], [-86.08809, 39.7326], [-86.08729, 39.73205], [-86.08369, 39.73004], [-86.08273, 39.72951], [-86.08265, 39.72981], [-86.08265, 39.73057], [-86.08258, 39.73053], [-86.08245, 39.73044], [-86.0824, 39.73062], [-86.08237, 39.73072], [-86.08236, 39.73078], [-86.08224, 39.73069], [-86.08162, 39.73023], [-86.0815, 39.73015], [-86.08146, 39.73014], [-86.08143, 39.73011], [-86.08141, 39.73009], [-86.08139, 39.73006], [-86.08137, 39.73004], [-86.08128, 39.72997], [-86.08127, 39.72997], [-86.08086, 39.72969], [-86.07963, 39.72889], [-86.07893, 39.72859], [-86.07876, 39.72852], [-86.07861, 39.72841], [-86.07668, 39.72713], [-86.07659, 39.72707], [-86.07652, 39.72701], [-86.07644, 39.72695], [-86.07631, 39.72685], [-86.07617, 39.72672], [-86.07337, 39.72411], [-86.07333, 39.72408], [-86.0733, 39.72407], [-86.07328, 39.72406], [-86.07323, 39.72404], [-86.07321, 39.72403], [-86.07312, 39.72402], [-86.07344, 39.72398], [-86.0734, 39.72395], [-86.07262, 39.72331], [-86.07198, 39.7228], [-86.07132, 39.7223], [-86.07067, 39.72184], [-86.06917, 39.72082], [-86.06868, 39.7205], [-86.06476, 39.71796], [-86.0638, 39.71734], [-86.0636, 39.71721], [-86.05683, 39.71281], [-86.05678, 39.71278], [-86.05675, 39.71276], [-86.05671, 39.71273], [-86.05667, 39.71271], [-86.05665, 39.71269], [-86.05658, 39.71264], [-86.05652, 39.71261], [-86.05412, 39.71105], [-86.05227, 39.70985], [-86.05352, 39.70982], [-86.05506, 39.70964], [-86.05587, 39.70976], [-86.05659, 39.70994], [-86.05672, 39.71001], [-86.05684, 39.71004], [-86.05691, 39.71006], [-86.05697, 39.71008], [-86.05736, 39.71022], [-86.05748, 39.71027], [-86.05753, 39.71029], [-86.05759, 39.71032], [-86.05765, 39.71035], [-86.05771, 39.71038], [-86.05786, 39.71045], [-86.05793, 39.71049], [-86.05802, 39.71054], [-86.05846, 39.7108], [-86.05866, 39.71093], [-86.05868, 39.71092], [-86.0588, 39.7108], [-86.05892, 39.71068], [-86.05905, 39.71057], [-86.05931, 39.71034], [-86.05944, 39.71023], [-86.0597, 39.71], [-86.05996, 39.70978], [-86.06009, 39.70968], [-86.06022, 39.70957], [-86.06029, 39.70952], [-86.06036, 39.70946], [-86.06064, 39.70925], [-86.06078, 39.70915], [-86.06092, 39.70904], [-86.0612, 39.70883], [-86.06148, 39.70864], [-86.06162, 39.70854], [-86.06177, 39.70844], [-86.06192, 39.70834], [-86.06222, 39.70814], [-86.06237, 39.70805], [-86.06252, 39.70795], [-86.06284, 39.70776], [-86.06302, 39.70765], [-86.06309, 39.70761], [-86.06312, 39.70759], [-86.06339, 39.70744], [-86.06354, 39.70736], [-86.06357, 39.70734], [-86.06368, 39.70727], [-86.06413, 39.70703], [-86.06428, 39.70696], [-86.06443, 39.70688], [-86.06474, 39.70673], [-86.06504, 39.70658], [-86.0652, 39.70651], [-86.06536, 39.70643], [-86.06583, 39.70622], [-86.06598, 39.70615], [-86.06614, 39.70608], [-86.06646, 39.70595], [-86.06662, 39.70588], [-86.06678, 39.70582], [-86.06695, 39.70575], [-86.0676, 39.70551], [-86.06793, 39.70539], [-86.06809, 39.70534], [-86.06843, 39.70522], [-86.0686, 39.70517], [-86.06863, 39.70516], [-86.06891, 39.70507], [-86.06908, 39.70501], [-86.06922, 39.70498], [-86.0694, 39.70492], [-86.06957, 39.70487], [-86.06975, 39.70482], [-86.07042, 39.70464], [-86.0706, 39.70459], [-86.07115, 39.70446], [-86.07137, 39.70442], [-86.07159, 39.70437], [-86.0717, 39.70434], [-86.07192, 39.7043], [-86.07259, 39.70417], [-86.0727, 39.70415], [-86.07292, 39.70411], [-86.07304, 39.70409], [-86.07371, 39.70399], [-86.07439, 39.7039], [-86.07496, 39.70384], [-86.07541, 39.7038], [-86.0757, 39.70377], [-86.07598, 39.70374], [-86.07652, 39.7037], [-86.0766, 39.7037], [-86.07866, 39.70375], [-86.0794, 39.70385], [-86.08046, 39.70397], [-86.08065, 39.70394], [-86.08148, 39.70411], [-86.08203, 39.70418], [-86.08217, 39.70422], [-86.08231, 39.70431], [-86.08245, 39.70446], [-86.08269, 39.70438], [-86.08267, 39.70376], [-86.08267, 39.70356], [-86.08264, 39.70279], [-86.08265, 39.70222], [-86.08264, 39.70179], [-86.08264, 39.70134], [-86.08261, 39.70019], [-86.08257, 39.69947], [-86.08256, 39.6973], [-86.08255, 39.69645], [-86.08255, 39.69554], [-86.08255, 39.69459], [-86.08426, 39.69456], [-86.08479, 39.69455], [-86.08572, 39.69454], [-86.08696, 39.69451], [-86.08801, 39.69449], [-86.0906, 39.69444], [-86.09192, 39.69442], [-86.09519, 39.69434], [-86.09604, 39.69432], [-86.09615, 39.69432], [-86.09626, 39.69431], [-86.0963, 39.69431], [-86.09632, 39.69431], [-86.09633, 39.69528], [-86.09633, 39.69541], [-86.09674, 39.69541], [-86.09675, 39.69551], [-86.09782, 39.69552], [-86.09782, 39.69542], [-86.09782, 39.69537], [-86.09821, 39.69537], [-86.09903, 39.69537], [-86.09903, 39.69557], [-86.09904, 39.69752], [-86.09905, 39.69768], [-86.09905, 39.69801], [-86.09709, 39.69807], [-86.09646, 39.69809], [-86.09646, 39.69827], [-86.09646, 39.69996], [-86.09646, 39.70072], [-86.09645, 39.70073], [-86.0964, 39.70073], [-86.09635, 39.70074], [-86.09631, 39.70074], [-86.09626, 39.70075], [-86.09621, 39.70076], [-86.09611, 39.70078], [-86.09607, 39.70079], [-86.09602, 39.7008], [-86.09594, 39.70082], [-86.09586, 39.70085], [-86.09581, 39.70086], [-86.09584, 39.70095], [-86.09584, 39.70147], [-86.09584, 39.7016], [-86.09671, 39.70158], [-86.09674, 39.70393], [-86.09659, 39.70393], [-86.09583, 39.70391], [-86.09564, 39.7039], [-86.09564, 39.7041], [-86.09564, 39.70413], [-86.09564, 39.70421], [-86.09564, 39.70441], [-86.09556, 39.70442], [-86.09549, 39.70444], [-86.09534, 39.70448], [-86.09525, 39.70452], [-86.09518, 39.70455], [-86.09513, 39.70477], [-86.0958, 39.7051], [-86.09586, 39.70635], [-86.09651, 39.70663], [-86.09682, 39.70667], [-86.09708, 39.70669], [-86.09793, 39.70676], [-86.09828, 39.70676], [-86.09863, 39.70677], [-86.09889, 39.70684], [-86.09906, 39.70667], [-86.09916, 39.70658], [-86.09969, 39.70641], [-86.09995, 39.7064], [-86.10034, 39.70639], [-86.10149, 39.70613], [-86.10184, 39.70605], [-86.10184, 39.70612], [-86.10185, 39.70632], [-86.10189, 39.70684], [-86.10136, 39.70685], [-86.10029, 39.70687], [-86.09964, 39.70782], [-86.09929, 39.70894], [-86.10055, 39.71017], [-86.10072, 39.71128], [-86.10103, 39.71159], [-86.10112, 39.71201], [-86.10113, 39.71204], [-86.10112, 39.71218], [-86.10052, 39.71349], [-86.10052, 39.71366], [-86.10053, 39.71443], [-86.10077, 39.71443], [-86.10082, 39.71607], [-86.10166, 39.71608], [-86.10421, 39.71604], [-86.11121, 39.71595], [-86.1112, 39.71645], [-86.11119, 39.71675], [-86.11122, 39.71824], [-86.11124, 39.71962], [-86.11122, 39.72076], [-86.11123, 39.72141], [-86.11123, 39.72145], [-86.1113, 39.72212], [-86.11312, 39.7221]], [[-86.05756, 39.78742], [-86.05758, 39.78902], [-86.05427, 39.78905], [-86.05327, 39.78905], [-86.05301, 39.78906], [-86.0527, 39.78906], [-86.05263, 39.78906], [-86.05129, 39.78907], [-86.0501, 39.78908], [-86.04901, 39.78909], [-86.04737, 39.7891], [-86.0468, 39.7891], [-86.04679, 39.78718], [-86.04669, 39.78718], [-86.04544, 39.78718], [-86.04543, 39.78692], [-86.04543, 39.78589], [-86.04543, 39.78493], [-86.04542, 39.78294], [-86.04541, 39.78176], [-86.04751, 39.78175], [-86.04767, 39.78175], [-86.049, 39.78174], [-86.04899, 39.78043], [-86.04815, 39.78039], [-86.04816, 39.77874], [-86.04815, 39.77873], [-86.05004, 39.7786], [-86.05003, 39.77784], [-86.05004, 39.77757], [-86.05003, 39.77702], [-86.05001, 39.77603], [-86.05001, 39.77594], [-86.05001, 39.7759], [-86.05, 39.77544], [-86.05, 39.77505], [-86.05, 39.77455], [-86.04999, 39.77402], [-86.05122, 39.77405], [-86.05254, 39.7748], [-86.05255, 39.77481], [-86.05257, 39.77483], [-86.05258, 39.77485], [-86.05259, 39.77487], [-86.05258, 39.77489], [-86.05258, 39.77491], [-86.05295, 39.77486], [-86.05379, 39.77539], [-86.05464, 39.77564], [-86.05464, 39.77589], [-86.05465, 39.77687], [-86.05466, 39.77787], [-86.05466, 39.77807], [-86.05467, 39.77825], [-86.05467, 39.77874], [-86.05469, 39.78029], [-86.05469, 39.7807], [-86.0547, 39.78075], [-86.05471, 39.78084], [-86.05472, 39.7809], [-86.05474, 39.78095], [-86.05476, 39.78101], [-86.05477, 39.78107], [-86.05506, 39.7817], [-86.05547, 39.78169], [-86.05578, 39.78169], [-86.05646, 39.78169], [-86.05691, 39.78256], [-86.05733, 39.78257], [-86.05732, 39.78168], [-86.0575, 39.78168], [-86.05751, 39.78258], [-86.05751, 39.78299], [-86.05752, 39.78351], [-86.05753, 39.78431], [-86.05754, 39.78534], [-86.05755, 39.78681], [-86.05756, 39.78718], [-86.05756, 39.78742]]], "crs": null}, "id": 197, "type": "Feature", "properties": {"fid": 197, "statefp": "18", "namelsad": "Indianapolis city (balance)", "municipalt": "Indianapolis", "placefp": "36003", "munic_typ": "City", "SHAPE__Length": 2.550689576109584, "SHAPE__Area": 0.10018296457650003}}, {"geometry": {"type": "Polygon", "coordinates": [[[-86.4571, 39.73031], [-86.45713, 39.71807], [-86.45558, 39.7181], [-86.4427, 39.71837], [-86.43799, 39.71846], [-86.43648, 39.71848], [-86.43544, 39.7185], [-86.43536, 39.71838], [-86.43532, 39.71834], [-86.43528, 39.71832], [-86.43512, 39.71828], [-86.43505, 39.71828], [-86.43457, 39.71827], [-86.43371, 39.71829], [-86.43327, 39.71829], [-86.42576, 39.71847], [-86.4222, 39.71856], [-86.41925, 39.71863], [-86.41878, 39.71864], [-86.41878, 39.71852], [-86.41775, 39.71851], [-86.41756, 39.71851], [-86.4175, 39.71851], [-86.41656, 39.71852], [-86.41507, 39.71853], [-86.41093, 39.71857], [-86.40948, 39.71858], [-86.40916, 39.71859], [-86.40833, 39.71861], [-86.40774, 39.71862], [-86.40723, 39.71866], [-86.40663, 39.71866], [-86.40629, 39.71868], [-86.40537, 39.71872], [-86.40502, 39.71873], [-86.40454, 39.71874], [-86.40433, 39.71874], [-86.40434, 39.71875], [-86.40434, 39.71881], [-86.40434, 39.71908], [-86.40434, 39.71931], [-86.40434, 39.71976], [-86.40427, 39.71976], [-86.40412, 39.71976], [-86.40394, 39.71977], [-86.4035, 39.71978], [-86.4035, 39.7198], [-86.40344, 39.72006], [-86.40342, 39.72015], [-86.40341, 39.72024], [-86.40331, 39.72072], [-86.40316, 39.72142], [-86.40316, 39.72162], [-86.40312, 39.72179], [-86.40314, 39.72221], [-86.40316, 39.72274], [-86.40321, 39.72297], [-86.40324, 39.72306], [-86.40333, 39.72343], [-86.40334, 39.72347], [-86.40335, 39.72351], [-86.40335, 39.72355], [-86.40362, 39.72356], [-86.40376, 39.72356], [-86.40436, 39.72361], [-86.40436, 39.72366], [-86.40436, 39.72369], [-86.40436, 39.72404], [-86.40436, 39.72419], [-86.40436, 39.72424], [-86.40436, 39.72486], [-86.40436, 39.72513], [-86.40436, 39.72568], [-86.40437, 39.72605], [-86.40437, 39.72608], [-86.40437, 39.72672], [-86.40437, 39.72679], [-86.40437, 39.72723], [-86.40437, 39.72736], [-86.40437, 39.72756], [-86.40437, 39.72782], [-86.40437, 39.72816], [-86.40438, 39.72823], [-86.40438, 39.7286], [-86.40438, 39.72866], [-86.40439, 39.72866], [-86.40625, 39.72864], [-86.41128, 39.72861], [-86.41138, 39.72889], [-86.4114, 39.72893], [-86.41142, 39.72899], [-86.41188, 39.73031], [-86.41213, 39.73101], [-86.41244, 39.73185], [-86.41248, 39.73197], [-86.41289, 39.73314], [-86.41294, 39.73323], [-86.41313, 39.73323], [-86.41377, 39.73324], [-86.41389, 39.73325], [-86.41397, 39.73328], [-86.41403, 39.73332], [-86.41407, 39.73335], [-86.4141, 39.73339], [-86.4141, 39.73344], [-86.41408, 39.73404], [-86.41408, 39.73417], [-86.4141, 39.73517], [-86.41412, 39.73532], [-86.41412, 39.73546], [-86.41411, 39.73566], [-86.4141, 39.73576], [-86.4141, 39.73721], [-86.41397, 39.73721], [-86.41397, 39.73749], [-86.41397, 39.73921], [-86.41398, 39.74057], [-86.41397, 39.74238], [-86.41397, 39.74317], [-86.41398, 39.74339], [-86.41398, 39.74425], [-86.41411, 39.74425], [-86.41605, 39.74425], [-86.41608, 39.74778], [-86.41498, 39.7478], [-86.41498, 39.74791], [-86.41498, 39.74853], [-86.41498, 39.74865], [-86.4148, 39.74864], [-86.41473, 39.74874], [-86.41473, 39.7488], [-86.41413, 39.7488], [-86.41413, 39.74899], [-86.41413, 39.74906], [-86.41412, 39.74956], [-86.41412, 39.74964], [-86.41402, 39.74964], [-86.40935, 39.74967], [-86.40939, 39.75388], [-86.40942, 39.75628], [-86.40944, 39.7579], [-86.40913, 39.75791], [-86.40805, 39.75794], [-86.40742, 39.75796], [-86.40704, 39.75796], [-86.40639, 39.75797], [-86.40586, 39.75799], [-86.40461, 39.75802], [-86.40327, 39.75805], [-86.40084, 39.75812], [-86.39972, 39.75816], [-86.39956, 39.75817], [-86.39956, 39.75807], [-86.39956, 39.75692], [-86.39956, 39.75681], [-86.39956, 39.75635], [-86.39956, 39.75618], [-86.39956, 39.75545], [-86.39965, 39.75545], [-86.39977, 39.75544], [-86.40131, 39.75544], [-86.40445, 39.75541], [-86.40446, 39.75488], [-86.40447, 39.75441], [-86.40446, 39.75168], [-86.4069, 39.75165], [-86.40688, 39.75097], [-86.40686, 39.74801], [-86.4054, 39.74803], [-86.40527, 39.74803], [-86.40432, 39.74803], [-86.40432, 39.74934], [-86.39968, 39.74932], [-86.39968, 39.74807], [-86.39954, 39.74807], [-86.3984, 39.74809], [-86.39731, 39.7481], [-86.39731, 39.74744], [-86.3984, 39.74743], [-86.39887, 39.74743], [-86.39887, 39.74651], [-86.39887, 39.74638], [-86.39799, 39.74635], [-86.3977, 39.74636], [-86.3977, 39.74589], [-86.39771, 39.74572], [-86.39742, 39.74571], [-86.39743, 39.74493], [-86.39731, 39.74493], [-86.39732, 39.74359], [-86.39955, 39.74358], [-86.39971, 39.74358], [-86.39979, 39.74358], [-86.39979, 39.74347], [-86.3998, 39.7432], [-86.39979, 39.74273], [-86.39979, 39.74236], [-86.39979, 39.74197], [-86.39979, 39.74168], [-86.39979, 39.74135], [-86.39978, 39.74108], [-86.39978, 39.74074], [-86.39968, 39.74074], [-86.39956, 39.74074], [-86.39919, 39.74075], [-86.3973, 39.74078], [-86.39584, 39.74079], [-86.39359, 39.74082], [-86.39056, 39.74087], [-86.39056, 39.74108], [-86.39056, 39.74545], [-86.38561, 39.74543], [-86.38561, 39.74502], [-86.38125, 39.74509], [-86.38114, 39.74509], [-86.38113, 39.7439], [-86.38106, 39.74102], [-86.38185, 39.74101], [-86.38185, 39.74025], [-86.38167, 39.74025], [-86.38126, 39.74025], [-86.38125, 39.74025], [-86.38125, 39.73968], [-86.38125, 39.73942], [-86.38124, 39.73839], [-86.38123, 39.73734], [-86.38123, 39.73701], [-86.38123, 39.73689], [-86.38123, 39.73666], [-86.38122, 39.73599], [-86.38212, 39.73597], [-86.38219, 39.73597], [-86.38305, 39.73596], [-86.38348, 39.73595], [-86.38391, 39.73594], [-86.38433, 39.73593], [-86.38476, 39.73593], [-86.38494, 39.73592], [-86.38568, 39.7359], [-86.38574, 39.74095], [-86.386, 39.74095], [-86.38684, 39.74093], [-86.38726, 39.74092], [-86.38874, 39.7409], [-86.38885, 39.7409], [-86.3905, 39.74087], [-86.39051, 39.74077], [-86.39046, 39.73372], [-86.39044, 39.73287], [-86.39037, 39.73063], [-86.39023, 39.72583], [-86.39023, 39.72568], [-86.39023, 39.72554], [-86.39023, 39.7254], [-86.39023, 39.72533], [-86.3899, 39.72534], [-86.38934, 39.72535], [-86.38857, 39.72536], [-86.38789, 39.72537], [-86.38729, 39.72537], [-86.38514, 39.72552], [-86.38439, 39.72553], [-86.38421, 39.72553], [-86.38091, 39.72554], [-86.38091, 39.72589], [-86.38092, 39.72611], [-86.38092, 39.72631], [-86.3808, 39.72631], [-86.3806, 39.72631], [-86.37876, 39.72633], [-86.37877, 39.7262], [-86.37877, 39.7257], [-86.37915, 39.72562], [-86.37927, 39.72545], [-86.3794, 39.72525], [-86.37939, 39.72486], [-86.37939, 39.72465], [-86.37939, 39.72321], [-86.37995, 39.72322], [-86.38064, 39.72322], [-86.38088, 39.72322], [-86.38088, 39.72294], [-86.38087, 39.72228], [-86.38057, 39.72226], [-86.37933, 39.72219], [-86.37852, 39.72145], [-86.37842, 39.71906], [-86.37791, 39.71907], [-86.3774, 39.71907], [-86.37711, 39.71907], [-86.3771, 39.71941], [-86.37705, 39.71963], [-86.37683, 39.71982], [-86.37653, 39.71995], [-86.37628, 39.71999], [-86.37597, 39.71999], [-86.37598, 39.71976], [-86.37391, 39.71975], [-86.37392, 39.71941], [-86.37392, 39.7191], [-86.37325, 39.71911], [-86.37301, 39.71911], [-86.3726, 39.71911], [-86.37259, 39.71916], [-86.37256, 39.71919], [-86.37241, 39.71927], [-86.37231, 39.71931], [-86.37219, 39.71932], [-86.37207, 39.71934], [-86.37195, 39.71938], [-86.37188, 39.71943], [-86.37171, 39.71958], [-86.37163, 39.71968], [-86.37147, 39.7198], [-86.37145, 39.71988], [-86.37149, 39.71996], [-86.37144, 39.72003], [-86.37133, 39.72004], [-86.37125, 39.72011], [-86.37118, 39.72017], [-86.37109, 39.72022], [-86.37101, 39.72024], [-86.37092, 39.72028], [-86.37086, 39.72036], [-86.3708, 39.72046], [-86.37066, 39.72076], [-86.37061, 39.72083], [-86.37053, 39.72089], [-86.37048, 39.72093], [-86.37037, 39.72101], [-86.37032, 39.72111], [-86.37031, 39.72122], [-86.3703, 39.7213], [-86.37035, 39.72134], [-86.37049, 39.72141], [-86.37058, 39.72149], [-86.37062, 39.7216], [-86.37066, 39.72171], [-86.37066, 39.72179], [-86.37066, 39.72185], [-86.37064, 39.72195], [-86.3706, 39.72204], [-86.37054, 39.72215], [-86.37049, 39.72228], [-86.37033, 39.72252], [-86.37013, 39.7229], [-86.37003, 39.72302], [-86.36995, 39.72317], [-86.36993, 39.7233], [-86.36972, 39.72359], [-86.36966, 39.72375], [-86.36959, 39.72387], [-86.36952, 39.72399], [-86.36946, 39.72412], [-86.3694, 39.72424], [-86.36925, 39.72446], [-86.36897, 39.72464], [-86.36875, 39.72464], [-86.36862, 39.72465], [-86.36848, 39.72468], [-86.36833, 39.72475], [-86.36817, 39.72485], [-86.36814, 39.72489], [-86.36814, 39.72492], [-86.36816, 39.72499], [-86.36818, 39.72505], [-86.3682, 39.72512], [-86.36817, 39.72522], [-86.36813, 39.72532], [-86.36809, 39.7254], [-86.36808, 39.72542], [-86.36805, 39.7255], [-86.36799, 39.72568], [-86.36792, 39.72586], [-86.36779, 39.72597], [-86.36761, 39.72608], [-86.36754, 39.72612], [-86.36749, 39.72617], [-86.36751, 39.72625], [-86.36761, 39.7264], [-86.3676, 39.72648], [-86.36533, 39.72654], [-86.36481, 39.72656], [-86.36475, 39.73027], [-86.36574, 39.73025], [-86.36573, 39.73049], [-86.36571, 39.73205], [-86.36571, 39.73241], [-86.36572, 39.73267], [-86.36576, 39.73339], [-86.36578, 39.73364], [-86.36613, 39.73364], [-86.36614, 39.73387], [-86.36614, 39.73395], [-86.3662, 39.73566], [-86.36629, 39.73566], [-86.36629, 39.73591], [-86.36681, 39.73593], [-86.3668, 39.73566], [-86.36674, 39.73395], [-86.36674, 39.73386], [-86.36681, 39.73386], [-86.36776, 39.73384], [-86.36858, 39.73384], [-86.3693, 39.73383], [-86.3693, 39.73397], [-86.36932, 39.73519], [-86.36998, 39.73519], [-86.36995, 39.73751], [-86.37128, 39.73751], [-86.37126, 39.73659], [-86.3712, 39.73392], [-86.37205, 39.73389], [-86.37378, 39.73389], [-86.37497, 39.73392], [-86.37579, 39.7339], [-86.37579, 39.73375], [-86.37611, 39.73375], [-86.37612, 39.7339], [-86.3762, 39.74107], [-86.37144, 39.74113], [-86.37144, 39.74121], [-86.37145, 39.74419], [-86.37146, 39.74822], [-86.37144, 39.74848], [-86.37103, 39.74848], [-86.37063, 39.74848], [-86.37055, 39.74849], [-86.37031, 39.74849], [-86.37008, 39.74849], [-86.36637, 39.74855], [-86.36298, 39.74858], [-86.36156, 39.74861], [-86.36095, 39.74865], [-86.3593, 39.7487], [-86.35854, 39.74872], [-86.35832, 39.74873], [-86.3579, 39.74874], [-86.35739, 39.74875], [-86.35681, 39.74876], [-86.35669, 39.74877], [-86.3561, 39.74878], [-86.35516, 39.74879], [-86.35461, 39.7488], [-86.35404, 39.74881], [-86.35336, 39.74883], [-86.35312, 39.74883], [-86.35264, 39.74884], [-86.35037, 39.74889], [-86.34983, 39.7489], [-86.34941, 39.74891], [-86.34872, 39.74892], [-86.34779, 39.74894], [-86.3465, 39.74896], [-86.34601, 39.74896], [-86.34569, 39.74897], [-86.34565, 39.74897], [-86.34566, 39.74913], [-86.34567, 39.75163], [-86.34568, 39.75332], [-86.34568, 39.75338], [-86.3457, 39.75465], [-86.34533, 39.75465], [-86.3432, 39.75468], [-86.34322, 39.75632], [-86.34257, 39.75632], [-86.34195, 39.75632], [-86.3411, 39.75632], [-86.3385, 39.75632], [-86.33843, 39.75632], [-86.33844, 39.75621], [-86.33845, 39.75576], [-86.33845, 39.75551], [-86.33902, 39.75538], [-86.33902, 39.75532], [-86.33902, 39.75521], [-86.33902, 39.75511], [-86.33902, 39.755], [-86.33902, 39.75489], [-86.33902, 39.75478], [-86.33903, 39.75456], [-86.33903, 39.75445], [-86.33903, 39.75435], [-86.33907, 39.75423], [-86.33911, 39.75416], [-86.33924, 39.75382], [-86.33926, 39.7538], [-86.33932, 39.75363], [-86.33946, 39.75329], [-86.33962, 39.75291], [-86.33973, 39.75263], [-86.33965, 39.75264], [-86.33941, 39.75264], [-86.33912, 39.75264], [-86.33857, 39.75263], [-86.33865, 39.75246], [-86.33888, 39.75192], [-86.339, 39.75159], [-86.33915, 39.75109], [-86.33926, 39.75056], [-86.33942, 39.74964], [-86.3394, 39.74899], [-86.33926, 39.74899], [-86.33926, 39.74883], [-86.33927, 39.74763], [-86.33929, 39.74595], [-86.33929, 39.74532], [-86.34007, 39.74532], [-86.34071, 39.74532], [-86.34077, 39.74532], [-86.34102, 39.74532], [-86.34179, 39.74531], [-86.34297, 39.74531], [-86.34315, 39.74531], [-86.34348, 39.74531], [-86.34397, 39.7453], [-86.34471, 39.7453], [-86.3456, 39.74531], [-86.34554, 39.73981], [-86.34331, 39.73982], [-86.34056, 39.73983], [-86.34057, 39.73913], [-86.34057, 39.7391], [-86.34057, 39.73712], [-86.34072, 39.73712], [-86.34071, 39.73691], [-86.34332, 39.73689], [-86.34331, 39.73441], [-86.34246, 39.73442], [-86.34246, 39.73429], [-86.33926, 39.73432], [-86.33927, 39.73532], [-86.33901, 39.73533], [-86.33821, 39.73533], [-86.33821, 39.73432], [-86.33804, 39.73433], [-86.33793, 39.73433], [-86.33781, 39.73433], [-86.33594, 39.73434], [-86.33596, 39.73576], [-86.33596, 39.73612], [-86.33597, 39.73648], [-86.33599, 39.7377], [-86.33601, 39.73919], [-86.33602, 39.73983], [-86.33603, 39.74079], [-86.33604, 39.7416], [-86.33604, 39.74166], [-86.33605, 39.74228], [-86.33605, 39.74243], [-86.33605, 39.74283], [-86.33605, 39.74302], [-86.33616, 39.74302], [-86.33678, 39.74301], [-86.33678, 39.74334], [-86.33617, 39.74335], [-86.33605, 39.74335], [-86.33606, 39.74391], [-86.33607, 39.74496], [-86.33608, 39.74534], [-86.33622, 39.74533], [-86.33726, 39.74533], [-86.33727, 39.74553], [-86.33727, 39.74566], [-86.33727, 39.746], [-86.33728, 39.74633], [-86.33728, 39.74667], [-86.33729, 39.747], [-86.33729, 39.74737], [-86.3373, 39.74773], [-86.33654, 39.74773], [-86.33611, 39.74774], [-86.33609, 39.74619], [-86.33316, 39.74619], [-86.33296, 39.74619], [-86.33298, 39.74801], [-86.33306, 39.74801], [-86.33312, 39.74801], [-86.33383, 39.74801], [-86.33384, 39.749], [-86.33613, 39.749], [-86.33849, 39.74899], [-86.33849, 39.7491], [-86.33849, 39.74915], [-86.33849, 39.74965], [-86.33814, 39.74966], [-86.33778, 39.74966], [-86.33742, 39.74966], [-86.33707, 39.74966], [-86.33671, 39.74966], [-86.33622, 39.74966], [-86.33613, 39.74966], [-86.33613, 39.7498], [-86.33693, 39.7498], [-86.33693, 39.7502], [-86.33614, 39.75021], [-86.33614, 39.75023], [-86.33614, 39.75034], [-86.33686, 39.75034], [-86.33687, 39.75064], [-86.33694, 39.75064], [-86.33695, 39.75119], [-86.33696, 39.75177], [-86.33697, 39.75205], [-86.33711, 39.75205], [-86.33711, 39.75251], [-86.33618, 39.75251], [-86.33618, 39.75281], [-86.33619, 39.75342], [-86.33621, 39.75418], [-86.33615, 39.75417], [-86.33605, 39.75412], [-86.3359, 39.75402], [-86.33577, 39.75391], [-86.33563, 39.75382], [-86.33551, 39.75372], [-86.33548, 39.75287], [-86.33525, 39.75288], [-86.33525, 39.75277], [-86.33523, 39.75228], [-86.33475, 39.75253], [-86.33502, 39.75293], [-86.33488, 39.75321], [-86.33472, 39.75325], [-86.33443, 39.75333], [-86.33414, 39.75334], [-86.33386, 39.75317], [-86.33384, 39.75276], [-86.33354, 39.75294], [-86.33333, 39.75273], [-86.33334, 39.75306], [-86.33295, 39.75311], [-86.3327, 39.7528], [-86.33262, 39.7527], [-86.3324, 39.75283], [-86.33213, 39.753], [-86.33198, 39.75331], [-86.33153, 39.7531], [-86.33139, 39.75304], [-86.33125, 39.75331], [-86.33132, 39.75333], [-86.33135, 39.75333], [-86.33142, 39.75337], [-86.33148, 39.75337], [-86.3315, 39.75335], [-86.33163, 39.7534], [-86.33176, 39.75346], [-86.33177, 39.75353], [-86.33183, 39.75354], [-86.33188, 39.75366], [-86.33186, 39.75367], [-86.33188, 39.75373], [-86.33194, 39.75386], [-86.3319, 39.75393], [-86.33197, 39.75406], [-86.33102, 39.75409], [-86.33097, 39.7541], [-86.33087, 39.7541], [-86.33072, 39.7541], [-86.33073, 39.75418], [-86.33078, 39.75442], [-86.33097, 39.75448], [-86.33115, 39.75457], [-86.33121, 39.75462], [-86.33159, 39.75458], [-86.33174, 39.75456], [-86.33237, 39.75449], [-86.33315, 39.75579], [-86.33369, 39.75624], [-86.33356, 39.75624], [-86.33253, 39.75626], [-86.32671, 39.75632], [-86.32671, 39.75656], [-86.32671, 39.75677], [-86.32673, 39.75842], [-86.32673, 39.75878], [-86.32674, 39.75918], [-86.32675, 39.7597], [-86.32675, 39.75981], [-86.32675, 39.75988], [-86.32676, 39.76067], [-86.32677, 39.76085], [-86.32678, 39.7615], [-86.32679, 39.76162], [-86.32679, 39.76163], [-86.32679, 39.76281], [-86.32679, 39.76363], [-86.32679, 39.76378], [-86.3268, 39.76444], [-86.32681, 39.76511], [-86.32681, 39.76512], [-86.32681, 39.76516], [-86.32701, 39.76516], [-86.32755, 39.76515], [-86.32836, 39.76515], [-86.32836, 39.7649], [-86.33017, 39.76486], [-86.3322, 39.76488], [-86.3338, 39.76489], [-86.3338, 39.7648], [-86.33471, 39.76477], [-86.3347, 39.76461], [-86.33473, 39.7644], [-86.33488, 39.7644], [-86.33615, 39.76437], [-86.33632, 39.76436], [-86.33632, 39.76441], [-86.33631, 39.76453], [-86.33631, 39.76459], [-86.33631, 39.76478], [-86.33633, 39.76613], [-86.33635, 39.7668], [-86.33637, 39.76874], [-86.33692, 39.76874], [-86.34099, 39.76869], [-86.34098, 39.76855], [-86.34097, 39.76785], [-86.34094, 39.76705], [-86.34091, 39.76644], [-86.34091, 39.76642], [-86.3409, 39.76632], [-86.34084, 39.76547], [-86.34095, 39.76548], [-86.34104, 39.76548], [-86.3419, 39.76548], [-86.3419, 39.76509], [-86.34196, 39.76512], [-86.34202, 39.76515], [-86.34237, 39.76535], [-86.34247, 39.7654], [-86.34335, 39.76498], [-86.34338, 39.76493], [-86.34342, 39.76488], [-86.34342, 39.76486], [-86.34345, 39.76484], [-86.34351, 39.76474], [-86.34404, 39.76496], [-86.34406, 39.765], [-86.34406, 39.76511], [-86.34428, 39.76526], [-86.34444, 39.76536], [-86.34445, 39.76568], [-86.34445, 39.76575], [-86.34449, 39.76731], [-86.34479, 39.76731], [-86.34582, 39.76731], [-86.34582, 39.76689], [-86.3458, 39.76585], [-86.34578, 39.76479], [-86.34578, 39.76466], [-86.34578, 39.76461], [-86.34577, 39.7639], [-86.34576, 39.76376], [-86.3463, 39.76375], [-86.34746, 39.76373], [-86.34866, 39.7637], [-86.34882, 39.7637], [-86.34885, 39.76626], [-86.34886, 39.76714], [-86.34887, 39.76768], [-86.34889, 39.76768], [-86.34939, 39.76766], [-86.34942, 39.77093], [-86.35255, 39.77089], [-86.35261, 39.77366], [-86.35262, 39.77753], [-86.35262, 39.77828], [-86.35218, 39.77828], [-86.35195, 39.77828], [-86.35178, 39.77828], [-86.3518, 39.77917], [-86.35118, 39.77918], [-86.35115, 39.77829], [-86.35103, 39.7783], [-86.35053, 39.7783], [-86.34927, 39.77833], [-86.34859, 39.77834], [-86.34771, 39.77836], [-86.34771, 39.77841], [-86.34771, 39.77843], [-86.34788, 39.78561], [-86.34546, 39.78567], [-86.34525, 39.77838], [-86.34525, 39.7783], [-86.3436, 39.77832], [-86.34359, 39.77828], [-86.34358, 39.77746], [-86.34344, 39.77741], [-86.34321, 39.77747], [-86.34314, 39.77749], [-86.34285, 39.77742], [-86.34262, 39.77741], [-86.34244, 39.77741], [-86.34223, 39.77742], [-86.3422, 39.77742], [-86.34216, 39.7774], [-86.34213, 39.77732], [-86.34207, 39.77724], [-86.342, 39.77715], [-86.34194, 39.77706], [-86.34185, 39.777], [-86.34172, 39.77699], [-86.34155, 39.77698], [-86.3414, 39.77693], [-86.34131, 39.77683], [-86.34129, 39.77671], [-86.34119, 39.77661], [-86.34111, 39.77653], [-86.34102, 39.77643], [-86.34091, 39.77635], [-86.34082, 39.77624], [-86.34074, 39.77613], [-86.34064, 39.77603], [-86.34053, 39.77592], [-86.34045, 39.77583], [-86.34036, 39.77572], [-86.34029, 39.77564], [-86.34021, 39.7756], [-86.33997, 39.77555], [-86.33977, 39.77553], [-86.33953, 39.77545], [-86.33942, 39.77543], [-86.33931, 39.77541], [-86.33922, 39.77537], [-86.33911, 39.77533], [-86.33899, 39.77533], [-86.33867, 39.77537], [-86.33852, 39.77538], [-86.33838, 39.77541], [-86.33828, 39.77543], [-86.33813, 39.77544], [-86.33796, 39.77545], [-86.3378, 39.77548], [-86.33764, 39.77549], [-86.33753, 39.77549], [-86.3374, 39.77551], [-86.33686, 39.77555], [-86.33678, 39.77557], [-86.3367, 39.77558], [-86.33661, 39.77557], [-86.3365, 39.77557], [-86.33646, 39.77559], [-86.33643, 39.7756], [-86.33618, 39.77559], [-86.33603, 39.77557], [-86.33593, 39.77554], [-86.33581, 39.77555], [-86.33557, 39.77552], [-86.33546, 39.7755], [-86.33537, 39.77549], [-86.33537, 39.77445], [-86.33477, 39.77487], [-86.33369, 39.77496], [-86.33301, 39.77485], [-86.33242, 39.77519], [-86.3319, 39.77478], [-86.33133, 39.77434], [-86.33016, 39.77435], [-86.33016, 39.77462], [-86.33014, 39.77632], [-86.32766, 39.77637], [-86.32707, 39.77638], [-86.327, 39.77638], [-86.32691, 39.77638], [-86.32692, 39.77782], [-86.3269, 39.77797], [-86.32686, 39.7781], [-86.32682, 39.77824], [-86.32671, 39.77849], [-86.32666, 39.77862], [-86.32664, 39.77865], [-86.3279, 39.77862], [-86.32857, 39.77862], [-86.32857, 39.77805], [-86.32889, 39.77805], [-86.32889, 39.77861], [-86.32934, 39.77861], [-86.32933, 39.77805], [-86.32971, 39.77804], [-86.32972, 39.7786], [-86.32981, 39.7786], [-86.32979, 39.77774], [-86.33017, 39.77774], [-86.33017, 39.77786], [-86.33057, 39.77785], [-86.33055, 39.77859], [-86.3306, 39.77859], [-86.33114, 39.77858], [-86.33142, 39.77858], [-86.33141, 39.77814], [-86.33141, 39.77793], [-86.33234, 39.77792], [-86.33564, 39.77784], [-86.33563, 39.77628], [-86.33584, 39.77627], [-86.33646, 39.77624], [-86.33646, 39.7764], [-86.3365, 39.77838], [-86.3365, 39.77851], [-86.33588, 39.77852], [-86.3359, 39.77898], [-86.33591, 39.78064], [-86.33592, 39.78093], [-86.33592, 39.78123], [-86.33592, 39.78137], [-86.33592, 39.78142], [-86.33804, 39.78139], [-86.34009, 39.78137], [-86.34011, 39.78202], [-86.34015, 39.78541], [-86.34015, 39.7858], [-86.34074, 39.7858], [-86.34076, 39.78647], [-86.34078, 39.78718], [-86.34079, 39.78765], [-86.33603, 39.7877], [-86.33604, 39.7888], [-86.33606, 39.78964], [-86.33607, 39.79024], [-86.33609, 39.79131], [-86.3384, 39.79134], [-86.33838, 39.79315], [-86.33838, 39.79318], [-86.33959, 39.79316], [-86.34049, 39.79315], [-86.34094, 39.79315], [-86.3425, 39.79313], [-86.34545, 39.79315], [-86.34551, 39.79518], [-86.34554, 39.79591], [-86.34558, 39.79904], [-86.34559, 39.8001], [-86.34558, 39.80037], [-86.34558, 39.80043], [-86.34572, 39.80042], [-86.34574, 39.8013], [-86.34577, 39.8028], [-86.34962, 39.8036], [-86.34981, 39.80364], [-86.35593, 39.80491], [-86.3559, 39.80212], [-86.35584, 39.80021], [-86.35894, 39.80018], [-86.35982, 39.80017], [-86.36235, 39.80013], [-86.36261, 39.80013], [-86.36909, 39.80002], [-86.36913, 39.80002], [-86.36919, 39.80002], [-86.37187, 39.79997], [-86.37443, 39.79992], [-86.3745, 39.79992], [-86.37845, 39.79985], [-86.38145, 39.79985], [-86.38145, 39.7998], [-86.38141, 39.7986], [-86.38141, 39.79853], [-86.38137, 39.79745], [-86.38133, 39.79591], [-86.38127, 39.79406], [-86.38124, 39.79246], [-86.38124, 39.79117], [-86.38123, 39.79014], [-86.38122, 39.79], [-86.38122, 39.78918], [-86.38122, 39.78739], [-86.38121, 39.78585], [-86.38121, 39.78543], [-86.38121, 39.78516], [-86.38121, 39.78511], [-86.38204, 39.78509], [-86.38482, 39.78504], [-86.38576, 39.78502], [-86.38586, 39.77789], [-86.38586, 39.7777], [-86.38658, 39.77768], [-86.3888, 39.77764], [-86.3915, 39.77757], [-86.39167, 39.77757], [-86.39298, 39.77755], [-86.39417, 39.77752], [-86.3945, 39.77752], [-86.39544, 39.7775], [-86.39623, 39.77745], [-86.39627, 39.77745], [-86.39653, 39.77744], [-86.39652, 39.77686], [-86.39651, 39.77637], [-86.39506, 39.77639], [-86.39503, 39.77569], [-86.39494, 39.7734], [-86.39492, 39.77289], [-86.39714, 39.77289], [-86.3972, 39.77335], [-86.3972, 39.77369], [-86.39719, 39.77401], [-86.39759, 39.77401], [-86.3982, 39.774], [-86.3982, 39.7734], [-86.39936, 39.77338], [-86.39955, 39.77338], [-86.3996, 39.77338], [-86.3996, 39.77319], [-86.39959, 39.77285], [-86.4004, 39.77283], [-86.40041, 39.77329], [-86.40124, 39.77327], [-86.40618, 39.77321], [-86.40619, 39.77361], [-86.40871, 39.77354], [-86.40871, 39.77433], [-86.40874, 39.7761], [-86.40876, 39.77657], [-86.40925, 39.77658], [-86.40925, 39.77669], [-86.40927, 39.77714], [-86.40966, 39.77712], [-86.40971, 39.77722], [-86.40977, 39.77728], [-86.40992, 39.77737], [-86.41023, 39.77759], [-86.41039, 39.77776], [-86.41046, 39.77783], [-86.4105, 39.77789], [-86.41053, 39.77798], [-86.41055, 39.77811], [-86.41056, 39.77836], [-86.41057, 39.7788], [-86.41209, 39.77858], [-86.41242, 39.77862], [-86.41255, 39.7791], [-86.41234, 39.77951], [-86.41215, 39.77952], [-86.412, 39.7796], [-86.41182, 39.77965], [-86.41168, 39.77972], [-86.41159, 39.77982], [-86.41156, 39.77989], [-86.41079, 39.7803], [-86.41027, 39.78079], [-86.41019, 39.78087], [-86.40906, 39.78072], [-86.40879, 39.78072], [-86.40852, 39.78087], [-86.40826, 39.78113], [-86.40712, 39.78103], [-86.40712, 39.78088], [-86.40678, 39.78087], [-86.40673, 39.78093], [-86.40664, 39.78109], [-86.40661, 39.78122], [-86.4066, 39.78133], [-86.40661, 39.78142], [-86.40492, 39.78143], [-86.40491, 39.781], [-86.40376, 39.78097], [-86.40367, 39.77731], [-86.40306, 39.77732], [-86.4029, 39.77733], [-86.40246, 39.77734], [-86.4024, 39.77734], [-86.40076, 39.77738], [-86.40069, 39.77738], [-86.40065, 39.77738], [-86.40065, 39.77691], [-86.40064, 39.77672], [-86.40064, 39.77623], [-86.40091, 39.77623], [-86.4009, 39.77598], [-86.4009, 39.77588], [-86.4009, 39.77572], [-86.39988, 39.77575], [-86.39961, 39.77574], [-86.39961, 39.77556], [-86.39912, 39.77556], [-86.39883, 39.77556], [-86.39883, 39.77576], [-86.39883, 39.77609], [-86.39883, 39.7764], [-86.39821, 39.77639], [-86.3977, 39.77639], [-86.39771, 39.77743], [-86.39836, 39.77743], [-86.39906, 39.77741], [-86.39906, 39.77751], [-86.39907, 39.77772], [-86.39917, 39.78017], [-86.39998, 39.78017], [-86.40008, 39.78017], [-86.40016, 39.78017], [-86.40016, 39.78052], [-86.40016, 39.78076], [-86.40019, 39.78152], [-86.40021, 39.78305], [-86.40022, 39.78401], [-86.40024, 39.78486], [-86.40498, 39.78479], [-86.40889, 39.78471], [-86.41548, 39.7846], [-86.41561, 39.7846], [-86.41565, 39.78441], [-86.41574, 39.78427], [-86.416, 39.78397], [-86.41644, 39.78354], [-86.41656, 39.78345], [-86.41656, 39.78319], [-86.41657, 39.78289], [-86.4165, 39.78164], [-86.41635, 39.78135], [-86.41596, 39.78096], [-86.41514, 39.77968], [-86.41506, 39.77932], [-86.41507, 39.77891], [-86.4152, 39.77849], [-86.41543, 39.77832], [-86.41596, 39.77819], [-86.41674, 39.77813], [-86.41716, 39.7776], [-86.41788, 39.77709], [-86.41772, 39.77709], [-86.41577, 39.77712], [-86.415, 39.77712], [-86.41411, 39.7771], [-86.41363, 39.7771], [-86.4131, 39.77709], [-86.41219, 39.77707], [-86.41179, 39.77707], [-86.41132, 39.77708], [-86.41077, 39.77709], [-86.41076, 39.77705], [-86.41075, 39.777], [-86.41076, 39.77696], [-86.41078, 39.77692], [-86.4108, 39.77688], [-86.41084, 39.77685], [-86.41089, 39.77682], [-86.41139, 39.77664], [-86.41172, 39.77653], [-86.41259, 39.77621], [-86.41324, 39.77595], [-86.4132, 39.77575], [-86.41319, 39.77561], [-86.41318, 39.77529], [-86.41317, 39.77485], [-86.41318, 39.77448], [-86.41318, 39.77432], [-86.41317, 39.774], [-86.41318, 39.77367], [-86.41322, 39.77265], [-86.41338, 39.7704], [-86.41339, 39.77028], [-86.41342, 39.77004], [-86.41343, 39.77002], [-86.41344, 39.77001], [-86.41337, 39.77001], [-86.40939, 39.77006], [-86.40939, 39.76722], [-86.40939, 39.76626], [-86.40939, 39.7658], [-86.41089, 39.76578], [-86.41251, 39.76577], [-86.41315, 39.76576], [-86.41314, 39.76559], [-86.41314, 39.7654], [-86.41313, 39.7651], [-86.41314, 39.76475], [-86.41401, 39.76474], [-86.41419, 39.76474], [-86.41419, 39.76499], [-86.41421, 39.76535], [-86.41422, 39.7659], [-86.41422, 39.76628], [-86.41514, 39.76628], [-86.4174, 39.76629], [-86.41763, 39.76629], [-86.4184, 39.7663], [-86.41781, 39.76709], [-86.41782, 39.76717], [-86.41784, 39.76721], [-86.41788, 39.76725], [-86.4179, 39.76731], [-86.41792, 39.76733], [-86.41793, 39.76738], [-86.41795, 39.76739], [-86.41801, 39.76747], [-86.41803, 39.76748], [-86.41808, 39.76758], [-86.4181, 39.76767], [-86.41811, 39.7677], [-86.41813, 39.76776], [-86.41816, 39.76785], [-86.41818, 39.76787], [-86.4182, 39.76791], [-86.41821, 39.76796], [-86.41822, 39.76802], [-86.41825, 39.76809], [-86.41826, 39.76814], [-86.41826, 39.76818], [-86.41828, 39.76864], [-86.41828, 39.76865], [-86.41829, 39.76872], [-86.41828, 39.76889], [-86.41826, 39.76895], [-86.41823, 39.7691], [-86.41822, 39.76914], [-86.41815, 39.76924], [-86.41812, 39.76925], [-86.4181, 39.76928], [-86.41808, 39.76931], [-86.41806, 39.76934], [-86.41802, 39.76937], [-86.41793, 39.76947], [-86.41791, 39.76949], [-86.41788, 39.76951], [-86.41787, 39.76952], [-86.41785, 39.76954], [-86.41786, 39.7699], [-86.41706, 39.76993], [-86.41696, 39.76997], [-86.41684, 39.77003], [-86.4168, 39.77006], [-86.41677, 39.7701], [-86.41669, 39.77015], [-86.41651, 39.7702], [-86.41642, 39.7702], [-86.41631, 39.77021], [-86.41628, 39.77023], [-86.41624, 39.77023], [-86.41613, 39.77029], [-86.41602, 39.77038], [-86.41597, 39.77044], [-86.41595, 39.77045], [-86.41591, 39.77046], [-86.41588, 39.77048], [-86.41583, 39.77053], [-86.41579, 39.77062], [-86.41575, 39.77068], [-86.41572, 39.77077], [-86.41571, 39.77086], [-86.41561, 39.77105], [-86.4156, 39.77108], [-86.41559, 39.7711], [-86.41558, 39.77114], [-86.41556, 39.77121], [-86.41556, 39.77122], [-86.41558, 39.77128], [-86.4156, 39.77155], [-86.41564, 39.77259], [-86.4161, 39.77258], [-86.41657, 39.77257], [-86.41751, 39.77257], [-86.41759, 39.77257], [-86.41952, 39.77256], [-86.41952, 39.77307], [-86.41952, 39.77311], [-86.41952, 39.77331], [-86.4198, 39.77332], [-86.42008, 39.77333], [-86.42043, 39.77333], [-86.42043, 39.77357], [-86.42094, 39.7745], [-86.42105, 39.77516], [-86.42107, 39.77524], [-86.4212, 39.77524], [-86.42274, 39.77528], [-86.42367, 39.77628], [-86.42395, 39.77683], [-86.42396, 39.77684], [-86.42362, 39.77686], [-86.42365, 39.77697], [-86.42367, 39.77703], [-86.42369, 39.77712], [-86.42386, 39.77739], [-86.42391, 39.77754], [-86.42398, 39.77769], [-86.42406, 39.77789], [-86.42412, 39.77809], [-86.42429, 39.77839], [-86.42446, 39.77881], [-86.4245, 39.77893], [-86.42452, 39.77917], [-86.42454, 39.77929], [-86.42458, 39.7794], [-86.42466, 39.77952], [-86.42487, 39.77972], [-86.42507, 39.77992], [-86.42514, 39.77996], [-86.42522, 39.77998], [-86.42534, 39.77998], [-86.42571, 39.77998], [-86.42576, 39.77998], [-86.42576, 39.78231], [-86.4205, 39.78237], [-86.42001, 39.78238], [-86.41998, 39.78247], [-86.42054, 39.7831], [-86.42073, 39.78309], [-86.42084, 39.78332], [-86.42088, 39.78341], [-86.42552, 39.78334], [-86.42552, 39.78306], [-86.42552, 39.7828], [-86.42641, 39.78279], [-86.42805, 39.78277], [-86.42858, 39.78277], [-86.42859, 39.78324], [-86.42861, 39.78374], [-86.42863, 39.78415], [-86.42957, 39.78414], [-86.4297, 39.78413], [-86.43014, 39.78412], [-86.43015, 39.7847], [-86.43027, 39.79145], [-86.43052, 39.79144], [-86.43091, 39.79143], [-86.43086, 39.78991], [-86.43156, 39.78988], [-86.43158, 39.79142], [-86.43115, 39.79142], [-86.43115, 39.79193], [-86.43115, 39.79208], [-86.43051, 39.79207], [-86.4305, 39.79258], [-86.42901, 39.79262], [-86.42909, 39.79568], [-86.42891, 39.79568], [-86.429, 39.79885], [-86.42896, 39.79885], [-86.42896, 39.79889], [-86.42906, 39.80251], [-86.42916, 39.80617], [-86.4315, 39.80611], [-86.4338, 39.80606], [-86.4385, 39.80596], [-86.43849, 39.8056], [-86.43847, 39.80467], [-86.43842, 39.80267], [-86.43842, 39.80246], [-86.4384, 39.80159], [-86.43835, 39.80009], [-86.43835, 39.79937], [-86.43832, 39.79879], [-86.43832, 39.79875], [-86.43832, 39.79867], [-86.43829, 39.79877], [-86.43739, 39.79876], [-86.43736, 39.7984], [-86.43832, 39.7984], [-86.43832, 39.79866], [-86.43832, 39.79867], [-86.43844, 39.79866], [-86.43887, 39.79865], [-86.44765, 39.7985], [-86.44762, 39.79481], [-86.44761, 39.79391], [-86.4476, 39.793], [-86.44759, 39.79205], [-86.44758, 39.79117], [-86.44746, 39.78381], [-86.44662, 39.78383], [-86.44612, 39.78384], [-86.44486, 39.78385], [-86.44317, 39.78388], [-86.44273, 39.78388], [-86.4421, 39.78388], [-86.44204, 39.78388], [-86.44056, 39.78392], [-86.43966, 39.78393], [-86.43966, 39.78375], [-86.43966, 39.78359], [-86.43965, 39.78289], [-86.44027, 39.78287], [-86.44024, 39.78025], [-86.43861, 39.78025], [-86.43779, 39.78027], [-86.43779, 39.78001], [-86.4378, 39.77866], [-86.43631, 39.77867], [-86.43632, 39.77928], [-86.4334, 39.77934], [-86.43314, 39.77934], [-86.43314, 39.77872], [-86.43313, 39.77674], [-86.43272, 39.77675], [-86.43249, 39.77675], [-86.43248, 39.77662], [-86.43245, 39.77606], [-86.43351, 39.77608], [-86.43356, 39.77673], [-86.43384, 39.77672], [-86.43562, 39.77668], [-86.43832, 39.77662], [-86.43832, 39.77626], [-86.43832, 39.77589], [-86.43831, 39.7752], [-86.43831, 39.77485], [-86.4383, 39.77231], [-86.43828, 39.7705], [-86.43827, 39.76903], [-86.43839, 39.76903], [-86.43922, 39.76902], [-86.43922, 39.76954], [-86.44318, 39.7695], [-86.44386, 39.76949], [-86.44779, 39.76945], [-86.44923, 39.76943], [-86.44996, 39.76943], [-86.45016, 39.76942], [-86.45014, 39.76825], [-86.45013, 39.76771], [-86.45012, 39.76763], [-86.45011, 39.76699], [-86.45003, 39.76699], [-86.44776, 39.76703], [-86.44776, 39.76648], [-86.44776, 39.76636], [-86.44444, 39.76638], [-86.44444, 39.7657], [-86.4442, 39.7657], [-86.44307, 39.76572], [-86.44306, 39.76551], [-86.443, 39.76551], [-86.44081, 39.76555], [-86.4408, 39.76533], [-86.43839, 39.7653], [-86.43826, 39.76529], [-86.43826, 39.76513], [-86.43826, 39.76483], [-86.43361, 39.76486], [-86.43347, 39.76485], [-86.43348, 39.76966], [-86.42876, 39.76967], [-86.42862, 39.76255], [-86.42584, 39.76257], [-86.42406, 39.76258], [-86.42401, 39.76259], [-86.42383, 39.7626], [-86.42383, 39.76219], [-86.42384, 39.7619], [-86.42384, 39.7616], [-86.42384, 39.76127], [-86.42384, 39.76058], [-86.42385, 39.76039], [-86.42384, 39.75949], [-86.42376, 39.75947], [-86.42376, 39.75789], [-86.42374, 39.75759], [-86.42282, 39.75762], [-86.42281, 39.75731], [-86.42281, 39.75708], [-86.42281, 39.75616], [-86.42278, 39.75595], [-86.42266, 39.7558], [-86.42222, 39.75498], [-86.42211, 39.75429], [-86.42139, 39.75429], [-86.42137, 39.75183], [-86.41909, 39.75182], [-86.41909, 39.7515], [-86.41569, 39.75153], [-86.41539, 39.75154], [-86.41528, 39.75162], [-86.41526, 39.75164], [-86.41524, 39.75168], [-86.41522, 39.75168], [-86.41519, 39.75175], [-86.41514, 39.75179], [-86.41513, 39.75184], [-86.41514, 39.75186], [-86.41517, 39.75187], [-86.41517, 39.75189], [-86.41513, 39.75198], [-86.41513, 39.75205], [-86.41513, 39.75213], [-86.41513, 39.75216], [-86.41514, 39.75219], [-86.41517, 39.75225], [-86.41521, 39.75228], [-86.41522, 39.7523], [-86.41529, 39.75234], [-86.41533, 39.75234], [-86.41542, 39.75237], [-86.41544, 39.75239], [-86.41545, 39.75242], [-86.41549, 39.75243], [-86.4155, 39.75245], [-86.41555, 39.75248], [-86.41562, 39.75255], [-86.41567, 39.75257], [-86.41573, 39.7526], [-86.41576, 39.75263], [-86.41581, 39.75265], [-86.41587, 39.7527], [-86.41598, 39.75277], [-86.41602, 39.7528], [-86.41609, 39.75283], [-86.41615, 39.75289], [-86.41616, 39.75292], [-86.41618, 39.753], [-86.4162, 39.75302], [-86.41622, 39.75308], [-86.41624, 39.7531], [-86.41626, 39.75314], [-86.41626, 39.7532], [-86.41625, 39.75327], [-86.41624, 39.75328], [-86.41622, 39.75331], [-86.41616, 39.75333], [-86.41611, 39.75338], [-86.41614, 39.75342], [-86.41618, 39.75345], [-86.4162, 39.75348], [-86.41626, 39.75353], [-86.41628, 39.75356], [-86.41631, 39.75357], [-86.41635, 39.7536], [-86.41639, 39.7536], [-86.41648, 39.75362], [-86.41654, 39.75362], [-86.41672, 39.75367], [-86.41679, 39.75371], [-86.41689, 39.75373], [-86.4169, 39.75374], [-86.41698, 39.75377], [-86.41704, 39.75378], [-86.41719, 39.75378], [-86.41727, 39.7538], [-86.41747, 39.75386], [-86.41752, 39.75391], [-86.41758, 39.75392], [-86.41764, 39.75393], [-86.41769, 39.75394], [-86.41776, 39.75398], [-86.4178, 39.75402], [-86.41785, 39.75405], [-86.41792, 39.75413], [-86.41797, 39.75416], [-86.41799, 39.75421], [-86.41802, 39.75425], [-86.41806, 39.75429], [-86.41808, 39.75432], [-86.41808, 39.75435], [-86.41813, 39.75445], [-86.41814, 39.7545], [-86.41814, 39.75451], [-86.41805, 39.75451], [-86.4143, 39.75456], [-86.41419, 39.75456], [-86.41414, 39.75456], [-86.41414, 39.75443], [-86.41414, 39.75402], [-86.41413, 39.75316], [-86.41414, 39.75253], [-86.41414, 39.75182], [-86.41413, 39.75094], [-86.41412, 39.75061], [-86.41412, 39.75032], [-86.41421, 39.75033], [-86.41646, 39.7503], [-86.41666, 39.7503], [-86.41696, 39.7503], [-86.41726, 39.7501], [-86.41736, 39.75004], [-86.41782, 39.74974], [-86.4178, 39.74949], [-86.41763, 39.7495], [-86.41797, 39.74903], [-86.41797, 39.74865], [-86.417, 39.74865], [-86.41699, 39.74803], [-86.41699, 39.74789], [-86.4171, 39.74789], [-86.41723, 39.74789], [-86.41764, 39.74788], [-86.41775, 39.74788], [-86.41929, 39.74786], [-86.41962, 39.74785], [-86.41975, 39.74785], [-86.41975, 39.74776], [-86.41975, 39.74762], [-86.41977, 39.74564], [-86.41977, 39.74557], [-86.41986, 39.74558], [-86.41991, 39.7456], [-86.41994, 39.74561], [-86.41999, 39.74564], [-86.42021, 39.74571], [-86.4203, 39.74575], [-86.42034, 39.74578], [-86.42037, 39.7458], [-86.42039, 39.74582], [-86.42042, 39.74583], [-86.42046, 39.74586], [-86.42048, 39.74587], [-86.42052, 39.74589], [-86.42054, 39.74593], [-86.42096, 39.74613], [-86.42105, 39.74616], [-86.42116, 39.74621], [-86.42127, 39.74624], [-86.42137, 39.74624], [-86.42147, 39.74624], [-86.42151, 39.74624], [-86.42162, 39.74621], [-86.42176, 39.74617], [-86.42198, 39.74608], [-86.42208, 39.74602], [-86.42232, 39.74592], [-86.42288, 39.74562], [-86.4229, 39.74558], [-86.42291, 39.74556], [-86.42292, 39.74552], [-86.42301, 39.74542], [-86.42303, 39.74538], [-86.42303, 39.74533], [-86.42304, 39.74528], [-86.42305, 39.74523], [-86.42308, 39.74516], [-86.42315, 39.74505], [-86.42317, 39.74499], [-86.42317, 39.74497], [-86.42234, 39.74432], [-86.42267, 39.74431], [-86.4228, 39.74431], [-86.42327, 39.7443], [-86.42327, 39.74376], [-86.42329, 39.74352], [-86.4233, 39.74285], [-86.42328, 39.74264], [-86.42329, 39.74264], [-86.4233, 39.74249], [-86.42332, 39.7411], [-86.42333, 39.74051], [-86.43071, 39.74048], [-86.43071, 39.74037], [-86.43324, 39.74033], [-86.43655, 39.74029], [-86.43653, 39.73897], [-86.43651, 39.73734], [-86.4365, 39.73718], [-86.43649, 39.7356], [-86.43646, 39.73427], [-86.43646, 39.73415], [-86.43744, 39.73414], [-86.43742, 39.73294], [-86.43806, 39.73293], [-86.44031, 39.73289], [-86.44088, 39.73288], [-86.44303, 39.73284], [-86.44562, 39.73279], [-86.44758, 39.73276], [-86.44878, 39.73274], [-86.44972, 39.73272], [-86.45119, 39.73269], [-86.45138, 39.73268], [-86.45237, 39.73268], [-86.45568, 39.7326], [-86.45709, 39.73259], [-86.4571, 39.73031]], [[-86.42189, 39.77389], [-86.42132, 39.77364], [-86.42108, 39.77354], [-86.42113, 39.77353], [-86.42122, 39.77351], [-86.4213, 39.77348], [-86.42168, 39.77329], [-86.42179, 39.7734], [-86.42187, 39.77348], [-86.42189, 39.77389]], [[-86.38408, 39.77712], [-86.38407, 39.77764], [-86.38407, 39.77774], [-86.38397, 39.77774], [-86.38375, 39.77775], [-86.38363, 39.77775], [-86.38363, 39.77764], [-86.38363, 39.77712], [-86.38408, 39.77712]], [[-86.36249, 39.76501], [-86.36249, 39.76552], [-86.36189, 39.76552], [-86.36188, 39.765], [-86.36249, 39.76501]], [[-86.43165, 39.78408], [-86.431, 39.7841], [-86.43098, 39.78352], [-86.43163, 39.7835], [-86.43165, 39.78408]], [[-86.37393, 39.74953], [-86.37356, 39.74952], [-86.37356, 39.74935], [-86.37355, 39.74852], [-86.37354, 39.74845], [-86.37393, 39.74844], [-86.37393, 39.74953]], [[-86.38117, 39.77709], [-86.38116, 39.7778], [-86.38057, 39.77781], [-86.38057, 39.77769], [-86.38059, 39.77709], [-86.38107, 39.77708], [-86.38111, 39.77708], [-86.38117, 39.77709]], [[-86.4364, 39.78399], [-86.4364, 39.78496], [-86.43596, 39.78496], [-86.43596, 39.78399], [-86.4364, 39.78399]], [[-86.37875, 39.74838], [-86.37875, 39.7485], [-86.37875, 39.74898], [-86.37875, 39.74926], [-86.37824, 39.74925], [-86.37825, 39.74898], [-86.37825, 39.74851], [-86.37825, 39.74839], [-86.37875, 39.74838]], [[-86.36258, 39.76407], [-86.36258, 39.76427], [-86.36258, 39.76451], [-86.36258, 39.76474], [-86.36201, 39.76473], [-86.36188, 39.76473], [-86.36187, 39.76446], [-86.36187, 39.76437], [-86.36187, 39.76424], [-86.36187, 39.76412], [-86.36187, 39.76406], [-86.36201, 39.76406], [-86.36258, 39.76407]], [[-86.38201, 39.77042], [-86.38201, 39.77111], [-86.38127, 39.77116], [-86.38128, 39.77044], [-86.38201, 39.77042]], [[-86.36337, 39.79438], [-86.36254, 39.79439], [-86.36248, 39.79439], [-86.36247, 39.79412], [-86.36247, 39.79377], [-86.36254, 39.79377], [-86.36336, 39.79376], [-86.36337, 39.79438]], [[-86.43938, 39.79806], [-86.43926, 39.79806], [-86.43844, 39.79806], [-86.43832, 39.79807], [-86.43832, 39.79799], [-86.43832, 39.79759], [-86.43834, 39.79738], [-86.43881, 39.79738], [-86.43938, 39.79738], [-86.43937, 39.79755], [-86.43938, 39.79759], [-86.43938, 39.79789], [-86.43938, 39.79806]], [[-86.37747, 39.77862], [-86.37642, 39.77864], [-86.37641, 39.77846], [-86.37637, 39.77789], [-86.37644, 39.77789], [-86.37684, 39.77788], [-86.37732, 39.77787], [-86.37747, 39.77787], [-86.37747, 39.77862]], [[-86.43044, 39.77259], [-86.43043, 39.77289], [-86.42882, 39.7729], [-86.42873, 39.77291], [-86.42872, 39.77255], [-86.42872, 39.77253], [-86.42874, 39.77249], [-86.42877, 39.77246], [-86.4288, 39.77243], [-86.42884, 39.77241], [-86.42889, 39.77239], [-86.42894, 39.77239], [-86.43043, 39.7724], [-86.43044, 39.77259]], [[-86.38119, 39.75081], [-86.38119, 39.75127], [-86.38119, 39.75144], [-86.37978, 39.75147], [-86.37978, 39.75083], [-86.38119, 39.75081]], [[-86.37505, 39.79137], [-86.37505, 39.79245], [-86.37505, 39.79257], [-86.3745, 39.79258], [-86.3743, 39.79259], [-86.37429, 39.79247], [-86.37429, 39.79238], [-86.37428, 39.79136], [-86.37505, 39.79137]], [[-86.35977, 39.79194], [-86.35976, 39.7926], [-86.35976, 39.79288], [-86.35946, 39.79288], [-86.35876, 39.79289], [-86.35876, 39.79261], [-86.35876, 39.79197], [-86.35977, 39.79194]], [[-86.38223, 39.78264], [-86.38222, 39.7837], [-86.38146, 39.7837], [-86.38121, 39.7837], [-86.3812, 39.78265], [-86.38147, 39.78264], [-86.38223, 39.78264]], [[-86.40099, 39.77265], [-86.39959, 39.77265], [-86.39959, 39.77184], [-86.39958, 39.77148], [-86.40054, 39.77148], [-86.40055, 39.77187], [-86.40098, 39.77186], [-86.40099, 39.77265]], [[-86.43623, 39.78267], [-86.43623, 39.78331], [-86.4355, 39.78332], [-86.43551, 39.784], [-86.43541, 39.784], [-86.43545, 39.78497], [-86.43502, 39.78498], [-86.43499, 39.78402], [-86.43507, 39.78401], [-86.43507, 39.78364], [-86.43507, 39.78297], [-86.43507, 39.78264], [-86.43623, 39.78267]], [[-86.35477, 39.77689], [-86.35476, 39.77809], [-86.35475, 39.77824], [-86.35451, 39.77826], [-86.3541, 39.77826], [-86.35382, 39.77827], [-86.35367, 39.77827], [-86.35366, 39.77813], [-86.35365, 39.77691], [-86.35477, 39.77689]], [[-86.3737, 39.7926], [-86.3737, 39.79273], [-86.3737, 39.79365], [-86.37274, 39.79366], [-86.37274, 39.7933], [-86.37193, 39.7933], [-86.37192, 39.79273], [-86.37192, 39.79263], [-86.37355, 39.7926], [-86.3737, 39.7926]], [[-86.38586, 39.77385], [-86.38585, 39.77457], [-86.38362, 39.77453], [-86.3836, 39.77385], [-86.38586, 39.77385]], [[-86.37306, 39.76216], [-86.37243, 39.76215], [-86.37244, 39.76268], [-86.37234, 39.76268], [-86.37154, 39.76267], [-86.37154, 39.76219], [-86.37153, 39.76106], [-86.37243, 39.76106], [-86.37243, 39.76153], [-86.37306, 39.76153], [-86.37306, 39.76208], [-86.37306, 39.76216]], [[-86.3644, 39.78871], [-86.3644, 39.78896], [-86.36352, 39.78897], [-86.36352, 39.78888], [-86.36247, 39.78889], [-86.36236, 39.7889], [-86.36236, 39.78873], [-86.36234, 39.7876], [-86.36232, 39.78706], [-86.3625, 39.78706], [-86.36359, 39.78704], [-86.3636, 39.78743], [-86.36361, 39.7877], [-86.3644, 39.78772], [-86.3644, 39.78871]], [[-86.42221, 39.75913], [-86.42213, 39.75911], [-86.4214, 39.75897], [-86.42129, 39.75896], [-86.42121, 39.75896], [-86.42118, 39.75895], [-86.42109, 39.75895], [-86.42098, 39.75896], [-86.42091, 39.75897], [-86.42074, 39.759], [-86.42057, 39.75904], [-86.42044, 39.75908], [-86.42033, 39.75913], [-86.42019, 39.7592], [-86.41933, 39.75952], [-86.419, 39.75962], [-86.41899, 39.75791], [-86.42108, 39.7579], [-86.42219, 39.75789], [-86.42221, 39.75913]], [[-86.36721, 39.79274], [-86.36708, 39.79274], [-86.36566, 39.79278], [-86.36319, 39.79283], [-86.3629, 39.79284], [-86.36245, 39.79284], [-86.36245, 39.79256], [-86.36239, 39.79043], [-86.36237, 39.78909], [-86.3625, 39.78909], [-86.36327, 39.78909], [-86.36327, 39.78932], [-86.36329, 39.78968], [-86.3633, 39.78973], [-86.36332, 39.79058], [-86.36334, 39.79094], [-86.36336, 39.79159], [-86.36339, 39.79206], [-86.36338, 39.79227], [-86.36342, 39.79226], [-86.36606, 39.79228], [-86.36605, 39.79203], [-86.3672, 39.79204], [-86.36721, 39.79249], [-86.36721, 39.79274]], [[-86.3497, 39.79564], [-86.34768, 39.79569], [-86.34738, 39.79449], [-86.34706, 39.79303], [-86.34735, 39.79302], [-86.34966, 39.793], [-86.34966, 39.7931], [-86.3497, 39.79564]], [[-86.41813, 39.75472], [-86.41813, 39.75478], [-86.41811, 39.75486], [-86.41809, 39.755], [-86.41807, 39.75503], [-86.41803, 39.75504], [-86.41803, 39.75506], [-86.418, 39.7551], [-86.41798, 39.75513], [-86.41791, 39.75518], [-86.41789, 39.7552], [-86.41785, 39.75522], [-86.41783, 39.75525], [-86.41781, 39.75527], [-86.41779, 39.75528], [-86.41766, 39.7554], [-86.41764, 39.75542], [-86.41764, 39.7555], [-86.41766, 39.7556], [-86.41766, 39.75564], [-86.41765, 39.75572], [-86.41763, 39.75574], [-86.41761, 39.75583], [-86.41758, 39.7559], [-86.41755, 39.75592], [-86.41753, 39.75596], [-86.41751, 39.75598], [-86.4175, 39.75607], [-86.41746, 39.75615], [-86.41741, 39.75622], [-86.41736, 39.75628], [-86.41733, 39.75629], [-86.41727, 39.75629], [-86.41711, 39.75633], [-86.41704, 39.75633], [-86.41692, 39.75634], [-86.41689, 39.75636], [-86.41679, 39.75635], [-86.41666, 39.75637], [-86.41662, 39.75637], [-86.41654, 39.75641], [-86.41651, 39.75642], [-86.41644, 39.75642], [-86.41637, 39.75643], [-86.41625, 39.75646], [-86.41617, 39.75646], [-86.41614, 39.75647], [-86.41611, 39.75648], [-86.41609, 39.7565], [-86.41606, 39.7565], [-86.41602, 39.7565], [-86.41596, 39.75652], [-86.41567, 39.75653], [-86.41561, 39.75653], [-86.4154, 39.75653], [-86.41537, 39.75654], [-86.41531, 39.75655], [-86.41521, 39.75657], [-86.41511, 39.7566], [-86.41504, 39.75663], [-86.41502, 39.75665], [-86.41498, 39.75666], [-86.41497, 39.75667], [-86.41486, 39.75671], [-86.4148, 39.75672], [-86.41477, 39.75675], [-86.41473, 39.75677], [-86.4147, 39.75677], [-86.41467, 39.75677], [-86.41465, 39.75679], [-86.41463, 39.7568], [-86.41451, 39.7568], [-86.41418, 39.7568], [-86.41412, 39.7568], [-86.41412, 39.75679], [-86.41415, 39.75647], [-86.41415, 39.75576], [-86.41413, 39.75531], [-86.41415, 39.75511], [-86.41415, 39.7548], [-86.41419, 39.7548], [-86.41437, 39.7548], [-86.41801, 39.75472], [-86.41813, 39.75472]], [[-86.37446, 39.76678], [-86.37219, 39.7668], [-86.37126, 39.76681], [-86.37125, 39.7661], [-86.37151, 39.7661], [-86.37192, 39.76609], [-86.37192, 39.76611], [-86.37192, 39.76615], [-86.37193, 39.76619], [-86.37207, 39.76618], [-86.37219, 39.76618], [-86.37219, 39.76607], [-86.37219, 39.76598], [-86.37219, 39.76551], [-86.3728, 39.7655], [-86.37279, 39.76528], [-86.37278, 39.76388], [-86.37211, 39.76388], [-86.3721, 39.76337], [-86.37211, 39.76324], [-86.37226, 39.76324], [-86.37245, 39.76324], [-86.37295, 39.76323], [-86.37375, 39.76322], [-86.37399, 39.76322], [-86.374, 39.76336], [-86.37399, 39.76342], [-86.374, 39.76364], [-86.37402, 39.76397], [-86.37403, 39.76441], [-86.37435, 39.76441], [-86.37445, 39.76441], [-86.37446, 39.76678]], [[-86.35656, 39.77072], [-86.35413, 39.77078], [-86.35313, 39.7708], [-86.35297, 39.77081], [-86.35296, 39.77016], [-86.35296, 39.7699], [-86.35295, 39.76966], [-86.35295, 39.76959], [-86.35278, 39.76959], [-86.35276, 39.76877], [-86.35276, 39.76871], [-86.35275, 39.76841], [-86.35275, 39.76832], [-86.35273, 39.76755], [-86.35299, 39.76755], [-86.3535, 39.76752], [-86.35401, 39.76751], [-86.35452, 39.7675], [-86.35503, 39.76743], [-86.35517, 39.76743], [-86.35548, 39.76744], [-86.35536, 39.76754], [-86.35525, 39.76768], [-86.35522, 39.76785], [-86.35522, 39.76791], [-86.35522, 39.76803], [-86.35522, 39.76826], [-86.35523, 39.76866], [-86.35523, 39.76885], [-86.35523, 39.76903], [-86.35525, 39.76935], [-86.35523, 39.76957], [-86.35522, 39.76962], [-86.35528, 39.76966], [-86.3553, 39.76967], [-86.35544, 39.76973], [-86.35561, 39.76973], [-86.35573, 39.76975], [-86.35585, 39.76979], [-86.35598, 39.7698], [-86.35606, 39.76981], [-86.35618, 39.76987], [-86.35633, 39.77012], [-86.35646, 39.7704], [-86.35653, 39.77062], [-86.35655, 39.77068], [-86.35656, 39.77072]], [[-86.35339, 39.76294], [-86.35287, 39.76296], [-86.35286, 39.76278], [-86.35218, 39.76277], [-86.35168, 39.76277], [-86.35167, 39.76253], [-86.35153, 39.76253], [-86.35123, 39.76253], [-86.35122, 39.7623], [-86.35071, 39.76229], [-86.35072, 39.76254], [-86.3507, 39.76254], [-86.35061, 39.76254], [-86.35061, 39.76275], [-86.35063, 39.76335], [-86.35063, 39.7634], [-86.35063, 39.7635], [-86.35048, 39.76351], [-86.35045, 39.76341], [-86.35054, 39.76308], [-86.35048, 39.75952], [-86.35048, 39.7594], [-86.35058, 39.7594], [-86.35062, 39.75938], [-86.35071, 39.75938], [-86.35093, 39.75938], [-86.35251, 39.75938], [-86.35281, 39.75938], [-86.35301, 39.75937], [-86.35333, 39.75937], [-86.35335, 39.7607], [-86.35335, 39.76098], [-86.35335, 39.76122], [-86.35336, 39.76143], [-86.35336, 39.76164], [-86.35337, 39.76184], [-86.35337, 39.76196], [-86.35337, 39.76205], [-86.35337, 39.76209], [-86.35337, 39.76225], [-86.35338, 39.76236], [-86.35338, 39.76262], [-86.35339, 39.76272], [-86.35339, 39.76294]], [[-86.41913, 39.7626], [-86.41769, 39.76264], [-86.41752, 39.76264], [-86.41722, 39.76265], [-86.41519, 39.7627], [-86.4152, 39.764], [-86.4142, 39.76402], [-86.4142, 39.76432], [-86.4142, 39.76437], [-86.4142, 39.76443], [-86.41401, 39.76443], [-86.41365, 39.76443], [-86.41337, 39.76443], [-86.41244, 39.76444], [-86.41242, 39.76444], [-86.41242, 39.76438], [-86.41242, 39.76403], [-86.41332, 39.76402], [-86.4133, 39.76361], [-86.4138, 39.7636], [-86.41403, 39.7636], [-86.41406, 39.76274], [-86.4143, 39.76273], [-86.4143, 39.76256], [-86.41244, 39.76259], [-86.41244, 39.76271], [-86.41119, 39.76271], [-86.41093, 39.76273], [-86.41071, 39.76274], [-86.40938, 39.76271], [-86.40938, 39.76263], [-86.40905, 39.76264], [-86.40833, 39.76264], [-86.40818, 39.76265], [-86.40812, 39.76265], [-86.40811, 39.76247], [-86.4083, 39.76247], [-86.40833, 39.76247], [-86.40839, 39.76246], [-86.40871, 39.76246], [-86.40971, 39.76244], [-86.41064, 39.7624], [-86.41136, 39.76239], [-86.4114, 39.76237], [-86.41143, 39.76235], [-86.41143, 39.76233], [-86.41147, 39.7623], [-86.41148, 39.76225], [-86.41157, 39.7622], [-86.41162, 39.7622], [-86.41163, 39.76218], [-86.41167, 39.76216], [-86.41179, 39.76214], [-86.41185, 39.76212], [-86.41188, 39.7621], [-86.41194, 39.7621], [-86.41199, 39.7621], [-86.41216, 39.76203], [-86.41221, 39.76202], [-86.41223, 39.76201], [-86.41233, 39.76199], [-86.41236, 39.76198], [-86.41242, 39.76194], [-86.41249, 39.76191], [-86.41263, 39.76188], [-86.41266, 39.76187], [-86.41268, 39.76186], [-86.41282, 39.7618], [-86.41284, 39.76178], [-86.41289, 39.76177], [-86.41292, 39.76175], [-86.41296, 39.76172], [-86.41301, 39.7617], [-86.41308, 39.76167], [-86.41312, 39.76163], [-86.41316, 39.76163], [-86.41319, 39.76161], [-86.41325, 39.76155], [-86.41328, 39.7615], [-86.41328, 39.76146], [-86.4133, 39.76144], [-86.41334, 39.7614], [-86.41338, 39.76139], [-86.41343, 39.76136], [-86.41347, 39.76135], [-86.4135, 39.76135], [-86.41352, 39.76133], [-86.41354, 39.7613], [-86.41357, 39.76128], [-86.41362, 39.76126], [-86.41369, 39.7612], [-86.41381, 39.76113], [-86.41388, 39.76108], [-86.4139, 39.76106], [-86.41392, 39.76105], [-86.41398, 39.76101], [-86.414, 39.761], [-86.41402, 39.76097], [-86.41406, 39.76094], [-86.4141, 39.7609], [-86.41414, 39.76087], [-86.41415, 39.761], [-86.41427, 39.76092], [-86.4151, 39.76032], [-86.41515, 39.7603], [-86.41521, 39.76027], [-86.41532, 39.76023], [-86.41543, 39.76021], [-86.41551, 39.76021], [-86.41569, 39.76021], [-86.4165, 39.76025], [-86.41652, 39.76025], [-86.41653, 39.76038], [-86.41656, 39.7616], [-86.41695, 39.76186], [-86.41698, 39.76225], [-86.4173, 39.76224], [-86.41748, 39.76224], [-86.41763, 39.76224], [-86.41912, 39.7622], [-86.41913, 39.76245], [-86.41913, 39.7626]], [[-86.38165, 39.77312], [-86.38121, 39.77312], [-86.38116, 39.77312], [-86.38116, 39.77316], [-86.38116, 39.77417], [-86.38112, 39.77417], [-86.38104, 39.77417], [-86.37639, 39.77425], [-86.37638, 39.77406], [-86.37523, 39.77408], [-86.37523, 39.77691], [-86.37523, 39.77744], [-86.37522, 39.77776], [-86.37522, 39.77791], [-86.37487, 39.77792], [-86.37464, 39.77792], [-86.37411, 39.77793], [-86.37411, 39.77858], [-86.37406, 39.77968], [-86.37395, 39.7797], [-86.37419, 39.78019], [-86.37405, 39.78042], [-86.37385, 39.78073], [-86.37407, 39.78105], [-86.37407, 39.78174], [-86.37409, 39.7824], [-86.37409, 39.78261], [-86.37409, 39.78292], [-86.37399, 39.78292], [-86.37405, 39.7834], [-86.37296, 39.78341], [-86.37286, 39.78329], [-86.37236, 39.7833], [-86.37176, 39.78331], [-86.37179, 39.78533], [-86.37119, 39.78534], [-86.37105, 39.78534], [-86.37019, 39.78535], [-86.36784, 39.78541], [-86.36699, 39.78543], [-86.36699, 39.7853], [-86.367, 39.78511], [-86.367, 39.78444], [-86.36698, 39.78235], [-86.36697, 39.78208], [-86.36697, 39.78205], [-86.36697, 39.78203], [-86.36697, 39.78173], [-86.36464, 39.78175], [-86.36461, 39.7818], [-86.36461, 39.78196], [-86.36463, 39.78362], [-86.36227, 39.78367], [-86.36228, 39.78416], [-86.36228, 39.785], [-86.36312, 39.78499], [-86.36313, 39.78548], [-86.36351, 39.78547], [-86.36354, 39.78568], [-86.36436, 39.78566], [-86.36436, 39.78583], [-86.36441, 39.78583], [-86.36441, 39.78686], [-86.36231, 39.78688], [-86.36231, 39.7867], [-86.36229, 39.78552], [-86.36213, 39.78553], [-86.35977, 39.78556], [-86.35901, 39.78557], [-86.35899, 39.78381], [-86.35899, 39.78334], [-86.35898, 39.78333], [-86.35897, 39.78332], [-86.35896, 39.78331], [-86.35895, 39.7833], [-86.35894, 39.78328], [-86.35894, 39.78327], [-86.35894, 39.78326], [-86.35893, 39.78325], [-86.35893, 39.78324], [-86.35893, 39.78323], [-86.35893, 39.78321], [-86.35893, 39.7832], [-86.35894, 39.78319], [-86.35894, 39.78318], [-86.35895, 39.78317], [-86.35897, 39.78315], [-86.35898, 39.78314], [-86.35898, 39.78313], [-86.359, 39.78312], [-86.35901, 39.78311], [-86.35871, 39.78187], [-86.35868, 39.77826], [-86.35868, 39.7782], [-86.35891, 39.77821], [-86.35947, 39.7782], [-86.35994, 39.77819], [-86.35992, 39.77645], [-86.35999, 39.77645], [-86.36009, 39.77645], [-86.36183, 39.77642], [-86.36182, 39.77592], [-86.36181, 39.77563], [-86.36195, 39.77563], [-86.36252, 39.77563], [-86.36266, 39.77562], [-86.36264, 39.77408], [-86.36264, 39.77397], [-86.36264, 39.77376], [-86.36262, 39.77376], [-86.3624, 39.77376], [-86.36195, 39.77377], [-86.36184, 39.77377], [-86.36183, 39.77325], [-86.36182, 39.77324], [-86.35989, 39.77326], [-86.35988, 39.77231], [-86.35988, 39.77223], [-86.36264, 39.7722], [-86.36264, 39.77194], [-86.36263, 39.77157], [-86.36263, 39.77124], [-86.36188, 39.77124], [-86.36188, 39.7706], [-86.36178, 39.7706], [-86.36093, 39.77059], [-86.36093, 39.76877], [-86.36093, 39.76812], [-86.36093, 39.76565], [-86.36142, 39.76565], [-86.36182, 39.76566], [-86.36189, 39.76566], [-86.36189, 39.76588], [-86.3619, 39.7673], [-86.3619, 39.7675], [-86.36192, 39.76873], [-86.36192, 39.76876], [-86.36245, 39.76875], [-86.36288, 39.76874], [-86.36331, 39.76873], [-86.36373, 39.76872], [-86.36416, 39.76872], [-86.36459, 39.76871], [-86.36501, 39.76871], [-86.36544, 39.7687], [-86.36587, 39.76869], [-86.36629, 39.76869], [-86.36672, 39.76869], [-86.36673, 39.76938], [-86.36673, 39.76959], [-86.36674, 39.7705], [-86.36716, 39.7705], [-86.37031, 39.77046], [-86.37126, 39.77045], [-86.3766, 39.77039], [-86.37659, 39.77044], [-86.37659, 39.77049], [-86.37666, 39.77049], [-86.37665, 39.7708], [-86.37664, 39.77124], [-86.37659, 39.77174], [-86.37663, 39.77216], [-86.37747, 39.77218], [-86.38101, 39.77217], [-86.38117, 39.77217], [-86.38117, 39.77222], [-86.38123, 39.77222], [-86.38164, 39.77221], [-86.38165, 39.77312]]], "crs": null}, "id": 233, "type": "Feature", "properties": {"fid": 233, "statefp": "18", "namelsad": "Avon town", "municipalt": "Avon", "placefp": "02908", "munic_typ": "Town", "SHAPE__Length": 1.5100832380522409, "SHAPE__Area": 0.0051446249170000015}}, {"geometry": {"type": "Polygon", "coordinates": [[[-86.44742, 39.70048], [-86.44736, 39.69666], [-86.44735, 39.69598], [-86.44657, 39.69599], [-86.44661, 39.69382], [-86.44658, 39.69235], [-86.44729, 39.69235], [-86.44726, 39.69045], [-86.44726, 39.69027], [-86.44725, 39.68978], [-86.44722, 39.68837], [-86.44718, 39.68796], [-86.44717, 39.68782], [-86.44681, 39.6879], [-86.44667, 39.68792], [-86.44664, 39.68793], [-86.44607, 39.68807], [-86.44489, 39.68841], [-86.44387, 39.68873], [-86.44073, 39.6898], [-86.43782, 39.69079], [-86.43775, 39.69098], [-86.43778, 39.69221], [-86.43778, 39.69422], [-86.43779, 39.69463], [-86.43779, 39.69507], [-86.43779, 39.69622], [-86.43774, 39.69616], [-86.43443, 39.69622], [-86.43443, 39.69559], [-86.43443, 39.69493], [-86.43442, 39.69462], [-86.43442, 39.6943], [-86.43442, 39.69304], [-86.43441, 39.69221], [-86.43441, 39.69211], [-86.43442, 39.69202], [-86.43442, 39.69195], [-86.4343, 39.69199], [-86.43132, 39.69301], [-86.43114, 39.69307], [-86.43111, 39.68855], [-86.43113, 39.68855], [-86.43168, 39.68854], [-86.43176, 39.68853], [-86.43209, 39.68853], [-86.43246, 39.68852], [-86.43273, 39.68851], [-86.43305, 39.6885], [-86.43272, 39.68818], [-86.4323, 39.68844], [-86.43226, 39.68832], [-86.43222, 39.68816], [-86.43208, 39.68817], [-86.4321, 39.68804], [-86.43212, 39.68793], [-86.43228, 39.68796], [-86.43249, 39.68801], [-86.43244, 39.6878], [-86.43244, 39.68779], [-86.43249, 39.68766], [-86.43242, 39.68756], [-86.43215, 39.68761], [-86.43218, 39.68753], [-86.43218, 39.6874], [-86.43237, 39.6873], [-86.43222, 39.68719], [-86.43228, 39.68703], [-86.43247, 39.68689], [-86.43246, 39.68687], [-86.43197, 39.68681], [-86.43192, 39.68659], [-86.43209, 39.68651], [-86.43211, 39.68647], [-86.43208, 39.68637], [-86.43205, 39.68635], [-86.432, 39.68628], [-86.43176, 39.68624], [-86.43169, 39.68604], [-86.43199, 39.68586], [-86.43207, 39.68577], [-86.43202, 39.68564], [-86.43198, 39.68553], [-86.43158, 39.68544], [-86.43147, 39.68527], [-86.43152, 39.68514], [-86.43159, 39.68513], [-86.43184, 39.68513], [-86.43207, 39.68513], [-86.43523, 39.68509], [-86.43509, 39.67468], [-86.43509, 39.67411], [-86.43376, 39.67413], [-86.43268, 39.67415], [-86.43221, 39.67415], [-86.43174, 39.67786], [-86.43172, 39.68146], [-86.43118, 39.68146], [-86.43002, 39.68147], [-86.42139, 39.68149], [-86.41839, 39.68151], [-86.41838, 39.68041], [-86.41603, 39.68043], [-86.41603, 39.68029], [-86.416, 39.67798], [-86.41581, 39.67799], [-86.41359, 39.67801], [-86.41359, 39.67797], [-86.41359, 39.67794], [-86.41359, 39.67788], [-86.41358, 39.67682], [-86.41356, 39.67515], [-86.41143, 39.67517], [-86.41142, 39.67439], [-86.4112, 39.67439], [-86.4112, 39.6744], [-86.41121, 39.67517], [-86.40947, 39.67519], [-86.40942, 39.67441], [-86.40899, 39.67441], [-86.40862, 39.67441], [-86.40726, 39.67443], [-86.40609, 39.67445], [-86.40541, 39.67445], [-86.40468, 39.67447], [-86.40468, 39.67513], [-86.40404, 39.67515], [-86.40403, 39.67449], [-86.40406, 39.67449], [-86.40403, 39.67333], [-86.40403, 39.67222], [-86.40402, 39.67214], [-86.40402, 39.67178], [-86.40401, 39.6702], [-86.40399, 39.66904], [-86.40396, 39.66717], [-86.40204, 39.66716], [-86.39975, 39.66718], [-86.39976, 39.66827], [-86.39976, 39.66836], [-86.39977, 39.66933], [-86.39982, 39.67391], [-86.39935, 39.67387], [-86.39935, 39.67414], [-86.39935, 39.67426], [-86.39936, 39.67454], [-86.39916, 39.67454], [-86.39911, 39.67447], [-86.39903, 39.6745], [-86.39894, 39.67453], [-86.39885, 39.67455], [-86.39875, 39.67456], [-86.39865, 39.67456], [-86.3986, 39.67456], [-86.39821, 39.67456], [-86.39744, 39.67455], [-86.39698, 39.67455], [-86.39461, 39.67455], [-86.39238, 39.67457], [-86.39169, 39.67457], [-86.39123, 39.67458], [-86.39113, 39.67458], [-86.39104, 39.67458], [-86.39022, 39.67459], [-86.39004, 39.67459], [-86.38954, 39.67459], [-86.38941, 39.67421], [-86.38855, 39.67183], [-86.38855, 39.67181], [-86.38847, 39.67144], [-86.3884, 39.67063], [-86.38836, 39.6695], [-86.38837, 39.66917], [-86.38839, 39.66906], [-86.38854, 39.6686], [-86.3889, 39.6677], [-86.38907, 39.66728], [-86.3891, 39.66721], [-86.38912, 39.66721], [-86.38992, 39.66721], [-86.38992, 39.6683], [-86.38992, 39.66849], [-86.39099, 39.66849], [-86.39126, 39.66849], [-86.39143, 39.66849], [-86.39153, 39.66849], [-86.39158, 39.66849], [-86.3916, 39.66849], [-86.39158, 39.66721], [-86.39228, 39.66721], [-86.39228, 39.66673], [-86.39227, 39.66431], [-86.39226, 39.66358], [-86.39194, 39.66358], [-86.39118, 39.66359], [-86.39101, 39.66359], [-86.38984, 39.66359], [-86.38983, 39.66317], [-86.38984, 39.663], [-86.38984, 39.66299], [-86.38984, 39.66179], [-86.38974, 39.66179], [-86.38958, 39.66177], [-86.38948, 39.66176], [-86.38913, 39.66127], [-86.38911, 39.66125], [-86.38911, 39.66124], [-86.38902, 39.66111], [-86.38876, 39.66074], [-86.38782, 39.66044], [-86.38752, 39.66034], [-86.38726, 39.66026], [-86.38655, 39.66059], [-86.38609, 39.66079], [-86.38327, 39.66206], [-86.38016, 39.66346], [-86.38002, 39.66352], [-86.3799, 39.66358], [-86.37987, 39.66357], [-86.37972, 39.66358], [-86.37913, 39.66361], [-86.3787, 39.66363], [-86.37656, 39.66373], [-86.37625, 39.66374], [-86.3756, 39.66378], [-86.37559, 39.66307], [-86.37559, 39.66277], [-86.3756, 39.66031], [-86.37558, 39.66004], [-86.37557, 39.65967], [-86.37468, 39.65968], [-86.37468, 39.65952], [-86.37468, 39.65837], [-86.37468, 39.658], [-86.37358, 39.658], [-86.37028, 39.65815], [-86.37028, 39.65813], [-86.37028, 39.65802], [-86.37028, 39.65735], [-86.37028, 39.65479], [-86.37028, 39.6546], [-86.37029, 39.65387], [-86.37029, 39.65378], [-86.37029, 39.6537], [-86.37029, 39.65362], [-86.3703, 39.65354], [-86.37033, 39.65346], [-86.37037, 39.65338], [-86.37041, 39.65331], [-86.37047, 39.65324], [-86.37053, 39.65318], [-86.37037, 39.65308], [-86.37022, 39.65299], [-86.37017, 39.65298], [-86.3701, 39.65296], [-86.37003, 39.65296], [-86.37003, 39.65267], [-86.37015, 39.65261], [-86.37014, 39.65213], [-86.37069, 39.65211], [-86.37052, 39.64161], [-86.35758, 39.64196], [-86.35759, 39.6419], [-86.35658, 39.64192], [-86.3566, 39.64094], [-86.35767, 39.64107], [-86.35767, 39.64105], [-86.35768, 39.64053], [-86.35769, 39.63986], [-86.35771, 39.63899], [-86.35772, 39.6388], [-86.35772, 39.63877], [-86.35448, 39.63884], [-86.35448, 39.63888], [-86.35058, 39.63898], [-86.35049, 39.63897], [-86.34492, 39.63905], [-86.34492, 39.63949], [-86.34288, 39.63954], [-86.34288, 39.63919], [-86.34288, 39.6391], [-86.34044, 39.63915], [-86.34043, 39.64452], [-86.34025, 39.64452], [-86.33954, 39.64453], [-86.33953, 39.6465], [-86.33847, 39.64652], [-86.33675, 39.64654], [-86.33574, 39.64656], [-86.33574, 39.64662], [-86.33575, 39.64694], [-86.33575, 39.64796], [-86.33576, 39.64829], [-86.33577, 39.64919], [-86.33577, 39.6496], [-86.33577, 39.64992], [-86.33696, 39.64989], [-86.33712, 39.65018], [-86.33694, 39.65018], [-86.33639, 39.65029], [-86.33577, 39.65029], [-86.33577, 39.65019], [-86.33108, 39.65029], [-86.33112, 39.65394], [-86.33343, 39.65388], [-86.3358, 39.65382], [-86.33579, 39.65325], [-86.33653, 39.65323], [-86.33654, 39.65381], [-86.34029, 39.65374], [-86.34022, 39.65393], [-86.33963, 39.65457], [-86.33963, 39.65537], [-86.33927, 39.65568], [-86.33927, 39.65592], [-86.33919, 39.65593], [-86.33671, 39.65624], [-86.33583, 39.65626], [-86.33583, 39.65636], [-86.33582, 39.65677], [-86.33742, 39.65676], [-86.33742, 39.65679], [-86.33852, 39.65678], [-86.33852, 39.65736], [-86.33583, 39.65738], [-86.33583, 39.65742], [-86.33582, 39.65775], [-86.33582, 39.65784], [-86.33706, 39.65782], [-86.33708, 39.66032], [-86.33819, 39.66028], [-86.33818, 39.6611], [-86.33886, 39.66109], [-86.3398, 39.66106], [-86.33983, 39.66115], [-86.33986, 39.66123], [-86.34017, 39.6615], [-86.34023, 39.66181], [-86.34001, 39.66251], [-86.34006, 39.66289], [-86.34059, 39.66344], [-86.34027, 39.66452], [-86.34019, 39.6648], [-86.34054, 39.66579], [-86.34057, 39.66587], [-86.34057, 39.66608], [-86.34055, 39.66671], [-86.34054, 39.66748], [-86.34052, 39.66831], [-86.34042, 39.66843], [-86.34014, 39.66873], [-86.33994, 39.66905], [-86.33983, 39.66914], [-86.33979, 39.66928], [-86.33975, 39.6693], [-86.33953, 39.66934], [-86.33938, 39.66934], [-86.33923, 39.66942], [-86.33917, 39.66951], [-86.33919, 39.66964], [-86.33929, 39.66976], [-86.33936, 39.66992], [-86.33934, 39.67006], [-86.33918, 39.67015], [-86.339, 39.6702], [-86.33879, 39.67023], [-86.33862, 39.67028], [-86.33845, 39.67033], [-86.33824, 39.67059], [-86.33818, 39.67059], [-86.33762, 39.67054], [-86.33738, 39.67049], [-86.33722, 39.67047], [-86.33711, 39.67049], [-86.33701, 39.6706], [-86.33688, 39.67074], [-86.3368, 39.67075], [-86.33662, 39.67073], [-86.33653, 39.67068], [-86.33566, 39.67069], [-86.3356, 39.67093], [-86.33526, 39.67129], [-86.33514, 39.67159], [-86.33489, 39.67181], [-86.33455, 39.67182], [-86.33447, 39.67161], [-86.33022, 39.67165], [-86.32755, 39.67168], [-86.32712, 39.67168], [-86.32699, 39.67177], [-86.32681, 39.6718], [-86.32667, 39.67177], [-86.32659, 39.6718], [-86.32659, 39.67191], [-86.3266, 39.67197], [-86.3266, 39.67203], [-86.3266, 39.67343], [-86.3266, 39.67416], [-86.3266, 39.67528], [-86.3266, 39.67581], [-86.3266, 39.67666], [-86.3266, 39.67859], [-86.3266, 39.67916], [-86.32657, 39.67921], [-86.32656, 39.67924], [-86.32656, 39.67928], [-86.32656, 39.67964], [-86.32656, 39.68051], [-86.32657, 39.68114], [-86.32657, 39.68121], [-86.32657, 39.68135], [-86.32657, 39.68147], [-86.32657, 39.68158], [-86.32657, 39.68169], [-86.32658, 39.68252], [-86.32662, 39.68455], [-86.32661, 39.68563], [-86.32661, 39.6859], [-86.32661, 39.68598], [-86.3266, 39.68602], [-86.3266, 39.68609], [-86.32659, 39.68621], [-86.32659, 39.68625], [-86.32659, 39.68627], [-86.32659, 39.6863], [-86.32659, 39.68637], [-86.32659, 39.68639], [-86.32658, 39.68645], [-86.32658, 39.68651], [-86.32658, 39.68656], [-86.32657, 39.6868], [-86.32655, 39.68747], [-86.32654, 39.68764], [-86.32633, 39.69444], [-86.32633, 39.69447], [-86.32633, 39.69453], [-86.32633, 39.69458], [-86.32633, 39.6946], [-86.32639, 39.69765], [-86.3264, 39.69779], [-86.32643, 39.70072], [-86.32645, 39.7019], [-86.32647, 39.70325], [-86.32649, 39.70618], [-86.32651, 39.70924], [-86.32651, 39.70927], [-86.32652, 39.70983], [-86.32652, 39.71028], [-86.32653, 39.71066], [-86.32653, 39.71122], [-86.32653, 39.7115], [-86.32653, 39.71166], [-86.32653, 39.71174], [-86.32654, 39.71199], [-86.32654, 39.71212], [-86.32654, 39.71276], [-86.32655, 39.71326], [-86.32655, 39.71386], [-86.32655, 39.71407], [-86.32656, 39.71444], [-86.32656, 39.71466], [-86.3266, 39.71949], [-86.32659, 39.71985], [-86.32659, 39.72029], [-86.32659, 39.72041], [-86.32659, 39.72091], [-86.3266, 39.72186], [-86.3266, 39.72315], [-86.3266, 39.72789], [-86.3266, 39.72823], [-86.3266, 39.72838], [-86.3266, 39.72878], [-86.32653, 39.72914], [-86.32652, 39.72939], [-86.32651, 39.72945], [-86.32651, 39.72998], [-86.32651, 39.73], [-86.32652, 39.73127], [-86.32655, 39.73439], [-86.32655, 39.73514], [-86.32656, 39.73538], [-86.32656, 39.73548], [-86.32678, 39.73548], [-86.32894, 39.73547], [-86.32895, 39.73619], [-86.32667, 39.7362], [-86.32657, 39.7362], [-86.32657, 39.73648], [-86.32657, 39.73667], [-86.32737, 39.73667], [-86.32735, 39.73715], [-86.32734, 39.73769], [-86.32665, 39.73726], [-86.32658, 39.73727], [-86.32659, 39.7382], [-86.32659, 39.73824], [-86.32659, 39.73835], [-86.32659, 39.73933], [-86.3266, 39.74044], [-86.3266, 39.74081], [-86.32661, 39.74166], [-86.32662, 39.74363], [-86.32662, 39.74369], [-86.32664, 39.74496], [-86.32664, 39.74577], [-86.32665, 39.74639], [-86.32666, 39.74715], [-86.32667, 39.74903], [-86.32667, 39.74966], [-86.32668, 39.74973], [-86.32668, 39.74979], [-86.32668, 39.74991], [-86.32668, 39.75013], [-86.32833, 39.75012], [-86.32865, 39.75002], [-86.32866, 39.74995], [-86.32865, 39.74992], [-86.32899, 39.74968], [-86.32802, 39.7493], [-86.32802, 39.74914], [-86.32802, 39.74902], [-86.32922, 39.74901], [-86.32991, 39.74901], [-86.33004, 39.74901], [-86.33186, 39.749], [-86.33299, 39.749], [-86.3331, 39.749], [-86.33384, 39.749], [-86.33383, 39.74801], [-86.33312, 39.74801], [-86.33306, 39.74801], [-86.33298, 39.74801], [-86.33296, 39.74619], [-86.33316, 39.74619], [-86.33609, 39.74619], [-86.33609, 39.74612], [-86.33608, 39.74599], [-86.33608, 39.74585], [-86.33623, 39.74583], [-86.33622, 39.74533], [-86.33608, 39.74534], [-86.33607, 39.74496], [-86.33606, 39.74391], [-86.33605, 39.74335], [-86.33617, 39.74335], [-86.33616, 39.74302], [-86.33605, 39.74302], [-86.33605, 39.74283], [-86.33605, 39.74243], [-86.33605, 39.74228], [-86.33604, 39.74166], [-86.33604, 39.7416], [-86.33603, 39.74079], [-86.33602, 39.73983], [-86.33601, 39.73919], [-86.33599, 39.7377], [-86.33597, 39.73648], [-86.33596, 39.73612], [-86.33495, 39.73613], [-86.3349, 39.73555], [-86.3349, 39.73549], [-86.33458, 39.73541], [-86.33421, 39.7353], [-86.33395, 39.73521], [-86.33372, 39.73515], [-86.33368, 39.73513], [-86.33353, 39.73508], [-86.33353, 39.73476], [-86.33328, 39.73457], [-86.33326, 39.73454], [-86.33322, 39.73449], [-86.33315, 39.73446], [-86.33311, 39.73445], [-86.33313, 39.73437], [-86.33314, 39.73425], [-86.33239, 39.73426], [-86.33203, 39.73426], [-86.33197, 39.73426], [-86.3319, 39.73425], [-86.33176, 39.73425], [-86.33124, 39.73425], [-86.33124, 39.73419], [-86.33124, 39.7341], [-86.33122, 39.73385], [-86.33123, 39.73301], [-86.33443, 39.73301], [-86.33594, 39.733], [-86.33594, 39.73215], [-86.33601, 39.73214], [-86.33629, 39.73214], [-86.33746, 39.73213], [-86.33749, 39.73223], [-86.33775, 39.73309], [-86.33793, 39.73342], [-86.33793, 39.73433], [-86.33804, 39.73433], [-86.33821, 39.73432], [-86.33821, 39.73533], [-86.33901, 39.73533], [-86.33927, 39.73532], [-86.33926, 39.73432], [-86.34246, 39.73429], [-86.34246, 39.73442], [-86.34331, 39.73441], [-86.34332, 39.73689], [-86.34071, 39.73691], [-86.34072, 39.73712], [-86.34057, 39.73712], [-86.34057, 39.7391], [-86.34057, 39.73913], [-86.34056, 39.73983], [-86.34331, 39.73982], [-86.34554, 39.73981], [-86.3456, 39.74531], [-86.34564, 39.74865], [-86.34565, 39.74897], [-86.34569, 39.74897], [-86.34601, 39.74896], [-86.3465, 39.74896], [-86.34779, 39.74894], [-86.34872, 39.74892], [-86.34941, 39.74891], [-86.34983, 39.7489], [-86.35037, 39.74889], [-86.35264, 39.74884], [-86.35312, 39.74883], [-86.35336, 39.74883], [-86.35404, 39.74881], [-86.35461, 39.7488], [-86.35516, 39.74879], [-86.3561, 39.74878], [-86.35669, 39.74877], [-86.35681, 39.74876], [-86.35739, 39.74875], [-86.3579, 39.74874], [-86.35832, 39.74873], [-86.35854, 39.74872], [-86.3593, 39.7487], [-86.36095, 39.74865], [-86.36156, 39.74861], [-86.36298, 39.74858], [-86.36637, 39.74855], [-86.37008, 39.74849], [-86.37031, 39.74849], [-86.37055, 39.74849], [-86.37063, 39.74848], [-86.37103, 39.74848], [-86.37144, 39.74848], [-86.37146, 39.74822], [-86.37145, 39.74419], [-86.37144, 39.74121], [-86.37144, 39.74113], [-86.37144, 39.74044], [-86.37144, 39.74037], [-86.37128, 39.73751], [-86.36995, 39.73751], [-86.36998, 39.73519], [-86.36932, 39.73519], [-86.3693, 39.73397], [-86.3693, 39.73383], [-86.36858, 39.73384], [-86.36776, 39.73384], [-86.36681, 39.73386], [-86.36674, 39.73386], [-86.36674, 39.73395], [-86.3668, 39.73566], [-86.36681, 39.73593], [-86.36629, 39.73591], [-86.36629, 39.73566], [-86.3662, 39.73566], [-86.36614, 39.73395], [-86.36614, 39.73387], [-86.36581, 39.73387], [-86.36558, 39.73387], [-86.36532, 39.73388], [-86.36449, 39.7339], [-86.36242, 39.73393], [-86.36133, 39.73394], [-86.36075, 39.73396], [-86.35941, 39.734], [-86.359, 39.73401], [-86.35899, 39.73219], [-86.35991, 39.73217], [-86.36134, 39.73214], [-86.36136, 39.73137], [-86.36137, 39.73083], [-86.36141, 39.72837], [-86.36141, 39.72792], [-86.36141, 39.72778], [-86.36142, 39.72667], [-86.36142, 39.72658], [-86.3615, 39.72658], [-86.36246, 39.72657], [-86.36263, 39.72657], [-86.36363, 39.72655], [-86.36481, 39.72656], [-86.36533, 39.72654], [-86.3676, 39.72648], [-86.36761, 39.7264], [-86.36751, 39.72625], [-86.36749, 39.72617], [-86.36754, 39.72612], [-86.36761, 39.72608], [-86.36779, 39.72597], [-86.36792, 39.72586], [-86.36799, 39.72568], [-86.36805, 39.7255], [-86.36808, 39.72542], [-86.36809, 39.7254], [-86.36813, 39.72532], [-86.36817, 39.72522], [-86.3682, 39.72512], [-86.36818, 39.72505], [-86.36816, 39.72499], [-86.36814, 39.72492], [-86.36814, 39.72489], [-86.36817, 39.72485], [-86.36833, 39.72475], [-86.36848, 39.72468], [-86.36862, 39.72465], [-86.36875, 39.72464], [-86.36897, 39.72464], [-86.36925, 39.72446], [-86.3694, 39.72424], [-86.36946, 39.72412], [-86.36952, 39.72399], [-86.36959, 39.72387], [-86.36966, 39.72375], [-86.36972, 39.72359], [-86.36993, 39.7233], [-86.36995, 39.72317], [-86.37003, 39.72302], [-86.37013, 39.7229], [-86.37033, 39.72252], [-86.37049, 39.72228], [-86.37054, 39.72215], [-86.3706, 39.72204], [-86.37064, 39.72195], [-86.37066, 39.72185], [-86.37066, 39.72179], [-86.36893, 39.72176], [-86.36936, 39.72052], [-86.36952, 39.71916], [-86.36749, 39.71918], [-86.3675, 39.71903], [-86.36644, 39.71902], [-86.36643, 39.71886], [-86.37047, 39.7179], [-86.37048, 39.71797], [-86.37233, 39.71752], [-86.37277, 39.71741], [-86.37326, 39.71729], [-86.37325, 39.71894], [-86.37325, 39.71911], [-86.37392, 39.7191], [-86.37439, 39.7191], [-86.37537, 39.7191], [-86.37599, 39.71909], [-86.37599, 39.71893], [-86.37618, 39.71893], [-86.37618, 39.71864], [-86.37615, 39.71657], [-86.37698, 39.71637], [-86.38076, 39.71542], [-86.38076, 39.71548], [-86.38076, 39.71569], [-86.38076, 39.71583], [-86.38076, 39.71604], [-86.38077, 39.71674], [-86.38077, 39.71678], [-86.38079, 39.71704], [-86.3808, 39.71773], [-86.38083, 39.71888], [-86.38083, 39.71904], [-86.37898, 39.71906], [-86.37863, 39.71906], [-86.37842, 39.71906], [-86.37852, 39.72145], [-86.37933, 39.72219], [-86.38057, 39.72226], [-86.38087, 39.72228], [-86.38088, 39.72294], [-86.38088, 39.72322], [-86.38089, 39.72398], [-86.38089, 39.72412], [-86.38089, 39.72422], [-86.38108, 39.72422], [-86.3844, 39.72424], [-86.38439, 39.72553], [-86.38514, 39.72552], [-86.38729, 39.72537], [-86.38789, 39.72537], [-86.38857, 39.72536], [-86.38934, 39.72535], [-86.3899, 39.72534], [-86.39023, 39.72533], [-86.39023, 39.7254], [-86.39023, 39.72554], [-86.39023, 39.72568], [-86.39023, 39.72583], [-86.39072, 39.72582], [-86.39915, 39.72566], [-86.39954, 39.72566], [-86.39954, 39.72557], [-86.39955, 39.7246], [-86.39955, 39.72448], [-86.39955, 39.72432], [-86.39955, 39.7243], [-86.39955, 39.72416], [-86.39955, 39.72409], [-86.39955, 39.724], [-86.39954, 39.72353], [-86.39913, 39.72353], [-86.39662, 39.72357], [-86.39662, 39.72276], [-86.39511, 39.72277], [-86.39511, 39.7227], [-86.39479, 39.72271], [-86.39477, 39.7216], [-86.39507, 39.72159], [-86.39507, 39.72151], [-86.39668, 39.72151], [-86.39668, 39.72185], [-86.39807, 39.72183], [-86.39807, 39.72154], [-86.39913, 39.72153], [-86.39954, 39.72153], [-86.39954, 39.72058], [-86.39913, 39.72059], [-86.39769, 39.72061], [-86.39697, 39.72062], [-86.3969, 39.72062], [-86.39668, 39.72062], [-86.39667, 39.72028], [-86.39648, 39.72028], [-86.39515, 39.72031], [-86.39394, 39.72034], [-86.39394, 39.71882], [-86.3929, 39.71884], [-86.39231, 39.71885], [-86.39015, 39.71889], [-86.39015, 39.71875], [-86.39014, 39.71777], [-86.39015, 39.71665], [-86.39015, 39.71656], [-86.39015, 39.71639], [-86.39015, 39.71622], [-86.39015, 39.71603], [-86.39014, 39.71544], [-86.39014, 39.71522], [-86.39171, 39.71521], [-86.39344, 39.71519], [-86.39482, 39.71518], [-86.39481, 39.71502], [-86.39623, 39.71499], [-86.39636, 39.715], [-86.39827, 39.71497], [-86.39829, 39.71417], [-86.3991, 39.71416], [-86.39951, 39.71415], [-86.39951, 39.71384], [-86.3991, 39.71385], [-86.39882, 39.71385], [-86.39881, 39.71349], [-86.39881, 39.71339], [-86.3991, 39.71339], [-86.39951, 39.71338], [-86.39951, 39.71305], [-86.39951, 39.7128], [-86.39951, 39.71216], [-86.3995, 39.71177], [-86.3991, 39.71177], [-86.3972, 39.71181], [-86.39719, 39.71154], [-86.39719, 39.71147], [-86.39761, 39.71137], [-86.39914, 39.71098], [-86.39949, 39.7109], [-86.40049, 39.71067], [-86.4024, 39.71023], [-86.40259, 39.71018], [-86.40286, 39.71012], [-86.40287, 39.71025], [-86.40249, 39.71073], [-86.40249, 39.71134], [-86.40249, 39.71145], [-86.40372, 39.71146], [-86.40377, 39.7114], [-86.40398, 39.71072], [-86.40442, 39.71071], [-86.40443, 39.71072], [-86.40451, 39.7109], [-86.40462, 39.71099], [-86.40509, 39.71133], [-86.40545, 39.7116], [-86.40565, 39.71182], [-86.40602, 39.7124], [-86.40646, 39.71314], [-86.40679, 39.71365], [-86.40684, 39.71372], [-86.40584, 39.71381], [-86.40585, 39.71458], [-86.40728, 39.71431], [-86.4073, 39.71434], [-86.40746, 39.71465], [-86.40748, 39.71471], [-86.40751, 39.7149], [-86.4075, 39.71527], [-86.40916, 39.71525], [-86.41394, 39.71519], [-86.41438, 39.71519], [-86.41599, 39.7152], [-86.4166, 39.71518], [-86.41755, 39.71516], [-86.41812, 39.71515], [-86.41871, 39.71513], [-86.41887, 39.71513], [-86.41889, 39.71461], [-86.419, 39.71461], [-86.41926, 39.71461], [-86.42032, 39.7146], [-86.42038, 39.7146], [-86.42039, 39.71425], [-86.4204, 39.71361], [-86.4204, 39.71356], [-86.42033, 39.71356], [-86.41978, 39.71357], [-86.41882, 39.71358], [-86.41815, 39.71359], [-86.41776, 39.7136], [-86.41742, 39.7136], [-86.41636, 39.71362], [-86.41631, 39.71337], [-86.41629, 39.71328], [-86.41624, 39.71308], [-86.41622, 39.71297], [-86.41612, 39.7125], [-86.41608, 39.71137], [-86.41422, 39.71135], [-86.41419, 39.70991], [-86.41449, 39.70988], [-86.41483, 39.70983], [-86.41501, 39.70984], [-86.41524, 39.70986], [-86.41541, 39.70993], [-86.41579, 39.71012], [-86.4162, 39.71037], [-86.41657, 39.71071], [-86.41669, 39.71085], [-86.41677, 39.71093], [-86.41696, 39.71107], [-86.41721, 39.71119], [-86.41818, 39.71117], [-86.41831, 39.71117], [-86.41835, 39.71075], [-86.4186, 39.71033], [-86.41871, 39.71031], [-86.4193, 39.71021], [-86.41951, 39.70988], [-86.41965, 39.70954], [-86.41983, 39.70906], [-86.4189, 39.70937], [-86.41886, 39.70886], [-86.41883, 39.70864], [-86.41883, 39.70858], [-86.41879, 39.70786], [-86.41877, 39.70756], [-86.41963, 39.7075], [-86.41961, 39.70747], [-86.42057, 39.70744], [-86.42089, 39.70743], [-86.42091, 39.70755], [-86.42114, 39.70754], [-86.42137, 39.70753], [-86.42172, 39.70751], [-86.42219, 39.70719], [-86.42287, 39.70789], [-86.42279, 39.70807], [-86.42265, 39.70835], [-86.42277, 39.70843], [-86.42286, 39.70851], [-86.42305, 39.70817], [-86.42319, 39.70789], [-86.42363, 39.7084], [-86.42397, 39.70824], [-86.42465, 39.70924], [-86.42532, 39.70987], [-86.42544, 39.70999], [-86.42546, 39.71033], [-86.42546, 39.71036], [-86.42827, 39.71033], [-86.42828, 39.71102], [-86.42848, 39.71102], [-86.42909, 39.71101], [-86.42947, 39.71101], [-86.42969, 39.711], [-86.42977, 39.711], [-86.42977, 39.71168], [-86.4285, 39.71169], [-86.42694, 39.71171], [-86.42694, 39.71436], [-86.42694, 39.71486], [-86.42695, 39.7155], [-86.42697, 39.71598], [-86.42699, 39.71598], [-86.42753, 39.71595], [-86.42763, 39.71594], [-86.42797, 39.71595], [-86.42812, 39.71596], [-86.42819, 39.71596], [-86.4283, 39.71597], [-86.42871, 39.71601], [-86.42896, 39.71605], [-86.42908, 39.71608], [-86.42917, 39.71612], [-86.42925, 39.71616], [-86.4295, 39.71639], [-86.42966, 39.71657], [-86.42984, 39.71653], [-86.43111, 39.71619], [-86.43114, 39.71687], [-86.43309, 39.71686], [-86.43312, 39.71738], [-86.43331, 39.71738], [-86.4354, 39.71737], [-86.4354, 39.71745], [-86.43646, 39.71745], [-86.43647, 39.71827], [-86.43648, 39.71848], [-86.43799, 39.71846], [-86.43799, 39.71543], [-86.43788, 39.71543], [-86.43572, 39.71548], [-86.43561, 39.71092], [-86.43564, 39.71056], [-86.43562, 39.70933], [-86.43639, 39.70932], [-86.43644, 39.70925], [-86.43783, 39.70924], [-86.43787, 39.71088], [-86.43799, 39.71088], [-86.43831, 39.71087], [-86.43905, 39.71086], [-86.43943, 39.71086], [-86.44095, 39.71083], [-86.44087, 39.70486], [-86.438, 39.7049], [-86.43784, 39.7049], [-86.43783, 39.70354], [-86.438, 39.70353], [-86.43793, 39.70351], [-86.43789, 39.70349], [-86.43786, 39.70347], [-86.43784, 39.70344], [-86.43782, 39.70341], [-86.43781, 39.70334], [-86.43781, 39.7027], [-86.43781, 39.70253], [-86.43781, 39.70239], [-86.44742, 39.70048]], [[-86.43114, 39.71148], [-86.43114, 39.71169], [-86.42994, 39.71169], [-86.42996, 39.71149], [-86.42996, 39.711], [-86.43113, 39.71098], [-86.43114, 39.71148]], [[-86.42972, 39.69616], [-86.42972, 39.6963], [-86.42923, 39.69631], [-86.42829, 39.69632], [-86.42829, 39.69431], [-86.42824, 39.69423], [-86.42922, 39.69389], [-86.4297, 39.69372], [-86.4297, 39.69423], [-86.4297, 39.69479], [-86.4297, 39.69493], [-86.4297, 39.69507], [-86.4297, 39.6952], [-86.42971, 39.69531], [-86.42971, 39.69534], [-86.42971, 39.69548], [-86.42971, 39.69561], [-86.42971, 39.69575], [-86.42971, 39.69589], [-86.42971, 39.69603], [-86.42972, 39.69616]], [[-86.42459, 39.69791], [-86.42459, 39.69802], [-86.42264, 39.69805], [-86.42261, 39.69789], [-86.4225, 39.69734], [-86.42233, 39.69736], [-86.422, 39.69739], [-86.42191, 39.6974], [-86.4219, 39.69735], [-86.42189, 39.69726], [-86.42177, 39.69641], [-86.42234, 39.69622], [-86.4229, 39.69603], [-86.42431, 39.69555], [-86.42456, 39.69547], [-86.42458, 39.69559], [-86.42459, 39.69791]], [[-86.42095, 39.69668], [-86.42124, 39.69833], [-86.42077, 39.69849], [-86.42041, 39.69687], [-86.4207, 39.69677], [-86.42095, 39.69668]], [[-86.40417, 39.68027], [-86.4042, 39.68179], [-86.40327, 39.6818], [-86.4025, 39.6818], [-86.40039, 39.68182], [-86.39945, 39.68183], [-86.39941, 39.68183], [-86.39936, 39.6789], [-86.39935, 39.67859], [-86.39935, 39.67838], [-86.39934, 39.67814], [-86.39933, 39.67799], [-86.39933, 39.67762], [-86.39933, 39.67748], [-86.39932, 39.67717], [-86.39932, 39.67703], [-86.39932, 39.67683], [-86.40154, 39.67682], [-86.40155, 39.67713], [-86.40156, 39.67789], [-86.40165, 39.6779], [-86.40195, 39.67878], [-86.40203, 39.679], [-86.40235, 39.6796], [-86.40252, 39.67991], [-86.40264, 39.68012], [-86.40273, 39.68028], [-86.40331, 39.68028], [-86.40417, 39.68027]], [[-86.36484, 39.65643], [-86.36493, 39.66182], [-86.3646, 39.66182], [-86.36413, 39.66183], [-86.36405, 39.65645], [-86.36288, 39.65648], [-86.36287, 39.65498], [-86.3641, 39.65495], [-86.36408, 39.6532], [-86.36412, 39.6532], [-86.36418, 39.6532], [-86.3642, 39.65495], [-86.3642, 39.65645], [-86.36484, 39.65643]], [[-86.3629, 39.65211], [-86.36291, 39.6525], [-86.36208, 39.65253], [-86.36206, 39.65213], [-86.3629, 39.65211]], [[-86.36267, 39.64581], [-86.36272, 39.64762], [-86.3612, 39.64767], [-86.36118, 39.64694], [-86.35454, 39.64707], [-86.35454, 39.64621], [-86.35454, 39.64618], [-86.35461, 39.64618], [-86.35461, 39.64691], [-86.35461, 39.64702], [-86.35547, 39.647], [-86.35635, 39.64698], [-86.35632, 39.64607], [-86.35604, 39.64543], [-86.35628, 39.64539], [-86.35656, 39.64534], [-86.35688, 39.6453], [-86.35722, 39.64568], [-86.35751, 39.646], [-86.35754, 39.64696], [-86.35778, 39.64695], [-86.35801, 39.64695], [-86.35843, 39.64694], [-86.35839, 39.64598], [-86.35753, 39.64574], [-86.35737, 39.6457], [-86.357, 39.64528], [-86.35708, 39.64526], [-86.35712, 39.64525], [-86.35748, 39.64565], [-86.35811, 39.64565], [-86.35802, 39.6451], [-86.35731, 39.64508], [-86.35733, 39.64504], [-86.35734, 39.64496], [-86.35735, 39.64478], [-86.35735, 39.64476], [-86.35994, 39.64474], [-86.35994, 39.64531], [-86.35989, 39.64572], [-86.35992, 39.64599], [-86.35997, 39.64608], [-86.36028, 39.64607], [-86.36115, 39.64605], [-86.36115, 39.64586], [-86.36267, 39.64581]], [[-86.35771, 39.65592], [-86.35771, 39.65668], [-86.35715, 39.65669], [-86.35677, 39.6567], [-86.35675, 39.65621], [-86.35675, 39.65614], [-86.35669, 39.65614], [-86.35654, 39.65615], [-86.35558, 39.65618], [-86.35551, 39.65618], [-86.35547, 39.65617], [-86.35542, 39.65614], [-86.3554, 39.65612], [-86.35537, 39.65608], [-86.35535, 39.656], [-86.35534, 39.65563], [-86.3554, 39.65564], [-86.35543, 39.65564], [-86.35545, 39.65563], [-86.35547, 39.65562], [-86.35549, 39.65561], [-86.35551, 39.65559], [-86.35553, 39.65557], [-86.35554, 39.65555], [-86.35555, 39.65554], [-86.35556, 39.65551], [-86.35556, 39.65549], [-86.35556, 39.65547], [-86.35614, 39.65545], [-86.35611, 39.65539], [-86.35605, 39.65527], [-86.35596, 39.65512], [-86.35586, 39.65496], [-86.35574, 39.6548], [-86.35561, 39.65468], [-86.3555, 39.65462], [-86.35537, 39.6546], [-86.35523, 39.65453], [-86.35509, 39.6545], [-86.35505, 39.65463], [-86.35482, 39.65463], [-86.3548, 39.65345], [-86.35489, 39.65345], [-86.35525, 39.65344], [-86.35583, 39.65341], [-86.35596, 39.65341], [-86.35597, 39.65372], [-86.35601, 39.65373], [-86.35621, 39.65378], [-86.35641, 39.65378], [-86.35663, 39.65371], [-86.35684, 39.65363], [-86.35702, 39.65358], [-86.357, 39.65365], [-86.35696, 39.65374], [-86.35686, 39.65374], [-86.35659, 39.65392], [-86.35643, 39.65401], [-86.35639, 39.65411], [-86.35644, 39.65423], [-86.35649, 39.65433], [-86.35652, 39.65438], [-86.35658, 39.65453], [-86.35663, 39.65463], [-86.35705, 39.65474], [-86.35724, 39.65481], [-86.35743, 39.65492], [-86.3575, 39.65504], [-86.35738, 39.65503], [-86.35699, 39.65495], [-86.35678, 39.65493], [-86.35662, 39.65494], [-86.35648, 39.65496], [-86.3564, 39.65504], [-86.35634, 39.65513], [-86.35646, 39.65552], [-86.3565, 39.65556], [-86.35665, 39.65562], [-86.35671, 39.65563], [-86.35683, 39.65566], [-86.3569, 39.65579], [-86.35694, 39.65589], [-86.35695, 39.65592], [-86.35695, 39.65604], [-86.35696, 39.65612], [-86.357, 39.65611], [-86.35704, 39.6561], [-86.35713, 39.65608], [-86.35725, 39.65604], [-86.35735, 39.65601], [-86.35742, 39.65597], [-86.35748, 39.65594], [-86.35754, 39.6559], [-86.35757, 39.65587], [-86.35759, 39.65582], [-86.35766, 39.65588], [-86.35771, 39.65592]], [[-86.35746, 39.64333], [-86.35746, 39.64339], [-86.35739, 39.64419], [-86.35736, 39.64449], [-86.35458, 39.64453], [-86.35458, 39.64502], [-86.35457, 39.64512], [-86.3541, 39.64513], [-86.35403, 39.64513], [-86.35403, 39.64514], [-86.354, 39.6462], [-86.35219, 39.64625], [-86.35222, 39.64503], [-86.35222, 39.64494], [-86.35222, 39.6449], [-86.35276, 39.6449], [-86.35328, 39.64491], [-86.3533, 39.64409], [-86.35459, 39.64406], [-86.3546, 39.64346], [-86.35471, 39.64348], [-86.35485, 39.64349], [-86.35498, 39.64347], [-86.35502, 39.64341], [-86.35505, 39.64337], [-86.35531, 39.64336], [-86.35533, 39.64336], [-86.35545, 39.64336], [-86.35546, 39.64336], [-86.35746, 39.64333]], [[-86.35452, 39.65258], [-86.35454, 39.65346], [-86.35401, 39.65348], [-86.35349, 39.65348], [-86.35344, 39.65149], [-86.35387, 39.65148], [-86.3545, 39.65147], [-86.35452, 39.65258]], [[-86.3507, 39.64629], [-86.35071, 39.64684], [-86.34991, 39.64686], [-86.35012, 39.64629], [-86.3505, 39.6463], [-86.3507, 39.64629]], [[-86.34997, 39.65851], [-86.34996, 39.65863], [-86.3493, 39.65917], [-86.34928, 39.65961], [-86.34888, 39.65962], [-86.34888, 39.65923], [-86.34885, 39.65899], [-86.34881, 39.65875], [-86.3488, 39.65868], [-86.34973, 39.65838], [-86.34997, 39.65851]], [[-86.34542, 39.72832], [-86.34542, 39.72879], [-86.34301, 39.7288], [-86.34132, 39.72881], [-86.33939, 39.72881], [-86.3383, 39.72882], [-86.33716, 39.72883], [-86.33716, 39.72861], [-86.33715, 39.72847], [-86.33715, 39.72837], [-86.33767, 39.72837], [-86.33919, 39.72836], [-86.33976, 39.72836], [-86.33976, 39.72744], [-86.33977, 39.72698], [-86.34539, 39.72696], [-86.34542, 39.72832]], [[-86.34531, 39.67114], [-86.34541, 39.6756], [-86.3451, 39.67557], [-86.34495, 39.67556], [-86.34479, 39.67556], [-86.34426, 39.67557], [-86.34311, 39.67558], [-86.34105, 39.6756], [-86.34109, 39.67464], [-86.34112, 39.67398], [-86.34119, 39.67278], [-86.34123, 39.67231], [-86.34131, 39.67128], [-86.34131, 39.67117], [-86.34139, 39.6699], [-86.34139, 39.66973], [-86.34139, 39.66971], [-86.34138, 39.66955], [-86.34136, 39.66938], [-86.34133, 39.66921], [-86.34128, 39.66904], [-86.34112, 39.66851], [-86.3411, 39.66837], [-86.34525, 39.6683], [-86.34531, 39.67114]], [[-86.34309, 39.65245], [-86.34307, 39.65268], [-86.34296, 39.65284], [-86.34292, 39.65304], [-86.34273, 39.65331], [-86.34271, 39.6534], [-86.3426, 39.65356], [-86.34249, 39.65371], [-86.34236, 39.65372], [-86.34237, 39.65366], [-86.34249, 39.65304], [-86.34251, 39.65293], [-86.3425, 39.65289], [-86.34242, 39.65273], [-86.34259, 39.65249], [-86.34276, 39.65221], [-86.34278, 39.65215], [-86.34309, 39.65245]], [[-86.33693, 39.65127], [-86.33692, 39.65176], [-86.33662, 39.65177], [-86.33652, 39.6518], [-86.33627, 39.65185], [-86.33578, 39.65182], [-86.33578, 39.65141], [-86.33631, 39.65141], [-86.33652, 39.6513], [-86.33693, 39.65127]], [[-86.33594, 39.73189], [-86.33594, 39.73207], [-86.33591, 39.73207], [-86.33442, 39.73208], [-86.33125, 39.7321], [-86.33126, 39.7312], [-86.33121, 39.73104], [-86.33121, 39.7309], [-86.33115, 39.73002], [-86.33122, 39.73002], [-86.33121, 39.72956], [-86.33279, 39.72955], [-86.33279, 39.7293], [-86.33279, 39.72918], [-86.33359, 39.72918], [-86.33435, 39.72917], [-86.33434, 39.72862], [-86.33513, 39.72861], [-86.33512, 39.72837], [-86.33571, 39.72837], [-86.33591, 39.72837], [-86.33592, 39.72971], [-86.33592, 39.7311], [-86.33592, 39.73117], [-86.33593, 39.73124], [-86.33593, 39.73158], [-86.33593, 39.73165], [-86.33594, 39.73189]], [[-86.3359, 39.7251], [-86.33591, 39.72613], [-86.33578, 39.72609], [-86.33563, 39.7261], [-86.33461, 39.72634], [-86.33454, 39.72623], [-86.33138, 39.72698], [-86.33052, 39.72721], [-86.33057, 39.72733], [-86.32788, 39.72794], [-86.32789, 39.72757], [-86.3283, 39.72749], [-86.3283, 39.72715], [-86.33022, 39.7267], [-86.33021, 39.72677], [-86.33121, 39.72654], [-86.33121, 39.72554], [-86.33472, 39.72551], [-86.33515, 39.7255], [-86.33515, 39.72465], [-86.3359, 39.72465], [-86.3359, 39.7251]], [[-86.33589, 39.72209], [-86.33589, 39.72363], [-86.33472, 39.72363], [-86.33472, 39.7226], [-86.33408, 39.72247], [-86.33315, 39.72247], [-86.33313, 39.72247], [-86.33312, 39.72231], [-86.33313, 39.72215], [-86.33313, 39.72201], [-86.33313, 39.72196], [-86.33495, 39.72192], [-86.33512, 39.72192], [-86.33512, 39.72008], [-86.33512, 39.71998], [-86.33512, 39.71965], [-86.33512, 39.71952], [-86.33588, 39.71952], [-86.33588, 39.71957], [-86.33588, 39.71967], [-86.33588, 39.71998], [-86.33588, 39.72053], [-86.33589, 39.72194], [-86.33589, 39.72209]]], "crs": null}, "id": 235, "type": "Feature", "properties": {"fid": 235, "statefp": "18", "namelsad": "Plainfield town", "municipalt": "Plainfield", "placefp": "60246", "munic_typ": "Town", "SHAPE__Length": 1.0489689552324875, "SHAPE__Area": 0.007104254226000002}}, {"geometry": {"type": "Polygon", "coordinates": [[[-86.09035, 40.08406], [-86.09035, 40.08351], [-86.09035, 40.08333], [-86.09035, 40.08309], [-86.09035, 40.08304], [-86.08096, 40.08321], [-86.08094, 40.08285], [-86.08091, 40.08139], [-86.07123, 40.08145], [-86.07124, 40.08104], [-86.07124, 40.07969], [-86.07125, 40.07797], [-86.07126, 40.07775], [-86.0713, 40.07736], [-86.07132, 40.07705], [-86.07133, 40.07697], [-86.07134, 40.07664], [-86.07133, 40.07612], [-86.07133, 40.07561], [-86.07132, 40.0753], [-86.07133, 40.07371], [-86.07133, 40.07351], [-86.07133, 40.07274], [-86.07133, 40.07108], [-86.07133, 40.07076], [-86.07133, 40.07026], [-86.07133, 40.07014], [-86.07135, 40.06986], [-86.07135, 40.06938], [-86.07133, 40.06516], [-86.07158, 40.06515], [-86.07305, 40.06514], [-86.07606, 40.06509], [-86.07608, 40.06956], [-86.07609, 40.07188], [-86.07721, 40.07235], [-86.07967, 40.07232], [-86.07966, 40.06994], [-86.07964, 40.06656], [-86.07963, 40.06513], [-86.07963, 40.06509], [-86.07963, 40.06505], [-86.08008, 40.06504], [-86.08276, 40.065], [-86.08295, 40.065], [-86.08405, 40.06498], [-86.08569, 40.06496], [-86.08558, 40.05778], [-86.08557, 40.05584], [-86.09033, 40.05577], [-86.09033, 40.05576], [-86.09033, 40.05433], [-86.09033, 40.0539], [-86.09033, 40.05313], [-86.09033, 40.05306], [-86.09032, 40.05152], [-86.09032, 40.05136], [-86.09031, 40.05098], [-86.09031, 40.05035], [-86.09031, 40.05016], [-86.09031, 40.04979], [-86.09031, 40.04904], [-86.09031, 40.04893], [-86.09031, 40.04704], [-86.09031, 40.0468], [-86.0862, 40.0468], [-86.0862, 40.04587], [-86.0862, 40.04535], [-86.08721, 40.04533], [-86.08767, 40.04553], [-86.08774, 40.04553], [-86.08775, 40.04617], [-86.08917, 40.04615], [-86.08918, 40.04659], [-86.09031, 40.04657], [-86.09032, 40.04549], [-86.09032, 40.045], [-86.09028, 40.04482], [-86.09002, 40.04428], [-86.08999, 40.04422], [-86.08988, 40.04397], [-86.08986, 40.0436], [-86.08984, 40.04306], [-86.08456, 40.04311], [-86.08456, 40.04218], [-86.08458, 40.04025], [-86.08966, 40.04026], [-86.08966, 40.04019], [-86.08967, 40.03973], [-86.08967, 40.03934], [-86.08854, 40.03934], [-86.08852, 40.03853], [-86.08966, 40.03852], [-86.08966, 40.03833], [-86.08964, 40.03648], [-86.08964, 40.03602], [-86.08963, 40.03439], [-86.08961, 40.03381], [-86.0896, 40.03349], [-86.08958, 40.03291], [-86.08699, 40.03292], [-86.0867, 40.03292], [-86.0867, 40.0328], [-86.08491, 40.03279], [-86.08491, 40.0278], [-86.0849, 40.02744], [-86.0849, 40.0273], [-86.08975, 40.02729], [-86.08975, 40.02701], [-86.0849, 40.02703], [-86.08491, 40.02618], [-86.08491, 40.02574], [-86.08038, 40.02571], [-86.08037, 40.02403], [-86.08035, 40.02203], [-86.08021, 40.02203], [-86.08022, 40.02192], [-86.07766, 40.02192], [-86.0772, 40.02192], [-86.07534, 40.02193], [-86.0712, 40.02195], [-86.07105, 40.02186], [-86.07093, 40.02149], [-86.07092, 40.01984], [-86.07091, 40.01784], [-86.07089, 40.01573], [-86.07087, 40.01458], [-86.07095, 40.01449], [-86.07114, 40.01449], [-86.07134, 40.01448], [-86.07144, 40.01453], [-86.07162, 40.01453], [-86.07178, 40.01453], [-86.07201, 40.01444], [-86.07377, 40.01442], [-86.07462, 40.01441], [-86.07484, 40.01441], [-86.07497, 40.01443], [-86.07533, 40.01449], [-86.07533, 40.01478], [-86.07533, 40.01483], [-86.07605, 40.01483], [-86.07624, 40.01483], [-86.07633, 40.01484], [-86.0764, 40.01485], [-86.07646, 40.01485], [-86.07652, 40.01486], [-86.07716, 40.01485], [-86.07716, 40.01483], [-86.07716, 40.01475], [-86.08017, 40.01476], [-86.08017, 40.01386], [-86.08149, 40.01386], [-86.08149, 40.01462], [-86.08148, 40.01476], [-86.08164, 40.01476], [-86.08165, 40.01457], [-86.08164, 40.01397], [-86.08164, 40.01368], [-86.08257, 40.01368], [-86.08257, 40.01476], [-86.08258, 40.0149], [-86.08332, 40.0149], [-86.08758, 40.01489], [-86.08827, 40.0149], [-86.08954, 40.01491], [-86.08957, 40.01481], [-86.08959, 40.01476], [-86.08959, 40.01469], [-86.08958, 40.0119], [-86.08957, 40.01147], [-86.08956, 40.00952], [-86.08955, 40.0075], [-86.08496, 40.00749], [-86.08496, 40.00569], [-86.08779, 40.00569], [-86.08953, 40.00568], [-86.08953, 40.00566], [-86.08953, 40.00507], [-86.08953, 40.00486], [-86.08953, 40.00475], [-86.08952, 40.00387], [-86.08952, 40.00227], [-86.08952, 40.00219], [-86.08952, 40.00217], [-86.08582, 40.00217], [-86.08084, 40.00389], [-86.08022, 40.0041], [-86.08015, 40.00024], [-86.07928, 40.00024], [-86.07533, 40.00024], [-86.07517, 40.00024], [-86.07481, 40.00024], [-86.07413, 40.00024], [-86.07406, 40.00024], [-86.07385, 40.00024], [-86.07385, 40.00036], [-86.07345, 40.00037], [-86.07247, 40.00037], [-86.07054, 40.00036], [-86.06751, 40.00038], [-86.06725, 40.00038], [-86.06656, 40.00039], [-86.06575, 40.00039], [-86.0648, 40.00039], [-86.06479, 40.00039], [-86.06468, 40.0004], [-86.06468, 40.00026], [-86.06399, 40.00026], [-86.06395, 40.00026], [-86.0639, 40.00026], [-86.06392, 40.00068], [-86.06395, 40.00265], [-86.06225, 40.00265], [-86.06224, 40.00305], [-86.06114, 40.00303], [-86.06111, 40.00032], [-86.0609, 40.00033], [-86.06021, 40.00036], [-86.05978, 40.00037], [-86.0597, 40.00037], [-86.05907, 40.00038], [-86.05813, 40.00039], [-86.05781, 40.0004], [-86.05745, 40.00041], [-86.05588, 40.00039], [-86.05566, 40.00035], [-86.05546, 40.00034], [-86.0538, 40.0003], [-86.05216, 40.0003], [-86.05146, 40.0003], [-86.04828, 40.00028], [-86.04698, 40.00028], [-86.04668, 40.00029], [-86.04656, 40.00028], [-86.0464, 40.00028], [-86.04547, 40.00027], [-86.04452, 40.00025], [-86.0444, 40.00025], [-86.04214, 40.00012], [-86.04215, 40.00031], [-86.04216, 40.00063], [-86.04216, 40.00105], [-86.04216, 40.00107], [-86.04214, 40.00127], [-86.04213, 40.00128], [-86.04213, 40.00318], [-86.04121, 40.00318], [-86.03972, 40.00319], [-86.03384, 40.00321], [-86.03371, 40.00321], [-86.03371, 40.00428], [-86.03371, 40.00494], [-86.03369, 40.00506], [-86.03367, 40.00517], [-86.03361, 40.00536], [-86.03318, 40.00622], [-86.03278, 40.007], [-86.03266, 40.00728], [-86.03261, 40.00742], [-86.0326, 40.00747], [-86.03258, 40.00753], [-86.03257, 40.00757], [-86.03257, 40.00759], [-86.03271, 40.00758], [-86.05052, 40.00761], [-86.0534, 40.00767], [-86.05277, 40.0084], [-86.0527, 40.00849], [-86.05229, 40.00903], [-86.05143, 40.01018], [-86.05135, 40.01028], [-86.05128, 40.01038], [-86.05724, 40.01036], [-86.05711, 40.01111], [-86.05702, 40.01167], [-86.05697, 40.01206], [-86.05696, 40.01219], [-86.05656, 40.01233], [-86.05622, 40.01245], [-86.05603, 40.01245], [-86.0529, 40.01247], [-86.05291, 40.01311], [-86.05008, 40.01313], [-86.04985, 40.01394], [-86.04891, 40.01366], [-86.04865, 40.01403], [-86.04821, 40.01466], [-86.0481, 40.01482], [-86.04805, 40.01487], [-86.04799, 40.01491], [-86.0497, 40.01492], [-86.04693, 40.01601], [-86.04693, 40.01688], [-86.04694, 40.01718], [-86.04694, 40.01727], [-86.04693, 40.01733], [-86.0469, 40.01738], [-86.04711, 40.01752], [-86.04711, 40.01859], [-86.05433, 40.0185], [-86.05433, 40.02038], [-86.05432, 40.02038], [-86.04772, 40.02038], [-86.04219, 40.02033], [-86.04219, 40.02063], [-86.04219, 40.02139], [-86.04219, 40.02204], [-86.04219, 40.02234], [-86.04675, 40.02236], [-86.04694, 40.02235], [-86.04687, 40.0317], [-86.04664, 40.03169], [-86.04219, 40.03164], [-86.04221, 40.03302], [-86.0422, 40.03362], [-86.0422, 40.03399], [-86.0422, 40.03419], [-86.04317, 40.0342], [-86.04316, 40.03482], [-86.04315, 40.0351], [-86.04219, 40.0351], [-86.0422, 40.03623], [-86.0422, 40.0365], [-86.04219, 40.03656], [-86.04217, 40.0366], [-86.04212, 40.03664], [-86.04208, 40.03666], [-86.04213, 40.03666], [-86.04213, 40.03671], [-86.04344, 40.03671], [-86.04341, 40.03752], [-86.042, 40.03751], [-86.04177, 40.03869], [-86.04141, 40.04044], [-86.0406, 40.04047], [-86.0406, 40.04057], [-86.0406, 40.04063], [-86.0406, 40.04324], [-86.0406, 40.04332], [-86.04041, 40.04332], [-86.04032, 40.04333], [-86.04032, 40.0433], [-86.04006, 40.04326], [-86.03987, 40.04327], [-86.03952, 40.04339], [-86.03955, 40.04357], [-86.03956, 40.0437], [-86.03956, 40.04505], [-86.03946, 40.04505], [-86.03947, 40.04653], [-86.03947, 40.04668], [-86.03947, 40.04677], [-86.03948, 40.04731], [-86.03954, 40.0507], [-86.0348, 40.05068], [-86.0347, 40.05067], [-86.0346, 40.05066], [-86.0336, 40.05067], [-86.0336, 40.04929], [-86.0336, 40.04923], [-86.03362, 40.04915], [-86.03361, 40.04833], [-86.0336, 40.04751], [-86.0336, 40.0474], [-86.03358, 40.0473], [-86.03353, 40.04584], [-86.03403, 40.04558], [-86.03409, 40.04555], [-86.03405, 40.0454], [-86.03403, 40.04513], [-86.03423, 40.04458], [-86.03459, 40.04364], [-86.03474, 40.0431], [-86.03491, 40.04258], [-86.03505, 40.04224], [-86.03511, 40.04207], [-86.0352, 40.04194], [-86.0354, 40.04167], [-86.03592, 40.04116], [-86.03627, 40.04087], [-86.03654, 40.04062], [-86.03674, 40.0404], [-86.03704, 40.04012], [-86.03721, 40.03998], [-86.03736, 40.03985], [-86.038, 40.03935], [-86.03825, 40.03907], [-86.03837, 40.03884], [-86.03839, 40.03854], [-86.03829, 40.0382], [-86.03813, 40.03784], [-86.03807, 40.03754], [-86.03809, 40.03735], [-86.03822, 40.03707], [-86.03858, 40.03658], [-86.03844, 40.03657], [-86.03557, 40.03652], [-86.03304, 40.03647], [-86.03257, 40.03653], [-86.03261, 40.03603], [-86.03261, 40.03424], [-86.03261, 40.03346], [-86.03252, 40.03347], [-86.0298, 40.03349], [-86.02965, 40.0335], [-86.02961, 40.03351], [-86.02954, 40.03354], [-86.02951, 40.03356], [-86.02948, 40.03359], [-86.02946, 40.03362], [-86.02944, 40.03369], [-86.02458, 40.03363], [-86.02459, 40.03377], [-86.02479, 40.03421], [-86.02489, 40.03434], [-86.0249, 40.03439], [-86.02495, 40.03444], [-86.02498, 40.03449], [-86.02498, 40.03452], [-86.02508, 40.03462], [-86.02515, 40.03481], [-86.02526, 40.03525], [-86.02537, 40.03548], [-86.02541, 40.03552], [-86.02543, 40.03558], [-86.02548, 40.03571], [-86.02562, 40.0365], [-86.02562, 40.03654], [-86.02629, 40.03654], [-86.02884, 40.03655], [-86.02882, 40.03603], [-86.02882, 40.03595], [-86.02917, 40.03594], [-86.02949, 40.03593], [-86.0295, 40.03621], [-86.0295, 40.03646], [-86.02947, 40.03653], [-86.02945, 40.03658], [-86.02942, 40.03662], [-86.02929, 40.03674], [-86.02896, 40.03695], [-86.02889, 40.03701], [-86.02885, 40.03706], [-86.02883, 40.03711], [-86.02882, 40.03715], [-86.02881, 40.03721], [-86.02882, 40.03842], [-86.02882, 40.03869], [-86.02882, 40.03901], [-86.02882, 40.03952], [-86.02882, 40.03977], [-86.02882, 40.04021], [-86.02882, 40.0404], [-86.02817, 40.04041], [-86.02817, 40.04062], [-86.02833, 40.04062], [-86.02883, 40.04061], [-86.02883, 40.04073], [-86.02868, 40.04074], [-86.02863, 40.04074], [-86.02846, 40.04074], [-86.02834, 40.04074], [-86.02767, 40.04075], [-86.02616, 40.04076], [-86.02591, 40.04076], [-86.02559, 40.04077], [-86.02524, 40.04077], [-86.02519, 40.04087], [-86.02516, 40.04095], [-86.02512, 40.04098], [-86.0251, 40.04104], [-86.025, 40.04114], [-86.02486, 40.0413], [-86.02453, 40.04156], [-86.02397, 40.04199], [-86.02338, 40.0424], [-86.02324, 40.04249], [-86.02286, 40.04274], [-86.02203, 40.04316], [-86.02168, 40.0434], [-86.02136, 40.04356], [-86.02083, 40.04389], [-86.02025, 40.04427], [-86.01993, 40.04442], [-86.01973, 40.04459], [-86.01963, 40.04467], [-86.01875, 40.04543], [-86.01819, 40.04593], [-86.01812, 40.04603], [-86.01803, 40.04609], [-86.01769, 40.04636], [-86.01729, 40.04664], [-86.01716, 40.04673], [-86.01683, 40.04703], [-86.01653, 40.04729], [-86.01611, 40.04778], [-86.01609, 40.04785], [-86.01601, 40.04792], [-86.016, 40.04796], [-86.01597, 40.048], [-86.01593, 40.04804], [-86.01593, 40.04808], [-86.01586, 40.04815], [-86.01584, 40.04818], [-86.01572, 40.04834], [-86.01557, 40.04812], [-86.01556, 40.0481], [-86.01543, 40.04792], [-86.01591, 40.04736], [-86.01604, 40.04723], [-86.01609, 40.0472], [-86.01612, 40.04713], [-86.01616, 40.04704], [-86.01622, 40.04698], [-86.01642, 40.04679], [-86.01672, 40.04653], [-86.01679, 40.04641], [-86.01683, 40.04636], [-86.01696, 40.04615], [-86.017, 40.04611], [-86.01704, 40.04603], [-86.0173, 40.04581], [-86.01746, 40.04568], [-86.01777, 40.04529], [-86.01792, 40.04512], [-86.01824, 40.04485], [-86.0183, 40.04483], [-86.01851, 40.04469], [-86.01855, 40.04465], [-86.01872, 40.04459], [-86.01882, 40.04453], [-86.01888, 40.04448], [-86.0194, 40.04415], [-86.01965, 40.044], [-86.01988, 40.04389], [-86.02039, 40.04356], [-86.02076, 40.0433], [-86.02086, 40.04327], [-86.02113, 40.04308], [-86.02118, 40.04307], [-86.02137, 40.04295], [-86.02144, 40.04293], [-86.02183, 40.04273], [-86.02251, 40.04224], [-86.02256, 40.0422], [-86.02279, 40.04205], [-86.02306, 40.04193], [-86.02346, 40.04166], [-86.02353, 40.04164], [-86.02371, 40.04152], [-86.0243, 40.04106], [-86.02434, 40.041], [-86.02442, 40.04093], [-86.02443, 40.04088], [-86.0245, 40.04082], [-86.02451, 40.04079], [-86.02481, 40.0405], [-86.02498, 40.03943], [-86.02512, 40.03851], [-86.02517, 40.03733], [-86.0251, 40.03607], [-86.02498, 40.03558], [-86.02486, 40.03528], [-86.02467, 40.03477], [-86.02458, 40.03456], [-86.02431, 40.0341], [-86.02413, 40.03371], [-86.02416, 40.03304], [-86.02406, 40.03303], [-86.02359, 40.03303], [-86.01996, 40.03301], [-86.01896, 40.03303], [-86.01717, 40.03144], [-86.01684, 40.03114], [-86.01642, 40.03077], [-86.01641, 40.03007], [-86.01639, 40.0277], [-86.01535, 40.02721], [-86.01506, 40.02708], [-86.01442, 40.02678], [-86.01441, 40.0264], [-86.01441, 40.02615], [-86.01438, 40.02581], [-86.01435, 40.02549], [-86.0143, 40.02521], [-86.01425, 40.02492], [-86.01418, 40.02466], [-86.01412, 40.02443], [-86.01401, 40.02409], [-86.01386, 40.02373], [-86.01361, 40.02317], [-86.0133, 40.02263], [-86.01319, 40.02246], [-86.0139, 40.02243], [-86.01386, 40.02225], [-86.01374, 40.0222], [-86.01353, 40.02207], [-86.01305, 40.02171], [-86.01305, 40.02168], [-86.01298, 40.0216], [-86.01286, 40.02134], [-86.01279, 40.02125], [-86.01263, 40.02098], [-86.01248, 40.0208], [-86.01242, 40.0207], [-86.01235, 40.02063], [-86.0123, 40.02041], [-86.01236, 40.01981], [-86.01243, 40.01943], [-86.01242, 40.01937], [-86.01239, 40.01934], [-86.01238, 40.01931], [-86.01193, 40.01929], [-86.0118, 40.0193], [-86.0118, 40.01922], [-86.0118, 40.01867], [-86.01182, 40.01841], [-86.01187, 40.01802], [-86.01193, 40.01776], [-86.01202, 40.01742], [-86.01214, 40.0171], [-86.01227, 40.0168], [-86.01227, 40.01678], [-86.01234, 40.01678], [-86.01239, 40.01678], [-86.01286, 40.01685], [-86.0131, 40.01691], [-86.01352, 40.01645], [-86.01369, 40.01626], [-86.01402, 40.01591], [-86.0144, 40.01557], [-86.01487, 40.01515], [-86.01342, 40.01516], [-86.01326, 40.01517], [-86.01346, 40.01487], [-86.01361, 40.01487], [-86.01485, 40.0149], [-86.01549, 40.01442], [-86.01585, 40.01394], [-86.01589, 40.01324], [-86.01683, 40.0129], [-86.01712, 40.0125], [-86.01723, 40.01248], [-86.01728, 40.0118], [-86.01652, 40.01154], [-86.01625, 40.01145], [-86.01568, 40.01154], [-86.016, 40.01106], [-86.0161, 40.01091], [-86.01613, 40.01092], [-86.01627, 40.01103], [-86.01641, 40.01113], [-86.01645, 40.01119], [-86.01657, 40.01127], [-86.01665, 40.01133], [-86.01681, 40.01143], [-86.01711, 40.01156], [-86.01722, 40.01159], [-86.01742, 40.01166], [-86.01808, 40.01172], [-86.01839, 40.01174], [-86.01838, 40.0093], [-86.01718, 40.0093], [-86.01753, 40.00876], [-86.01777, 40.00841], [-86.01834, 40.00754], [-86.01844, 40.00739], [-86.01863, 40.00705], [-86.01875, 40.0068], [-86.01879, 40.0067], [-86.01889, 40.00644], [-86.01901, 40.00608], [-86.01449, 40.00614], [-86.01448, 40.00575], [-86.01627, 40.00572], [-86.01626, 40.00487], [-86.01919, 40.00487], [-86.01929, 40.00484], [-86.01927, 40.00447], [-86.01921, 40.0034], [-86.0192, 40.00278], [-86.01914, 40.00235], [-86.01915, 40.00189], [-86.01918, 40.00167], [-86.01923, 40.00129], [-86.01931, 40.00077], [-86.01944, 40.00026], [-86.01933, 40.00026], [-86.01804, 40.00031], [-86.01719, 40.00035], [-86.01665, 40.00035], [-86.01587, 40.00036], [-86.01512, 40.00036], [-86.01496, 40.00036], [-86.01476, 40.00037], [-86.01454, 40.00039], [-86.0145, 40.0004], [-86.01445, 40.0004], [-86.01402, 40.00046], [-86.01395, 40.00048], [-86.0139, 40.00043], [-86.01352, 40.00049], [-86.01265, 40.00063], [-86.01144, 40.00065], [-86.01143, 40.00073], [-86.01113, 40.00074], [-86.01056, 40.00075], [-86.00878, 40.00077], [-86.00747, 40.00078], [-86.00744, 39.99899], [-86.00876, 39.99898], [-86.00876, 39.99897], [-86.00875, 39.9981], [-86.00875, 39.99783], [-86.00875, 39.99759], [-86.00874, 39.99746], [-86.00874, 39.99718], [-86.00873, 39.99664], [-86.00873, 39.99581], [-86.00872, 39.99539], [-86.00871, 39.99498], [-86.00871, 39.99456], [-86.0087, 39.99359], [-86.00549, 39.9936], [-86.00553, 39.99347], [-86.00544, 39.99347], [-86.00521, 39.99347], [-86.00414, 39.99349], [-86.00387, 39.99349], [-86.00274, 39.99351], [-86.00093, 39.99353], [-85.99665, 39.9936], [-85.99439, 39.99363], [-85.99441, 39.99527], [-85.99441, 39.99548], [-85.99441, 39.99568], [-85.99441, 39.99573], [-85.99443, 39.99644], [-85.99443, 39.99693], [-85.99443, 39.99733], [-85.99444, 39.99777], [-85.99445, 39.99878], [-85.99445, 39.99888], [-85.99446, 39.99928], [-85.99447, 40.00086], [-85.99323, 40.00088], [-85.98974, 40.00095], [-85.98656, 40.00101], [-85.98214, 40.00104], [-85.98212, 39.99979], [-85.98034, 39.99981], [-85.98033, 39.9987], [-85.98033, 39.99741], [-85.98033, 39.99722], [-85.98033, 39.997], [-85.98032, 39.99683], [-85.98032, 39.99664], [-85.98031, 39.99481], [-85.98013, 39.99481], [-85.97962, 39.99481], [-85.97962, 39.99456], [-85.98013, 39.99456], [-85.98031, 39.99456], [-85.98031, 39.99438], [-85.9803, 39.99375], [-85.98011, 39.99375], [-85.9801, 39.99363], [-85.97995, 39.99363], [-85.97988, 39.99363], [-85.97805, 39.99363], [-85.97756, 39.99364], [-85.97663, 39.99362], [-85.9766, 39.99362], [-85.97552, 39.99365], [-85.97349, 39.99366], [-85.97301, 39.99367], [-85.9709, 39.99369], [-85.969, 39.99371], [-85.96618, 39.99371], [-85.96618, 39.99386], [-85.96591, 39.99386], [-85.96578, 39.99386], [-85.96563, 39.99386], [-85.96425, 39.99387], [-85.96238, 39.99388], [-85.96187, 39.99388], [-85.96146, 39.99388], [-85.96146, 39.994], [-85.96147, 39.99477], [-85.96061, 39.99479], [-85.96061, 39.99471], [-85.96058, 39.99389], [-85.96038, 39.99389], [-85.96004, 39.99389], [-85.95987, 39.9939], [-85.95947, 39.9939], [-85.95897, 39.9939], [-85.95897, 39.9946], [-85.95849, 39.99459], [-85.95849, 39.99391], [-85.95805, 39.99391], [-85.95797, 39.99391], [-85.95737, 39.99392], [-85.9574, 39.99412], [-85.95746, 39.9943], [-85.95763, 39.99449], [-85.9567, 39.9945], [-85.95671, 39.99393], [-85.95576, 39.99393], [-85.95565, 39.99394], [-85.95492, 39.99394], [-85.952, 39.99397], [-85.95198, 39.99098], [-85.95198, 39.99066], [-85.95198, 39.99061], [-85.95197, 39.9903], [-85.95184, 39.9903], [-85.95078, 39.99029], [-85.94862, 39.99029], [-85.94724, 39.99029], [-85.94721, 39.98688], [-85.94721, 39.98674], [-85.94652, 39.98675], [-85.94277, 39.9868], [-85.94249, 39.98681], [-85.94236, 39.98681], [-85.94238, 39.98805], [-85.94237, 39.98912], [-85.93778, 39.98913], [-85.93777, 39.98688], [-85.93774, 39.98688], [-85.93767, 39.98689], [-85.93766, 39.98689], [-85.9375, 39.98692], [-85.93666, 39.98691], [-85.93424, 39.98806], [-85.93347, 39.98841], [-85.93278, 39.9887], [-85.93227, 39.9889], [-85.93164, 39.98914], [-85.931, 39.98936], [-85.93037, 39.98957], [-85.92971, 39.98977], [-85.9289, 39.99], [-85.92836, 39.99013], [-85.92755, 39.99033], [-85.92701, 39.99044], [-85.92635, 39.99057], [-85.9258, 39.99067], [-85.92497, 39.99079], [-85.92439, 39.99087], [-85.92356, 39.99098], [-85.92314, 39.99102], [-85.92271, 39.99106], [-85.92234, 39.99109], [-85.92205, 39.99111], [-85.92123, 39.99115], [-85.92066, 39.99117], [-85.91985, 39.99118], [-85.919, 39.99119], [-85.919, 39.99106], [-85.91669, 39.99105], [-85.91463, 39.99104], [-85.90908, 39.99103], [-85.90325, 39.99105], [-85.90252, 39.99105], [-85.90216, 39.99105], [-85.90097, 39.99106], [-85.90025, 39.99106], [-85.89872, 39.99106], [-85.89573, 39.99109], [-85.8955, 39.99109], [-85.89261, 39.99112], [-85.89062, 39.99119], [-85.88778, 39.99122], [-85.88494, 39.99126], [-85.88243, 39.99132], [-85.88121, 39.99132], [-85.88013, 39.99132], [-85.8789, 39.99134], [-85.87776, 39.99138], [-85.8767, 39.9914], [-85.87541, 39.99142], [-85.87435, 39.99144], [-85.87332, 39.99146], [-85.87231, 39.99147], [-85.87206, 39.99147], [-85.87166, 39.99147], [-85.87133, 39.99147], [-85.87014, 39.99149], [-85.86933, 39.99153], [-85.86858, 39.99159], [-85.86769, 39.99165], [-85.86676, 39.99173], [-85.86575, 39.99182], [-85.86494, 39.9919], [-85.86401, 39.99198], [-85.86325, 39.99206], [-85.86227, 39.99215], [-85.86227, 39.99221], [-85.86227, 39.99226], [-85.86226, 39.99244], [-85.86225, 39.99258], [-85.86225, 39.99352], [-85.86224, 39.99461], [-85.86225, 39.99503], [-85.86225, 39.9956], [-85.86224, 39.9962], [-85.86224, 39.99673], [-85.86223, 39.99776], [-85.86225, 39.99886], [-85.86225, 39.99889], [-85.86226, 39.99941], [-85.86226, 39.99967], [-85.86226, 39.9997], [-85.86226, 39.99973], [-85.86225, 40.00005], [-85.86225, 40.00029], [-85.86225, 40.00139], [-85.86225, 40.00142], [-85.86225, 40.0023], [-85.8688, 40.00227], [-85.87306, 40.00224], [-85.87456, 40.00224], [-85.87729, 40.00222], [-85.87848, 40.0022], [-85.87993, 40.00218], [-85.88125, 40.00217], [-85.88506, 40.00215], [-85.88955, 40.00213], [-85.88952, 40.00022], [-85.88953, 40.00002], [-85.89149, 40.00004], [-85.89157, 39.99996], [-85.89179, 39.99966], [-85.8917, 39.99958], [-85.89169, 39.99859], [-85.89166, 39.9974], [-85.89167, 39.99728], [-85.89386, 39.99739], [-85.89384, 39.99717], [-85.89377, 39.99477], [-85.89533, 39.99475], [-85.89545, 39.99746], [-85.89546, 39.99847], [-85.89414, 39.99841], [-85.89414, 39.99842], [-85.89413, 39.99844], [-85.89409, 39.99848], [-85.89409, 39.9985], [-85.89401, 39.99859], [-85.89354, 39.99924], [-85.89351, 39.99932], [-85.89348, 39.99939], [-85.89346, 39.99949], [-85.89343, 39.99957], [-85.89338, 39.99977], [-85.89337, 39.99979], [-85.89336, 39.99988], [-85.89331, 39.99995], [-85.89331, 39.99999], [-85.89328, 40.00002], [-85.89327, 40.00005], [-85.89327, 40.00017], [-85.89324, 40.00023], [-85.89309, 40.00055], [-85.89296, 40.00082], [-85.89292, 40.00087], [-85.8929, 40.00092], [-85.89282, 40.00104], [-85.89282, 40.00107], [-85.8925, 40.00137], [-85.89174, 40.00199], [-85.8917, 40.00212], [-85.89169, 40.00217], [-85.8916, 40.00224], [-85.89329, 40.00223], [-85.89535, 40.00221], [-85.9002, 40.0022], [-85.90019, 40.00205], [-85.90017, 40.0017], [-85.90297, 40.00171], [-85.90991, 40.00171], [-85.91155, 40.0017], [-85.91896, 40.00168], [-85.91897, 40.00437], [-85.91899, 40.00531], [-85.91909, 40.01172], [-85.91921, 40.01172], [-85.9223, 40.01174], [-85.92227, 40.00532], [-85.92841, 40.00534], [-85.92842, 40.00906], [-85.92877, 40.00906], [-85.93054, 40.00907], [-85.93322, 40.00909], [-85.9332, 40.00721], [-85.93789, 40.00719], [-85.93792, 40.01175], [-85.93793, 40.01279], [-85.93795, 40.01468], [-85.93796, 40.01577], [-85.93796, 40.01613], [-85.91926, 40.01623], [-85.91927, 40.01678], [-85.91931, 40.01853], [-85.91933, 40.02086], [-85.9194, 40.02685], [-85.9204, 40.02687], [-85.92448, 40.02691], [-85.92559, 40.02692], [-85.92558, 40.02903], [-85.92558, 40.03058], [-85.92558, 40.03078], [-85.92649, 40.03078], [-85.9301, 40.03077], [-85.93296, 40.03077], [-85.93299, 40.03445], [-85.93398, 40.03444], [-85.9381, 40.03446], [-85.93823, 40.03446], [-85.93821, 40.03087], [-85.93827, 40.03087], [-85.93831, 40.03087], [-85.9384, 40.0308], [-85.94138, 40.03075], [-85.9428, 40.03073], [-85.9428, 40.03077], [-85.94288, 40.03075], [-85.94288, 40.03073], [-85.94312, 40.03073], [-85.94312, 40.03068], [-85.94312, 40.03064], [-85.94302, 40.03064], [-85.9428, 40.03063], [-85.94279, 40.02997], [-85.94312, 40.02997], [-85.94371, 40.02996], [-85.94371, 40.03045], [-85.94372, 40.03063], [-85.94372, 40.03067], [-85.94482, 40.03065], [-85.94533, 40.03064], [-85.94531, 40.02954], [-85.94545, 40.02954], [-85.94611, 40.02953], [-85.94612, 40.02973], [-85.94612, 40.02983], [-85.94613, 40.03063], [-85.94627, 40.03063], [-85.94749, 40.03061], [-85.94749, 40.03067], [-85.94749, 40.03077], [-85.94749, 40.03095], [-85.94763, 40.03862], [-85.94764, 40.03903], [-85.94787, 40.03908], [-85.94886, 40.03925], [-85.95077, 40.0396], [-85.95462, 40.04032], [-85.95461, 40.03796], [-85.95479, 40.03796], [-85.95491, 40.03795], [-85.957, 40.03799], [-85.957, 40.03772], [-85.957, 40.03739], [-85.95698, 40.0367], [-85.95844, 40.03667], [-85.95844, 40.03692], [-85.95831, 40.037], [-85.95827, 40.03712], [-85.95815, 40.03735], [-85.95794, 40.03777], [-85.95787, 40.03789], [-85.95784, 40.03818], [-85.95775, 40.03852], [-85.95772, 40.03908], [-85.95774, 40.03968], [-85.95769, 40.03994], [-85.95764, 40.04017], [-85.95754, 40.04047], [-85.95744, 40.04063], [-85.9574, 40.04081], [-85.95858, 40.04102], [-85.95969, 40.04121], [-85.96068, 40.04137], [-85.95704, 40.04135], [-85.95694, 40.04137], [-85.95695, 40.04417], [-85.957, 40.04415], [-85.95703, 40.04412], [-85.95705, 40.04409], [-85.95704, 40.04425], [-85.95714, 40.04425], [-85.9571, 40.04614], [-85.95709, 40.04659], [-85.95709, 40.04675], [-85.95784, 40.0466], [-85.96245, 40.04567], [-85.96245, 40.05123], [-85.96245, 40.05142], [-85.96352, 40.05141], [-85.96618, 40.05138], [-85.96692, 40.05139], [-85.96704, 40.05138], [-85.96708, 40.05137], [-85.96712, 40.05135], [-85.96716, 40.05132], [-85.96719, 40.05128], [-85.96728, 40.05113], [-85.96733, 40.05108], [-85.96739, 40.05105], [-85.96744, 40.05103], [-85.96755, 40.05103], [-85.96772, 40.05102], [-85.97025, 40.05106], [-85.97194, 40.05106], [-85.97195, 40.04957], [-85.97196, 40.04692], [-85.97196, 40.04636], [-85.97292, 40.04636], [-85.9729, 40.05084], [-85.9729, 40.05131], [-85.98731, 40.05117], [-85.98767, 40.05116], [-85.99166, 40.05117], [-85.99164, 40.05121], [-85.99145, 40.05174], [-85.99139, 40.05191], [-85.99127, 40.05226], [-85.99109, 40.05289], [-85.99093, 40.05353], [-85.99081, 40.05418], [-85.99075, 40.0545], [-85.99069, 40.05493], [-85.99063, 40.05548], [-85.9906, 40.0559], [-85.99058, 40.05625], [-85.99057, 40.05665], [-85.99057, 40.05821], [-85.98809, 40.05826], [-85.98155, 40.05834], [-85.9804, 40.05836], [-85.97795, 40.05839], [-85.97619, 40.05841], [-85.97191, 40.0583], [-85.97191, 40.05861], [-85.97297, 40.05861], [-85.97619, 40.05857], [-85.97677, 40.05857], [-85.97795, 40.05855], [-85.97791, 40.06294], [-85.97617, 40.06292], [-85.97189, 40.06244], [-85.97189, 40.06308], [-85.97189, 40.06312], [-85.97189, 40.06356], [-85.9719, 40.0657], [-85.9719, 40.06589], [-85.9719, 40.06665], [-85.9719, 40.06669], [-85.97086, 40.06669], [-85.97085, 40.0659], [-85.97079, 40.0659], [-85.97059, 40.0659], [-85.97021, 40.06591], [-85.96797, 40.06594], [-85.96777, 40.06594], [-85.9678, 40.06935], [-85.96779, 40.06961], [-85.96707, 40.0696], [-85.96709, 40.07204], [-85.96787, 40.07204], [-85.96851, 40.07203], [-85.96853, 40.07322], [-85.96907, 40.07321], [-85.971, 40.07318], [-85.97129, 40.07318], [-85.97129, 40.07275], [-85.9719, 40.07275], [-85.9719, 40.0726], [-85.9719, 40.07185], [-85.9719, 40.07163], [-85.9719, 40.07135], [-85.97659, 40.07133], [-85.97659, 40.07445], [-85.97659, 40.07721], [-85.97659, 40.07766], [-85.97659, 40.07789], [-85.97673, 40.07781], [-85.9768, 40.07781], [-85.97684, 40.07784], [-85.97698, 40.07776], [-85.98241, 40.07459], [-85.98254, 40.07462], [-85.98256, 40.07462], [-85.98308, 40.0747], [-85.98318, 40.07473], [-85.98331, 40.07478], [-85.98348, 40.07482], [-85.98365, 40.07486], [-85.98374, 40.07487], [-85.98378, 40.07487], [-85.98391, 40.07488], [-85.98414, 40.07488], [-85.98426, 40.07488], [-85.98443, 40.07486], [-85.98466, 40.07481], [-85.98491, 40.07475], [-85.98631, 40.07432], [-85.98783, 40.07386], [-85.98857, 40.07365], [-85.98907, 40.07351], [-85.98921, 40.07348], [-85.98918, 40.07335], [-85.98899, 40.07275], [-85.98907, 40.07273], [-85.99217, 40.07224], [-85.99293, 40.07212], [-85.99503, 40.0719], [-85.99504, 40.07157], [-85.99579, 40.07157], [-85.99581, 40.07237], [-86.00045, 40.0718], [-86.00165, 40.07165], [-86.00196, 40.0716], [-86.00215, 40.07156], [-86.00235, 40.07151], [-86.00255, 40.07145], [-86.00278, 40.07136], [-86.00304, 40.07126], [-86.00321, 40.07118], [-86.00338, 40.07109], [-86.00362, 40.07094], [-86.00374, 40.07086], [-86.00399, 40.07065], [-86.0041, 40.07055], [-86.00422, 40.07044], [-86.00434, 40.07031], [-86.00451, 40.0701], [-86.0046, 40.06995], [-86.00467, 40.06984], [-86.00478, 40.06964], [-86.00503, 40.06912], [-86.00517, 40.06881], [-86.0052, 40.06748], [-86.00571, 40.06761], [-86.00568, 40.06768], [-86.00763, 40.0677], [-86.00762, 40.06802], [-86.00795, 40.06803], [-86.0133, 40.06813], [-86.01337, 40.06813], [-86.01368, 40.06779], [-86.01392, 40.06746], [-86.01421, 40.06711], [-86.01436, 40.06696], [-86.01446, 40.06683], [-86.01457, 40.06672], [-86.01467, 40.06652], [-86.01473, 40.06646], [-86.01474, 40.06586], [-86.01442, 40.06586], [-86.01387, 40.06586], [-86.0139, 40.06568], [-86.01396, 40.06527], [-86.0141, 40.06481], [-86.01426, 40.06455], [-86.01456, 40.06399], [-86.01453, 40.06286], [-86.01453, 40.06265], [-86.01454, 40.06225], [-86.01455, 40.06192], [-86.01491, 40.06193], [-86.01513, 40.06192], [-86.01534, 40.06192], [-86.01545, 40.06192], [-86.01559, 40.06192], [-86.01618, 40.06191], [-86.01629, 40.06303], [-86.01641, 40.06302], [-86.01734, 40.06296], [-86.01744, 40.06343], [-86.01745, 40.06351], [-86.01745, 40.06358], [-86.01747, 40.06373], [-86.0175, 40.06421], [-86.01752, 40.06423], [-86.01765, 40.06424], [-86.01767, 40.06424], [-86.01768, 40.06422], [-86.01787, 40.06426], [-86.01785, 40.06403], [-86.01783, 40.06371], [-86.01779, 40.0634], [-86.01772, 40.06306], [-86.01771, 40.06301], [-86.01769, 40.06295], [-86.01809, 40.06294], [-86.0181, 40.06286], [-86.01809, 40.06206], [-86.01809, 40.06189], [-86.01912, 40.06187], [-86.02059, 40.06184], [-86.0206, 40.06186], [-86.0206, 40.06194], [-86.02132, 40.06193], [-86.02147, 40.06193], [-86.02146, 40.06229], [-86.02146, 40.06288], [-86.02148, 40.06375], [-86.02145, 40.06448], [-86.0214, 40.06453], [-86.02131, 40.06461], [-86.02131, 40.06738], [-86.0213, 40.06889], [-86.02129, 40.06913], [-86.01943, 40.06915], [-86.01948, 40.07051], [-86.01537, 40.07056], [-86.01537, 40.0719], [-86.01563, 40.0719], [-86.01564, 40.07198], [-86.01566, 40.07214], [-86.01948, 40.07209], [-86.01948, 40.07278], [-86.02125, 40.07275], [-86.02401, 40.07271], [-86.02676, 40.07266], [-86.02721, 40.07265], [-86.02721, 40.07185], [-86.02724, 40.07185], [-86.02768, 40.07185], [-86.02767, 40.07264], [-86.0287, 40.07262], [-86.02866, 40.07548], [-86.02868, 40.07817], [-86.02403, 40.07822], [-86.02403, 40.07911], [-86.02402, 40.07973], [-86.02402, 40.07975], [-86.02402, 40.07984], [-86.02579, 40.07987], [-86.02756, 40.0799], [-86.02779, 40.07993], [-86.02847, 40.0814], [-86.02855, 40.08157], [-86.02892, 40.08176], [-86.03081, 40.08272], [-86.03114, 40.08273], [-86.03342, 40.08273], [-86.03342, 40.08299], [-86.03341, 40.08379], [-86.03341, 40.08402], [-86.03432, 40.08404], [-86.03458, 40.08404], [-86.03461, 40.08468], [-86.03464, 40.08477], [-86.03473, 40.0849], [-86.03483, 40.08499], [-86.03504, 40.0851], [-86.0353, 40.08521], [-86.0357, 40.08541], [-86.03597, 40.08558], [-86.03617, 40.08574], [-86.03635, 40.08599], [-86.03641, 40.08617], [-86.03645, 40.08636], [-86.0366, 40.08844], [-86.03661, 40.08879], [-86.03352, 40.0887], [-86.03353, 40.08762], [-86.03355, 40.08738], [-86.0334, 40.08739], [-86.03338, 40.0887], [-86.03338, 40.08879], [-86.03336, 40.09077], [-86.03127, 40.09078], [-86.03075, 40.09078], [-86.03078, 40.09424], [-86.03078, 40.0943], [-86.03078, 40.09447], [-86.03102, 40.09448], [-86.03096, 40.0946], [-86.03087, 40.09482], [-86.03084, 40.09494], [-86.0308, 40.09512], [-86.03078, 40.09529], [-86.03078, 40.09559], [-86.03078, 40.09571], [-86.03081, 40.09587], [-86.03084, 40.09601], [-86.03089, 40.09617], [-86.03098, 40.09638], [-86.03114, 40.09669], [-86.03276, 40.09978], [-86.03296, 40.1002], [-86.03308, 40.10045], [-86.03314, 40.10063], [-86.03318, 40.10076], [-86.0332, 40.10087], [-86.03321, 40.10105], [-86.03321, 40.10136], [-86.0332, 40.10168], [-86.03382, 40.10168], [-86.03468, 40.10169], [-86.03489, 40.10169], [-86.03504, 40.10169], [-86.03513, 40.10169], [-86.03586, 40.10169], [-86.03639, 40.10169], [-86.03675, 40.10169], [-86.03727, 40.1017], [-86.03742, 40.10171], [-86.0378, 40.10171], [-86.03967, 40.10173], [-86.04044, 40.10173], [-86.04069, 40.10173], [-86.04178, 40.10173], [-86.04251, 40.10173], [-86.04722, 40.10172], [-86.04723, 40.10141], [-86.0473, 40.09751], [-86.04931, 40.09748], [-86.04935, 40.09445], [-86.04973, 40.09445], [-86.05237, 40.09444], [-86.05237, 40.09396], [-86.05239, 40.09277], [-86.05239, 40.09253], [-86.05239, 40.092], [-86.05238, 40.09165], [-86.05568, 40.09165], [-86.06186, 40.09166], [-86.06183, 40.093], [-86.06182, 40.09433], [-86.06177, 40.0979], [-86.06176, 40.09867], [-86.06173, 40.10163], [-86.06436, 40.10159], [-86.06663, 40.10156], [-86.06752, 40.10155], [-86.07003, 40.10151], [-86.07219, 40.10148], [-86.07237, 40.10148], [-86.07329, 40.10146], [-86.07417, 40.10145], [-86.0754, 40.10144], [-86.0754, 40.1014], [-86.0754, 40.10127], [-86.07539, 40.10081], [-86.07604, 40.1008], [-86.07599, 40.09622], [-86.07599, 40.09619], [-86.07599, 40.09604], [-86.07574, 40.09587], [-86.07602, 40.09561], [-86.07501, 40.09414], [-86.07504, 40.09403], [-86.07523, 40.09403], [-86.07541, 40.09331], [-86.07527, 40.0932], [-86.07545, 40.09308], [-86.07565, 40.0927], [-86.07578, 40.09219], [-86.07568, 40.09176], [-86.07563, 40.09153], [-86.07549, 40.09148], [-86.07551, 40.09137], [-86.07557, 40.0913], [-86.07558, 40.09122], [-86.07546, 40.09106], [-86.07588, 40.091], [-86.07621, 40.09098], [-86.07636, 40.09066], [-86.07605, 40.09024], [-86.07724, 40.09021], [-86.07724, 40.09053], [-86.07995, 40.0905], [-86.08423, 40.0904], [-86.08459, 40.09074], [-86.08496, 40.0905], [-86.08501, 40.09047], [-86.08504, 40.09049], [-86.08518, 40.09056], [-86.08526, 40.09059], [-86.08538, 40.09062], [-86.08554, 40.09063], [-86.08557, 40.09064], [-86.08559, 40.09064], [-86.08559, 40.0894], [-86.08556, 40.08677], [-86.08561, 40.08677], [-86.08571, 40.08677], [-86.08628, 40.08675], [-86.08627, 40.08417], [-86.09035, 40.08406]], [[-85.95768, 40.02027], [-85.95688, 40.02026], [-85.95687, 40.01973], [-85.95767, 40.01972], [-85.95768, 40.02027]], [[-85.94885, 40.02756], [-85.94883, 40.02756], [-85.94874, 40.02756], [-85.94812, 40.02756], [-85.94811, 40.02695], [-85.94814, 40.02695], [-85.94885, 40.02694], [-85.94885, 40.02756]], [[-85.94827, 40.02992], [-85.94826, 40.0306], [-85.94812, 40.0306], [-85.94754, 40.03061], [-85.94754, 40.02992], [-85.94812, 40.02992], [-85.94827, 40.02992]], [[-85.93452, 40.03024], [-85.9345, 40.03076], [-85.93395, 40.03076], [-85.93342, 40.03076], [-85.93341, 40.03072], [-85.93341, 40.03023], [-85.93452, 40.03024]], [[-86.00617, 40.06661], [-86.00585, 40.06732], [-86.00521, 40.06715], [-86.00523, 40.06638], [-86.00617, 40.06661]], [[-85.99574, 40.01443], [-85.99571, 40.01502], [-85.99499, 40.015], [-85.99463, 40.01499], [-85.99463, 40.01441], [-85.99574, 40.01443]], [[-85.9735, 40.04339], [-85.97322, 40.04343], [-85.97296, 40.04346], [-85.97218, 40.04361], [-85.97196, 40.04365], [-85.97196, 40.04333], [-85.97196, 40.04298], [-85.97206, 40.04299], [-85.97313, 40.04313], [-85.97325, 40.04315], [-85.97331, 40.04316], [-85.97335, 40.04318], [-85.97338, 40.04321], [-85.97342, 40.04324], [-85.97344, 40.04328], [-85.9735, 40.04339]], [[-85.95212, 40.00205], [-85.95203, 40.00229], [-85.95194, 40.0026], [-85.95074, 40.00261], [-85.95075, 40.00229], [-85.95075, 40.00218], [-85.95074, 40.00205], [-85.95088, 40.00205], [-85.95212, 40.00205]], [[-85.95117, 40.00781], [-85.95114, 40.00785], [-85.9506, 40.00862], [-85.95048, 40.00864], [-85.95043, 40.00865], [-85.95018, 40.00861], [-85.95022, 40.00738], [-85.95049, 40.0075], [-85.95071, 40.0076], [-85.95105, 40.00775], [-85.95114, 40.0078], [-85.95117, 40.00781]], [[-85.99303, 40.05887], [-85.99119, 40.05886], [-85.9912, 40.05879], [-85.99119, 40.0587], [-85.99153, 40.0584], [-85.99303, 40.05838], [-85.99303, 40.05879], [-85.99303, 40.05887]], [[-85.97593, 40.02412], [-85.97498, 40.02384], [-85.97498, 40.02305], [-85.97592, 40.02305], [-85.97593, 40.02348], [-85.97593, 40.02412]], [[-85.99579, 40.05881], [-85.99392, 40.05884], [-85.99392, 40.05879], [-85.9939, 40.05845], [-85.99389, 40.05833], [-85.99579, 40.05831], [-85.99579, 40.05844], [-85.99579, 40.05881]], [[-85.93051, 40.00059], [-85.93051, 40.00115], [-85.9305, 40.0013], [-85.9305, 40.00154], [-85.9305, 40.00157], [-85.93044, 40.00157], [-85.92953, 40.00158], [-85.92953, 40.00145], [-85.92953, 40.00075], [-85.92953, 40.00059], [-85.93045, 40.00059], [-85.93051, 40.00059]], [[-85.94692, 40.00869], [-85.94657, 40.00869], [-85.94653, 40.00628], [-85.94652, 40.00574], [-85.94691, 40.00591], [-85.94691, 40.00645], [-85.94692, 40.00869]], [[-85.99572, 40.06572], [-85.99572, 40.06722], [-85.99494, 40.06722], [-85.99494, 40.06573], [-85.99572, 40.06572]], [[-85.98297, 40.01282], [-85.98068, 40.01283], [-85.9807, 40.01231], [-85.98297, 40.01232], [-85.98297, 40.01282]], [[-85.96479, 40.01087], [-85.96479, 40.01209], [-85.96466, 40.01206], [-85.96451, 40.01202], [-85.96365, 40.01178], [-85.96364, 40.01087], [-85.96465, 40.01087], [-85.96479, 40.01087]], [[-85.97103, 40.01364], [-85.97051, 40.0135], [-85.97044, 40.01348], [-85.97041, 40.01137], [-85.97101, 40.01138], [-85.97103, 40.01364]], [[-85.98796, 40.02996], [-85.9878, 40.02998], [-85.98733, 40.03004], [-85.98715, 40.03006], [-85.98708, 40.02857], [-85.98708, 40.02832], [-85.98785, 40.02832], [-85.98788, 40.02913], [-85.98791, 40.02944], [-85.98796, 40.02996]], [[-85.97746, 39.99377], [-85.97744, 39.99454], [-85.97639, 39.99452], [-85.97639, 39.99462], [-85.97639, 39.99501], [-85.97562, 39.99501], [-85.97562, 39.99486], [-85.97562, 39.99378], [-85.97618, 39.99378], [-85.9766, 39.99377], [-85.97662, 39.99377], [-85.97746, 39.99377]], [[-85.98146, 40.01412], [-85.98144, 40.0144], [-85.98143, 40.01459], [-85.98143, 40.01462], [-85.98136, 40.01564], [-85.98136, 40.01672], [-85.98136, 40.01677], [-85.98112, 40.01671], [-85.98062, 40.01658], [-85.98062, 40.01653], [-85.98061, 40.01565], [-85.9806, 40.01459], [-85.98067, 40.0146], [-85.98067, 40.0144], [-85.98068, 40.01412], [-85.98146, 40.01412]], [[-85.95204, 39.99929], [-85.95192, 39.99929], [-85.95175, 39.9993], [-85.95087, 39.99931], [-85.95083, 39.99763], [-85.95147, 39.99762], [-85.95147, 39.9972], [-85.95186, 39.9972], [-85.95202, 39.99719], [-85.95203, 39.99801], [-85.95204, 39.99929]], [[-86.08424, 40.04311], [-86.08313, 40.04312], [-86.08105, 40.04314], [-86.08053, 40.04314], [-86.08053, 40.04246], [-86.08423, 40.04242], [-86.08423, 40.04295], [-86.08424, 40.04311]], [[-85.97364, 40.0431], [-85.97332, 40.04309], [-85.972, 40.04291], [-85.972, 40.04275], [-85.972, 40.04243], [-85.97199, 40.04156], [-85.97328, 40.04156], [-85.97328, 40.04098], [-85.97361, 40.04098], [-85.97364, 40.04304], [-85.97364, 40.0431]], [[-85.99565, 40.0688], [-85.99565, 40.06913], [-85.99564, 40.06946], [-85.99564, 40.07071], [-85.99564, 40.07083], [-85.99564, 40.07116], [-85.99505, 40.07116], [-85.9949, 40.07116], [-85.9949, 40.07083], [-85.9949, 40.0707], [-85.9949, 40.07035], [-85.9949, 40.07019], [-85.99424, 40.07013], [-85.99428, 40.06994], [-85.99428, 40.06981], [-85.99429, 40.06946], [-85.99429, 40.06913], [-85.99429, 40.06898], [-85.99429, 40.06878], [-85.99493, 40.06878], [-85.99493, 40.0688], [-85.99565, 40.0688]], [[-85.97252, 39.99982], [-85.97112, 39.99984], [-85.97097, 39.99984], [-85.97096, 39.99814], [-85.97109, 39.99814], [-85.97251, 39.99813], [-85.97252, 39.99982]], [[-86.04525, 40.04055], [-86.04525, 40.0406], [-86.04525, 40.0433], [-86.0452, 40.0433], [-86.04507, 40.0433], [-86.04428, 40.0433], [-86.04427, 40.043], [-86.0443, 40.04113], [-86.04429, 40.04061], [-86.04429, 40.04056], [-86.04525, 40.04055]], [[-86.05287, 40.06201], [-86.05287, 40.06214], [-86.05286, 40.06273], [-86.05259, 40.06274], [-86.05245, 40.06274], [-86.05245, 40.06328], [-86.05112, 40.06328], [-86.0511, 40.06182], [-86.05049, 40.06183], [-86.05046, 40.06099], [-86.0507, 40.06109], [-86.05149, 40.06143], [-86.05193, 40.06161], [-86.05219, 40.06172], [-86.05287, 40.06201]], [[-85.98149, 40.06578], [-85.98142, 40.06624], [-85.97945, 40.06626], [-85.97945, 40.06607], [-85.97945, 40.06588], [-85.97946, 40.0658], [-85.97827, 40.06582], [-85.97791, 40.06582], [-85.9779, 40.06574], [-85.9779, 40.06569], [-85.97789, 40.06405], [-85.97951, 40.06399], [-85.97946, 40.06567], [-85.97946, 40.06573], [-85.97946, 40.0658], [-85.98046, 40.06579], [-85.98149, 40.06578]], [[-86.00743, 40.06576], [-86.00742, 40.06603], [-86.00742, 40.06606], [-86.00695, 40.06606], [-86.00642, 40.06606], [-86.00644, 40.06603], [-86.00656, 40.06576], [-86.00572, 40.06574], [-86.00516, 40.06573], [-86.00523, 40.06356], [-86.00559, 40.06356], [-86.00573, 40.06357], [-86.0061, 40.06357], [-86.00613, 40.06352], [-86.00678, 40.06354], [-86.0064, 40.06434], [-86.00722, 40.06437], [-86.00701, 40.06482], [-86.00696, 40.06492], [-86.00656, 40.06576], [-86.00673, 40.06574], [-86.00705, 40.06575], [-86.00743, 40.06576]], [[-85.99167, 40.02901], [-85.99157, 40.02927], [-85.99147, 40.02929], [-85.99124, 40.02937], [-85.99103, 40.02943], [-85.9905, 40.02957], [-85.99025, 40.02963], [-85.99013, 40.02965], [-85.98994, 40.02968], [-85.98915, 40.0298], [-85.98848, 40.02989], [-85.98842, 40.0299], [-85.98841, 40.0293], [-85.9884, 40.02883], [-85.9884, 40.02774], [-85.9884, 40.02744], [-85.99014, 40.02745], [-85.99015, 40.02887], [-85.99099, 40.02886], [-85.99099, 40.02891], [-85.99134, 40.0289], [-85.99164, 40.0289], [-85.99167, 40.02901]], [[-85.97253, 40.00513], [-85.97102, 40.00515], [-85.97089, 40.00516], [-85.97091, 40.00622], [-85.9697, 40.00621], [-85.9697, 40.00612], [-85.9697, 40.00483], [-85.96645, 40.00479], [-85.96645, 40.00452], [-85.96645, 40.00434], [-85.97101, 40.00435], [-85.97101, 40.00409], [-85.97252, 40.0041], [-85.97252, 40.00434], [-85.97253, 40.00513]], [[-85.97181, 40.04322], [-85.97178, 40.04336], [-85.97161, 40.04349], [-85.97129, 40.04369], [-85.97013, 40.04392], [-85.97013, 40.04386], [-85.96941, 40.044], [-85.96941, 40.04396], [-85.96922, 40.044], [-85.96895, 40.04405], [-85.9682, 40.0442], [-85.96789, 40.04409], [-85.96781, 40.04397], [-85.96772, 40.0438], [-85.96721, 40.04323], [-85.96711, 40.0431], [-85.96687, 40.04288], [-85.96669, 40.04275], [-85.96684, 40.04259], [-85.96729, 40.04248], [-85.96729, 40.04245], [-85.96744, 40.0424], [-85.97098, 40.04286], [-85.97175, 40.04295], [-85.9718, 40.04296], [-85.97181, 40.04303], [-85.97181, 40.04322]], [[-86.05525, 40.06533], [-86.0535, 40.06534], [-86.05244, 40.06534], [-86.05244, 40.06533], [-86.05243, 40.0647], [-86.05243, 40.06363], [-86.05289, 40.06363], [-86.05322, 40.06363], [-86.05373, 40.06362], [-86.05374, 40.06263], [-86.05374, 40.06255], [-86.05395, 40.06265], [-86.05439, 40.06285], [-86.05458, 40.06293], [-86.05469, 40.06298], [-86.05485, 40.06305], [-86.05524, 40.06321], [-86.05525, 40.06533]], [[-86.04779, 40.03609], [-86.04779, 40.03673], [-86.04764, 40.03673], [-86.04738, 40.03673], [-86.04736, 40.03881], [-86.04656, 40.0388], [-86.04474, 40.03879], [-86.04435, 40.03879], [-86.04424, 40.03879], [-86.04423, 40.0376], [-86.04422, 40.0376], [-86.04388, 40.0376], [-86.04359, 40.0376], [-86.04359, 40.03756], [-86.04362, 40.03672], [-86.04481, 40.03674], [-86.04481, 40.03676], [-86.04631, 40.03678], [-86.04631, 40.03676], [-86.04649, 40.03676], [-86.04648, 40.03671], [-86.04646, 40.03662], [-86.04647, 40.03604], [-86.04691, 40.03605], [-86.04761, 40.03606], [-86.04761, 40.03609], [-86.04779, 40.03609]], [[-86.03946, 40.0619], [-86.03944, 40.06228], [-86.03927, 40.06263], [-86.03918, 40.06303], [-86.03918, 40.06342], [-86.0393, 40.06373], [-86.03936, 40.06402], [-86.03937, 40.06437], [-86.03934, 40.06467], [-86.03902, 40.06522], [-86.03901, 40.06527], [-86.03891, 40.06527], [-86.03349, 40.0653], [-86.0335, 40.06451], [-86.0335, 40.06418], [-86.03818, 40.06427], [-86.03823, 40.0617], [-86.03931, 40.06173], [-86.03945, 40.06173], [-86.03946, 40.0619]], [[-86.0455, 40.04354], [-86.04467, 40.0448], [-86.04429, 40.04534], [-86.04358, 40.0453], [-86.04337, 40.04533], [-86.04287, 40.0458], [-86.04284, 40.04592], [-86.04274, 40.04599], [-86.04274, 40.04607], [-86.0428, 40.04617], [-86.04277, 40.0462], [-86.04266, 40.04629], [-86.04254, 40.04631], [-86.04248, 40.04635], [-86.04226, 40.04633], [-86.04217, 40.04633], [-86.04065, 40.04739], [-86.04064, 40.04684], [-86.04013, 40.04707], [-86.04013, 40.04671], [-86.04018, 40.04374], [-86.0402, 40.04374], [-86.04042, 40.0437], [-86.04066, 40.04365], [-86.04066, 40.04358], [-86.04109, 40.04357], [-86.04206, 40.04357], [-86.04287, 40.04356], [-86.04297, 40.04356], [-86.04322, 40.04356], [-86.04335, 40.04356], [-86.04429, 40.04355], [-86.04465, 40.04355], [-86.04525, 40.04354], [-86.0455, 40.04354]], [[-85.98727, 40.01574], [-85.98725, 40.01825], [-85.98672, 40.01812], [-85.98377, 40.01738], [-85.98345, 40.0173], [-85.98329, 40.01919], [-85.98329, 40.01927], [-85.98308, 40.01928], [-85.98239, 40.01928], [-85.98237, 40.01703], [-85.98169, 40.01685], [-85.98169, 40.0168], [-85.98171, 40.01564], [-85.98237, 40.01563], [-85.98388, 40.01563], [-85.98395, 40.01563], [-85.98414, 40.01563], [-85.98526, 40.01562], [-85.98678, 40.0156], [-85.98716, 40.0156], [-85.98717, 40.01574], [-85.98727, 40.01574]], [[-85.94575, 40.01968], [-85.94532, 40.01969], [-85.94271, 40.01972], [-85.94267, 40.01633], [-85.94267, 40.01607], [-85.94185, 40.01608], [-85.94156, 40.01609], [-85.94155, 40.01581], [-85.94154, 40.01475], [-85.94179, 40.01476], [-85.94356, 40.01476], [-85.94356, 40.01504], [-85.94331, 40.01504], [-85.94333, 40.01606], [-85.94338, 40.01606], [-85.94403, 40.01605], [-85.94485, 40.01604], [-85.94542, 40.01603], [-85.94573, 40.01602], [-85.94575, 40.01968]], [[-86.01265, 40.0595], [-86.01265, 40.05965], [-86.01265, 40.0609], [-86.01265, 40.06178], [-86.01207, 40.06178], [-86.01207, 40.062], [-86.01186, 40.06201], [-86.01191, 40.06322], [-86.00953, 40.06314], [-86.0088, 40.06312], [-86.00879, 40.06287], [-86.00879, 40.06284], [-86.00814, 40.06279], [-86.00796, 40.06278], [-86.00799, 40.06272], [-86.00804, 40.06262], [-86.00804, 40.06261], [-86.0081, 40.06248], [-86.00822, 40.06222], [-86.00828, 40.0621], [-86.00832, 40.062], [-86.00839, 40.06185], [-86.00848, 40.06166], [-86.00716, 40.06164], [-86.00719, 40.05948], [-86.00766, 40.05947], [-86.00785, 40.05947], [-86.00801, 40.05948], [-86.00802, 40.05859], [-86.00803, 40.05847], [-86.00818, 40.05847], [-86.00824, 40.05847], [-86.00846, 40.05847], [-86.00851, 40.05847], [-86.00851, 40.05861], [-86.00849, 40.05944], [-86.00952, 40.05945], [-86.00948, 40.05954], [-86.00944, 40.05963], [-86.00938, 40.05976], [-86.00921, 40.06011], [-86.01026, 40.06012], [-86.01041, 40.05963], [-86.01045, 40.05948], [-86.01265, 40.0595]], [[-85.97585, 40.0157], [-85.97569, 40.0157], [-85.97108, 40.01568], [-85.97108, 40.01641], [-85.96947, 40.01642], [-85.96945, 40.01574], [-85.96945, 40.01561], [-85.96637, 40.01564], [-85.96634, 40.01265], [-85.96804, 40.01311], [-85.97027, 40.0137], [-85.97044, 40.01375], [-85.97045, 40.01375], [-85.97111, 40.01392], [-85.9719, 40.01414], [-85.97188, 40.01462], [-85.97222, 40.01462], [-85.97223, 40.01423], [-85.9757, 40.01521], [-85.97585, 40.01526], [-85.97585, 40.0157]], [[-86.03826, 40.07614], [-86.03431, 40.07614], [-86.03431, 40.07699], [-86.03357, 40.07698], [-86.03342, 40.07698], [-86.03343, 40.07663], [-86.03343, 40.07615], [-86.03358, 40.07615], [-86.03357, 40.07596], [-86.03357, 40.07589], [-86.03357, 40.07549], [-86.03358, 40.07255], [-86.03467, 40.07254], [-86.03535, 40.07255], [-86.03802, 40.07257], [-86.03815, 40.07257], [-86.0382, 40.07257], [-86.03823, 40.07257], [-86.03826, 40.07614]], [[-85.98739, 40.04436], [-85.98645, 40.04509], [-85.98645, 40.0454], [-85.98645, 40.04546], [-85.98628, 40.04544], [-85.98585, 40.04536], [-85.98186, 40.04444], [-85.98142, 40.04434], [-85.98104, 40.04427], [-85.98063, 40.0442], [-85.98028, 40.04415], [-85.98028, 40.04399], [-85.98079, 40.04398], [-85.98075, 40.04194], [-85.98074, 40.04176], [-85.982, 40.04153], [-85.98298, 40.0414], [-85.98416, 40.0413], [-85.98512, 40.04122], [-85.98541, 40.04121], [-85.98541, 40.04138], [-85.98544, 40.04391], [-85.98739, 40.04389], [-85.98739, 40.04402], [-85.98739, 40.04436]], [[-85.9616, 40.00848], [-85.96158, 40.01119], [-85.96157, 40.01133], [-85.96159, 40.01402], [-85.95916, 40.01404], [-85.95688, 40.01406], [-85.95682, 40.01406], [-85.95681, 40.0116], [-85.95681, 40.01154], [-85.95679, 40.0101], [-85.95686, 40.01001], [-85.95693, 40.00996], [-85.95813, 40.01029], [-85.95813, 40.01026], [-85.95813, 40.0102], [-85.95833, 40.01026], [-85.95832, 40.01031], [-85.96091, 40.01105], [-85.96092, 40.011], [-85.96093, 40.00848], [-85.96128, 40.00848], [-85.9616, 40.00848]], [[-86.04358, 40.056], [-86.04354, 40.05673], [-86.04353, 40.05689], [-86.04347, 40.05685], [-86.04323, 40.05671], [-86.0431, 40.05664], [-86.04292, 40.05656], [-86.04268, 40.05645], [-86.0425, 40.05638], [-86.04225, 40.05629], [-86.04218, 40.05627], [-86.04169, 40.05611], [-86.04166, 40.0561], [-86.04158, 40.05607], [-86.04147, 40.05603], [-86.03939, 40.05538], [-86.03922, 40.05533], [-86.03893, 40.05523], [-86.03827, 40.05502], [-86.03852, 40.05454], [-86.0388, 40.05421], [-86.03909, 40.05388], [-86.03927, 40.05364], [-86.03942, 40.05337], [-86.0396, 40.05306], [-86.03962, 40.05297], [-86.03964, 40.05287], [-86.03966, 40.05276], [-86.03969, 40.0526], [-86.03973, 40.05192], [-86.03973, 40.05091], [-86.03998, 40.0509], [-86.04018, 40.0509], [-86.04063, 40.05089], [-86.04134, 40.05089], [-86.043, 40.05091], [-86.04303, 40.05548], [-86.04358, 40.056]], [[-86.00462, 40.03082], [-86.00442, 40.03097], [-86.00438, 40.03102], [-86.00434, 40.03109], [-86.00433, 40.03116], [-86.00433, 40.03128], [-86.00426, 40.0313], [-86.00412, 40.0313], [-86.00406, 40.0313], [-86.00341, 40.03119], [-86.00312, 40.03114], [-86.00308, 40.03093], [-86.00303, 40.03062], [-86.00298, 40.03039], [-86.00296, 40.03024], [-86.00292, 40.03014], [-86.00284, 40.03005], [-86.00272, 40.02999], [-86.00262, 40.02997], [-86.00254, 40.02996], [-86.00229, 40.02935], [-86.00218, 40.02924], [-86.00193, 40.02923], [-86.00168, 40.02929], [-86.00168, 40.02955], [-86.00168, 40.03023], [-86.00195, 40.03023], [-86.0021, 40.03014], [-86.00221, 40.03008], [-86.00238, 40.03003], [-86.00256, 40.03002], [-86.00271, 40.03005], [-86.0028, 40.03009], [-86.00288, 40.03022], [-86.00294, 40.03055], [-86.00302, 40.03112], [-86.00279, 40.03108], [-86.00233, 40.031], [-86.00127, 40.03082], [-86.0004, 40.03067], [-85.99926, 40.03047], [-85.99903, 40.03043], [-85.99914, 40.02973], [-86.00005, 40.02972], [-86.00009, 40.02881], [-85.99739, 40.02854], [-85.99574, 40.02834], [-85.99575, 40.02814], [-85.99607, 40.02654], [-85.99949, 40.0255], [-85.99958, 40.0256], [-85.99986, 40.02591], [-86.00025, 40.02633], [-86.00049, 40.02657], [-86.00063, 40.02671], [-86.00091, 40.02698], [-86.00233, 40.02832], [-86.00284, 40.02879], [-86.00292, 40.02887], [-86.00336, 40.02928], [-86.00366, 40.02956], [-86.00399, 40.02987], [-86.00408, 40.02997], [-86.00415, 40.03006], [-86.00421, 40.03015], [-86.00448, 40.03064], [-86.00458, 40.03078], [-86.00462, 40.03082]], [[-86.00615, 40.05918], [-86.00549, 40.05918], [-86.00551, 40.05996], [-86.00423, 40.05995], [-85.99818, 40.05991], [-85.99816, 40.05991], [-85.99816, 40.06014], [-85.99817, 40.061], [-85.99817, 40.06117], [-85.99818, 40.0625], [-85.9982, 40.06344], [-85.9977, 40.06343], [-85.9966, 40.06342], [-85.9966, 40.06314], [-85.9958, 40.06313], [-85.9958, 40.06258], [-85.9958, 40.06113], [-85.9958, 40.05982], [-85.9958, 40.0592], [-85.9958, 40.05919], [-85.99592, 40.05919], [-85.99668, 40.05919], [-85.99669, 40.05845], [-85.99669, 40.05835], [-85.99669, 40.05832], [-85.99674, 40.05832], [-85.99679, 40.05832], [-85.99864, 40.05834], [-85.99946, 40.05835], [-86.00029, 40.05837], [-86.00281, 40.0584], [-86.0043, 40.05842], [-86.00526, 40.05843], [-86.00613, 40.05844], [-86.00615, 40.05918]], [[-86.00294, 40.06513], [-86.00293, 40.06569], [-86.00222, 40.06568], [-86.00213, 40.06568], [-86.00208, 40.06733], [-86.00206, 40.0693], [-86.0005, 40.06927], [-85.99953, 40.06925], [-85.99945, 40.06925], [-85.99901, 40.06924], [-85.99654, 40.06922], [-85.99589, 40.06922], [-85.9959, 40.06894], [-85.9959, 40.06866], [-85.99591, 40.06838], [-85.99591, 40.0681], [-85.99592, 40.06783], [-85.99593, 40.06771], [-85.99593, 40.06769], [-85.99592, 40.06755], [-85.99593, 40.06699], [-85.99594, 40.06616], [-85.99586, 40.06616], [-85.99585, 40.06578], [-85.99601, 40.06566], [-85.99808, 40.06569], [-85.99808, 40.06574], [-85.99891, 40.06576], [-85.99891, 40.06563], [-85.99913, 40.06564], [-85.99942, 40.06564], [-85.99942, 40.06511], [-86.00016, 40.06512], [-86.00294, 40.06513]], [[-85.95698, 40.03046], [-85.95696, 40.0338], [-85.95664, 40.03387], [-85.955, 40.03424], [-85.95416, 40.03444], [-85.95329, 40.03417], [-85.9526, 40.03353], [-85.95226, 40.03279], [-85.95238, 40.03197], [-85.95238, 40.03132], [-85.95133, 40.03132], [-85.95131, 40.03055], [-85.951, 40.03056], [-85.94954, 40.03058], [-85.94892, 40.03059], [-85.94889, 40.0293], [-85.95683, 40.0292], [-85.95684, 40.03035], [-85.95698, 40.03046]], [[-86.07803, 40.03425], [-86.07677, 40.03425], [-86.07677, 40.0348], [-86.07545, 40.0348], [-86.07549, 40.03399], [-86.07171, 40.03402], [-86.07173, 40.03525], [-86.07172, 40.03602], [-86.07089, 40.03603], [-86.07087, 40.03525], [-86.07081, 40.03294], [-86.07079, 40.02929], [-86.0743, 40.02932], [-86.07547, 40.02933], [-86.07547, 40.03026], [-86.07548, 40.03295], [-86.07607, 40.03295], [-86.07727, 40.03296], [-86.07765, 40.03295], [-86.07802, 40.03295], [-86.07803, 40.03425]], [[-85.98056, 40.01656], [-85.98055, 40.02305], [-85.9761, 40.02305], [-85.9761, 40.02299], [-85.97599, 40.02299], [-85.97598, 40.022], [-85.97593, 40.01737], [-85.97592, 40.01684], [-85.97591, 40.01577], [-85.97671, 40.01576], [-85.97671, 40.01552], [-85.97671, 40.01543], [-85.97746, 40.01567], [-85.97761, 40.01567], [-85.9797, 40.01565], [-85.97971, 40.01634], [-85.97978, 40.01636], [-85.98056, 40.01656]], [[-85.99691, 40.02263], [-85.99686, 40.02274], [-85.99659, 40.02328], [-85.99636, 40.02388], [-85.99621, 40.02429], [-85.99602, 40.02478], [-85.99601, 40.02486], [-85.99577, 40.02577], [-85.99552, 40.02655], [-85.9953, 40.02765], [-85.99516, 40.02829], [-85.99516, 40.02841], [-85.99515, 40.02901], [-85.99519, 40.029], [-85.99522, 40.029], [-85.99516, 40.02906], [-85.99512, 40.02955], [-85.99509, 40.02954], [-85.99506, 40.02953], [-85.99483, 40.02959], [-85.99483, 40.02938], [-85.99481, 40.02928], [-85.99479, 40.02923], [-85.99477, 40.02917], [-85.9945, 40.02854], [-85.99426, 40.0286], [-85.99255, 40.02901], [-85.99251, 40.02816], [-85.99367, 40.02783], [-85.99403, 40.02773], [-85.99385, 40.02737], [-85.99376, 40.02737], [-85.99337, 40.02737], [-85.99333, 40.02737], [-85.99247, 40.02738], [-85.99246, 40.02713], [-85.99246, 40.02703], [-85.99245, 40.02686], [-85.99242, 40.026], [-85.99198, 40.026], [-85.99198, 40.0258], [-85.99436, 40.02577], [-85.99436, 40.02564], [-85.99235, 40.02568], [-85.99233, 40.02525], [-85.99229, 40.02407], [-85.99225, 40.02296], [-85.99189, 40.02296], [-85.99069, 40.02298], [-85.99012, 40.02296], [-85.99097, 40.02363], [-85.99048, 40.02394], [-85.99027, 40.02394], [-85.99015, 40.02394], [-85.98985, 40.02409], [-85.98961, 40.02422], [-85.98953, 40.02409], [-85.98881, 40.02409], [-85.98702, 40.02409], [-85.98702, 40.02399], [-85.98704, 40.02303], [-85.98725, 40.02303], [-85.98727, 40.02123], [-85.98804, 40.02122], [-85.98803, 40.01907], [-85.98804, 40.01863], [-85.98834, 40.01869], [-85.98948, 40.01895], [-85.99024, 40.01915], [-85.99037, 40.01919], [-85.9908, 40.01929], [-85.99142, 40.01944], [-85.99201, 40.01959], [-85.992, 40.01986], [-85.992, 40.01991], [-85.99194, 40.0199], [-85.99195, 40.01999], [-85.99196, 40.02154], [-85.99334, 40.02156], [-85.99346, 40.02154], [-85.99358, 40.02154], [-85.99411, 40.02154], [-85.99419, 40.02156], [-85.99437, 40.02157], [-85.99456, 40.02156], [-85.99469, 40.02155], [-85.99473, 40.02154], [-85.99485, 40.02155], [-85.99486, 40.02131], [-85.99486, 40.02119], [-85.99493, 40.02104], [-85.99499, 40.02094], [-85.99509, 40.02092], [-85.99517, 40.02092], [-85.99687, 40.02259], [-85.99691, 40.02263]], [[-85.99057, 40.05859], [-85.99057, 40.05878], [-85.99056, 40.06394], [-85.99055, 40.0647], [-85.99053, 40.06502], [-85.9905, 40.06535], [-85.99048, 40.06547], [-85.98801, 40.0655], [-85.988, 40.06483], [-85.98621, 40.06486], [-85.98621, 40.06553], [-85.98545, 40.06554], [-85.98417, 40.06556], [-85.9815, 40.06558], [-85.98157, 40.05883], [-85.98811, 40.05866], [-85.99057, 40.05859]], [[-85.97582, 40.03707], [-85.97582, 40.03756], [-85.9665, 40.03765], [-85.9665, 40.0377], [-85.96651, 40.03908], [-85.96651, 40.03948], [-85.96651, 40.04007], [-85.96653, 40.04191], [-85.96652, 40.04218], [-85.9664, 40.04216], [-85.96354, 40.04174], [-85.96326, 40.04162], [-85.96311, 40.04156], [-85.96248, 40.04155], [-85.96232, 40.0415], [-85.96172, 40.04142], [-85.96181, 40.03893], [-85.96403, 40.039], [-85.96401, 40.03849], [-85.96401, 40.03824], [-85.96399, 40.03772], [-85.96399, 40.03752], [-85.96422, 40.03719], [-85.96435, 40.03702], [-85.96438, 40.03694], [-85.96403, 40.03563], [-85.96375, 40.0346], [-85.96653, 40.03403], [-85.96652, 40.03451], [-85.96653, 40.03537], [-85.96653, 40.03559], [-85.96717, 40.03559], [-85.96936, 40.03558], [-85.96943, 40.03562], [-85.97066, 40.03518], [-85.97066, 40.03456], [-85.97079, 40.03035], [-85.9735, 40.03033], [-85.9735, 40.03037], [-85.97348, 40.03246], [-85.97347, 40.03319], [-85.97372, 40.03319], [-85.97548, 40.0332], [-85.97548, 40.03409], [-85.97548, 40.03414], [-85.97566, 40.03442], [-85.97569, 40.0349], [-85.9757, 40.03522], [-85.9757, 40.03545], [-85.97567, 40.03554], [-85.97564, 40.03566], [-85.97564, 40.03568], [-85.97563, 40.03572], [-85.97559, 40.03586], [-85.97561, 40.03613], [-85.97574, 40.03706], [-85.97582, 40.03707]], [[-86.07134, 40.05598], [-86.07134, 40.05656], [-86.07134, 40.05707], [-86.06689, 40.05711], [-86.06668, 40.0571], [-86.06668, 40.05772], [-86.06668, 40.05791], [-86.06656, 40.05792], [-86.0619, 40.05797], [-86.0619, 40.05809], [-86.0619, 40.06143], [-86.0619, 40.06229], [-86.06188, 40.06403], [-86.06189, 40.06502], [-86.06188, 40.06546], [-86.06188, 40.06582], [-86.06099, 40.06544], [-86.05892, 40.06457], [-86.0557, 40.06321], [-86.05541, 40.06309], [-86.05524, 40.06302], [-86.0549, 40.06287], [-86.05494, 40.0627], [-86.05486, 40.06209], [-86.05622, 40.05955], [-86.05618, 40.05952], [-86.05611, 40.05946], [-86.05604, 40.05938], [-86.05577, 40.05917], [-86.05554, 40.05912], [-86.05544, 40.05905], [-86.05524, 40.05885], [-86.05524, 40.05879], [-86.05568, 40.05847], [-86.05558, 40.0584], [-86.05515, 40.05807], [-86.05506, 40.05806], [-86.05489, 40.05804], [-86.05465, 40.05798], [-86.05449, 40.05788], [-86.05392, 40.05743], [-86.05384, 40.05732], [-86.05372, 40.05717], [-86.0535, 40.05694], [-86.05343, 40.05688], [-86.0534, 40.0567], [-86.05333, 40.05662], [-86.05332, 40.05662], [-86.05317, 40.0565], [-86.05314, 40.05648], [-86.05306, 40.05644], [-86.05304, 40.05635], [-86.05299, 40.05622], [-86.05292, 40.05615], [-86.05287, 40.05605], [-86.05284, 40.05595], [-86.05272, 40.05582], [-86.05262, 40.05575], [-86.05246, 40.05573], [-86.05234, 40.05568], [-86.05227, 40.05562], [-86.05227, 40.05557], [-86.05232, 40.05554], [-86.05239, 40.05553], [-86.05249, 40.05545], [-86.05249, 40.05538], [-86.05244, 40.05476], [-86.05244, 40.05467], [-86.05239, 40.05457], [-86.05224, 40.05444], [-86.05169, 40.05401], [-86.0515, 40.05397], [-86.05144, 40.05394], [-86.05114, 40.05374], [-86.0511, 40.05374], [-86.0509, 40.05369], [-86.05079, 40.05365], [-86.04878, 40.05358], [-86.04789, 40.05356], [-86.04794, 40.05189], [-86.04797, 40.05086], [-86.04705, 40.05085], [-86.04706, 40.0497], [-86.04709, 40.04813], [-86.0471, 40.04733], [-86.04705, 40.04341], [-86.04725, 40.04341], [-86.04896, 40.0434], [-86.04894, 40.04233], [-86.04887, 40.04228], [-86.04878, 40.04228], [-86.04862, 40.04226], [-86.04844, 40.04223], [-86.04839, 40.0422], [-86.04828, 40.04216], [-86.04741, 40.04225], [-86.04685, 40.04248], [-86.04689, 40.0426], [-86.04658, 40.04291], [-86.0465, 40.04048], [-86.04702, 40.04048], [-86.04787, 40.04047], [-86.04912, 40.04046], [-86.04912, 40.04068], [-86.05166, 40.04066], [-86.05166, 40.04085], [-86.05166, 40.04135], [-86.05167, 40.04231], [-86.05165, 40.04338], [-86.05229, 40.04337], [-86.05228, 40.04267], [-86.05227, 40.04249], [-86.05339, 40.04247], [-86.05337, 40.04337], [-86.05411, 40.04336], [-86.05535, 40.04335], [-86.05661, 40.04335], [-86.05679, 40.04334], [-86.05718, 40.04334], [-86.05748, 40.04334], [-86.05834, 40.04333], [-86.05834, 40.04343], [-86.05961, 40.04343], [-86.05963, 40.04514], [-86.06193, 40.04514], [-86.06193, 40.04591], [-86.06097, 40.04593], [-86.06098, 40.04669], [-86.06193, 40.0467], [-86.06193, 40.04698], [-86.06193, 40.04714], [-86.06193, 40.0473], [-86.06192, 40.04743], [-86.06192, 40.04814], [-86.06192, 40.04877], [-86.06192, 40.04889], [-86.06191, 40.05007], [-86.06191, 40.05026], [-86.06191, 40.05051], [-86.06295, 40.05052], [-86.06586, 40.05053], [-86.06844, 40.05055], [-86.07126, 40.05057], [-86.07126, 40.05128], [-86.0712, 40.05272], [-86.07122, 40.05331], [-86.07122, 40.0536], [-86.07129, 40.05418], [-86.07133, 40.05442], [-86.07133, 40.05558], [-86.07134, 40.05598]], [[-86.07599, 40.04317], [-86.07545, 40.04317], [-86.07268, 40.04319], [-86.07138, 40.04319], [-86.07076, 40.0432], [-86.06952, 40.04321], [-86.06666, 40.04325], [-86.06591, 40.04326], [-86.06479, 40.04327], [-86.06426, 40.04327], [-86.06313, 40.04329], [-86.06293, 40.04329], [-86.06294, 40.04367], [-86.06207, 40.04368], [-86.06194, 40.04369], [-86.06193, 40.0433], [-86.0612, 40.04331], [-86.06119, 40.04263], [-86.0612, 40.04065], [-86.0612, 40.04034], [-86.05889, 40.04036], [-86.05832, 40.04036], [-86.05537, 40.04039], [-86.05178, 40.04043], [-86.05178, 40.04034], [-86.05178, 40.03802], [-86.05268, 40.03802], [-86.05269, 40.03679], [-86.05269, 40.03669], [-86.05261, 40.03669], [-86.05237, 40.03669], [-86.05179, 40.0367], [-86.05177, 40.03473], [-86.05176, 40.03425], [-86.05176, 40.03399], [-86.05175, 40.02996], [-86.05175, 40.02936], [-86.05655, 40.02927], [-86.0565, 40.02221], [-86.0565, 40.02217], [-86.0569, 40.02216], [-86.05688, 40.01969], [-86.05778, 40.01969], [-86.05788, 40.01478], [-86.05971, 40.01479], [-86.0608, 40.0148], [-86.06099, 40.0148], [-86.06124, 40.01481], [-86.06124, 40.01492], [-86.06121, 40.01933], [-86.06119, 40.02212], [-86.06177, 40.02211], [-86.0627, 40.02211], [-86.06361, 40.0221], [-86.06393, 40.02209], [-86.06492, 40.02209], [-86.06727, 40.02207], [-86.07054, 40.02205], [-86.07053, 40.02232], [-86.07053, 40.0241], [-86.07053, 40.02436], [-86.07052, 40.02577], [-86.06592, 40.02575], [-86.06601, 40.03114], [-86.06605, 40.033], [-86.06605, 40.0331], [-86.06741, 40.03308], [-86.06764, 40.03308], [-86.06803, 40.03308], [-86.06877, 40.03308], [-86.06991, 40.03308], [-86.06992, 40.03354], [-86.07038, 40.03354], [-86.0704, 40.03404], [-86.06993, 40.03405], [-86.06996, 40.03498], [-86.06996, 40.03526], [-86.0704, 40.03526], [-86.0707, 40.03525], [-86.0707, 40.03602], [-86.07071, 40.03709], [-86.07071, 40.03791], [-86.07072, 40.03841], [-86.07537, 40.03843], [-86.07535, 40.04024], [-86.07599, 40.04024], [-86.07599, 40.04317]]], "crs": null}, "id": 342, "type": "Feature", "properties": {"fid": 342, "statefp": "18", "namelsad": "Noblesville city", "municipalt": "Noblesville", "placefp": "54180", "munic_typ": "City", "SHAPE__Length": 2.3447112170762563, "SHAPE__Area": 0.009789207766000002}}, {"geometry": {"type": "Polygon", "coordinates": [[[-86.07627, 39.92842], [-86.07629, 39.92808], [-86.07619, 39.92696], [-86.07604, 39.92696], [-86.07588, 39.92696], [-86.07495, 39.92696], [-86.07184, 39.92699], [-86.07047, 39.92699], [-86.06975, 39.92699], [-86.0696, 39.92699], [-86.0692, 39.92699], [-86.06866, 39.92699], [-86.06831, 39.92699], [-86.06744, 39.927], [-86.06641, 39.92701], [-86.06613, 39.92701], [-86.0652, 39.92702], [-86.0641, 39.92701], [-86.06371, 39.92701], [-86.06358, 39.92701], [-86.06309, 39.92701], [-86.06295, 39.92701], [-86.06192, 39.92701], [-86.0617, 39.92701], [-86.06168, 39.92701], [-86.06141, 39.92701], [-86.06058, 39.92702], [-86.06027, 39.92702], [-86.05997, 39.92702], [-86.05977, 39.92702], [-86.05884, 39.92702], [-86.05787, 39.92703], [-86.05718, 39.92703], [-86.05606, 39.92703], [-86.05584, 39.92704], [-86.05549, 39.92704], [-86.05548, 39.92973], [-86.05455, 39.92963], [-86.05454, 39.93026], [-86.05548, 39.93058], [-86.05548, 39.93067], [-86.05633, 39.93067], [-86.05895, 39.93067], [-86.0608, 39.93067], [-86.06054, 39.93089], [-86.06028, 39.93111], [-86.06027, 39.93111], [-86.05985, 39.93152], [-86.05984, 39.93155], [-86.05927, 39.93155], [-86.05844, 39.93157], [-86.05726, 39.93157], [-86.05711, 39.93157], [-86.05769, 39.93201], [-86.05812, 39.93201], [-86.05804, 39.93215], [-86.05881, 39.9323], [-86.05913, 39.93236], [-86.05897, 39.9325], [-86.05881, 39.93264], [-86.05858, 39.93285], [-86.05853, 39.93289], [-86.05782, 39.93251], [-86.05545, 39.93252], [-86.05542, 39.93558], [-86.05542, 39.93575], [-86.05539, 39.93578], [-86.05527, 39.93572], [-86.05521, 39.93569], [-86.05509, 39.93562], [-86.05499, 39.93556], [-86.0549, 39.93549], [-86.05484, 39.93543], [-86.05477, 39.93533], [-86.05474, 39.93526], [-86.05473, 39.93519], [-86.05473, 39.93478], [-86.05474, 39.93435], [-86.05474, 39.93338], [-86.05475, 39.93233], [-86.05476, 39.93161], [-86.05474, 39.93144], [-86.05469, 39.93133], [-86.05463, 39.93124], [-86.05455, 39.93114], [-86.05444, 39.93105], [-86.05436, 39.93101], [-86.05427, 39.93096], [-86.05412, 39.93092], [-86.05397, 39.93089], [-86.05356, 39.93088], [-86.05317, 39.93089], [-86.05286, 39.93089], [-86.05255, 39.9309], [-86.05234, 39.93089], [-86.05218, 39.93139], [-86.05151, 39.93133], [-86.05147, 39.93142], [-86.05065, 39.93147], [-86.05066, 39.93022], [-86.05066, 39.92959], [-86.05066, 39.92881], [-86.05066, 39.92831], [-86.05065, 39.92801], [-86.05066, 39.92705], [-86.04963, 39.92706], [-86.04934, 39.92706], [-86.04907, 39.92706], [-86.04859, 39.92706], [-86.04771, 39.92706], [-86.04737, 39.92706], [-86.04691, 39.92706], [-86.04626, 39.92706], [-86.04536, 39.92706], [-86.03995, 39.92707], [-86.0366, 39.92708], [-86.03523, 39.92708], [-86.03497, 39.92707], [-86.03487, 39.92707], [-86.03404, 39.92707], [-86.03298, 39.92707], [-86.03101, 39.92709], [-86.02977, 39.92711], [-86.02947, 39.92712], [-86.02891, 39.92713], [-86.02823, 39.92715], [-86.02767, 39.92716], [-86.02643, 39.92719], [-86.02598, 39.9272], [-86.02524, 39.92721], [-86.02185, 39.92726], [-86.02177, 39.92726], [-86.02103, 39.92726], [-86.02069, 39.92726], [-86.01958, 39.92728], [-86.01927, 39.92729], [-86.01812, 39.92732], [-86.01789, 39.92733], [-86.0169, 39.92735], [-86.01572, 39.92737], [-86.01449, 39.92739], [-86.01425, 39.9274], [-86.01386, 39.9274], [-86.01371, 39.9274], [-86.01356, 39.9274], [-86.0134, 39.92739], [-86.01302, 39.92736], [-86.01282, 39.92735], [-86.01256, 39.92733], [-86.01241, 39.92731], [-86.01126, 39.92717], [-86.01101, 39.92715], [-86.01085, 39.92714], [-86.01081, 39.92714], [-86.0102, 39.92713], [-86.01002, 39.92713], [-86.00855, 39.92712], [-86.00742, 39.92711], [-86.007, 39.92711], [-86.0064, 39.9271], [-86.00439, 39.92709], [-86.00341, 39.92708], [-86.00204, 39.92707], [-86.00166, 39.92706], [-86.00165, 39.92774], [-86.00165, 39.92783], [-85.99504, 39.92782], [-85.99503, 39.92947], [-85.99503, 39.93056], [-85.99503, 39.93065], [-85.99982, 39.93065], [-85.99982, 39.93325], [-86.00438, 39.93326], [-86.0044, 39.93326], [-86.00441, 39.93359], [-86.00442, 39.93384], [-86.00444, 39.93421], [-86.00444, 39.93431], [-86.00716, 39.93436], [-86.00773, 39.93437], [-86.00764, 39.93464], [-86.00761, 39.93472], [-86.00758, 39.93477], [-86.00753, 39.93485], [-86.00749, 39.93491], [-86.00741, 39.93499], [-86.00718, 39.93519], [-86.00713, 39.93526], [-86.0071, 39.93533], [-86.00708, 39.9354], [-86.00707, 39.9355], [-86.00707, 39.93558], [-86.00707, 39.93583], [-86.00578, 39.93582], [-86.0045, 39.93585], [-86.0045, 39.93649], [-86.0045, 39.93674], [-86.00284, 39.93673], [-85.99647, 39.93671], [-85.99647, 39.93532], [-85.99501, 39.9353], [-85.99501, 39.93641], [-85.99501, 39.9367], [-85.99032, 39.9367], [-85.99032, 39.93641], [-85.99028, 39.93498], [-85.99294, 39.93497], [-85.99293, 39.93453], [-85.99501, 39.93452], [-85.99501, 39.93436], [-85.99025, 39.93439], [-85.9902, 39.93261], [-85.99017, 39.93138], [-85.99159, 39.93134], [-85.99149, 39.92704], [-85.98962, 39.92706], [-85.98917, 39.92706], [-85.98874, 39.92706], [-85.98873, 39.92766], [-85.98873, 39.92788], [-85.98754, 39.92786], [-85.98754, 39.92765], [-85.98754, 39.92707], [-85.98735, 39.92707], [-85.98651, 39.92708], [-85.98518, 39.92709], [-85.98446, 39.92709], [-85.98352, 39.9271], [-85.98307, 39.9271], [-85.98235, 39.92711], [-85.9822, 39.92711], [-85.98128, 39.92711], [-85.98086, 39.92712], [-85.97909, 39.92713], [-85.97855, 39.92714], [-85.97651, 39.92715], [-85.97633, 39.92715], [-85.97616, 39.92715], [-85.97612, 39.92714], [-85.97607, 39.92714], [-85.97588, 39.9271], [-85.97579, 39.92707], [-85.97565, 39.92702], [-85.97551, 39.92696], [-85.9754, 39.92689], [-85.97536, 39.92687], [-85.97521, 39.92686], [-85.97354, 39.92684], [-85.97291, 39.92685], [-85.97256, 39.92685], [-85.97206, 39.92685], [-85.97124, 39.92686], [-85.97013, 39.92686], [-85.96637, 39.92689], [-85.95924, 39.92696], [-85.9521, 39.92702], [-85.95036, 39.92703], [-85.94999, 39.92703], [-85.94862, 39.92705], [-85.94863, 39.9272], [-85.94855, 39.92734], [-85.94835, 39.92749], [-85.94827, 39.92765], [-85.94777, 39.92781], [-85.94773, 39.92774], [-85.94759, 39.9278], [-85.94754, 39.92784], [-85.94753, 39.92782], [-85.9475, 39.92778], [-85.94746, 39.92773], [-85.94738, 39.92766], [-85.94733, 39.92763], [-85.94722, 39.92758], [-85.94712, 39.92756], [-85.94697, 39.92755], [-85.94654, 39.92755], [-85.94639, 39.92756], [-85.94632, 39.92756], [-85.94625, 39.92758], [-85.94618, 39.9276], [-85.94604, 39.92767], [-85.94597, 39.92772], [-85.94581, 39.92788], [-85.94573, 39.92795], [-85.94503, 39.92756], [-85.94514, 39.92739], [-85.94518, 39.92735], [-85.94528, 39.92725], [-85.94549, 39.92707], [-85.94334, 39.92709], [-85.94289, 39.92709], [-85.94118, 39.92711], [-85.93942, 39.92712], [-85.93782, 39.92712], [-85.93765, 39.92712], [-85.93759, 39.92714], [-85.93652, 39.92742], [-85.93614, 39.92752], [-85.93498, 39.92753], [-85.93425, 39.92753], [-85.93316, 39.92754], [-85.93285, 39.92755], [-85.93199, 39.92755], [-85.93099, 39.92757], [-85.93086, 39.92757], [-85.93038, 39.92758], [-85.93025, 39.92758], [-85.93006, 39.92758], [-85.92953, 39.92759], [-85.92866, 39.9276], [-85.92854, 39.9276], [-85.92789, 39.92761], [-85.92739, 39.92762], [-85.92581, 39.92764], [-85.92549, 39.92765], [-85.92536, 39.92765], [-85.92464, 39.92766], [-85.92384, 39.92767], [-85.92187, 39.9277], [-85.92161, 39.9277], [-85.92073, 39.92771], [-85.91977, 39.92772], [-85.91952, 39.92772], [-85.91931, 39.92773], [-85.9192, 39.92773], [-85.919, 39.92773], [-85.91747, 39.92781], [-85.91503, 39.92793], [-85.91429, 39.92797], [-85.91421, 39.92798], [-85.91418, 39.92798], [-85.9131, 39.92803], [-85.91032, 39.92818], [-85.90986, 39.9282], [-85.90945, 39.92822], [-85.90828, 39.92829], [-85.90814, 39.92829], [-85.90801, 39.9283], [-85.90759, 39.92832], [-85.90656, 39.92837], [-85.90644, 39.92838], [-85.9064, 39.92838], [-85.90576, 39.92841], [-85.9057, 39.92842], [-85.90453, 39.92847], [-85.90458, 39.9318], [-85.90447, 39.93172], [-85.90427, 39.9316], [-85.90418, 39.93154], [-85.90393, 39.93139], [-85.90365, 39.9312], [-85.90352, 39.93112], [-85.90344, 39.9311], [-85.90325, 39.93101], [-85.90318, 39.93098], [-85.90315, 39.93097], [-85.90307, 39.93094], [-85.90303, 39.93092], [-85.90295, 39.9309], [-85.90292, 39.93088], [-85.90287, 39.93087], [-85.90284, 39.93085], [-85.90278, 39.93084], [-85.90275, 39.93082], [-85.90266, 39.9308], [-85.90249, 39.93077], [-85.90246, 39.93076], [-85.9021, 39.93067], [-85.90176, 39.93059], [-85.90157, 39.93054], [-85.90075, 39.93027], [-85.90039, 39.93037], [-85.89982, 39.93052], [-85.89982, 39.93028], [-85.89981, 39.93005], [-85.89983, 39.9286], [-85.89974, 39.9286], [-85.89825, 39.9286], [-85.89754, 39.92861], [-85.89729, 39.92862], [-85.89605, 39.92863], [-85.89567, 39.92863], [-85.89532, 39.92863], [-85.89528, 39.92863], [-85.89519, 39.92863], [-85.89515, 39.92863], [-85.89501, 39.92864], [-85.89507, 39.93004], [-85.89508, 39.93022], [-85.8951, 39.93147], [-85.89514, 39.93345], [-85.89516, 39.93495], [-85.89213, 39.93495], [-85.89204, 39.92866], [-85.89052, 39.92868], [-85.889, 39.92868], [-85.88693, 39.9287], [-85.88617, 39.9287], [-85.88495, 39.92871], [-85.88465, 39.92872], [-85.88466, 39.92959], [-85.88468, 39.936], [-85.88423, 39.93601], [-85.88298, 39.93602], [-85.88141, 39.93603], [-85.88122, 39.93603], [-85.88118, 39.93423], [-85.88117, 39.93297], [-85.88117, 39.93285], [-85.88116, 39.93235], [-85.8811, 39.92875], [-85.88093, 39.92875], [-85.88013, 39.92876], [-85.87923, 39.92877], [-85.87917, 39.92877], [-85.87888, 39.92877], [-85.87665, 39.9288], [-85.87529, 39.92882], [-85.87526, 39.92882], [-85.87498, 39.92882], [-85.87493, 39.92882], [-85.87332, 39.92884], [-85.87306, 39.92884], [-85.8722, 39.92885], [-85.87129, 39.92886], [-85.87129, 39.92946], [-85.86976, 39.92955], [-85.86973, 39.92888], [-85.86754, 39.9289], [-85.86746, 39.9289], [-85.86744, 39.9289], [-85.86707, 39.92891], [-85.86707, 39.92903], [-85.86708, 39.92936], [-85.86505, 39.92938], [-85.86505, 39.92906], [-85.86505, 39.92892], [-85.86433, 39.92893], [-85.86414, 39.92893], [-85.86362, 39.92895], [-85.8624, 39.92895], [-85.8624, 39.92909], [-85.86239, 39.93265], [-85.86238, 39.93426], [-85.86253, 39.93425], [-85.86274, 39.93417], [-85.86302, 39.93418], [-85.86317, 39.93414], [-85.86325, 39.93411], [-85.86328, 39.93403], [-85.8632, 39.93355], [-85.8632, 39.93342], [-85.86328, 39.93329], [-85.86352, 39.93316], [-85.86372, 39.93312], [-85.86393, 39.93313], [-85.86415, 39.93317], [-85.86427, 39.93314], [-85.86447, 39.93302], [-85.86459, 39.93302], [-85.86485, 39.93314], [-85.86497, 39.93313], [-85.86507, 39.93308], [-85.86515, 39.9329], [-85.86519, 39.93269], [-85.86526, 39.93263], [-85.86541, 39.93257], [-85.86586, 39.93258], [-85.86619, 39.93267], [-85.86667, 39.93286], [-85.86716, 39.93303], [-85.86716, 39.93254], [-85.87182, 39.93247], [-85.87184, 39.93498], [-85.87185, 39.93611], [-85.87254, 39.9361], [-85.87346, 39.9361], [-85.87375, 39.9361], [-85.87532, 39.93608], [-85.87554, 39.93608], [-85.87565, 39.93608], [-85.87568, 39.938], [-85.87678, 39.93803], [-85.87679, 39.93873], [-85.87728, 39.93873], [-85.87831, 39.93873], [-85.87833, 39.9397], [-85.87833, 39.93976], [-85.87878, 39.93975], [-85.87878, 39.93979], [-85.87891, 39.93979], [-85.87935, 39.93979], [-85.87935, 39.9397], [-85.87939, 39.93783], [-85.88107, 39.93782], [-85.88111, 39.93954], [-85.88111, 39.93968], [-85.88115, 39.94092], [-85.88117, 39.94229], [-85.88118, 39.94252], [-85.88119, 39.94331], [-85.8812, 39.94395], [-85.88121, 39.94513], [-85.88134, 39.94513], [-85.88401, 39.9451], [-85.88607, 39.9451], [-85.88607, 39.94328], [-85.88655, 39.94327], [-85.88776, 39.94326], [-85.88868, 39.94326], [-85.89049, 39.94324], [-85.89065, 39.94324], [-85.8906, 39.9466], [-85.89059, 39.94723], [-85.89058, 39.94751], [-85.89059, 39.94768], [-85.89062, 39.94773], [-85.89072, 39.94772], [-85.89072, 39.94766], [-85.8908, 39.94769], [-85.8908, 39.94774], [-85.89082, 39.94775], [-85.89084, 39.94776], [-85.89087, 39.94774], [-85.89091, 39.94774], [-85.89112, 39.94763], [-85.89128, 39.94749], [-85.89139, 39.94748], [-85.89173, 39.94741], [-85.89188, 39.94737], [-85.89193, 39.94734], [-85.89198, 39.94732], [-85.89211, 39.94726], [-85.89216, 39.94724], [-85.89222, 39.94721], [-85.89235, 39.94718], [-85.89259, 39.9471], [-85.89272, 39.94707], [-85.89309, 39.94704], [-85.89337, 39.94711], [-85.89398, 39.94727], [-85.89414, 39.9473], [-85.89433, 39.94735], [-85.89471, 39.94739], [-85.89528, 39.94742], [-85.89535, 39.94743], [-85.89564, 39.94747], [-85.89571, 39.94751], [-85.89577, 39.94752], [-85.8958, 39.94754], [-85.89586, 39.94756], [-85.89588, 39.94757], [-85.89669, 39.948], [-85.89687, 39.9481], [-85.89703, 39.94817], [-85.89713, 39.94822], [-85.89715, 39.94827], [-85.89715, 39.94831], [-85.8971, 39.94836], [-85.89704, 39.94838], [-85.89699, 39.94839], [-85.89695, 39.94841], [-85.89692, 39.94842], [-85.8969, 39.94843], [-85.89687, 39.94844], [-85.89682, 39.94844], [-85.89663, 39.9484], [-85.89641, 39.94855], [-85.89625, 39.94851], [-85.89621, 39.94848], [-85.89622, 39.94834], [-85.89601, 39.94837], [-85.89543, 39.94852], [-85.89529, 39.94843], [-85.89524, 39.94839], [-85.89521, 39.94829], [-85.89519, 39.94816], [-85.89502, 39.94816], [-85.89501, 39.94826], [-85.89497, 39.94835], [-85.89492, 39.94839], [-85.89472, 39.94849], [-85.89447, 39.94854], [-85.89433, 39.94856], [-85.89411, 39.94857], [-85.89393, 39.94852], [-85.89387, 39.94852], [-85.89375, 39.94849], [-85.89358, 39.9484], [-85.89351, 39.94835], [-85.89347, 39.9483], [-85.89346, 39.94828], [-85.8934, 39.9482], [-85.89338, 39.94815], [-85.89333, 39.9479], [-85.89324, 39.94776], [-85.89321, 39.94773], [-85.89295, 39.94753], [-85.89271, 39.9475], [-85.89269, 39.94752], [-85.8927, 39.94756], [-85.89281, 39.94763], [-85.89287, 39.94765], [-85.89303, 39.94778], [-85.89309, 39.94785], [-85.89316, 39.94797], [-85.89323, 39.94824], [-85.89326, 39.94835], [-85.89343, 39.94847], [-85.89347, 39.94849], [-85.89349, 39.9485], [-85.89357, 39.94852], [-85.89313, 39.94896], [-85.89251, 39.94896], [-85.89255, 39.94903], [-85.89127, 39.94903], [-85.89119, 39.94902], [-85.89117, 39.94952], [-85.89117, 39.94961], [-85.89069, 39.9496], [-85.89069, 39.94974], [-85.89068, 39.95047], [-85.89068, 39.95055], [-85.8906, 39.95054], [-85.89017, 39.95052], [-85.88984, 39.95052], [-85.88977, 39.95052], [-85.88972, 39.9505], [-85.88965, 39.95046], [-85.88961, 39.95042], [-85.88958, 39.95037], [-85.88957, 39.95032], [-85.88957, 39.95025], [-85.88957, 39.95012], [-85.88959, 39.94964], [-85.88962, 39.94862], [-85.88961, 39.94839], [-85.8896, 39.94827], [-85.8896, 39.9477], [-85.88955, 39.94769], [-85.88952, 39.94768], [-85.88947, 39.94767], [-85.88943, 39.94767], [-85.88945, 39.94806], [-85.88945, 39.94813], [-85.88936, 39.94811], [-85.88928, 39.94811], [-85.88913, 39.94812], [-85.88902, 39.94813], [-85.88903, 39.94846], [-85.88903, 39.9488], [-85.88868, 39.9488], [-85.88641, 39.9501], [-85.88659, 39.95026], [-85.886, 39.95067], [-85.88566, 39.95068], [-85.88559, 39.95429], [-85.88593, 39.95427], [-85.88669, 39.95422], [-85.88686, 39.95819], [-85.89036, 39.95819], [-85.89065, 39.95819], [-85.89075, 39.95395], [-85.89018, 39.95393], [-85.89016, 39.95336], [-85.89032, 39.9533], [-85.89054, 39.95322], [-85.89063, 39.95319], [-85.89106, 39.95305], [-85.89176, 39.95283], [-85.89191, 39.95279], [-85.89208, 39.95276], [-85.89229, 39.95273], [-85.89239, 39.95272], [-85.89268, 39.95269], [-85.893, 39.95266], [-85.89323, 39.95265], [-85.89371, 39.95265], [-85.89397, 39.95266], [-85.89493, 39.95274], [-85.89633, 39.95287], [-85.89651, 39.95288], [-85.89663, 39.95289], [-85.89707, 39.95294], [-85.89829, 39.95304], [-85.89927, 39.95313], [-85.89967, 39.95318], [-85.89985, 39.9532], [-85.89985, 39.95329], [-85.89991, 39.9605], [-85.89993, 39.96145], [-85.89995, 39.96434], [-85.89943, 39.96434], [-85.89499, 39.96434], [-85.89499, 39.96452], [-85.89503, 39.96544], [-85.89503, 39.96808], [-85.89503, 39.97279], [-85.8946, 39.97279], [-85.89421, 39.9728], [-85.89409, 39.9728], [-85.894, 39.97283], [-85.89383, 39.97291], [-85.89359, 39.9731], [-85.8943, 39.9735], [-85.89462, 39.97369], [-85.89061, 39.97369], [-85.8906, 39.97302], [-85.8892, 39.97302], [-85.88797, 39.97302], [-85.88797, 39.97282], [-85.88789, 39.96985], [-85.88802, 39.96992], [-85.8883, 39.97007], [-85.8885, 39.97019], [-85.88991, 39.971], [-85.89019, 39.97078], [-85.89031, 39.97069], [-85.89038, 39.97062], [-85.89043, 39.97057], [-85.89045, 39.97054], [-85.89047, 39.97049], [-85.89049, 39.97032], [-85.89049, 39.9702], [-85.89047, 39.96927], [-85.89047, 39.96909], [-85.88999, 39.96907], [-85.88998, 39.96918], [-85.88952, 39.96915], [-85.88954, 39.96901], [-85.89047, 39.96907], [-85.89046, 39.96869], [-85.89046, 39.96827], [-85.89044, 39.96734], [-85.89042, 39.96575], [-85.89041, 39.9656], [-85.89041, 39.96543], [-85.8857, 39.96542], [-85.88568, 39.96386], [-85.88567, 39.96182], [-85.88564, 39.95818], [-85.88343, 39.9582], [-85.8809, 39.95822], [-85.88092, 39.96051], [-85.88093, 39.9619], [-85.88094, 39.96229], [-85.88095, 39.96374], [-85.88097, 39.96542], [-85.87931, 39.9654], [-85.87877, 39.96539], [-85.87579, 39.96539], [-85.87577, 39.965], [-85.87428, 39.96498], [-85.87426, 39.96379], [-85.86702, 39.9639], [-85.86702, 39.96544], [-85.86209, 39.96547], [-85.86209, 39.96563], [-85.86209, 39.96623], [-85.86209, 39.96626], [-85.86209, 39.96633], [-85.86209, 39.96634], [-85.86209, 39.96636], [-85.86209, 39.96639], [-85.86208, 39.96655], [-85.86208, 39.96693], [-85.86209, 39.96738], [-85.86209, 39.9674], [-85.86209, 39.96742], [-85.86209, 39.96743], [-85.8621, 39.96766], [-85.8621, 39.968], [-85.8621, 39.96803], [-85.86209, 39.96831], [-85.8621, 39.96969], [-85.86211, 39.97014], [-85.86211, 39.97015], [-85.86211, 39.97019], [-85.86211, 39.9704], [-85.86212, 39.97096], [-85.86212, 39.97111], [-85.86212, 39.97115], [-85.86284, 39.97115], [-85.86286, 39.97209], [-85.86212, 39.97209], [-85.86212, 39.97223], [-85.86213, 39.97306], [-85.86214, 39.9745], [-85.86215, 39.97503], [-85.86215, 39.97505], [-85.86216, 39.97521], [-85.86216, 39.97536], [-85.86216, 39.97538], [-85.86216, 39.9754], [-85.86215, 39.9759], [-85.86217, 39.97658], [-85.86217, 39.97773], [-85.86217, 39.97816], [-85.86219, 39.97864], [-85.86219, 39.97867], [-85.8622, 39.97927], [-85.86222, 39.98151], [-85.86223, 39.98205], [-85.86222, 39.98219], [-85.86222, 39.98274], [-85.86223, 39.98343], [-85.86225, 39.9847], [-85.86225, 39.98483], [-85.86225, 39.98551], [-85.86226, 39.98619], [-85.86225, 39.98688], [-85.86227, 39.9872], [-85.86227, 39.98754], [-85.86228, 39.98765], [-85.86228, 39.9882], [-85.86228, 39.98825], [-85.86228, 39.98828], [-85.86227, 39.98897], [-85.86227, 39.98914], [-85.86227, 39.98919], [-85.86228, 39.98976], [-85.86228, 39.98998], [-85.86228, 39.99039], [-85.86227, 39.99167], [-85.86227, 39.99187], [-85.86226, 39.99204], [-85.86227, 39.99215], [-85.86325, 39.99206], [-85.86401, 39.99198], [-85.86494, 39.9919], [-85.86575, 39.99182], [-85.86676, 39.99173], [-85.86769, 39.99165], [-85.86858, 39.99159], [-85.86933, 39.99153], [-85.87014, 39.99149], [-85.87133, 39.99147], [-85.87166, 39.99147], [-85.87166, 39.99136], [-85.87177, 39.98767], [-85.87237, 39.98767], [-85.87401, 39.98766], [-85.87401, 39.98757], [-85.87404, 39.98683], [-85.87643, 39.98684], [-85.87643, 39.98756], [-85.87787, 39.98755], [-85.87886, 39.98754], [-85.87884, 39.9867], [-85.88115, 39.98668], [-85.88115, 39.98639], [-85.88115, 39.98628], [-85.88357, 39.98623], [-85.88358, 39.98749], [-85.88368, 39.98749], [-85.8861, 39.98747], [-85.88746, 39.98747], [-85.88754, 39.98747], [-85.89022, 39.98744], [-85.8909, 39.98744], [-85.89484, 39.98741], [-85.89573, 39.98741], [-85.89573, 39.98828], [-85.8957, 39.98921], [-85.89571, 39.99083], [-85.89573, 39.99109], [-85.89872, 39.99106], [-85.90025, 39.99106], [-85.90024, 39.99075], [-85.90021, 39.98726], [-85.90015, 39.9872], [-85.90013, 39.98715], [-85.90012, 39.98706], [-85.90011, 39.98643], [-85.90011, 39.98574], [-85.90009, 39.98435], [-85.90307, 39.98431], [-85.90306, 39.98372], [-85.90304, 39.98198], [-85.90006, 39.98201], [-85.89577, 39.98205], [-85.89576, 39.98011], [-85.89533, 39.98011], [-85.89532, 39.97938], [-85.89526, 39.97553], [-85.89719, 39.9755], [-85.89997, 39.97547], [-85.89998, 39.97632], [-85.89982, 39.97635], [-85.89843, 39.97659], [-85.89882, 39.97701], [-85.89907, 39.9773], [-85.9001, 39.97842], [-85.90042, 39.97878], [-85.90078, 39.97919], [-85.90129, 39.97974], [-85.90149, 39.97991], [-85.90476, 39.97989], [-85.90477, 39.98049], [-85.90406, 39.9805], [-85.90406, 39.98098], [-85.90407, 39.98124], [-85.90407, 39.98137], [-85.90407, 39.98145], [-85.90415, 39.98149], [-85.90474, 39.98174], [-85.9049, 39.98184], [-85.90512, 39.98206], [-85.90591, 39.98281], [-85.90606, 39.98295], [-85.90636, 39.98333], [-85.90661, 39.9836], [-85.9067, 39.98368], [-85.90676, 39.98372], [-85.90685, 39.98378], [-85.90693, 39.98383], [-85.90719, 39.98399], [-85.90735, 39.98409], [-85.90779, 39.98426], [-85.90787, 39.98425], [-85.9083, 39.98424], [-85.90854, 39.98423], [-85.90949, 39.98421], [-85.90949, 39.98478], [-85.9095, 39.98501], [-85.9095, 39.98578], [-85.90909, 39.98579], [-85.90873, 39.9858], [-85.90872, 39.98714], [-85.90772, 39.98714], [-85.90706, 39.98715], [-85.90562, 39.98716], [-85.90365, 39.98718], [-85.90362, 39.98718], [-85.90334, 39.98718], [-85.90248, 39.98719], [-85.90249, 39.98863], [-85.90251, 39.99021], [-85.90251, 39.99076], [-85.90252, 39.99105], [-85.90325, 39.99105], [-85.90908, 39.99103], [-85.91463, 39.99104], [-85.91669, 39.99105], [-85.919, 39.99106], [-85.919, 39.99119], [-85.91985, 39.99118], [-85.92066, 39.99117], [-85.92123, 39.99115], [-85.92205, 39.99111], [-85.92234, 39.99109], [-85.92271, 39.99106], [-85.92314, 39.99102], [-85.92356, 39.99098], [-85.92439, 39.99087], [-85.92497, 39.99079], [-85.9258, 39.99067], [-85.92635, 39.99057], [-85.92701, 39.99044], [-85.92755, 39.99033], [-85.92836, 39.99013], [-85.9289, 39.99], [-85.92971, 39.98977], [-85.93037, 39.98957], [-85.931, 39.98936], [-85.93164, 39.98914], [-85.93227, 39.9889], [-85.93278, 39.9887], [-85.93347, 39.98841], [-85.93424, 39.98806], [-85.93666, 39.98691], [-85.9375, 39.98692], [-85.93766, 39.98689], [-85.93767, 39.98689], [-85.93774, 39.98688], [-85.93777, 39.98688], [-85.93779, 39.98687], [-85.93801, 39.98686], [-85.94101, 39.98682], [-85.94236, 39.98681], [-85.94249, 39.98681], [-85.94277, 39.9868], [-85.94652, 39.98675], [-85.94721, 39.98674], [-85.94879, 39.98672], [-85.94902, 39.98672], [-85.94975, 39.98671], [-85.94984, 39.98671], [-85.95125, 39.98667], [-85.95129, 39.98667], [-85.95139, 39.98665], [-85.95169, 39.98658], [-85.95195, 39.9865], [-85.95196, 39.9868], [-85.95196, 39.98746], [-85.95196, 39.98783], [-85.95195, 39.98827], [-85.95195, 39.98871], [-85.95196, 39.98907], [-85.95197, 39.99006], [-85.95197, 39.9903], [-85.9521, 39.9903], [-85.95362, 39.99031], [-85.95377, 39.9903], [-85.95384, 39.9903], [-85.95384, 39.99041], [-85.95384, 39.99052], [-85.95384, 39.99057], [-85.95384, 39.99063], [-85.95384, 39.99068], [-85.95384, 39.99073], [-85.95384, 39.99083], [-85.95376, 39.99083], [-85.95248, 39.99084], [-85.95248, 39.99065], [-85.95211, 39.99066], [-85.95198, 39.99066], [-85.95198, 39.99098], [-85.952, 39.99397], [-85.95492, 39.99394], [-85.95565, 39.99394], [-85.95576, 39.99393], [-85.95671, 39.99393], [-85.95737, 39.99392], [-85.95797, 39.99391], [-85.95805, 39.99391], [-85.95849, 39.99391], [-85.95856, 39.99391], [-85.95897, 39.9939], [-85.95947, 39.9939], [-85.95987, 39.9939], [-85.96004, 39.99389], [-85.96038, 39.99389], [-85.96038, 39.99375], [-85.96037, 39.9931], [-85.96036, 39.9929], [-85.96144, 39.9929], [-85.96146, 39.99376], [-85.96146, 39.99388], [-85.96187, 39.99388], [-85.96238, 39.99388], [-85.96425, 39.99387], [-85.96563, 39.99386], [-85.96578, 39.99386], [-85.96591, 39.99386], [-85.96618, 39.99386], [-85.96618, 39.99371], [-85.96617, 39.99238], [-85.96847, 39.99238], [-85.96854, 39.99238], [-85.96995, 39.99238], [-85.97008, 39.99238], [-85.97006, 39.9912], [-85.97088, 39.99119], [-85.97088, 39.99142], [-85.97088, 39.9915], [-85.97089, 39.99164], [-85.97089, 39.992], [-85.97089, 39.99238], [-85.97089, 39.99277], [-85.9709, 39.99369], [-85.97301, 39.99367], [-85.97349, 39.99366], [-85.97552, 39.99365], [-85.9766, 39.99362], [-85.97663, 39.99362], [-85.97756, 39.99364], [-85.97805, 39.99363], [-85.97988, 39.99363], [-85.97995, 39.99363], [-85.9801, 39.99363], [-85.98011, 39.99375], [-85.9803, 39.99375], [-85.98031, 39.99438], [-85.98031, 39.99456], [-85.98031, 39.99461], [-85.98031, 39.99467], [-85.98031, 39.99481], [-85.98032, 39.99664], [-85.9811, 39.99664], [-85.98109, 39.99742], [-85.98033, 39.99741], [-85.98033, 39.9987], [-85.98034, 39.99981], [-85.98212, 39.99979], [-85.98214, 40.00104], [-85.98656, 40.00101], [-85.98974, 40.00095], [-85.99323, 40.00088], [-85.99447, 40.00086], [-85.99446, 39.99928], [-85.99445, 39.99888], [-85.9918, 39.99893], [-85.9918, 39.99882], [-85.99178, 39.99736], [-85.99443, 39.99733], [-85.99443, 39.99693], [-85.99443, 39.99644], [-85.99441, 39.99573], [-85.99441, 39.99568], [-85.99284, 39.9957], [-85.99198, 39.99571], [-85.99195, 39.99571], [-85.99196, 39.99552], [-85.99197, 39.99541], [-85.99194, 39.99365], [-85.992, 39.99365], [-85.99439, 39.99363], [-85.99665, 39.9936], [-86.00093, 39.99353], [-86.00274, 39.99351], [-86.00387, 39.99349], [-86.00414, 39.99349], [-86.00521, 39.99347], [-86.00544, 39.99347], [-86.00553, 39.99347], [-86.00549, 39.9936], [-86.0087, 39.99359], [-86.00871, 39.99456], [-86.00871, 39.99498], [-86.00872, 39.99539], [-86.00873, 39.99581], [-86.00873, 39.99664], [-86.00874, 39.99718], [-86.00874, 39.99746], [-86.00875, 39.99759], [-86.00875, 39.99783], [-86.00875, 39.9981], [-86.00876, 39.99897], [-86.00876, 39.99898], [-86.00876, 39.99927], [-86.00876, 39.99942], [-86.00877, 39.99995], [-86.00877, 40.00037], [-86.00877, 40.00064], [-86.00878, 40.00077], [-86.01056, 40.00075], [-86.01113, 40.00074], [-86.01143, 40.00073], [-86.01144, 40.00065], [-86.01265, 40.00063], [-86.01352, 40.00049], [-86.0139, 40.00043], [-86.01395, 40.00048], [-86.01402, 40.00046], [-86.01445, 40.0004], [-86.0145, 40.0004], [-86.01454, 40.00039], [-86.01476, 40.00037], [-86.01496, 40.00036], [-86.01512, 40.00036], [-86.0151, 39.99769], [-86.01795, 39.99768], [-86.01796, 39.99817], [-86.01958, 39.99834], [-86.01921, 40.00001], [-86.01938, 40.00001], [-86.01968, 40.00001], [-86.01967, 40.00025], [-86.02227, 40.00023], [-86.02279, 40.00022], [-86.02323, 40.00021], [-86.02322, 40.00004], [-86.02336, 39.99999], [-86.02356, 39.99982], [-86.02367, 39.99954], [-86.02371, 39.99947], [-86.02366, 39.99909], [-86.02366, 39.99874], [-86.02364, 39.9984], [-86.02364, 39.99826], [-86.02366, 39.99812], [-86.02358, 39.99812], [-86.02332, 39.9981], [-86.02301, 39.99807], [-86.01998, 39.99782], [-86.02034, 39.99619], [-86.02042, 39.99588], [-86.02057, 39.99515], [-86.0206, 39.99497], [-86.02068, 39.99458], [-86.02073, 39.99434], [-86.02075, 39.99428], [-86.02085, 39.99382], [-86.02121, 39.99396], [-86.02127, 39.99389], [-86.02145, 39.99361], [-86.02095, 39.9934], [-86.02102, 39.99314], [-86.02104, 39.99304], [-86.02123, 39.99251], [-86.02141, 39.992], [-86.0254, 39.99394], [-86.02558, 39.99403], [-86.02568, 39.99408], [-86.0258, 39.99412], [-86.02595, 39.99398], [-86.02612, 39.99381], [-86.02614, 39.99379], [-86.02627, 39.99364], [-86.02647, 39.99348], [-86.02648, 39.99345], [-86.02655, 39.99339], [-86.0266, 39.99335], [-86.02664, 39.99335], [-86.02676, 39.99329], [-86.02687, 39.9932], [-86.02668, 39.99312], [-86.02649, 39.99303], [-86.02197, 39.99084], [-86.02208, 39.99038], [-86.02215, 39.99027], [-86.02229, 39.98996], [-86.02255, 39.9894], [-86.0228, 39.98888], [-86.02302, 39.9884], [-86.0231, 39.98825], [-86.02295, 39.98826], [-86.02045, 39.98826], [-86.02044, 39.98775], [-86.02319, 39.98773], [-86.02328, 39.98755], [-86.0234, 39.98762], [-86.02718, 39.98955], [-86.02827, 39.9901], [-86.02967, 39.99082], [-86.0299, 39.99092], [-86.03014, 39.99105], [-86.03039, 39.99117], [-86.03063, 39.99102], [-86.03078, 39.9909], [-86.03081, 39.99085], [-86.03097, 39.9907], [-86.031, 39.99068], [-86.03116, 39.9906], [-86.03119, 39.99059], [-86.03124, 39.99057], [-86.03127, 39.99057], [-86.03133, 39.99054], [-86.03136, 39.99053], [-86.03141, 39.99051], [-86.03205, 39.99034], [-86.03235, 39.99031], [-86.03249, 39.9903], [-86.03311, 39.99014], [-86.03311, 39.99005], [-86.03311, 39.98993], [-86.03308, 39.98147], [-86.03304, 39.98144], [-86.03289, 39.98132], [-86.03283, 39.98125], [-86.03281, 39.98119], [-86.03279, 39.98114], [-86.03277, 39.9808], [-86.03278, 39.98049], [-86.03277, 39.98044], [-86.03279, 39.98003], [-86.03285, 39.97912], [-86.03287, 39.97897], [-86.03294, 39.97883], [-86.03299, 39.97869], [-86.033, 39.97848], [-86.033, 39.97821], [-86.03301, 39.97812], [-86.03304, 39.97806], [-86.03309, 39.9778], [-86.03318, 39.97705], [-86.03319, 39.97701], [-86.03317, 39.97697], [-86.03322, 39.97694], [-86.03328, 39.97679], [-86.03332, 39.97675], [-86.03332, 39.97673], [-86.03335, 39.9767], [-86.03337, 39.97667], [-86.0334, 39.97663], [-86.03349, 39.97655], [-86.03352, 39.9765], [-86.03374, 39.9763], [-86.03407, 39.97603], [-86.0345, 39.97554], [-86.03473, 39.9753], [-86.03509, 39.97488], [-86.03517, 39.97479], [-86.03531, 39.97467], [-86.03532, 39.97465], [-86.03569, 39.97432], [-86.03586, 39.97421], [-86.03602, 39.97409], [-86.03642, 39.9738], [-86.03655, 39.9737], [-86.03666, 39.9736], [-86.03671, 39.97356], [-86.03681, 39.97351], [-86.03684, 39.97351], [-86.03686, 39.97349], [-86.0369, 39.97349], [-86.03693, 39.97347], [-86.03703, 39.97344], [-86.03736, 39.9734], [-86.03781, 39.97328], [-86.03788, 39.97325], [-86.03796, 39.97324], [-86.03822, 39.97312], [-86.03861, 39.97293], [-86.03902, 39.97275], [-86.03928, 39.97263], [-86.03941, 39.97257], [-86.03947, 39.97255], [-86.03961, 39.97249], [-86.03995, 39.97237], [-86.04028, 39.97229], [-86.04044, 39.97227], [-86.04067, 39.9723], [-86.04071, 39.97231], [-86.04075, 39.97229], [-86.04077, 39.97231], [-86.04081, 39.97232], [-86.04108, 39.97231], [-86.04114, 39.97229], [-86.04125, 39.97226], [-86.04168, 39.97223], [-86.04191, 39.9722], [-86.04218, 39.97214], [-86.0422, 39.97213], [-86.04224, 39.97212], [-86.04238, 39.97206], [-86.0427, 39.97182], [-86.04281, 39.97177], [-86.04288, 39.97173], [-86.0434, 39.97155], [-86.0435, 39.97152], [-86.04384, 39.97142], [-86.04393, 39.9714], [-86.04396, 39.97138], [-86.04415, 39.97132], [-86.04423, 39.9713], [-86.04428, 39.97129], [-86.04431, 39.97127], [-86.04435, 39.97126], [-86.0445, 39.97118], [-86.04473, 39.97103], [-86.04477, 39.97102], [-86.04501, 39.97089], [-86.04506, 39.97088], [-86.04509, 39.97086], [-86.04514, 39.97085], [-86.04517, 39.97084], [-86.04545, 39.97077], [-86.04554, 39.97075], [-86.04563, 39.97071], [-86.04567, 39.97071], [-86.0457, 39.97069], [-86.04577, 39.97066], [-86.04594, 39.97058], [-86.04603, 39.97052], [-86.04632, 39.9703], [-86.04649, 39.97015], [-86.04652, 39.97011], [-86.04667, 39.96997], [-86.04689, 39.96972], [-86.04727, 39.96928], [-86.04761, 39.96898], [-86.04762, 39.96893], [-86.04778, 39.96879], [-86.04784, 39.96872], [-86.04799, 39.9686], [-86.04807, 39.96856], [-86.04827, 39.9684], [-86.04837, 39.96827], [-86.0485, 39.96811], [-86.04851, 39.96809], [-86.04855, 39.96803], [-86.04856, 39.96801], [-86.0486, 39.96795], [-86.04861, 39.96793], [-86.04864, 39.96789], [-86.04866, 39.96787], [-86.04867, 39.96784], [-86.0487, 39.96781], [-86.04872, 39.96777], [-86.04877, 39.9677], [-86.04879, 39.96766], [-86.04886, 39.96758], [-86.04888, 39.96753], [-86.0489, 39.96751], [-86.04896, 39.96738], [-86.04898, 39.96737], [-86.04904, 39.96723], [-86.04911, 39.96708], [-86.04913, 39.96706], [-86.04926, 39.96679], [-86.04931, 39.96667], [-86.04934, 39.96665], [-86.04936, 39.9666], [-86.04939, 39.96657], [-86.04941, 39.96652], [-86.04944, 39.96649], [-86.04947, 39.96642], [-86.04951, 39.96638], [-86.04951, 39.96636], [-86.04954, 39.96632], [-86.04964, 39.96616], [-86.04976, 39.96594], [-86.04982, 39.96581], [-86.04984, 39.9658], [-86.04986, 39.96574], [-86.04991, 39.96569], [-86.04992, 39.96566], [-86.04995, 39.96563], [-86.04997, 39.96558], [-86.05001, 39.96554], [-86.0501, 39.96534], [-86.05012, 39.96519], [-86.05011, 39.96484], [-86.05019, 39.96468], [-86.05022, 39.96454], [-86.05026, 39.96443], [-86.0503, 39.96433], [-86.05047, 39.96413], [-86.05051, 39.96409], [-86.05051, 39.96408], [-86.05054, 39.96403], [-86.05066, 39.96374], [-86.05075, 39.96351], [-86.05079, 39.96319], [-86.05086, 39.9625], [-86.05094, 39.96199], [-86.05101, 39.96156], [-86.05103, 39.96153], [-86.05105, 39.96135], [-86.05104, 39.96088], [-86.05106, 39.96053], [-86.05108, 39.96038], [-86.05114, 39.96009], [-86.05119, 39.95997], [-86.05121, 39.95989], [-86.05122, 39.95986], [-86.05123, 39.95978], [-86.05126, 39.95964], [-86.05124, 39.95961], [-86.05126, 39.95957], [-86.05129, 39.95948], [-86.05136, 39.9593], [-86.05138, 39.95923], [-86.05143, 39.95911], [-86.05146, 39.95908], [-86.05147, 39.95903], [-86.05151, 39.95899], [-86.05147, 39.95718], [-86.05146, 39.95679], [-86.052, 39.9568], [-86.05377, 39.95674], [-86.05376, 39.95657], [-86.05378, 39.95426], [-86.05379, 39.9535], [-86.05433, 39.95351], [-86.05472, 39.9535], [-86.05885, 39.95349], [-86.05883, 39.95241], [-86.06001, 39.95241], [-86.06007, 39.95241], [-86.06015, 39.95242], [-86.0673, 39.95252], [-86.06763, 39.95252], [-86.068, 39.95253], [-86.06801, 39.95251], [-86.06805, 39.95233], [-86.06814, 39.95213], [-86.06824, 39.95184], [-86.06829, 39.95173], [-86.06845, 39.95146], [-86.06848, 39.9514], [-86.0685, 39.95138], [-86.06856, 39.95124], [-86.06858, 39.95122], [-86.0686, 39.95117], [-86.06862, 39.95116], [-86.06865, 39.95109], [-86.06869, 39.95076], [-86.06882, 39.95064], [-86.06884, 39.95061], [-86.06886, 39.95059], [-86.06889, 39.95053], [-86.06891, 39.95052], [-86.06894, 39.95044], [-86.06896, 39.95027], [-86.06896, 39.95019], [-86.06891, 39.94999], [-86.06889, 39.94994], [-86.06879, 39.94972], [-86.06876, 39.94951], [-86.06873, 39.94937], [-86.0687, 39.94926], [-86.06867, 39.94919], [-86.0686, 39.94906], [-86.0685, 39.9489], [-86.06844, 39.94884], [-86.06839, 39.9488], [-86.06836, 39.94876], [-86.06833, 39.94873], [-86.06831, 39.94868], [-86.06829, 39.94866], [-86.06821, 39.9485], [-86.06816, 39.94844], [-86.06796, 39.94828], [-86.06778, 39.94817], [-86.06749, 39.94799], [-86.06726, 39.94786], [-86.06722, 39.94785], [-86.06715, 39.94782], [-86.0669, 39.94762], [-86.06682, 39.94755], [-86.0668, 39.9475], [-86.06677, 39.94747], [-86.06675, 39.94742], [-86.06672, 39.94739], [-86.0667, 39.94734], [-86.06666, 39.94728], [-86.06664, 39.94724], [-86.06662, 39.94722], [-86.0666, 39.94718], [-86.06654, 39.94711], [-86.06651, 39.94705], [-86.06647, 39.94701], [-86.06647, 39.94698], [-86.06644, 39.94697], [-86.06639, 39.9469], [-86.06622, 39.94677], [-86.0662, 39.94673], [-86.06617, 39.94669], [-86.06587, 39.94647], [-86.06586, 39.94644], [-86.06584, 39.94638], [-86.06582, 39.94637], [-86.0658, 39.94631], [-86.06575, 39.94625], [-86.06572, 39.94616], [-86.0656, 39.94579], [-86.06552, 39.94564], [-86.06541, 39.94542], [-86.06539, 39.94536], [-86.0654, 39.94511], [-86.06539, 39.94503], [-86.06538, 39.94485], [-86.06536, 39.94477], [-86.06535, 39.94463], [-86.06456, 39.94463], [-86.06344, 39.94463], [-86.0602, 39.94463], [-86.06006, 39.94463], [-86.06005, 39.94514], [-86.05545, 39.94517], [-86.05545, 39.94512], [-86.05419, 39.94514], [-86.05409, 39.94513], [-86.05411, 39.94398], [-86.05407, 39.94165], [-86.06021, 39.94158], [-86.06027, 39.94156], [-86.06346, 39.9414], [-86.06346, 39.94155], [-86.06346, 39.94157], [-86.06393, 39.94169], [-86.06394, 39.94299], [-86.06465, 39.94299], [-86.06465, 39.94306], [-86.06463, 39.9434], [-86.06542, 39.94348], [-86.06547, 39.94344], [-86.0655, 39.94337], [-86.06552, 39.94335], [-86.06552, 39.94332], [-86.06555, 39.94327], [-86.06567, 39.94318], [-86.06573, 39.94309], [-86.06577, 39.94304], [-86.0658, 39.94301], [-86.0658, 39.94299], [-86.06584, 39.94295], [-86.06587, 39.9429], [-86.06567, 39.94274], [-86.06567, 39.9427], [-86.06567, 39.94267], [-86.06569, 39.94264], [-86.06573, 39.94263], [-86.06589, 39.94261], [-86.06597, 39.94259], [-86.06599, 39.94258], [-86.06609, 39.94254], [-86.06614, 39.94252], [-86.06637, 39.94234], [-86.0664, 39.94229], [-86.06644, 39.94225], [-86.06646, 39.94224], [-86.06657, 39.94203], [-86.06663, 39.94192], [-86.06677, 39.94182], [-86.06681, 39.94181], [-86.06725, 39.94158], [-86.06729, 39.94158], [-86.06736, 39.94154], [-86.06738, 39.94154], [-86.06741, 39.94152], [-86.06752, 39.94149], [-86.06763, 39.94146], [-86.06814, 39.94137], [-86.06823, 39.94134], [-86.06852, 39.94126], [-86.06898, 39.94113], [-86.06928, 39.941], [-86.0697, 39.94074], [-86.07032, 39.94031], [-86.07081, 39.93996], [-86.07179, 39.9393], [-86.07231, 39.93887], [-86.07255, 39.93865], [-86.07274, 39.93842], [-86.07349, 39.93715], [-86.07389, 39.93638], [-86.07415, 39.93576], [-86.0743, 39.93526], [-86.07474, 39.93344], [-86.07551, 39.93073], [-86.07563, 39.93034], [-86.07605, 39.92931], [-86.07616, 39.929], [-86.07627, 39.92842]], [[-86.05787, 39.93348], [-86.05775, 39.93358], [-86.05741, 39.9339], [-86.05703, 39.9339], [-86.05656, 39.9339], [-86.05657, 39.93369], [-86.05656, 39.93348], [-86.05745, 39.93348], [-86.05787, 39.93348]], [[-86.04902, 39.9416], [-86.0489, 39.94171], [-86.04809, 39.94246], [-86.04803, 39.94251], [-86.04723, 39.94324], [-86.04688, 39.94356], [-86.04677, 39.9435], [-86.04591, 39.94291], [-86.04547, 39.94291], [-86.04547, 39.94338], [-86.04639, 39.94381], [-86.04634, 39.94386], [-86.0461, 39.94403], [-86.04595, 39.94419], [-86.04591, 39.94424], [-86.04515, 39.94499], [-86.04438, 39.945], [-86.04366, 39.94501], [-86.04366, 39.94508], [-86.04366, 39.94577], [-86.04292, 39.94576], [-86.04274, 39.94576], [-86.04274, 39.94586], [-86.04275, 39.94669], [-86.03962, 39.9467], [-86.03957, 39.94465], [-86.03953, 39.94295], [-86.0398, 39.94295], [-86.0406, 39.94295], [-86.0406, 39.94177], [-86.0406, 39.94163], [-86.04215, 39.94163], [-86.0421, 39.94074], [-86.04311, 39.94072], [-86.04347, 39.94074], [-86.04348, 39.94162], [-86.04584, 39.94161], [-86.04587, 39.94109], [-86.04584, 39.93958], [-86.04584, 39.93949], [-86.04692, 39.93953], [-86.0469, 39.9402], [-86.04705, 39.94021], [-86.04737, 39.94022], [-86.04736, 39.94068], [-86.04763, 39.94068], [-86.0479, 39.9416], [-86.04882, 39.9416], [-86.04902, 39.9416]], [[-86.0466, 39.95093], [-86.04661, 39.95114], [-86.04423, 39.95115], [-86.04343, 39.95114], [-86.04345, 39.94988], [-86.04371, 39.94988], [-86.04398, 39.94987], [-86.04398, 39.94962], [-86.04481, 39.94962], [-86.04564, 39.94961], [-86.04606, 39.94961], [-86.04639, 39.9496], [-86.04659, 39.9496], [-86.0466, 39.95087], [-86.0466, 39.95093]], [[-86.03847, 39.94179], [-86.03848, 39.94252], [-86.03776, 39.94252], [-86.03777, 39.94342], [-86.03684, 39.94344], [-86.03684, 39.94291], [-86.03596, 39.94292], [-86.03594, 39.94178], [-86.03594, 39.94164], [-86.03606, 39.94164], [-86.03653, 39.94164], [-86.03715, 39.94164], [-86.03843, 39.94164], [-86.03848, 39.94164], [-86.03847, 39.94179]], [[-86.03592, 39.95478], [-86.03592, 39.95496], [-86.03591, 39.95675], [-86.03519, 39.95675], [-86.03495, 39.95675], [-86.03476, 39.95676], [-86.03456, 39.95676], [-86.03314, 39.95677], [-86.03304, 39.95677], [-86.03305, 39.95655], [-86.03305, 39.956], [-86.03313, 39.956], [-86.03319, 39.956], [-86.03382, 39.956], [-86.03398, 39.9554], [-86.03395, 39.95415], [-86.03395, 39.95408], [-86.035, 39.95408], [-86.03592, 39.95408], [-86.03592, 39.95442], [-86.03501, 39.95442], [-86.03501, 39.95464], [-86.03502, 39.95478], [-86.03592, 39.95478]], [[-86.03536, 39.96997], [-86.03515, 39.9706], [-86.03493, 39.97119], [-86.03491, 39.97124], [-86.03488, 39.97131], [-86.03475, 39.97156], [-86.03467, 39.97171], [-86.03445, 39.97208], [-86.03441, 39.97214], [-86.03418, 39.97247], [-86.03399, 39.97273], [-86.0338, 39.97296], [-86.03364, 39.97313], [-86.03328, 39.97347], [-86.03293, 39.97376], [-86.03251, 39.97409], [-86.03226, 39.97427], [-86.03178, 39.97469], [-86.03141, 39.97497], [-86.02989, 39.974], [-86.02973, 39.97413], [-86.02967, 39.97416], [-86.02963, 39.97417], [-86.02951, 39.97423], [-86.02943, 39.97425], [-86.0294, 39.97427], [-86.02914, 39.97434], [-86.02901, 39.97434], [-86.02885, 39.97433], [-86.0288, 39.9743], [-86.02876, 39.97427], [-86.02873, 39.97419], [-86.02868, 39.97413], [-86.02866, 39.97407], [-86.02862, 39.97403], [-86.02846, 39.97391], [-86.02843, 39.9739], [-86.02831, 39.97389], [-86.02826, 39.9739], [-86.02814, 39.97398], [-86.0281, 39.974], [-86.02806, 39.974], [-86.02798, 39.97398], [-86.02791, 39.97394], [-86.02786, 39.97393], [-86.0278, 39.97391], [-86.02771, 39.97386], [-86.02769, 39.97375], [-86.02773, 39.97364], [-86.02778, 39.9736], [-86.02778, 39.97358], [-86.02786, 39.97351], [-86.0279, 39.97341], [-86.0278, 39.97334], [-86.02714, 39.97337], [-86.0271, 39.97339], [-86.02691, 39.97343], [-86.02686, 39.97345], [-86.02651, 39.97346], [-86.02644, 39.97351], [-86.02642, 39.97352], [-86.02641, 39.97362], [-86.02635, 39.97368], [-86.02633, 39.97369], [-86.02625, 39.9737], [-86.02614, 39.97374], [-86.02608, 39.97376], [-86.02604, 39.97379], [-86.02604, 39.97383], [-86.02639, 39.97415], [-86.0265, 39.97425], [-86.02618, 39.97431], [-86.02581, 39.97438], [-86.02571, 39.97427], [-86.02565, 39.97422], [-86.02572, 39.97131], [-86.0253, 39.97131], [-86.02529, 39.9712], [-86.02527, 39.96696], [-86.02675, 39.96695], [-86.02678, 39.97131], [-86.02685, 39.97131], [-86.02723, 39.97131], [-86.02833, 39.97129], [-86.03168, 39.9713], [-86.03218, 39.9713], [-86.03219, 39.97091], [-86.03222, 39.97041], [-86.03222, 39.9703], [-86.03222, 39.97002], [-86.0326, 39.97002], [-86.03424, 39.97001], [-86.03459, 39.97001], [-86.03536, 39.96997]], [[-86.03491, 39.94503], [-86.03491, 39.9452], [-86.03477, 39.9452], [-86.03317, 39.94521], [-86.03303, 39.94521], [-86.03303, 39.94508], [-86.03303, 39.94491], [-86.03303, 39.94368], [-86.03318, 39.94368], [-86.03491, 39.94368], [-86.03491, 39.94503]], [[-86.03489, 39.9418], [-86.03491, 39.94351], [-86.03318, 39.94351], [-86.03303, 39.94351], [-86.03303, 39.94165], [-86.03304, 39.94165], [-86.03307, 39.94165], [-86.03312, 39.94165], [-86.03317, 39.94165], [-86.0343, 39.94165], [-86.03471, 39.94166], [-86.03489, 39.94166], [-86.03489, 39.9418]], [[-86.03476, 39.94612], [-86.0348, 39.94668], [-86.03318, 39.94665], [-86.03315, 39.94665], [-86.03304, 39.94665], [-86.03303, 39.94644], [-86.03303, 39.94634], [-86.03303, 39.94621], [-86.03303, 39.94616], [-86.03303, 39.94614], [-86.03313, 39.94614], [-86.03317, 39.94614], [-86.03476, 39.94612]], [[-86.03288, 39.93386], [-86.03289, 39.93422], [-86.03288, 39.93457], [-86.03162, 39.93459], [-86.03188, 39.9342], [-86.0321, 39.93385], [-86.03288, 39.93386]], [[-86.03285, 39.93874], [-86.03285, 39.93938], [-86.03112, 39.93939], [-86.03114, 39.94023], [-86.03079, 39.94024], [-86.02822, 39.94028], [-86.02821, 39.93981], [-86.02812, 39.93977], [-86.0306, 39.93613], [-86.03059, 39.93717], [-86.03068, 39.93714], [-86.03217, 39.93714], [-86.03218, 39.93727], [-86.03218, 39.93786], [-86.03189, 39.9379], [-86.03175, 39.93793], [-86.03168, 39.93795], [-86.03163, 39.93796], [-86.03153, 39.93803], [-86.03148, 39.93809], [-86.03141, 39.93816], [-86.03138, 39.93819], [-86.03127, 39.93838], [-86.03133, 39.9384], [-86.0323, 39.93874], [-86.03285, 39.93874]], [[-86.02866, 39.97856], [-86.02773, 39.97989], [-86.02627, 39.98203], [-86.02581, 39.98277], [-86.02539, 39.98347], [-86.02522, 39.98375], [-86.02511, 39.98394], [-86.02509, 39.98398], [-86.02042, 39.98401], [-86.02041, 39.97855], [-86.02072, 39.97855], [-86.02153, 39.97855], [-86.02268, 39.97855], [-86.02407, 39.97856], [-86.02569, 39.97856], [-86.02866, 39.97856]], [[-86.02784, 39.94185], [-86.02786, 39.94221], [-86.02638, 39.94219], [-86.0266, 39.94186], [-86.02666, 39.94177], [-86.02667, 39.94176], [-86.02668, 39.94174], [-86.02784, 39.94172], [-86.02784, 39.94177], [-86.02784, 39.94185]], [[-86.02583, 39.95518], [-86.02585, 39.95664], [-86.02511, 39.95664], [-86.02339, 39.95665], [-86.02342, 39.95476], [-86.02341, 39.95464], [-86.02385, 39.95464], [-86.02412, 39.95464], [-86.02411, 39.95491], [-86.02423, 39.95491], [-86.02495, 39.95491], [-86.02496, 39.95506], [-86.02583, 39.95507], [-86.02583, 39.95518]], [[-86.0198, 39.97142], [-86.01981, 39.97396], [-86.01972, 39.97394], [-86.01829, 39.97367], [-86.01826, 39.97146], [-86.01826, 39.97129], [-86.01922, 39.97129], [-86.01974, 39.97129], [-86.0198, 39.97129], [-86.0198, 39.97142]], [[-86.01598, 39.94528], [-86.01431, 39.94762], [-86.01426, 39.94768], [-86.0141, 39.9479], [-86.01407, 39.94798], [-86.01388, 39.94797], [-86.01371, 39.94797], [-86.0137, 39.94798], [-86.01361, 39.94796], [-86.01365, 39.94791], [-86.01372, 39.94779], [-86.01384, 39.9473], [-86.01387, 39.94719], [-86.01388, 39.94695], [-86.01391, 39.94679], [-86.01391, 39.94609], [-86.0139, 39.94528], [-86.01598, 39.94528]], [[-86.01541, 39.99372], [-86.01541, 39.99439], [-86.01413, 39.99443], [-86.01412, 39.99372], [-86.01541, 39.99372]], [[-86.01412, 39.99172], [-86.01412, 39.99179], [-86.01276, 39.99179], [-86.01275, 39.99048], [-86.01319, 39.99048], [-86.01396, 39.99047], [-86.01398, 39.99151], [-86.01407, 39.99151], [-86.01408, 39.9916], [-86.01412, 39.9916], [-86.01412, 39.99172]], [[-86.01399, 39.97564], [-86.01401, 39.97732], [-86.01291, 39.97736], [-86.01276, 39.97736], [-86.01321, 39.97876], [-86.01289, 39.97876], [-86.01227, 39.97877], [-86.01222, 39.97813], [-86.01221, 39.97794], [-86.01172, 39.97793], [-86.01144, 39.97794], [-86.01144, 39.97725], [-86.01144, 39.97552], [-86.01146, 39.97165], [-86.01146, 39.97152], [-86.01172, 39.97152], [-86.01214, 39.97151], [-86.01234, 39.97151], [-86.01299, 39.9715], [-86.01312, 39.9715], [-86.01321, 39.97149], [-86.01319, 39.97033], [-86.01333, 39.97033], [-86.01393, 39.97033], [-86.01394, 39.97138], [-86.01397, 39.97332], [-86.01398, 39.97356], [-86.01398, 39.97505], [-86.01398, 39.97512], [-86.01399, 39.9754], [-86.01399, 39.97564]], [[-86.01392, 39.96887], [-86.01393, 39.97008], [-86.01333, 39.97006], [-86.01319, 39.97005], [-86.01316, 39.96815], [-86.01329, 39.96815], [-86.01391, 39.96815], [-86.01392, 39.96887]], [[-86.01387, 39.96412], [-86.01387, 39.9642], [-86.01378, 39.9642], [-86.01342, 39.96419], [-86.01342, 39.96376], [-86.01342, 39.96369], [-86.01363, 39.9637], [-86.01373, 39.9637], [-86.01386, 39.9637], [-86.01386, 39.96376], [-86.01386, 39.96379], [-86.01387, 39.96412]], [[-86.01372, 39.96274], [-86.01372, 39.96321], [-86.0134, 39.9632], [-86.01341, 39.96358], [-86.01341, 39.96365], [-86.01331, 39.96365], [-86.01292, 39.96364], [-86.01284, 39.96364], [-86.01278, 39.96362], [-86.01273, 39.96361], [-86.01271, 39.9636], [-86.01271, 39.96368], [-86.01259, 39.96376], [-86.01256, 39.96373], [-86.01255, 39.9637], [-86.01255, 39.96362], [-86.0125, 39.96362], [-86.01187, 39.96361], [-86.01257, 39.96257], [-86.01362, 39.96103], [-86.01366, 39.96116], [-86.01369, 39.96127], [-86.0137, 39.96138], [-86.01371, 39.96161], [-86.01371, 39.96172], [-86.01372, 39.96274]], [[-86.01066, 39.97893], [-86.01066, 39.98061], [-86.00984, 39.98061], [-86.00984, 39.98029], [-86.00984, 39.97982], [-86.00984, 39.97948], [-86.00984, 39.9794], [-86.01022, 39.97939], [-86.01022, 39.9788], [-86.01032, 39.9788], [-86.01051, 39.97879], [-86.01066, 39.97879], [-86.01066, 39.97893]], [[-86.00972, 39.97783], [-86.00973, 39.9788], [-86.00969, 39.9788], [-86.00933, 39.97881], [-86.00913, 39.97881], [-86.00886, 39.97882], [-86.00864, 39.97882], [-86.00856, 39.97882], [-86.00855, 39.97867], [-86.00855, 39.9784], [-86.00854, 39.97719], [-86.00863, 39.97719], [-86.00968, 39.97717], [-86.00971, 39.97717], [-86.00972, 39.97783]], [[-86.00793, 39.938], [-86.00792, 39.94155], [-86.00792, 39.94167], [-86.00782, 39.94167], [-86.00719, 39.94166], [-86.00517, 39.94165], [-86.00508, 39.94164], [-86.00502, 39.94164], [-86.00501, 39.94151], [-86.005, 39.94113], [-86.00563, 39.94114], [-86.00564, 39.938], [-86.00793, 39.938]], [[-86.00438, 39.94155], [-86.00438, 39.94164], [-86.00381, 39.94163], [-86.0025, 39.94161], [-86.00162, 39.9416], [-86.00103, 39.94159], [-86.00046, 39.94159], [-86.00023, 39.94158], [-86.00009, 39.94158], [-86.00009, 39.94145], [-86.00009, 39.94112], [-86.0005, 39.94095], [-86.00064, 39.94018], [-86.00064, 39.94002], [-86.00038, 39.93978], [-86.00095, 39.93954], [-86.00153, 39.93921], [-86.00229, 39.93796], [-86.00316, 39.93799], [-86.00436, 39.93799], [-86.00437, 39.93942], [-86.00438, 39.94155]], [[-85.99961, 39.95189], [-85.99961, 39.95247], [-85.99637, 39.95247], [-85.99493, 39.9525], [-85.99472, 39.95251], [-85.99399, 39.95251], [-85.99326, 39.95251], [-85.99328, 39.9488], [-85.99021, 39.94881], [-85.99021, 39.94789], [-85.99494, 39.94789], [-85.99494, 39.94805], [-85.99494, 39.95161], [-85.99493, 39.9519], [-85.99663, 39.9519], [-85.99961, 39.95189]], [[-85.99499, 39.93961], [-85.99498, 39.94048], [-85.99498, 39.94128], [-85.99498, 39.94155], [-85.99468, 39.94155], [-85.99273, 39.94155], [-85.99154, 39.94156], [-85.99144, 39.94156], [-85.99028, 39.94155], [-85.99028, 39.94082], [-85.99109, 39.94082], [-85.99095, 39.94041], [-85.99073, 39.9404], [-85.99023, 39.94041], [-85.99026, 39.93821], [-85.9924, 39.9382], [-85.99229, 39.93891], [-85.99238, 39.93891], [-85.99248, 39.9389], [-85.99261, 39.93888], [-85.9927, 39.93886], [-85.99307, 39.93875], [-85.99314, 39.93873], [-85.99278, 39.938], [-85.99282, 39.93796], [-85.99357, 39.93781], [-85.99357, 39.93745], [-85.99356, 39.93739], [-85.99365, 39.93736], [-85.99364, 39.937], [-85.99491, 39.93704], [-85.99491, 39.93842], [-85.99483, 39.9397], [-85.99493, 39.93966], [-85.99499, 39.93961]], [[-85.99483, 39.94518], [-85.9948, 39.94575], [-85.9948, 39.94602], [-85.9948, 39.94633], [-85.99481, 39.94693], [-85.99024, 39.94693], [-85.99024, 39.94644], [-85.99024, 39.9452], [-85.99465, 39.94518], [-85.99483, 39.94518]], [[-85.99434, 39.98997], [-85.99435, 39.99058], [-85.99379, 39.99059], [-85.99366, 39.99059], [-85.99366, 39.98996], [-85.9938, 39.98996], [-85.99434, 39.98997]], [[-85.99429, 39.98269], [-85.99429, 39.98385], [-85.99429, 39.98442], [-85.9941, 39.98436], [-85.98968, 39.98436], [-85.98969, 39.98351], [-85.98969, 39.98277], [-85.98969, 39.98269], [-85.99123, 39.98268], [-85.99278, 39.98267], [-85.99278, 39.98187], [-85.99278, 39.98157], [-85.99291, 39.98157], [-85.99291, 39.98045], [-85.99293, 39.97907], [-85.99373, 39.97906], [-85.99407, 39.97906], [-85.99426, 39.97907], [-85.99428, 39.98071], [-85.99428, 39.98172], [-85.99429, 39.98234], [-85.99429, 39.98269]], [[-85.99207, 39.97907], [-85.99206, 39.97988], [-85.99203, 39.98047], [-85.98955, 39.9805], [-85.98954, 39.97912], [-85.99207, 39.97907]], [[-85.99004, 39.97121], [-85.99005, 39.97172], [-85.98987, 39.97173], [-85.9895, 39.97173], [-85.9895, 39.97355], [-85.98868, 39.97356], [-85.98864, 39.97174], [-85.98832, 39.97174], [-85.98802, 39.97175], [-85.98771, 39.97175], [-85.98762, 39.97175], [-85.98762, 39.97357], [-85.98479, 39.9736], [-85.98474, 39.97178], [-85.98475, 39.97173], [-85.9847, 39.97173], [-85.98469, 39.97167], [-85.98468, 39.96846], [-85.9891, 39.96797], [-85.98953, 39.96792], [-85.98954, 39.9712], [-85.98987, 39.97121], [-85.99004, 39.97121]], [[-85.98939, 39.9608], [-85.98942, 39.96442], [-85.98926, 39.96442], [-85.98908, 39.96443], [-85.98818, 39.96444], [-85.98597, 39.96445], [-85.98375, 39.96447], [-85.98371, 39.96266], [-85.98383, 39.96264], [-85.98386, 39.96262], [-85.98392, 39.9626], [-85.98396, 39.96257], [-85.98403, 39.96256], [-85.98425, 39.96246], [-85.98428, 39.96246], [-85.98435, 39.96242], [-85.98438, 39.96242], [-85.98444, 39.96239], [-85.9845, 39.96238], [-85.98455, 39.96235], [-85.98461, 39.96234], [-85.98466, 39.96231], [-85.98468, 39.96231], [-85.98473, 39.96228], [-85.98478, 39.96227], [-85.98483, 39.96224], [-85.98518, 39.9621], [-85.98549, 39.96196], [-85.98591, 39.96175], [-85.98605, 39.96171], [-85.98615, 39.9617], [-85.98619, 39.96169], [-85.98627, 39.96167], [-85.98637, 39.96162], [-85.9865, 39.96152], [-85.98657, 39.96144], [-85.98659, 39.96138], [-85.98664, 39.9613], [-85.98665, 39.96127], [-85.98667, 39.96124], [-85.98667, 39.96122], [-85.98672, 39.96116], [-85.98672, 39.96114], [-85.98677, 39.96108], [-85.98677, 39.96106], [-85.9868, 39.96102], [-85.98685, 39.96091], [-85.98687, 39.96087], [-85.98689, 39.96078], [-85.98939, 39.9608]], [[-85.9873, 39.95692], [-85.9873, 39.95695], [-85.98722, 39.95699], [-85.9855, 39.957], [-85.98549, 39.95696], [-85.9855, 39.95653], [-85.9873, 39.95653], [-85.9873, 39.95658], [-85.9873, 39.95692]], [[-85.98636, 39.9792], [-85.98636, 39.98047], [-85.98485, 39.98049], [-85.98484, 39.97921], [-85.98636, 39.9792]], [[-85.98552, 39.93795], [-85.98552, 39.93863], [-85.9855, 39.94156], [-85.9855, 39.94194], [-85.98549, 39.94274], [-85.98549, 39.94342], [-85.98549, 39.94401], [-85.98549, 39.94418], [-85.98412, 39.94435], [-85.98365, 39.94448], [-85.98316, 39.94462], [-85.98316, 39.94477], [-85.98316, 39.94508], [-85.98236, 39.94508], [-85.98213, 39.94496], [-85.98188, 39.94486], [-85.98188, 39.945], [-85.98171, 39.945], [-85.98171, 39.94523], [-85.98171, 39.94535], [-85.98139, 39.94551], [-85.9808, 39.94578], [-85.98078, 39.94604], [-85.9808, 39.94632], [-85.98029, 39.94626], [-85.98016, 39.94627], [-85.97977, 39.94626], [-85.97977, 39.94581], [-85.97963, 39.94581], [-85.97963, 39.94497], [-85.97955, 39.94461], [-85.97806, 39.94461], [-85.97785, 39.94405], [-85.97725, 39.94418], [-85.97709, 39.94385], [-85.97704, 39.94348], [-85.97709, 39.94347], [-85.97694, 39.94307], [-85.97694, 39.94269], [-85.97694, 39.94262], [-85.97693, 39.94255], [-85.97693, 39.9416], [-85.97702, 39.9416], [-85.97741, 39.9416], [-85.97843, 39.94159], [-85.97841, 39.93798], [-85.98065, 39.93797], [-85.9807, 39.94034], [-85.98066, 39.94047], [-85.98066, 39.94125], [-85.98083, 39.94125], [-85.98087, 39.94125], [-85.98134, 39.94093], [-85.98187, 39.94093], [-85.98185, 39.94157], [-85.98229, 39.94157], [-85.98229, 39.94095], [-85.9823, 39.94064], [-85.9823, 39.94037], [-85.98232, 39.93997], [-85.98362, 39.93997], [-85.9836, 39.9398], [-85.98362, 39.93963], [-85.98364, 39.93796], [-85.9846, 39.93796], [-85.98506, 39.93796], [-85.98511, 39.93795], [-85.98552, 39.93795]], [[-85.98351, 39.95734], [-85.98351, 39.96071], [-85.98086, 39.96083], [-85.97848, 39.96086], [-85.97849, 39.95733], [-85.97849, 39.9572], [-85.97849, 39.95707], [-85.97829, 39.95707], [-85.97829, 39.95698], [-85.97835, 39.95694], [-85.97839, 39.95694], [-85.97847, 39.9569], [-85.97853, 39.95685], [-85.97854, 39.95683], [-85.97856, 39.95679], [-85.97857, 39.95677], [-85.97861, 39.95672], [-85.97861, 39.9567], [-85.97865, 39.95665], [-85.97871, 39.95659], [-85.97879, 39.95651], [-85.97884, 39.95648], [-85.9789, 39.95645], [-85.97901, 39.95639], [-85.97909, 39.95633], [-85.97951, 39.95633], [-85.97967, 39.95632], [-85.97967, 39.95619], [-85.98076, 39.95526], [-85.98076, 39.95717], [-85.98076, 39.95731], [-85.98181, 39.95731], [-85.98351, 39.95734]], [[-85.98254, 39.9317], [-85.98254, 39.9318], [-85.98083, 39.93181], [-85.98083, 39.93164], [-85.98083, 39.93141], [-85.98084, 39.93092], [-85.98084, 39.93073], [-85.98084, 39.9307], [-85.98254, 39.9307], [-85.98254, 39.9317]], [[-85.98184, 39.98714], [-85.98188, 39.99007], [-85.98027, 39.99009], [-85.98026, 39.98969], [-85.98024, 39.9881], [-85.98024, 39.9873], [-85.98024, 39.98716], [-85.98184, 39.98714]], [[-85.98182, 39.9712], [-85.98182, 39.9718], [-85.98083, 39.97181], [-85.98003, 39.97181], [-85.98003, 39.97299], [-85.9766, 39.97302], [-85.9766, 39.97184], [-85.97605, 39.97184], [-85.97531, 39.97185], [-85.9753, 39.97055], [-85.97529, 39.96973], [-85.9753, 39.96949], [-85.977, 39.96931], [-85.97974, 39.969], [-85.98073, 39.96889], [-85.98074, 39.97121], [-85.98082, 39.97121], [-85.98182, 39.9712]], [[-85.98126, 39.97925], [-85.98131, 39.98276], [-85.9803, 39.98277], [-85.9803, 39.98273], [-85.98021, 39.98031], [-85.98017, 39.97922], [-85.98126, 39.97925]], [[-85.98096, 39.98445], [-85.98096, 39.98548], [-85.98021, 39.98548], [-85.98007, 39.98548], [-85.98009, 39.98643], [-85.98009, 39.9865], [-85.97452, 39.9865], [-85.97082, 39.98655], [-85.97082, 39.98664], [-85.97083, 39.98688], [-85.97056, 39.98688], [-85.97042, 39.98687], [-85.97019, 39.98683], [-85.96989, 39.98674], [-85.96972, 39.98668], [-85.96954, 39.98663], [-85.96931, 39.98659], [-85.96906, 39.98656], [-85.96678, 39.98655], [-85.96655, 39.98656], [-85.96655, 39.98651], [-85.96659, 39.98555], [-85.96741, 39.98554], [-85.9674, 39.9851], [-85.96739, 39.98447], [-85.9674, 39.98307], [-85.9674, 39.98289], [-85.96769, 39.98289], [-85.96765, 39.9798], [-85.96751, 39.97986], [-85.96744, 39.97991], [-85.96742, 39.97991], [-85.96735, 39.97995], [-85.96731, 39.97997], [-85.96711, 39.98009], [-85.96689, 39.98021], [-85.96682, 39.98026], [-85.96679, 39.97925], [-85.96877, 39.97923], [-85.9688, 39.97926], [-85.96873, 39.97943], [-85.96853, 39.97949], [-85.96845, 39.97954], [-85.96832, 39.97959], [-85.96835, 39.98023], [-85.97073, 39.98023], [-85.97073, 39.98029], [-85.97074, 39.98123], [-85.97075, 39.98159], [-85.97076, 39.98219], [-85.97076, 39.98239], [-85.97076, 39.98276], [-85.97077, 39.98282], [-85.97992, 39.98278], [-85.98001, 39.98278], [-85.98013, 39.98278], [-85.98018, 39.98278], [-85.98018, 39.98292], [-85.98019, 39.98323], [-85.98019, 39.98327], [-85.9802, 39.98432], [-85.9802, 39.98445], [-85.98096, 39.98445]], [[-85.97995, 39.96463], [-85.97996, 39.96504], [-85.97991, 39.96543], [-85.97988, 39.96558], [-85.97987, 39.96561], [-85.97985, 39.96566], [-85.97977, 39.96586], [-85.97961, 39.96617], [-85.97948, 39.96643], [-85.97936, 39.96672], [-85.9792, 39.96701], [-85.97914, 39.96714], [-85.97913, 39.96717], [-85.97906, 39.9676], [-85.9785, 39.9676], [-85.97531, 39.96763], [-85.97531, 39.96739], [-85.97531, 39.96725], [-85.9753, 39.96464], [-85.97528, 39.96455], [-85.97461, 39.96456], [-85.974, 39.96457], [-85.97384, 39.96457], [-85.97325, 39.96457], [-85.97317, 39.96457], [-85.97251, 39.96458], [-85.97227, 39.96458], [-85.97058, 39.9646], [-85.97058, 39.9642], [-85.97208, 39.96418], [-85.97227, 39.96418], [-85.9725, 39.96418], [-85.97317, 39.96417], [-85.97324, 39.96417], [-85.97324, 39.96359], [-85.97384, 39.96357], [-85.97383, 39.9615], [-85.97407, 39.96149], [-85.97418, 39.96149], [-85.97418, 39.96094], [-85.97407, 39.96094], [-85.97314, 39.96096], [-85.97314, 39.96092], [-85.97191, 39.96094], [-85.9719, 39.96075], [-85.97188, 39.95749], [-85.97646, 39.95738], [-85.97648, 39.9609], [-85.97823, 39.96086], [-85.97824, 39.96104], [-85.97827, 39.96263], [-85.97834, 39.96262], [-85.97836, 39.96448], [-85.97836, 39.96452], [-85.97838, 39.96466], [-85.97971, 39.96463], [-85.97995, 39.96463]], [[-85.97893, 39.96816], [-85.97894, 39.96885], [-85.97838, 39.96891], [-85.97738, 39.96902], [-85.97531, 39.96925], [-85.97531, 39.96817], [-85.97842, 39.96818], [-85.97854, 39.96817], [-85.97893, 39.96816]], [[-85.976, 39.94175], [-85.976, 39.94183], [-85.976, 39.94327], [-85.97596, 39.94458], [-85.97595, 39.94503], [-85.97594, 39.94509], [-85.97361, 39.94465], [-85.97326, 39.94465], [-85.97326, 39.94444], [-85.97322, 39.94175], [-85.976, 39.94175]], [[-85.97181, 39.94436], [-85.97181, 39.94466], [-85.97064, 39.9447], [-85.96976, 39.94468], [-85.96895, 39.94472], [-85.96902, 39.94858], [-85.9666, 39.94861], [-85.96645, 39.94861], [-85.96645, 39.94875], [-85.96512, 39.94876], [-85.96513, 39.9489], [-85.96514, 39.95008], [-85.96371, 39.95009], [-85.96372, 39.95062], [-85.96373, 39.95163], [-85.9629, 39.95164], [-85.96188, 39.95097], [-85.96127, 39.95038], [-85.96127, 39.95015], [-85.96029, 39.95014], [-85.96025, 39.94875], [-85.96007, 39.94786], [-85.95997, 39.94767], [-85.95989, 39.94746], [-85.96118, 39.94747], [-85.96118, 39.94707], [-85.96078, 39.94706], [-85.96078, 39.9469], [-85.96063, 39.9469], [-85.96047, 39.94711], [-85.96015, 39.94718], [-85.96002, 39.94715], [-85.95972, 39.94732], [-85.95958, 39.9474], [-85.95945, 39.94722], [-85.95939, 39.94711], [-85.95911, 39.94668], [-85.95819, 39.94531], [-85.95832, 39.94531], [-85.95883, 39.9453], [-85.95942, 39.9453], [-85.95941, 39.94457], [-85.9609, 39.94458], [-85.96089, 39.94394], [-85.96166, 39.94395], [-85.9618, 39.94395], [-85.9618, 39.94429], [-85.96303, 39.94428], [-85.96303, 39.94433], [-85.96303, 39.94464], [-85.96414, 39.94464], [-85.9641, 39.9431], [-85.96321, 39.94311], [-85.96203, 39.94312], [-85.962, 39.94186], [-85.96459, 39.94182], [-85.96659, 39.94179], [-85.96898, 39.94174], [-85.9718, 39.94174], [-85.97181, 39.94436]], [[-85.97086, 39.98988], [-85.97087, 39.99019], [-85.96931, 39.99019], [-85.96933, 39.98988], [-85.9693, 39.9893], [-85.97085, 39.98929], [-85.97086, 39.98988]], [[-85.96903, 39.95112], [-85.96904, 39.95249], [-85.96756, 39.9525], [-85.96722, 39.9525], [-85.96723, 39.95314], [-85.96723, 39.95354], [-85.96655, 39.95355], [-85.96655, 39.9532], [-85.96655, 39.95278], [-85.96654, 39.95268], [-85.96651, 39.95261], [-85.96645, 39.95253], [-85.96643, 39.9525], [-85.9663, 39.9525], [-85.96627, 39.9525], [-85.96573, 39.95251], [-85.96573, 39.95216], [-85.96573, 39.95143], [-85.96659, 39.95143], [-85.96659, 39.95088], [-85.96659, 39.9506], [-85.96659, 39.94989], [-85.96677, 39.94989], [-85.96728, 39.94988], [-85.96729, 39.95112], [-85.96859, 39.95112], [-85.96903, 39.95112]], [[-85.96691, 39.96206], [-85.96692, 39.96464], [-85.9659, 39.96465], [-85.96589, 39.965], [-85.96589, 39.9655], [-85.96591, 39.96639], [-85.96591, 39.96764], [-85.96591, 39.96815], [-85.96592, 39.96828], [-85.9612, 39.96831], [-85.96118, 39.96581], [-85.96117, 39.96472], [-85.96111, 39.95777], [-85.96111, 39.95759], [-85.96111, 39.95742], [-85.96167, 39.95742], [-85.96203, 39.95741], [-85.96584, 39.95736], [-85.96583, 39.95769], [-85.96583, 39.95971], [-85.96583, 39.96019], [-85.96583, 39.96166], [-85.96584, 39.96207], [-85.96691, 39.96206]], [[-85.96598, 39.97138], [-85.96598, 39.97146], [-85.96596, 39.97154], [-85.96593, 39.97157], [-85.96591, 39.97161], [-85.96587, 39.97164], [-85.96582, 39.97167], [-85.96577, 39.97169], [-85.96571, 39.97171], [-85.96562, 39.97173], [-85.96549, 39.97173], [-85.96529, 39.97173], [-85.96492, 39.97173], [-85.9649, 39.97173], [-85.96491, 39.97157], [-85.96465, 39.97174], [-85.96122, 39.97175], [-85.96121, 39.96967], [-85.96592, 39.96962], [-85.96592, 39.96974], [-85.96593, 39.97], [-85.96593, 39.97016], [-85.96594, 39.97096], [-85.96597, 39.97119], [-85.96598, 39.97138]], [[-85.96256, 39.98293], [-85.96261, 39.98658], [-85.96108, 39.98659], [-85.96088, 39.98659], [-85.95976, 39.9866], [-85.95938, 39.9866], [-85.95886, 39.9866], [-85.95812, 39.98658], [-85.95812, 39.98645], [-85.95811, 39.98536], [-85.95852, 39.98498], [-85.96074, 39.98295], [-85.96165, 39.98294], [-85.96256, 39.98293]], [[-85.96022, 39.97561], [-85.96018, 39.97581], [-85.96017, 39.97749], [-85.95817, 39.97751], [-85.95789, 39.97751], [-85.95785, 39.9776], [-85.9579, 39.97933], [-85.95816, 39.97933], [-85.95878, 39.97932], [-85.95884, 39.98297], [-85.95663, 39.98299], [-85.95662, 39.98194], [-85.95208, 39.98199], [-85.95207, 39.98101], [-85.95379, 39.98095], [-85.95377, 39.97952], [-85.95658, 39.97948], [-85.95658, 39.97934], [-85.95655, 39.97737], [-85.95711, 39.9771], [-85.96022, 39.97561]], [[-85.95852, 39.95583], [-85.95852, 39.95745], [-85.95808, 39.95746], [-85.95759, 39.95746], [-85.95701, 39.95747], [-85.95701, 39.9559], [-85.95754, 39.95576], [-85.95826, 39.95576], [-85.95844, 39.95584], [-85.95852, 39.95583]], [[-85.95653, 39.97569], [-85.95654, 39.9771], [-85.95601, 39.97735], [-85.95393, 39.97835], [-85.95388, 39.97572], [-85.95602, 39.9757], [-85.95653, 39.97569]], [[-85.95649, 39.97205], [-85.95651, 39.97391], [-85.95491, 39.97393], [-85.95488, 39.97207], [-85.9561, 39.97205], [-85.95649, 39.97205]], [[-85.95084, 39.97862], [-85.95085, 39.9794], [-85.95004, 39.97941], [-85.94894, 39.97942], [-85.94895, 39.97862], [-85.9501, 39.97862], [-85.95084, 39.97862]], [[-85.95077, 39.97279], [-85.95078, 39.97298], [-85.94932, 39.973], [-85.94931, 39.97212], [-85.95077, 39.97211], [-85.95077, 39.9722], [-85.95077, 39.97279]], [[-85.94851, 39.97943], [-85.94851, 39.98095], [-85.94717, 39.98159], [-85.94258, 39.98379], [-85.9426, 39.98302], [-85.94258, 39.98179], [-85.94243, 39.98179], [-85.94241, 39.98028], [-85.9424, 39.9795], [-85.94382, 39.97949], [-85.94594, 39.97946], [-85.94692, 39.97945], [-85.94851, 39.97943]], [[-85.94228, 39.96377], [-85.94228, 39.96385], [-85.94128, 39.96385], [-85.94128, 39.96347], [-85.94228, 39.96347], [-85.94228, 39.96355], [-85.94228, 39.96377]], [[-85.94224, 39.97228], [-85.94218, 39.97676], [-85.94223, 39.97724], [-85.93766, 39.97729], [-85.93766, 39.97716], [-85.9376, 39.97232], [-85.94224, 39.97228]], [[-85.93517, 39.95777], [-85.93518, 39.95875], [-85.93462, 39.95875], [-85.9346, 39.95778], [-85.93486, 39.95777], [-85.93517, 39.95777]], [[-85.93339, 39.95778], [-85.9334, 39.95836], [-85.93315, 39.95837], [-85.93301, 39.95837], [-85.93281, 39.95837], [-85.93281, 39.95825], [-85.93236, 39.95825], [-85.93236, 39.95779], [-85.93272, 39.95778], [-85.93314, 39.95778], [-85.93339, 39.95778]], [[-85.93026, 39.9578], [-85.93027, 39.95827], [-85.92917, 39.95828], [-85.92883, 39.95829], [-85.92811, 39.95829], [-85.92807, 39.9586], [-85.92807, 39.96131], [-85.92241, 39.96131], [-85.92241, 39.96084], [-85.92342, 39.96084], [-85.92344, 39.95785], [-85.92552, 39.95783], [-85.92604, 39.95783], [-85.92883, 39.95781], [-85.9292, 39.95781], [-85.93026, 39.9578]], [[-85.92983, 39.98076], [-85.92985, 39.98132], [-85.92846, 39.98135], [-85.92834, 39.98135], [-85.92836, 39.9812], [-85.92836, 39.98105], [-85.92831, 39.98036], [-85.92834, 39.97998], [-85.92833, 39.97987], [-85.92845, 39.97987], [-85.92967, 39.97986], [-85.9298, 39.97986], [-85.92981, 39.98076], [-85.92983, 39.98076]], [[-85.92829, 39.9755], [-85.92833, 39.97602], [-85.92116, 39.97609], [-85.91914, 39.97611], [-85.91904, 39.9756], [-85.91901, 39.97484], [-85.91899, 39.97445], [-85.91893, 39.97262], [-85.92072, 39.97267], [-85.92072, 39.97248], [-85.92119, 39.97249], [-85.92246, 39.97247], [-85.92245, 39.97267], [-85.92333, 39.97267], [-85.92348, 39.97273], [-85.92371, 39.9727], [-85.92399, 39.97267], [-85.92525, 39.97265], [-85.92518, 39.9749], [-85.92517, 39.97522], [-85.92534, 39.97522], [-85.92538, 39.97554], [-85.92829, 39.9755]], [[-85.9281, 39.96879], [-85.92811, 39.96918], [-85.92744, 39.96919], [-85.92687, 39.96899], [-85.92687, 39.96881], [-85.9281, 39.96879]], [[-85.92636, 39.97235], [-85.92636, 39.97249], [-85.92524, 39.97249], [-85.92524, 39.97237], [-85.92524, 39.97229], [-85.92525, 39.97185], [-85.92634, 39.97185], [-85.92636, 39.97229], [-85.92636, 39.97235]], [[-85.92267, 39.95786], [-85.92268, 39.9583], [-85.92224, 39.95831], [-85.92195, 39.95832], [-85.92194, 39.95787], [-85.9222, 39.95787], [-85.92239, 39.95787], [-85.92267, 39.95786]], [[-85.91976, 39.97102], [-85.91976, 39.97148], [-85.91945, 39.97148], [-85.91945, 39.97166], [-85.91922, 39.97182], [-85.91906, 39.97182], [-85.91893, 39.97182], [-85.91892, 39.97103], [-85.91907, 39.97103], [-85.91976, 39.97102]], [[-85.91616, 39.95894], [-85.91616, 39.95904], [-85.91606, 39.95904], [-85.91598, 39.95905], [-85.91599, 39.95958], [-85.91599, 39.95964], [-85.914, 39.95967], [-85.914, 39.95958], [-85.91398, 39.95784], [-85.91606, 39.95781], [-85.91615, 39.95781], [-85.91615, 39.958], [-85.91616, 39.95894]], [[-85.91046, 39.95999], [-85.91046, 39.96008], [-85.90929, 39.96009], [-85.90929, 39.96001], [-85.90929, 39.96], [-85.90929, 39.95953], [-85.91045, 39.95952], [-85.91046, 39.95999]], [[-85.886, 39.93932], [-85.88601, 39.93964], [-85.88584, 39.93964], [-85.88564, 39.93964], [-85.88563, 39.93932], [-85.886, 39.93932]], [[-85.884, 39.98018], [-85.88394, 39.98093], [-85.88394, 39.9811], [-85.88389, 39.98127], [-85.88377, 39.98143], [-85.88367, 39.98153], [-85.88349, 39.98161], [-85.88338, 39.98165], [-85.88312, 39.98179], [-85.883, 39.98186], [-85.88289, 39.98189], [-85.88276, 39.98193], [-85.88253, 39.98197], [-85.8823, 39.98207], [-85.8821, 39.98216], [-85.88183, 39.98219], [-85.88136, 39.98217], [-85.88136, 39.98161], [-85.88112, 39.9816], [-85.87987, 39.98162], [-85.87987, 39.98102], [-85.88111, 39.98101], [-85.88111, 39.98057], [-85.8811, 39.97959], [-85.88115, 39.97959], [-85.88178, 39.97958], [-85.88199, 39.97951], [-85.882, 39.97918], [-85.88229, 39.979], [-85.88238, 39.97908], [-85.88285, 39.97911], [-85.88311, 39.97921], [-85.88316, 39.97923], [-85.88335, 39.97934], [-85.88347, 39.97941], [-85.88362, 39.97962], [-85.88364, 39.97971], [-85.8837, 39.98003], [-85.88371, 39.98019], [-85.88381, 39.98019], [-85.884, 39.98018]], [[-85.88222, 39.97635], [-85.88214, 39.97662], [-85.88203, 39.97689], [-85.88192, 39.97713], [-85.88194, 39.97745], [-85.88215, 39.97745], [-85.88215, 39.9775], [-85.88216, 39.97835], [-85.88216, 39.97845], [-85.88109, 39.97847], [-85.88109, 39.97813], [-85.88107, 39.97637], [-85.88189, 39.97636], [-85.88222, 39.97635]], [[-85.88105, 39.97287], [-85.88105, 39.97363], [-85.87166, 39.97371], [-85.87165, 39.97294], [-85.87159, 39.96995], [-85.87158, 39.96962], [-85.87158, 39.9694], [-85.87158, 39.96929], [-85.87334, 39.96928], [-85.87333, 39.96961], [-85.87331, 39.97084], [-85.87323, 39.97085], [-85.87309, 39.97085], [-85.87299, 39.97085], [-85.87299, 39.97109], [-85.87302, 39.97292], [-85.87341, 39.97292], [-85.87379, 39.97291], [-85.87472, 39.97291], [-85.87516, 39.97291], [-85.87516, 39.97215], [-85.87516, 39.97208], [-85.88104, 39.97204], [-85.88105, 39.97287]], [[-85.88101, 39.97067], [-85.88101, 39.97078], [-85.87991, 39.97078], [-85.87989, 39.96924], [-85.88089, 39.96923], [-85.88089, 39.96959], [-85.88101, 39.96959], [-85.88101, 39.96998], [-85.88101, 39.97015], [-85.88101, 39.97067]], [[-85.87093, 39.97214], [-85.87094, 39.97294], [-85.87085, 39.97294], [-85.87076, 39.97295], [-85.87058, 39.97295], [-85.87058, 39.97214], [-85.87093, 39.97213], [-85.87093, 39.97214]], [[-85.86772, 39.98751], [-85.86772, 39.98762], [-85.86671, 39.98763], [-85.86654, 39.98763], [-85.86638, 39.98763], [-85.86614, 39.98763], [-85.86539, 39.98764], [-85.86516, 39.98764], [-85.86541, 39.98748], [-85.8657, 39.98737], [-85.86595, 39.98721], [-85.86618, 39.98711], [-85.86624, 39.98706], [-85.86651, 39.98692], [-85.86672, 39.98682], [-85.86703, 39.98667], [-85.86741, 39.9869], [-85.86753, 39.98694], [-85.8677, 39.987], [-85.86772, 39.98751]]], "crs": null}, "id": 406, "type": "Feature", "properties": {"fid": 406, "statefp": "18", "namelsad": "Fishers city", "municipalt": "Fishers", "placefp": "23278", "munic_typ": "City", "SHAPE__Length": 2.0802918124249192, "SHAPE__Area": 0.010346126416000002}}, {"geometry": {"type": "Polygon", "coordinates": [[[-85.86826, 39.92548], [-85.86824, 39.92469], [-85.86822, 39.92368], [-85.8672, 39.92421], [-85.86656, 39.92454], [-85.86295, 39.92639], [-85.86234, 39.92665], [-85.86234, 39.92657], [-85.86233, 39.92628], [-85.86232, 39.9259], [-85.86231, 39.92574], [-85.86231, 39.92546], [-85.8623, 39.92532], [-85.86101, 39.92534], [-85.86053, 39.92535], [-85.85988, 39.92536], [-85.85916, 39.92537], [-85.85885, 39.92537], [-85.85846, 39.92538], [-85.85819, 39.92538], [-85.85787, 39.92539], [-85.85761, 39.9254], [-85.85733, 39.92541], [-85.85701, 39.92541], [-85.85671, 39.92542], [-85.85619, 39.92543], [-85.85598, 39.92544], [-85.85507, 39.92546], [-85.85347, 39.92547], [-85.85137, 39.92546], [-85.85082, 39.92551], [-85.85058, 39.92551], [-85.85027, 39.9255], [-85.84992, 39.92551], [-85.84986, 39.92551], [-85.84949, 39.92553], [-85.84937, 39.92553], [-85.84933, 39.92547], [-85.8493, 39.92544], [-85.84921, 39.92537], [-85.84795, 39.92427], [-85.84795, 39.92419], [-85.84796, 39.92408], [-85.84799, 39.92364], [-85.84804, 39.9229], [-85.8478, 39.9229], [-85.84773, 39.9229], [-85.84742, 39.9229], [-85.8469, 39.9229], [-85.84473, 39.9229], [-85.84344, 39.9229], [-85.84345, 39.92275], [-85.84327, 39.92278], [-85.84279, 39.92287], [-85.84269, 39.92289], [-85.8426, 39.92288], [-85.84156, 39.92294], [-85.84116, 39.92235], [-85.84102, 39.92215], [-85.84096, 39.92206], [-85.84153, 39.92205], [-85.84206, 39.92204], [-85.84212, 39.92214], [-85.84225, 39.92234], [-85.8424, 39.92256], [-85.84248, 39.92252], [-85.84268, 39.92239], [-85.84292, 39.92222], [-85.8431, 39.92207], [-85.84319, 39.92197], [-85.84325, 39.92188], [-85.84333, 39.92175], [-85.84339, 39.92163], [-85.84342, 39.92152], [-85.84344, 39.92129], [-85.84343, 39.92033], [-85.84342, 39.91837], [-85.84339, 39.91501], [-85.84338, 39.91473], [-85.84337, 39.91383], [-85.84337, 39.9137], [-85.84314, 39.91375], [-85.84297, 39.91384], [-85.84279, 39.91396], [-85.84267, 39.91401], [-85.84268, 39.91391], [-85.84268, 39.91369], [-85.84268, 39.91367], [-85.8422, 39.91367], [-85.84181, 39.91367], [-85.84181, 39.91329], [-85.84181, 39.91312], [-85.84327, 39.9131], [-85.8433, 39.9131], [-85.84336, 39.91311], [-85.84336, 39.91316], [-85.84336, 39.91321], [-85.84336, 39.9133], [-85.84356, 39.9133], [-85.84515, 39.91326], [-85.84514, 39.91317], [-85.84512, 39.91251], [-85.84512, 39.91248], [-85.84455, 39.91249], [-85.84454, 39.91239], [-85.84454, 39.91168], [-85.84399, 39.91169], [-85.844, 39.9124], [-85.844, 39.9125], [-85.84335, 39.91252], [-85.84335, 39.91241], [-85.84335, 39.91227], [-85.84334, 39.91201], [-85.84333, 39.91109], [-85.84333, 39.91079], [-85.84332, 39.91], [-85.84332, 39.90999], [-85.84332, 39.90998], [-85.84337, 39.90998], [-85.8441, 39.90998], [-85.84416, 39.90997], [-85.84419, 39.911], [-85.84806, 39.91094], [-85.84807, 39.91164], [-85.84807, 39.91179], [-85.84811, 39.91419], [-85.84809, 39.91427], [-85.84844, 39.91465], [-85.84871, 39.91464], [-85.84883, 39.91464], [-85.85072, 39.91461], [-85.85279, 39.91456], [-85.85274, 39.91294], [-85.85268, 39.90947], [-85.85264, 39.90728], [-85.85311, 39.90727], [-85.85906, 39.90714], [-85.85954, 39.90713], [-85.8621, 39.90708], [-85.8621, 39.90675], [-85.8621, 39.90622], [-85.8621, 39.90599], [-85.8621, 39.90539], [-85.8621, 39.90508], [-85.8621, 39.90438], [-85.8621, 39.90398], [-85.86209, 39.90296], [-85.86209, 39.90015], [-85.86209, 39.89997], [-85.86208, 39.89992], [-85.86208, 39.89982], [-85.86185, 39.89983], [-85.8587, 39.89987], [-85.85821, 39.89988], [-85.85775, 39.89989], [-85.85137, 39.89999], [-85.85123, 39.89999], [-85.85123, 39.9001], [-85.85123, 39.90089], [-85.84917, 39.90093], [-85.84774, 39.90096], [-85.84746, 39.90096], [-85.84746, 39.90093], [-85.84698, 39.90094], [-85.84602, 39.90095], [-85.84553, 39.90096], [-85.84547, 39.90096], [-85.84541, 39.90096], [-85.84519, 39.90096], [-85.84518, 39.90043], [-85.84518, 39.90021], [-85.84505, 39.90022], [-85.8445, 39.90023], [-85.8435, 39.90025], [-85.84338, 39.90025], [-85.84331, 39.90025], [-85.84326, 39.90025], [-85.84321, 39.90025], [-85.84315, 39.90025], [-85.8431, 39.90025], [-85.84276, 39.90026], [-85.8411, 39.90028], [-85.84039, 39.90028], [-85.83975, 39.9003], [-85.83948, 39.9003], [-85.83944, 39.9003], [-85.83944, 39.90028], [-85.83943, 39.90019], [-85.83943, 39.90008], [-85.83943, 39.89992], [-85.83943, 39.8998], [-85.83943, 39.89976], [-85.83942, 39.89953], [-85.83942, 39.89943], [-85.83898, 39.89943], [-85.83898, 39.90009], [-85.83898, 39.9002], [-85.83898, 39.90031], [-85.83879, 39.90031], [-85.83847, 39.90031], [-85.83851, 39.90369], [-85.83851, 39.90387], [-85.83434, 39.90391], [-85.83382, 39.90391], [-85.83382, 39.90494], [-85.83383, 39.90518], [-85.83383, 39.90575], [-85.83168, 39.90577], [-85.83255, 39.9071], [-85.83283, 39.90752], [-85.83279, 39.90754], [-85.83272, 39.90756], [-85.83267, 39.90757], [-85.82577, 39.90763], [-85.82543, 39.90763], [-85.82543, 39.90801], [-85.82542, 39.90855], [-85.82521, 39.90888], [-85.82442, 39.90921], [-85.82447, 39.91404], [-85.82447, 39.9141], [-85.82458, 39.9141], [-85.82525, 39.9141], [-85.82525, 39.91487], [-85.82527, 39.91491], [-85.82566, 39.91491], [-85.82566, 39.91489], [-85.82562, 39.91127], [-85.82916, 39.91124], [-85.82918, 39.91306], [-85.83391, 39.913], [-85.83631, 39.91297], [-85.83643, 39.91316], [-85.83677, 39.91316], [-85.8391, 39.91314], [-85.83936, 39.91314], [-85.83947, 39.91313], [-85.83947, 39.91366], [-85.83948, 39.91394], [-85.84011, 39.91394], [-85.84026, 39.91394], [-85.84026, 39.91477], [-85.84056, 39.91477], [-85.84055, 39.91482], [-85.84049, 39.91488], [-85.84026, 39.91501], [-85.84023, 39.91503], [-85.83996, 39.91531], [-85.83993, 39.91537], [-85.8399, 39.91575], [-85.8398, 39.91595], [-85.83931, 39.9162], [-85.83901, 39.91638], [-85.83879, 39.91644], [-85.83868, 39.91641], [-85.83869, 39.9164], [-85.83865, 39.9164], [-85.83849, 39.9164], [-85.83938, 39.91779], [-85.83981, 39.91847], [-85.83968, 39.91847], [-85.83871, 39.91843], [-85.83871, 39.91895], [-85.83872, 39.92204], [-85.83872, 39.92208], [-85.83868, 39.92208], [-85.83872, 39.92528], [-85.83872, 39.92554], [-85.83872, 39.92571], [-85.83947, 39.92571], [-85.83989, 39.9257], [-85.83989, 39.92794], [-85.84068, 39.92793], [-85.84068, 39.9285], [-85.8407, 39.92935], [-85.84043, 39.92935], [-85.84016, 39.92936], [-85.83882, 39.92937], [-85.83882, 39.9296], [-85.83883, 39.93168], [-85.83883, 39.93286], [-85.83883, 39.93293], [-85.83883, 39.933], [-85.83644, 39.93302], [-85.83558, 39.93302], [-85.83455, 39.93302], [-85.83407, 39.93302], [-85.83404, 39.93671], [-85.83388, 39.93671], [-85.8335, 39.93672], [-85.83162, 39.93674], [-85.83118, 39.93675], [-85.82967, 39.93676], [-85.82836, 39.93677], [-85.82638, 39.9368], [-85.82601, 39.9368], [-85.82536, 39.93681], [-85.82492, 39.93682], [-85.82469, 39.93682], [-85.82461, 39.93682], [-85.82424, 39.93682], [-85.8237, 39.93684], [-85.82332, 39.93684], [-85.8199, 39.93692], [-85.8199, 39.93751], [-85.81987, 39.94242], [-85.81986, 39.94423], [-85.81986, 39.94429], [-85.82115, 39.94428], [-85.82306, 39.94426], [-85.82404, 39.94425], [-85.8246, 39.94425], [-85.82468, 39.94425], [-85.82522, 39.94423], [-85.8256, 39.94422], [-85.82718, 39.94415], [-85.82748, 39.94414], [-85.8275, 39.94415], [-85.82758, 39.94415], [-85.82818, 39.94415], [-85.82844, 39.94401], [-85.82868, 39.94389], [-85.82919, 39.94362], [-85.82934, 39.94354], [-85.8297, 39.94335], [-85.82992, 39.94324], [-85.83016, 39.94311], [-85.83017, 39.9431], [-85.83079, 39.94278], [-85.83129, 39.94252], [-85.83161, 39.94235], [-85.83163, 39.94234], [-85.83241, 39.94193], [-85.83245, 39.94191], [-85.83316, 39.94154], [-85.83336, 39.94143], [-85.83386, 39.94117], [-85.83425, 39.94097], [-85.83442, 39.94088], [-85.83456, 39.94079], [-85.83464, 39.94075], [-85.83521, 39.94046], [-85.83523, 39.94044], [-85.83587, 39.94012], [-85.83608, 39.94001], [-85.83613, 39.93998], [-85.83616, 39.93997], [-85.83687, 39.9396], [-85.837, 39.93953], [-85.83703, 39.93952], [-85.83758, 39.93925], [-85.83763, 39.93963], [-85.83761, 39.94029], [-85.83761, 39.94104], [-85.83761, 39.94338], [-85.83761, 39.94404], [-85.84058, 39.94399], [-85.84348, 39.94394], [-85.85284, 39.94374], [-85.85308, 39.94374], [-85.85424, 39.94373], [-85.8542, 39.94038], [-85.85484, 39.94037], [-85.85484, 39.93978], [-85.85528, 39.93994], [-85.85534, 39.93996], [-85.85543, 39.93999], [-85.85752, 39.94074], [-85.85764, 39.94079], [-85.85795, 39.94095], [-85.86056, 39.94248], [-85.86141, 39.94298], [-85.86206, 39.94335], [-85.86231, 39.9435], [-85.86249, 39.94363], [-85.86246, 39.9412], [-85.86239, 39.93623], [-85.8615, 39.93625], [-85.86043, 39.93627], [-85.85861, 39.9363], [-85.85791, 39.93632], [-85.85779, 39.93633], [-85.85779, 39.93627], [-85.8578, 39.93544], [-85.85781, 39.93473], [-85.85789, 39.93473], [-85.85845, 39.93472], [-85.85846, 39.93458], [-85.85846, 39.93449], [-85.86079, 39.93445], [-85.86126, 39.93443], [-85.86238, 39.93439], [-85.86238, 39.93426], [-85.86239, 39.93265], [-85.8624, 39.92909], [-85.8624, 39.92895], [-85.86362, 39.92895], [-85.86414, 39.92893], [-85.86433, 39.92893], [-85.86505, 39.92892], [-85.86527, 39.92892], [-85.86524, 39.92785], [-85.86664, 39.92783], [-85.86666, 39.92891], [-85.86701, 39.92891], [-85.86707, 39.92891], [-85.86744, 39.9289], [-85.86744, 39.9283], [-85.86754, 39.9283], [-85.86825, 39.9283], [-85.86824, 39.92744], [-85.86824, 39.92689], [-85.86826, 39.92548]], [[-85.85653, 39.93467], [-85.85653, 39.93469], [-85.85652, 39.93519], [-85.85652, 39.93595], [-85.85652, 39.9363], [-85.85652, 39.93635], [-85.85547, 39.93637], [-85.85444, 39.93639], [-85.85434, 39.93639], [-85.85431, 39.93455], [-85.8543, 39.93429], [-85.85443, 39.93428], [-85.85468, 39.93426], [-85.85512, 39.93423], [-85.85538, 39.93421], [-85.8558, 39.93438], [-85.85597, 39.93445], [-85.85601, 39.93447], [-85.85618, 39.93453], [-85.85653, 39.93467]], [[-85.84415, 39.90749], [-85.84415, 39.9079], [-85.84381, 39.90791], [-85.84341, 39.90792], [-85.84334, 39.90792], [-85.84329, 39.90791], [-85.84328, 39.9075], [-85.84334, 39.9075], [-85.84367, 39.9075], [-85.84415, 39.90749]], [[-85.84413, 39.9084], [-85.84415, 39.90925], [-85.84408, 39.90925], [-85.84336, 39.90927], [-85.8433, 39.90927], [-85.8433, 39.90878], [-85.8433, 39.90866], [-85.8433, 39.90857], [-85.8433, 39.90855], [-85.84335, 39.90855], [-85.84342, 39.90855], [-85.84357, 39.90853], [-85.84372, 39.90851], [-85.84377, 39.9085], [-85.84392, 39.90846], [-85.84406, 39.90841], [-85.84413, 39.9084]], [[-85.84404, 39.92431], [-85.84414, 39.92441], [-85.84374, 39.92457], [-85.84383, 39.9247], [-85.84376, 39.92472], [-85.8437, 39.92475], [-85.84346, 39.92478], [-85.84346, 39.92464], [-85.84346, 39.92458], [-85.84342, 39.9246], [-85.84306, 39.92461], [-85.84304, 39.92461], [-85.84282, 39.92462], [-85.84273, 39.92464], [-85.84255, 39.92468], [-85.84232, 39.92431], [-85.84199, 39.92378], [-85.84177, 39.92337], [-85.84186, 39.92337], [-85.8423, 39.92337], [-85.84284, 39.92326], [-85.84287, 39.92332], [-85.84315, 39.92375], [-85.84322, 39.92373], [-85.84327, 39.92372], [-85.84338, 39.92369], [-85.84346, 39.92366], [-85.8439, 39.92416], [-85.84404, 39.92431]], [[-85.8425, 39.92872], [-85.84252, 39.92933], [-85.84218, 39.92934], [-85.84193, 39.92934], [-85.84118, 39.92935], [-85.84115, 39.92873], [-85.84144, 39.92873], [-85.84144, 39.92865], [-85.84189, 39.92865], [-85.84189, 39.92873], [-85.84194, 39.92873], [-85.8425, 39.92872]], [[-85.84248, 39.9147], [-85.84248, 39.91474], [-85.84207, 39.91475], [-85.84145, 39.91476], [-85.8408, 39.91476], [-85.84082, 39.91467], [-85.84193, 39.91451], [-85.84205, 39.91443], [-85.84248, 39.91412], [-85.84248, 39.9147]], [[-85.83612, 39.9098], [-85.83613, 39.91028], [-85.8354, 39.91033], [-85.83466, 39.91038], [-85.83502, 39.91094], [-85.83328, 39.91101], [-85.83321, 39.91], [-85.83439, 39.90995], [-85.83437, 39.90991], [-85.8347, 39.90989], [-85.83612, 39.9098]]], "crs": null}, "id": 450, "type": "Feature", "properties": {"fid": 450, "statefp": "18", "namelsad": "Fortville town", "municipalt": "Fortville", "placefp": "24286", "munic_typ": "Town", "SHAPE__Length": 0.35634384355218696, "SHAPE__Area": 0.0009439567730000002}}, {"geometry": {"type": "Polygon", "coordinates": [[[-85.83047, 39.78774], [-85.83046, 39.78672], [-85.83046, 39.78661], [-85.82973, 39.78661], [-85.82961, 39.78661], [-85.82959, 39.78456], [-85.82959, 39.78447], [-85.82923, 39.78449], [-85.82909, 39.78449], [-85.82908, 39.78364], [-85.829, 39.78364], [-85.82898, 39.78241], [-85.82792, 39.78246], [-85.82228, 39.78272], [-85.81986, 39.78284], [-85.81614, 39.78301], [-85.81361, 39.78313], [-85.81353, 39.78127], [-85.81293, 39.7813], [-85.80213, 39.78174], [-85.80189, 39.78175], [-85.80189, 39.78165], [-85.80188, 39.78155], [-85.80184, 39.78017], [-85.80171, 39.77585], [-85.8017, 39.77535], [-85.80169, 39.77519], [-85.80176, 39.77519], [-85.80188, 39.77519], [-85.80189, 39.77472], [-85.80559, 39.77477], [-85.80563, 39.77219], [-85.80563, 39.77213], [-85.80563, 39.77208], [-85.80337, 39.77211], [-85.80337, 39.77184], [-85.80282, 39.77183], [-85.80281, 39.77212], [-85.80158, 39.77214], [-85.80158, 39.77203], [-85.80152, 39.77203], [-85.80147, 39.77203], [-85.79731, 39.77204], [-85.79723, 39.77204], [-85.79715, 39.77204], [-85.79313, 39.77206], [-85.79311, 39.77206], [-85.78361, 39.77209], [-85.77429, 39.77205], [-85.77415, 39.77205], [-85.77405, 39.76758], [-85.77398, 39.76489], [-85.77398, 39.76479], [-85.77423, 39.76479], [-85.77846, 39.76479], [-85.77851, 39.76273], [-85.77844, 39.75745], [-85.77842, 39.75745], [-85.77692, 39.75743], [-85.77519, 39.75742], [-85.77472, 39.75742], [-85.77279, 39.75741], [-85.76962, 39.75739], [-85.76906, 39.75739], [-85.76824, 39.75739], [-85.76456, 39.75738], [-85.7644, 39.75738], [-85.76442, 39.75718], [-85.7643, 39.75367], [-85.76417, 39.75367], [-85.75658, 39.75368], [-85.75502, 39.75371], [-85.75246, 39.75376], [-85.75201, 39.75376], [-85.75203, 39.75463], [-85.75203, 39.75544], [-85.75203, 39.75583], [-85.75221, 39.75595], [-85.75237, 39.75726], [-85.75249, 39.75834], [-85.75232, 39.75857], [-85.7523, 39.75849], [-85.75224, 39.75854], [-85.75214, 39.75858], [-85.75201, 39.75861], [-85.75195, 39.75862], [-85.75165, 39.75864], [-85.75148, 39.75864], [-85.75136, 39.75865], [-85.75134, 39.75882], [-85.75124, 39.75936], [-85.7515, 39.75943], [-85.75162, 39.76173], [-85.75161, 39.76196], [-85.75161, 39.76237], [-85.75162, 39.76254], [-85.75164, 39.76313], [-85.75171, 39.76624], [-85.74852, 39.7664], [-85.74845, 39.76634], [-85.74834, 39.76631], [-85.74886, 39.76708], [-85.75068, 39.76969], [-85.75209, 39.77191], [-85.75212, 39.77196], [-85.7522, 39.77196], [-85.75229, 39.77196], [-85.75311, 39.77197], [-85.75435, 39.77199], [-85.75511, 39.77326], [-85.7562, 39.77571], [-85.75668, 39.7768], [-85.7568, 39.7768], [-85.75682, 39.77788], [-85.75681, 39.77805], [-85.75611, 39.77804], [-85.75611, 39.7782], [-85.75523, 39.77819], [-85.75523, 39.77822], [-85.75524, 39.77877], [-85.75525, 39.77925], [-85.75524, 39.77963], [-85.7552, 39.78049], [-85.7552, 39.78068], [-85.7552, 39.78073], [-85.7552, 39.78104], [-85.75519, 39.78113], [-85.75523, 39.78192], [-85.75525, 39.78209], [-85.75595, 39.78207], [-85.75842, 39.78201], [-85.76023, 39.78199], [-85.76021, 39.7816], [-85.76103, 39.78156], [-85.76116, 39.78155], [-85.76158, 39.78153], [-85.76277, 39.78147], [-85.76273, 39.78063], [-85.76336, 39.78061], [-85.76344, 39.78061], [-85.76352, 39.78262], [-85.76328, 39.78262], [-85.76318, 39.78262], [-85.76293, 39.78263], [-85.76269, 39.78264], [-85.76273, 39.78333], [-85.75861, 39.78349], [-85.75738, 39.78354], [-85.75534, 39.78361], [-85.75171, 39.78375], [-85.75105, 39.78377], [-85.75015, 39.7838], [-85.75013, 39.7838], [-85.75013, 39.78418], [-85.75012, 39.78424], [-85.75012, 39.78434], [-85.75015, 39.78538], [-85.75017, 39.78594], [-85.74819, 39.78603], [-85.74786, 39.78605], [-85.74661, 39.7861], [-85.74598, 39.78614], [-85.74541, 39.78618], [-85.74541, 39.7863], [-85.74535, 39.78618], [-85.74498, 39.78619], [-85.74465, 39.78621], [-85.7412, 39.78636], [-85.74117, 39.78534], [-85.74391, 39.78531], [-85.74309, 39.7847], [-85.74307, 39.78469], [-85.74304, 39.78454], [-85.74302, 39.78441], [-85.74124, 39.7845], [-85.74114, 39.7845], [-85.73846, 39.78463], [-85.7364, 39.78473], [-85.73635, 39.78322], [-85.73153, 39.78299], [-85.72678, 39.78323], [-85.7267, 39.78324], [-85.72672, 39.7841], [-85.72674, 39.78493], [-85.72676, 39.78512], [-85.72677, 39.78519], [-85.7268, 39.7853], [-85.72681, 39.78532], [-85.72682, 39.78554], [-85.72689, 39.7871], [-85.72687, 39.78725], [-85.72685, 39.7875], [-85.72684, 39.78792], [-85.72686, 39.78832], [-85.72691, 39.79119], [-85.72692, 39.79171], [-85.72694, 39.79221], [-85.72698, 39.79495], [-85.72698, 39.79539], [-85.727, 39.79595], [-85.72706, 39.79979], [-85.72712, 39.80006], [-85.7272, 39.80006], [-85.73163, 39.80003], [-85.73434, 39.8], [-85.73536, 39.8], [-85.7367, 39.79998], [-85.73703, 39.79998], [-85.73799, 39.79996], [-85.73869, 39.79995], [-85.73873, 39.80016], [-85.73885, 39.80084], [-85.73658, 39.80086], [-85.73671, 39.80723], [-85.73971, 39.80712], [-85.74138, 39.8071], [-85.7416, 39.8071], [-85.74176, 39.81446], [-85.74176, 39.81451], [-85.74176, 39.81459], [-85.74197, 39.81459], [-85.74486, 39.81455], [-85.74535, 39.81454], [-85.74576, 39.81454], [-85.7462, 39.81453], [-85.74653, 39.81458], [-85.74684, 39.81452], [-85.7489, 39.81451], [-85.752, 39.81447], [-85.75398, 39.81445], [-85.75517, 39.81438], [-85.75588, 39.81437], [-85.7563, 39.81437], [-85.75832, 39.81434], [-85.75845, 39.81433], [-85.75862, 39.81432], [-85.76079, 39.8143], [-85.76105, 39.8143], [-85.76113, 39.81748], [-85.76113, 39.81756], [-85.76116, 39.81882], [-85.76122, 39.82104], [-85.76122, 39.82128], [-85.76123, 39.82146], [-85.76221, 39.82148], [-85.76221, 39.82152], [-85.76222, 39.82175], [-85.76223, 39.82199], [-85.76224, 39.82218], [-85.7623, 39.82398], [-85.76234, 39.82534], [-85.76235, 39.82574], [-85.76236, 39.82595], [-85.76248, 39.82595], [-85.76296, 39.82594], [-85.76363, 39.82598], [-85.76598, 39.8259], [-85.76606, 39.8259], [-85.76608, 39.8259], [-85.76608, 39.82598], [-85.76609, 39.82607], [-85.76616, 39.82867], [-85.76639, 39.82867], [-85.7669, 39.82866], [-85.76935, 39.82863], [-85.76989, 39.82862], [-85.77014, 39.82861], [-85.7703, 39.82861], [-85.77028, 39.8278], [-85.77098, 39.8278], [-85.77096, 39.82693], [-85.77528, 39.82689], [-85.77528, 39.8269], [-85.77527, 39.82725], [-85.77526, 39.82766], [-85.77776, 39.82765], [-85.77778, 39.8285], [-85.7779, 39.8285], [-85.77795, 39.8285], [-85.77794, 39.82844], [-85.77793, 39.82765], [-85.77804, 39.82765], [-85.77802, 39.82716], [-85.7792, 39.82714], [-85.7792, 39.8272], [-85.77923, 39.82848], [-85.77954, 39.82847], [-85.77954, 39.82864], [-85.78045, 39.82864], [-85.78061, 39.82864], [-85.78061, 39.82846], [-85.78046, 39.82487], [-85.7845, 39.82488], [-85.78983, 39.82482], [-85.78988, 39.82701], [-85.79218, 39.82697], [-85.79217, 39.82723], [-85.79231, 39.82723], [-85.79278, 39.82724], [-85.79281, 39.82823], [-85.79284, 39.82823], [-85.79313, 39.82823], [-85.79404, 39.82821], [-85.79401, 39.82693], [-85.79456, 39.82692], [-85.79452, 39.82587], [-85.79449, 39.82507], [-85.79448, 39.82456], [-85.79322, 39.82459], [-85.7932, 39.82376], [-85.79316, 39.82292], [-85.79381, 39.82293], [-85.79529, 39.82294], [-85.79535, 39.82318], [-85.79537, 39.82331], [-85.7954, 39.82362], [-85.79541, 39.82393], [-85.79541, 39.82409], [-85.79533, 39.82535], [-85.79532, 39.82555], [-85.79532, 39.82575], [-85.79533, 39.82604], [-85.79536, 39.82622], [-85.79539, 39.82636], [-85.79544, 39.8265], [-85.79563, 39.82691], [-85.79622, 39.82805], [-85.79624, 39.82815], [-85.79634, 39.82816], [-85.79638, 39.82816], [-85.79645, 39.82819], [-85.79648, 39.82824], [-85.79661, 39.82825], [-85.79761, 39.82823], [-85.79761, 39.82815], [-85.7976, 39.82742], [-85.79787, 39.82742], [-85.79853, 39.82742], [-85.79856, 39.82812], [-85.79856, 39.82821], [-85.80114, 39.82815], [-85.80138, 39.82814], [-85.80138, 39.82806], [-85.80136, 39.82747], [-85.80173, 39.82746], [-85.80173, 39.8274], [-85.80238, 39.82738], [-85.80262, 39.82738], [-85.80264, 39.82815], [-85.80264, 39.82837], [-85.805, 39.82832], [-85.805, 39.82825], [-85.80497, 39.82632], [-85.8049, 39.82086], [-85.803, 39.82088], [-85.80252, 39.82089], [-85.80234, 39.82086], [-85.80234, 39.82069], [-85.80234, 39.82046], [-85.80236, 39.81804], [-85.80236, 39.81751], [-85.80228, 39.81354], [-85.80231, 39.81352], [-85.80237, 39.81346], [-85.8024, 39.81341], [-85.80239, 39.81333], [-85.80237, 39.81204], [-85.80237, 39.81143], [-85.80235, 39.80954], [-85.80231, 39.807], [-85.80229, 39.80627], [-85.80229, 39.80617], [-85.79496, 39.80617], [-85.79442, 39.80617], [-85.79406, 39.80617], [-85.79398, 39.80285], [-85.78445, 39.80286], [-85.78431, 39.80286], [-85.78435, 39.80407], [-85.78436, 39.80435], [-85.78438, 39.80452], [-85.78441, 39.80463], [-85.78448, 39.80481], [-85.78454, 39.80493], [-85.78498, 39.80569], [-85.78549, 39.80641], [-85.78553, 39.80649], [-85.78051, 39.80658], [-85.7805, 39.80644], [-85.7804, 39.80513], [-85.78042, 39.80456], [-85.78045, 39.80424], [-85.78049, 39.80379], [-85.78067, 39.80327], [-85.78076, 39.80268], [-85.78083, 39.80243], [-85.78091, 39.80171], [-85.78099, 39.80128], [-85.78099, 39.80091], [-85.78097, 39.80074], [-85.78088, 39.80046], [-85.7807, 39.80005], [-85.78067, 39.7995], [-85.78067, 39.79943], [-85.78065, 39.79928], [-85.78112, 39.79928], [-85.78189, 39.79927], [-85.78211, 39.79927], [-85.78245, 39.79927], [-85.78252, 39.80177], [-85.78442, 39.80174], [-85.78455, 39.80174], [-85.78452, 39.80062], [-85.78451, 39.79995], [-85.785, 39.79994], [-85.78498, 39.79937], [-85.78893, 39.79927], [-85.78893, 39.79935], [-85.78927, 39.79927], [-85.79078, 39.79924], [-85.793, 39.79919], [-85.79478, 39.79911], [-85.79824, 39.79907], [-85.80181, 39.79899], [-85.80211, 39.79915], [-85.80241, 39.79913], [-85.80253, 39.79912], [-85.80309, 39.79912], [-85.80531, 39.79911], [-85.80601, 39.79911], [-85.809, 39.79909], [-85.81116, 39.79907], [-85.8157, 39.79901], [-85.81639, 39.799], [-85.81639, 39.79887], [-85.81637, 39.79854], [-85.81637, 39.79753], [-85.81636, 39.797], [-85.81635, 39.79649], [-85.8163, 39.79337], [-85.8163, 39.79282], [-85.81629, 39.79234], [-85.81629, 39.79188], [-85.81629, 39.79168], [-85.81629, 39.79156], [-85.82264, 39.79155], [-85.82271, 39.79155], [-85.82255, 39.7912], [-85.82237, 39.79082], [-85.82261, 39.79015], [-85.82308, 39.78947], [-85.82311, 39.78932], [-85.82317, 39.78873], [-85.82313, 39.78838], [-85.82313, 39.78816], [-85.82307, 39.78802], [-85.82301, 39.78784], [-85.82371, 39.78783], [-85.83047, 39.78774]], [[-85.80675, 39.79347], [-85.80678, 39.79478], [-85.80356, 39.79479], [-85.80356, 39.79476], [-85.8022, 39.79476], [-85.8022, 39.79369], [-85.80218, 39.79292], [-85.80308, 39.79291], [-85.8031, 39.79348], [-85.80675, 39.79347]], [[-85.80496, 39.78989], [-85.80497, 39.79027], [-85.8023, 39.79026], [-85.80198, 39.79026], [-85.80198, 39.78987], [-85.80197, 39.78905], [-85.80194, 39.78708], [-85.80192, 39.78579], [-85.80192, 39.78575], [-85.80195, 39.78575], [-85.80199, 39.78575], [-85.80225, 39.78575], [-85.8049, 39.78572], [-85.80495, 39.788], [-85.80495, 39.78844], [-85.80496, 39.78989]], [[-85.79515, 39.81345], [-85.79515, 39.81362], [-85.79391, 39.81364], [-85.7931, 39.81366], [-85.79246, 39.81367], [-85.79041, 39.81371], [-85.79017, 39.81371], [-85.78991, 39.81369], [-85.78983, 39.81356], [-85.7898, 39.81351], [-85.78978, 39.81346], [-85.78923, 39.81257], [-85.78836, 39.81264], [-85.7883, 39.81209], [-85.78579, 39.81209], [-85.78581, 39.81321], [-85.78616, 39.81321], [-85.78617, 39.81365], [-85.78618, 39.81379], [-85.78558, 39.81381], [-85.78514, 39.81381], [-85.78415, 39.8138], [-85.78347, 39.81381], [-85.78305, 39.81382], [-85.7829, 39.81382], [-85.7813, 39.81384], [-85.78125, 39.81385], [-85.78125, 39.81368], [-85.78125, 39.81319], [-85.78475, 39.81312], [-85.78466, 39.8098], [-85.7874, 39.80978], [-85.78754, 39.80978], [-85.7876, 39.80988], [-85.78763, 39.80994], [-85.78778, 39.81016], [-85.78781, 39.81022], [-85.78822, 39.8109], [-85.7886, 39.81153], [-85.78877, 39.81181], [-85.78879, 39.81184], [-85.78953, 39.81183], [-85.78952, 39.8102], [-85.78952, 39.81005], [-85.79163, 39.81], [-85.79183, 39.81], [-85.79415, 39.80995], [-85.79505, 39.80992], [-85.79515, 39.81345]], [[-85.79314, 39.77217], [-85.79319, 39.77327], [-85.79162, 39.77328], [-85.79157, 39.77218], [-85.79314, 39.77217]], [[-85.78774, 39.78366], [-85.78774, 39.78368], [-85.78724, 39.7837], [-85.78724, 39.78362], [-85.78612, 39.78366], [-85.78611, 39.78346], [-85.78605, 39.78257], [-85.78731, 39.78255], [-85.78769, 39.78254], [-85.78774, 39.78366]], [[-85.78689, 39.81365], [-85.78689, 39.81378], [-85.78654, 39.81379], [-85.78653, 39.81365], [-85.78652, 39.8132], [-85.78687, 39.8132], [-85.78689, 39.81365]], [[-85.76083, 39.81028], [-85.76083, 39.81046], [-85.76082, 39.81046], [-85.76069, 39.81046], [-85.76, 39.81048], [-85.75982, 39.81048], [-85.75973, 39.81015], [-85.75898, 39.81016], [-85.7562, 39.81019], [-85.7562, 39.81], [-85.75618, 39.80924], [-85.75615, 39.808], [-85.75615, 39.8078], [-85.75615, 39.80769], [-85.75615, 39.8076], [-85.75685, 39.80759], [-85.75684, 39.80727], [-85.75683, 39.80698], [-85.75722, 39.80698], [-85.76079, 39.80694], [-85.76079, 39.80707], [-85.76082, 39.80849], [-85.76083, 39.80886], [-85.76082, 39.81028], [-85.76083, 39.81028]], [[-85.72905, 39.78399], [-85.72908, 39.78508], [-85.72706, 39.78518], [-85.72692, 39.78519], [-85.7269, 39.78506], [-85.7269, 39.785], [-85.72689, 39.78494], [-85.72688, 39.78409], [-85.72905, 39.78399]]], "crs": null}, "id": 550, "type": "Feature", "properties": {"fid": 550, "statefp": "18", "namelsad": "Greenfield city", "municipalt": "Greenfield", "placefp": "29520", "munic_typ": "City", "SHAPE__Length": 0.619838751563789, "SHAPE__Area": 0.003732493501500001}}, {"geometry": {"type": "Polygon", "coordinates": [[[-86.24137, 40.04884], [-86.24137, 40.04836], [-86.24136, 40.04668], [-86.24134, 40.04232], [-86.24133, 40.04157], [-86.24133, 40.04155], [-86.24047, 40.04157], [-86.2377, 40.04161], [-86.23566, 40.04164], [-86.23522, 40.04165], [-86.23371, 40.04166], [-86.23264, 40.04168], [-86.23248, 40.04168], [-86.23166, 40.04169], [-86.23158, 40.04168], [-86.23078, 40.04169], [-86.22914, 40.04171], [-86.22606, 40.04174], [-86.22215, 40.04178], [-86.2213, 40.0418], [-86.22003, 40.04182], [-86.21832, 40.04185], [-86.21584, 40.0419], [-86.21271, 40.04193], [-86.20688, 40.04199], [-86.20521, 40.04201], [-86.20211, 40.04203], [-86.20037, 40.04206], [-86.1999, 40.04188], [-86.19781, 40.04185], [-86.19742, 40.04181], [-86.19666, 40.04173], [-86.19666, 40.04187], [-86.19666, 40.0421], [-86.19544, 40.04212], [-86.19382, 40.04213], [-86.19347, 40.04214], [-86.19345, 40.04188], [-86.19345, 40.04021], [-86.19346, 40.04006], [-86.19345, 40.03995], [-86.19451, 40.03994], [-86.19607, 40.03993], [-86.19662, 40.03992], [-86.19824, 40.03991], [-86.19903, 40.0398], [-86.1991, 40.0398], [-86.19923, 40.03963], [-86.19938, 40.03944], [-86.19959, 40.03919], [-86.19977, 40.03901], [-86.19988, 40.03892], [-86.20051, 40.03841], [-86.20101, 40.03803], [-86.20107, 40.03799], [-86.2013, 40.03786], [-86.20142, 40.03781], [-86.20194, 40.03757], [-86.20228, 40.03741], [-86.20277, 40.03718], [-86.20294, 40.03709], [-86.20302, 40.03703], [-86.20315, 40.03693], [-86.20337, 40.03673], [-86.20357, 40.03652], [-86.20469, 40.03583], [-86.20522, 40.0355], [-86.2054, 40.03536], [-86.20557, 40.03523], [-86.20574, 40.03505], [-86.20667, 40.03404], [-86.20724, 40.03342], [-86.20757, 40.03308], [-86.20766, 40.03295], [-86.20771, 40.03285], [-86.20774, 40.03273], [-86.20775, 40.03253], [-86.20775, 40.03222], [-86.20775, 40.032], [-86.20777, 40.03187], [-86.20779, 40.0317], [-86.20823, 40.0305], [-86.20832, 40.03033], [-86.20841, 40.03017], [-86.20854, 40.03002], [-86.20874, 40.02982], [-86.20881, 40.02971], [-86.20906, 40.02951], [-86.20919, 40.0294], [-86.20929, 40.02932], [-86.20946, 40.02916], [-86.20963, 40.02899], [-86.20996, 40.02876], [-86.21013, 40.02864], [-86.21037, 40.02846], [-86.21063, 40.02827], [-86.21096, 40.02803], [-86.21118, 40.02787], [-86.21242, 40.02697], [-86.21246, 40.02694], [-86.21257, 40.02686], [-86.21266, 40.02681], [-86.21271, 40.02679], [-86.21275, 40.02677], [-86.21287, 40.02673], [-86.21297, 40.0267], [-86.21306, 40.02667], [-86.21318, 40.02663], [-86.21323, 40.02661], [-86.21334, 40.02657], [-86.21338, 40.02656], [-86.21348, 40.02652], [-86.2135, 40.02651], [-86.21362, 40.02645], [-86.21364, 40.02644], [-86.21368, 40.02642], [-86.21376, 40.02637], [-86.21388, 40.02628], [-86.21396, 40.02622], [-86.21403, 40.02615], [-86.21408, 40.0261], [-86.21412, 40.02604], [-86.21414, 40.02599], [-86.21417, 40.02594], [-86.21418, 40.02592], [-86.21419, 40.02588], [-86.21427, 40.02561], [-86.21435, 40.02532], [-86.21448, 40.02489], [-86.21459, 40.02451], [-86.21468, 40.02424], [-86.21608, 40.02422], [-86.21711, 40.02421], [-86.21714, 40.0278], [-86.21731, 40.0278], [-86.21731, 40.02405], [-86.22188, 40.02402], [-86.22186, 40.02055], [-86.21773, 40.02058], [-86.2171, 40.02059], [-86.2171, 40.02114], [-86.2171, 40.02165], [-86.21549, 40.0216], [-86.21551, 40.02148], [-86.21549, 40.02114], [-86.21548, 40.02088], [-86.21547, 40.02078], [-86.21547, 40.02063], [-86.21548, 40.0206], [-86.21552, 40.02041], [-86.21554, 40.0203], [-86.21561, 40.02007], [-86.21566, 40.01992], [-86.21572, 40.0197], [-86.21574, 40.0196], [-86.21575, 40.01957], [-86.21576, 40.01946], [-86.21578, 40.01905], [-86.2158, 40.01853], [-86.21583, 40.01797], [-86.21583, 40.0179], [-86.21585, 40.01787], [-86.21587, 40.01784], [-86.2159, 40.01782], [-86.21595, 40.0178], [-86.216, 40.0178], [-86.21613, 40.01781], [-86.21647, 40.01783], [-86.2167, 40.01784], [-86.21686, 40.01784], [-86.21692, 40.01784], [-86.21709, 40.01783], [-86.21719, 40.01782], [-86.21737, 40.01779], [-86.21764, 40.01773], [-86.21835, 40.01751], [-86.21874, 40.0174], [-86.21891, 40.01734], [-86.21934, 40.01721], [-86.22065, 40.0168], [-86.2213, 40.0166], [-86.22158, 40.01652], [-86.22187, 40.01642], [-86.22206, 40.01636], [-86.22225, 40.01628], [-86.22244, 40.01618], [-86.22317, 40.01576], [-86.22507, 40.01469], [-86.22592, 40.0142], [-86.22632, 40.01396], [-86.22673, 40.01372], [-86.227, 40.01357], [-86.22708, 40.01352], [-86.22721, 40.01343], [-86.22736, 40.01331], [-86.22742, 40.01323], [-86.22758, 40.01299], [-86.22773, 40.01276], [-86.22792, 40.01248], [-86.22809, 40.01224], [-86.22829, 40.01191], [-86.22856, 40.0115], [-86.22867, 40.01132], [-86.22877, 40.01117], [-86.22898, 40.01077], [-86.22903, 40.01068], [-86.22914, 40.01054], [-86.22923, 40.01042], [-86.22937, 40.01025], [-86.2298, 40.00976], [-86.23021, 40.00928], [-86.23038, 40.00908], [-86.23057, 40.00887], [-86.23073, 40.00869], [-86.23089, 40.00849], [-86.2311, 40.00824], [-86.23122, 40.00808], [-86.23124, 40.00802], [-86.23137, 40.00775], [-86.23157, 40.00728], [-86.23169, 40.007], [-86.23184, 40.00664], [-86.23216, 40.00593], [-86.23221, 40.00593], [-86.23368, 40.00592], [-86.2342, 40.00593], [-86.24098, 40.00593], [-86.24098, 40.00389], [-86.24098, 40.00355], [-86.24097, 40.00097], [-86.24097, 40.00055], [-86.24098, 39.99962], [-86.24098, 39.999], [-86.23966, 39.99888], [-86.23943, 39.99888], [-86.23894, 39.99886], [-86.23423, 39.99888], [-86.22858, 39.99894], [-86.22175, 39.99902], [-86.21737, 39.99905], [-86.2133, 39.99909], [-86.20768, 39.99915], [-86.20656, 39.99916], [-86.20649, 39.99916], [-86.20604, 39.99917], [-86.20308, 39.99922], [-86.20285, 39.99923], [-86.20263, 39.99923], [-86.19364, 39.9993], [-86.19202, 39.99931], [-86.19091, 39.99932], [-86.18486, 39.99935], [-86.18354, 39.99935], [-86.17762, 39.99943], [-86.17606, 39.99947], [-86.17601, 39.99947], [-86.17289, 39.99948], [-86.17175, 39.9995], [-86.16699, 39.99956], [-86.16503, 39.99962], [-86.16492, 39.99962], [-86.16492, 39.99973], [-86.16492, 40.00108], [-86.16492, 40.00309], [-86.16481, 40.00309], [-86.16406, 40.00308], [-86.16271, 40.00311], [-86.16157, 40.00313], [-86.16011, 40.00316], [-86.16009, 40.00188], [-86.16009, 40.00128], [-86.16009, 40.001], [-86.16008, 40.00057], [-86.16008, 40.00008], [-86.16007, 39.99966], [-86.15593, 39.99973], [-86.15448, 39.99975], [-86.15352, 39.99978], [-86.15318, 39.99978], [-86.15092, 39.99981], [-86.15024, 39.99983], [-86.14983, 39.99986], [-86.14948, 39.99993], [-86.14905, 40.00006], [-86.14856, 40.00021], [-86.1478, 40.0004], [-86.1473, 40.00047], [-86.14584, 40.00051], [-86.14535, 40.00052], [-86.14502, 40.00051], [-86.14443, 40.00053], [-86.14414, 40.00051], [-86.14386, 40.00048], [-86.14354, 40.00042], [-86.14272, 40.00021], [-86.14223, 40.00008], [-86.14216, 40.00007], [-86.14203, 40.00004], [-86.14146, 39.99999], [-86.14123, 39.99997], [-86.1404, 39.99999], [-86.13925, 40.00001], [-86.13762, 40.00005], [-86.13665, 40.00007], [-86.13652, 40.00007], [-86.1365, 40.00007], [-86.13608, 40.00008], [-86.13584, 40.00009], [-86.13563, 40.0001], [-86.13494, 40.00012], [-86.1343, 40.00014], [-86.13342, 40.00015], [-86.13266, 40.00017], [-86.13254, 40.00017], [-86.13212, 40.0002], [-86.13077, 40.0002], [-86.12996, 40.00021], [-86.12757, 40.00027], [-86.12724, 40.00028], [-86.12711, 40.00028], [-86.12671, 40.00031], [-86.12651, 40.00031], [-86.1263, 40.00031], [-86.12626, 40.00031], [-86.12311, 40.00032], [-86.12263, 40.00034], [-86.12043, 40.00038], [-86.11975, 40.00039], [-86.11804, 40.00041], [-86.11755, 40.00041], [-86.11597, 40.00043], [-86.11544, 40.00043], [-86.11336, 40.00043], [-86.11236, 40.00043], [-86.11084, 40.00043], [-86.10857, 40.00044], [-86.10687, 40.00045], [-86.10509, 40.00044], [-86.10309, 40.00044], [-86.10091, 40.00044], [-86.09781, 40.00041], [-86.09671, 40.00041], [-86.09428, 40.00039], [-86.09428, 40.00026], [-86.09251, 40.00024], [-86.09203, 40.00024], [-86.09203, 40.00041], [-86.09194, 40.00041], [-86.09139, 40.00041], [-86.09104, 40.00041], [-86.08999, 40.0005], [-86.08965, 40.00046], [-86.08952, 40.00045], [-86.08952, 40.00209], [-86.08952, 40.00217], [-86.08952, 40.00219], [-86.08952, 40.00227], [-86.08952, 40.00387], [-86.08953, 40.00475], [-86.08953, 40.00486], [-86.08953, 40.00507], [-86.08953, 40.00566], [-86.08953, 40.00568], [-86.08954, 40.00573], [-86.08955, 40.0075], [-86.08956, 40.00952], [-86.08957, 40.01147], [-86.08958, 40.0119], [-86.08959, 40.01469], [-86.08959, 40.01476], [-86.08957, 40.01481], [-86.08967, 40.01481], [-86.08968, 40.01696], [-86.0897, 40.01896], [-86.08975, 40.01896], [-86.08978, 40.01986], [-86.08978, 40.02018], [-86.08979, 40.02132], [-86.08978, 40.02201], [-86.08978, 40.0239], [-86.08978, 40.02416], [-86.08977, 40.0251], [-86.08976, 40.02656], [-86.08975, 40.02701], [-86.08975, 40.02729], [-86.08975, 40.02745], [-86.08975, 40.02775], [-86.08975, 40.02783], [-86.08974, 40.02844], [-86.08974, 40.02914], [-86.08974, 40.03014], [-86.08976, 40.03276], [-86.08976, 40.03291], [-86.08958, 40.03291], [-86.0896, 40.03349], [-86.08961, 40.03381], [-86.08963, 40.03439], [-86.08964, 40.03602], [-86.08964, 40.03648], [-86.08977, 40.03648], [-86.08977, 40.03656], [-86.09055, 40.03656], [-86.09055, 40.03707], [-86.09084, 40.03707], [-86.0912, 40.03708], [-86.09121, 40.0374], [-86.09141, 40.03754], [-86.09141, 40.03782], [-86.09086, 40.03782], [-86.09071, 40.03783], [-86.09071, 40.03823], [-86.08979, 40.03822], [-86.08979, 40.03833], [-86.0898, 40.03852], [-86.08981, 40.03934], [-86.08981, 40.0397], [-86.08981, 40.04019], [-86.08988, 40.04019], [-86.0903, 40.04019], [-86.09119, 40.04019], [-86.09284, 40.0402], [-86.09474, 40.04019], [-86.09545, 40.04019], [-86.09677, 40.04019], [-86.09732, 40.04019], [-86.09764, 40.04019], [-86.09791, 40.04019], [-86.0982, 40.04019], [-86.09848, 40.04019], [-86.09877, 40.04019], [-86.09905, 40.0402], [-86.09933, 40.0402], [-86.09934, 40.04026], [-86.10281, 40.04025], [-86.10289, 40.04025], [-86.10377, 40.04025], [-86.10461, 40.04025], [-86.10887, 40.04025], [-86.10969, 40.04025], [-86.11084, 40.04025], [-86.11098, 40.04025], [-86.11114, 40.04025], [-86.11153, 40.04025], [-86.11154, 40.04017], [-86.11598, 40.04008], [-86.11597, 40.03876], [-86.11602, 40.03867], [-86.11599, 40.03814], [-86.11598, 40.03695], [-86.11598, 40.03676], [-86.11601, 40.03676], [-86.11829, 40.03673], [-86.1183, 40.0369], [-86.11832, 40.03783], [-86.11835, 40.04023], [-86.11776, 40.04024], [-86.11644, 40.04025], [-86.11641, 40.04187], [-86.11608, 40.04214], [-86.11611, 40.04258], [-86.11567, 40.04287], [-86.11437, 40.04287], [-86.11398, 40.04287], [-86.11383, 40.04287], [-86.1131, 40.04287], [-86.11177, 40.04286], [-86.11177, 40.04272], [-86.11177, 40.04224], [-86.11101, 40.04224], [-86.11098, 40.04037], [-86.10887, 40.04037], [-86.10461, 40.04036], [-86.10375, 40.04036], [-86.1029, 40.04036], [-86.10291, 40.0416], [-86.10292, 40.04279], [-86.10292, 40.04293], [-86.10282, 40.04294], [-86.09978, 40.04296], [-86.09954, 40.04297], [-86.09954, 40.04282], [-86.09952, 40.04051], [-86.09951, 40.04033], [-86.09904, 40.04033], [-86.09904, 40.04026], [-86.09874, 40.04026], [-86.09874, 40.04297], [-86.09714, 40.04299], [-86.09666, 40.04299], [-86.09666, 40.0431], [-86.0945, 40.04312], [-86.09268, 40.04314], [-86.09268, 40.04318], [-86.09268, 40.04359], [-86.09268, 40.0438], [-86.09269, 40.04418], [-86.09269, 40.04451], [-86.09269, 40.04489], [-86.09269, 40.045], [-86.0927, 40.04546], [-86.09049, 40.04548], [-86.09032, 40.04549], [-86.09031, 40.04657], [-86.09031, 40.04662], [-86.09031, 40.0467], [-86.09031, 40.0468], [-86.09031, 40.04704], [-86.09031, 40.04893], [-86.09031, 40.04904], [-86.09031, 40.04979], [-86.09031, 40.05016], [-86.09031, 40.05035], [-86.09038, 40.05035], [-86.09038, 40.05097], [-86.09038, 40.05136], [-86.09038, 40.05152], [-86.09038, 40.05179], [-86.09038, 40.05259], [-86.09038, 40.05313], [-86.09039, 40.0539], [-86.09039, 40.0543], [-86.09039, 40.05479], [-86.09039, 40.056], [-86.09039, 40.05664], [-86.09039, 40.05715], [-86.09039, 40.05758], [-86.09039, 40.05907], [-86.09039, 40.06068], [-86.09039, 40.06074], [-86.09153, 40.06075], [-86.09152, 40.0614], [-86.09173, 40.0614], [-86.09187, 40.0614], [-86.09463, 40.06142], [-86.09505, 40.06142], [-86.09506, 40.06178], [-86.09506, 40.0627], [-86.09506, 40.06315], [-86.09506, 40.06327], [-86.09506, 40.06486], [-86.09506, 40.06491], [-86.095, 40.06491], [-86.09463, 40.06491], [-86.09346, 40.0649], [-86.09031, 40.06489], [-86.09031, 40.0681], [-86.09032, 40.06901], [-86.09177, 40.06902], [-86.09178, 40.06971], [-86.09179, 40.07139], [-86.09179, 40.0718], [-86.09179, 40.07213], [-86.09179, 40.07218], [-86.09581, 40.07222], [-86.0985, 40.07224], [-86.09983, 40.07225], [-86.09982, 40.07103], [-86.09981, 40.0688], [-86.10129, 40.0688], [-86.10454, 40.06882], [-86.10456, 40.07105], [-86.10456, 40.07227], [-86.10521, 40.07227], [-86.10929, 40.07229], [-86.10927, 40.06862], [-86.10927, 40.06775], [-86.10862, 40.06774], [-86.10678, 40.06775], [-86.10679, 40.06701], [-86.1068, 40.06542], [-86.1068, 40.06494], [-86.0998, 40.06493], [-86.09782, 40.06492], [-86.09782, 40.0642], [-86.0998, 40.06419], [-86.09991, 40.06419], [-86.09991, 40.06367], [-86.09991, 40.05762], [-86.09991, 40.05705], [-86.09991, 40.05499], [-86.09991, 40.05486], [-86.09991, 40.05447], [-86.09991, 40.05433], [-86.10267, 40.05433], [-86.10268, 40.0567], [-86.10268, 40.05762], [-86.1045, 40.05762], [-86.10892, 40.05763], [-86.10922, 40.05763], [-86.10923, 40.05607], [-86.10923, 40.05203], [-86.10923, 40.05026], [-86.11824, 40.05021], [-86.11838, 40.05021], [-86.12138, 40.0502], [-86.12342, 40.05018], [-86.12342, 40.05121], [-86.12345, 40.05429], [-86.12347, 40.05756], [-86.12347, 40.05857], [-86.12351, 40.0634], [-86.12351, 40.06345], [-86.12352, 40.06484], [-86.12352, 40.06511], [-86.12356, 40.06829], [-86.12356, 40.06858], [-86.12358, 40.07226], [-86.12194, 40.07226], [-86.12174, 40.07226], [-86.12179, 40.07595], [-86.12136, 40.07595], [-86.11884, 40.07595], [-86.11884, 40.07355], [-86.11885, 40.07345], [-86.1188, 40.0729], [-86.1188, 40.07254], [-86.11881, 40.07238], [-86.11883, 40.07228], [-86.10929, 40.07229], [-86.10931, 40.07594], [-86.10931, 40.07596], [-86.10931, 40.07623], [-86.10933, 40.07898], [-86.11111, 40.07897], [-86.11113, 40.07963], [-86.11155, 40.07963], [-86.11154, 40.07975], [-86.11151, 40.0833], [-86.10936, 40.08331], [-86.10934, 40.08127], [-86.10716, 40.08124], [-86.10617, 40.08123], [-86.10615, 40.08331], [-86.10613, 40.08482], [-86.10614, 40.08494], [-86.10614, 40.08507], [-86.10709, 40.08548], [-86.1081, 40.0859], [-86.10938, 40.08642], [-86.11059, 40.08693], [-86.11071, 40.08699], [-86.11093, 40.08698], [-86.11129, 40.08698], [-86.11116, 40.08708], [-86.11108, 40.08715], [-86.11113, 40.08717], [-86.11245, 40.08774], [-86.11249, 40.08764], [-86.11276, 40.08697], [-86.11527, 40.08697], [-86.11874, 40.08697], [-86.11902, 40.08696], [-86.11892, 40.08319], [-86.11889, 40.08204], [-86.11889, 40.08192], [-86.11889, 40.07962], [-86.11835, 40.07962], [-86.11835, 40.07882], [-86.11922, 40.07883], [-86.11921, 40.08198], [-86.11921, 40.08203], [-86.11936, 40.08203], [-86.12372, 40.08203], [-86.12372, 40.08197], [-86.12369, 40.08134], [-86.1243, 40.08134], [-86.12431, 40.08197], [-86.12431, 40.08202], [-86.12468, 40.08202], [-86.1256, 40.08201], [-86.12758, 40.082], [-86.12776, 40.082], [-86.12803, 40.082], [-86.1282, 40.082], [-86.12822, 40.08301], [-86.12946, 40.08298], [-86.13015, 40.08296], [-86.13015, 40.083], [-86.13015, 40.08306], [-86.13017, 40.08416], [-86.12905, 40.08419], [-86.12825, 40.08421], [-86.12805, 40.08421], [-86.12778, 40.08421], [-86.12779, 40.0863], [-86.12776, 40.08685], [-86.12771, 40.08756], [-86.1277, 40.08814], [-86.1277, 40.08834], [-86.12769, 40.08854], [-86.12763, 40.08959], [-86.1276, 40.08976], [-86.12758, 40.08986], [-86.12753, 40.09001], [-86.12749, 40.09013], [-86.12743, 40.09024], [-86.12736, 40.09035], [-86.12729, 40.09047], [-86.1272, 40.09058], [-86.1271, 40.0907], [-86.12693, 40.09086], [-86.12661, 40.09112], [-86.12583, 40.09176], [-86.12566, 40.09195], [-86.12553, 40.09213], [-86.12519, 40.09259], [-86.12492, 40.09296], [-86.12503, 40.09301], [-86.12642, 40.09362], [-86.12703, 40.0939], [-86.12721, 40.09399], [-86.12773, 40.09425], [-86.12782, 40.09429], [-86.12809, 40.09443], [-86.12833, 40.09455], [-86.1286, 40.09468], [-86.12915, 40.09493], [-86.12933, 40.09501], [-86.12938, 40.09503], [-86.13046, 40.09549], [-86.13072, 40.0956], [-86.13122, 40.09581], [-86.13128, 40.09584], [-86.13137, 40.09554], [-86.13151, 40.09506], [-86.13175, 40.09507], [-86.13193, 40.09513], [-86.13259, 40.09531], [-86.13296, 40.09542], [-86.13303, 40.09546], [-86.13323, 40.09551], [-86.13323, 40.09502], [-86.13322, 40.09479], [-86.13728, 40.09453], [-86.13728, 40.09445], [-86.14199, 40.09486], [-86.142, 40.0937], [-86.142, 40.09357], [-86.14213, 40.09358], [-86.14391, 40.09353], [-86.14594, 40.09348], [-86.14627, 40.09348], [-86.1467, 40.09347], [-86.14669, 40.09135], [-86.14669, 40.0913], [-86.14247, 40.09133], [-86.14201, 40.09133], [-86.14202, 40.08884], [-86.14513, 40.08876], [-86.14512, 40.08795], [-86.14669, 40.08789], [-86.14669, 40.08755], [-86.1467, 40.08716], [-86.14669, 40.08687], [-86.14667, 40.08672], [-86.14663, 40.08649], [-86.14657, 40.08614], [-86.14694, 40.08613], [-86.15061, 40.08611], [-86.1515, 40.0861], [-86.1521, 40.0861], [-86.15231, 40.0861], [-86.1523, 40.08468], [-86.1523, 40.08462], [-86.15363, 40.08461], [-86.15524, 40.0846], [-86.15617, 40.08459], [-86.15696, 40.08458], [-86.15698, 40.08461], [-86.15718, 40.08461], [-86.15718, 40.08458], [-86.15741, 40.08458], [-86.15741, 40.085], [-86.15741, 40.08508], [-86.15801, 40.08509], [-86.15817, 40.08509], [-86.15824, 40.08508], [-86.15807, 40.08489], [-86.157, 40.08364], [-86.15724, 40.08363], [-86.15989, 40.08358], [-86.15988, 40.08342], [-86.16091, 40.08341], [-86.16091, 40.08315], [-86.16075, 40.08314], [-86.16074, 40.08289], [-86.15792, 40.08291], [-86.15791, 40.08211], [-86.1557, 40.08212], [-86.15515, 40.08149], [-86.15529, 40.08149], [-86.15797, 40.08149], [-86.15797, 40.08156], [-86.15796, 40.08177], [-86.16069, 40.08176], [-86.16091, 40.08176], [-86.16091, 40.0829], [-86.16294, 40.08289], [-86.16564, 40.08287], [-86.16565, 40.08379], [-86.16566, 40.08601], [-86.16577, 40.08601], [-86.16997, 40.08598], [-86.16996, 40.08521], [-86.1704, 40.0852], [-86.1704, 40.08457], [-86.17039, 40.08236], [-86.17038, 40.0818], [-86.17037, 40.07983], [-86.17037, 40.07873], [-86.17509, 40.0787], [-86.17507, 40.07499], [-86.18455, 40.0749], [-86.18454, 40.07135], [-86.18211, 40.07137], [-86.18212, 40.06941], [-86.18212, 40.06886], [-86.18212, 40.06773], [-86.18001, 40.06775], [-86.17978, 40.06775], [-86.17978, 40.06756], [-86.17977, 40.06632], [-86.17976, 40.06411], [-86.17975, 40.06289], [-86.17975, 40.06246], [-86.17975, 40.06245], [-86.17503, 40.06247], [-86.17502, 40.06048], [-86.17975, 40.06045], [-86.17973, 40.05775], [-86.17972, 40.05725], [-86.17972, 40.05684], [-86.18414, 40.0568], [-86.18501, 40.05678], [-86.18499, 40.05462], [-86.18555, 40.05462], [-86.18557, 40.05677], [-86.18597, 40.05677], [-86.18595, 40.05531], [-86.18622, 40.05531], [-86.18671, 40.0553], [-86.18695, 40.05529], [-86.18701, 40.05529], [-86.18712, 40.05529], [-86.18781, 40.05529], [-86.18779, 40.05673], [-86.18812, 40.05673], [-86.18877, 40.05672], [-86.18921, 40.05671], [-86.18918, 40.05192], [-86.18916, 40.04972], [-86.18916, 40.04945], [-86.19261, 40.0494], [-86.19386, 40.04939], [-86.20092, 40.0493], [-86.21275, 40.04916], [-86.22219, 40.04906], [-86.22624, 40.04901], [-86.22694, 40.04901], [-86.23169, 40.04895], [-86.23232, 40.04894], [-86.23643, 40.04889], [-86.24137, 40.04884]], [[-86.14664, 40.06433], [-86.14664, 40.06438], [-86.14613, 40.06439], [-86.14612, 40.06389], [-86.14627, 40.06388], [-86.14664, 40.06387], [-86.14664, 40.06433]], [[-86.1232, 40.0373], [-86.12267, 40.03731], [-86.12267, 40.03719], [-86.12267, 40.0371], [-86.12266, 40.03667], [-86.12267, 40.03667], [-86.12271, 40.03667], [-86.1232, 40.03666], [-86.1232, 40.0373]], [[-86.16636, 40.05215], [-86.16553, 40.05215], [-86.16553, 40.05164], [-86.16636, 40.05164], [-86.16636, 40.05215]], [[-86.11974, 40.03776], [-86.11928, 40.03777], [-86.11926, 40.03671], [-86.11973, 40.0367], [-86.11974, 40.03776]], [[-86.14619, 40.05106], [-86.14514, 40.05107], [-86.14512, 40.05057], [-86.14511, 40.05027], [-86.1451, 40.05002], [-86.1451, 40.04993], [-86.14615, 40.04993], [-86.14615, 40.05001], [-86.14619, 40.05106]], [[-86.15919, 40.05696], [-86.15745, 40.05697], [-86.15745, 40.05625], [-86.15917, 40.05626], [-86.15919, 40.05696]], [[-86.17441, 40.05689], [-86.17364, 40.0569], [-86.17267, 40.05692], [-86.17262, 40.05616], [-86.1744, 40.05612], [-86.17441, 40.05689]], [[-86.17689, 40.0578], [-86.17502, 40.05782], [-86.17502, 40.05688], [-86.17605, 40.05687], [-86.17626, 40.05687], [-86.17627, 40.05687], [-86.17689, 40.05686], [-86.17689, 40.05691], [-86.17689, 40.0578]], [[-86.17027, 40.05695], [-86.16907, 40.05696], [-86.16905, 40.05488], [-86.17026, 40.05486], [-86.17027, 40.05695]], [[-86.13902, 40.05879], [-86.13897, 40.05879], [-86.13855, 40.0588], [-86.13724, 40.05881], [-86.13721, 40.05836], [-86.13719, 40.05786], [-86.13719, 40.05769], [-86.13718, 40.05761], [-86.13717, 40.05733], [-86.13729, 40.05733], [-86.13729, 40.05731], [-86.13728, 40.05728], [-86.13734, 40.05728], [-86.13777, 40.05727], [-86.13783, 40.05727], [-86.13901, 40.05725], [-86.13902, 40.05879]], [[-86.14822, 40.06676], [-86.14665, 40.06676], [-86.14664, 40.06447], [-86.14783, 40.06446], [-86.14798, 40.06446], [-86.14816, 40.06446], [-86.14822, 40.06446], [-86.14822, 40.06676]], [[-86.14342, 40.06783], [-86.14342, 40.068], [-86.14276, 40.06724], [-86.14217, 40.06657], [-86.14199, 40.06636], [-86.13894, 40.06641], [-86.13868, 40.06642], [-86.13797, 40.06643], [-86.13731, 40.06644], [-86.13731, 40.06578], [-86.13731, 40.06461], [-86.13782, 40.06461], [-86.14042, 40.06457], [-86.14129, 40.06455], [-86.14151, 40.06455], [-86.14152, 40.06448], [-86.14156, 40.06397], [-86.14191, 40.06396], [-86.14197, 40.06396], [-86.14192, 40.06447], [-86.14191, 40.06455], [-86.14339, 40.06452], [-86.14342, 40.06765], [-86.14342, 40.06783]], [[-86.16555, 40.05915], [-86.16555, 40.05922], [-86.1655, 40.05922], [-86.16542, 40.05921], [-86.16392, 40.0592], [-86.16391, 40.05795], [-86.1639, 40.05706], [-86.1639, 40.05701], [-86.1639, 40.05693], [-86.1608, 40.05695], [-86.1608, 40.05693], [-86.1608, 40.05681], [-86.1608, 40.05595], [-86.1608, 40.0549], [-86.16079, 40.05427], [-86.16079, 40.05425], [-86.1629, 40.05424], [-86.16554, 40.05423], [-86.16555, 40.05473], [-86.16555, 40.0549], [-86.16554, 40.057], [-86.16555, 40.05772], [-86.16555, 40.05915]], [[-86.13724, 40.08642], [-86.13348, 40.08651], [-86.13251, 40.08654], [-86.13251, 40.08638], [-86.1325, 40.08423], [-86.1325, 40.08409], [-86.13207, 40.0841], [-86.13147, 40.08412], [-86.13109, 40.08413], [-86.13106, 40.08298], [-86.13106, 40.08293], [-86.13109, 40.08293], [-86.13155, 40.08292], [-86.1325, 40.08289], [-86.13249, 40.08262], [-86.13249, 40.08246], [-86.13249, 40.08214], [-86.13262, 40.08213], [-86.13289, 40.08212], [-86.13334, 40.0821], [-86.1334, 40.0821], [-86.13379, 40.08209], [-86.13382, 40.08237], [-86.13395, 40.08237], [-86.13471, 40.08236], [-86.13481, 40.08236], [-86.13489, 40.08236], [-86.13578, 40.08235], [-86.13575, 40.08203], [-86.1362, 40.08202], [-86.13633, 40.08201], [-86.13668, 40.08201], [-86.13691, 40.082], [-86.13711, 40.082], [-86.13723, 40.08201], [-86.13723, 40.08265], [-86.13722, 40.08274], [-86.1372, 40.08279], [-86.13712, 40.08291], [-86.13718, 40.08293], [-86.13724, 40.08296], [-86.13723, 40.08382], [-86.13724, 40.08471], [-86.13724, 40.08534], [-86.13724, 40.08642]], [[-86.17829, 40.07359], [-86.17743, 40.07361], [-86.17742, 40.07288], [-86.17506, 40.0729], [-86.17506, 40.07302], [-86.17238, 40.07303], [-86.17237, 40.07294], [-86.17236, 40.0716], [-86.17236, 40.07145], [-86.17375, 40.07144], [-86.1738, 40.07142], [-86.17371, 40.07139], [-86.17349, 40.07127], [-86.17331, 40.07115], [-86.17328, 40.07109], [-86.17321, 40.07101], [-86.17317, 40.07093], [-86.17311, 40.07058], [-86.17309, 40.07056], [-86.17317, 40.07051], [-86.17317, 40.07046], [-86.17317, 40.07002], [-86.17317, 40.06933], [-86.17505, 40.06932], [-86.17505, 40.06881], [-86.17317, 40.06882], [-86.17317, 40.0688], [-86.17316, 40.06793], [-86.17316, 40.06781], [-86.17308, 40.06781], [-86.17159, 40.06783], [-86.16866, 40.06788], [-86.16806, 40.06787], [-86.16749, 40.06787], [-86.16586, 40.06789], [-86.16577, 40.06789], [-86.16571, 40.06788], [-86.16567, 40.06786], [-86.16562, 40.06783], [-86.16559, 40.0678], [-86.16557, 40.06774], [-86.16557, 40.06426], [-86.16384, 40.06427], [-86.16384, 40.06423], [-86.16384, 40.06391], [-86.16428, 40.06391], [-86.16556, 40.0639], [-86.16565, 40.0639], [-86.16565, 40.06271], [-86.1675, 40.06269], [-86.1675, 40.06351], [-86.17091, 40.0635], [-86.17092, 40.0642], [-86.17503, 40.06416], [-86.17503, 40.06487], [-86.17503, 40.06516], [-86.17504, 40.06588], [-86.17504, 40.06721], [-86.17608, 40.06721], [-86.17608, 40.06778], [-86.17824, 40.06776], [-86.17825, 40.06931], [-86.17828, 40.07281], [-86.17829, 40.07359]], [[-86.16798, 40.07511], [-86.1668, 40.07512], [-86.16561, 40.07514], [-86.16562, 40.07877], [-86.16097, 40.0788], [-86.1609, 40.07881], [-86.1609, 40.07945], [-86.15953, 40.07948], [-86.15942, 40.07948], [-86.15942, 40.07882], [-86.15942, 40.0786], [-86.16083, 40.07857], [-86.1609, 40.07857], [-86.1609, 40.07832], [-86.16089, 40.07756], [-86.16089, 40.0764], [-86.15968, 40.07643], [-86.15965, 40.07518], [-86.15629, 40.0752], [-86.15625, 40.07521], [-86.1562, 40.07525], [-86.15617, 40.07528], [-86.15615, 40.07531], [-86.15614, 40.07534], [-86.15616, 40.07588], [-86.15615, 40.07595], [-86.15613, 40.076], [-86.15611, 40.07604], [-86.15616, 40.07607], [-86.15615, 40.07888], [-86.15615, 40.07949], [-86.15615, 40.08065], [-86.15444, 40.08066], [-86.15338, 40.07943], [-86.15149, 40.07726], [-86.15053, 40.07616], [-86.14991, 40.07616], [-86.14775, 40.07618], [-86.14694, 40.07619], [-86.14695, 40.07742], [-86.14621, 40.07744], [-86.14586, 40.07745], [-86.14587, 40.07892], [-86.14588, 40.08023], [-86.14399, 40.08027], [-86.14141, 40.08034], [-86.1414, 40.07966], [-86.1414, 40.07894], [-86.14139, 40.07821], [-86.14138, 40.07749], [-86.14137, 40.07684], [-86.14138, 40.07679], [-86.13765, 40.07687], [-86.13721, 40.07687], [-86.13714, 40.07687], [-86.13714, 40.07686], [-86.13714, 40.07552], [-86.13714, 40.07491], [-86.13721, 40.07491], [-86.14245, 40.07478], [-86.14254, 40.07478], [-86.14491, 40.07472], [-86.14489, 40.07339], [-86.1424, 40.07344], [-86.13721, 40.07351], [-86.13715, 40.07351], [-86.13715, 40.07323], [-86.13714, 40.07187], [-86.13721, 40.07187], [-86.13734, 40.07187], [-86.13822, 40.07184], [-86.14098, 40.07178], [-86.14372, 40.07172], [-86.14488, 40.0717], [-86.14621, 40.07167], [-86.14662, 40.07167], [-86.14665, 40.07166], [-86.14665, 40.07136], [-86.14665, 40.06985], [-86.15139, 40.06981], [-86.15139, 40.06762], [-86.15139, 40.06601], [-86.15139, 40.06444], [-86.15904, 40.06438], [-86.15904, 40.06446], [-86.1591, 40.06446], [-86.15917, 40.06446], [-86.15917, 40.06453], [-86.15925, 40.06792], [-86.16006, 40.06792], [-86.16006, 40.0675], [-86.16063, 40.0675], [-86.16084, 40.0675], [-86.16084, 40.06751], [-86.16086, 40.07003], [-86.16087, 40.0715], [-86.16087, 40.07155], [-86.16093, 40.07154], [-86.16351, 40.07152], [-86.16559, 40.07151], [-86.16796, 40.07149], [-86.16796, 40.07156], [-86.16797, 40.07344], [-86.16797, 40.07389], [-86.16798, 40.07511]]], "crs": null}, "id": 563, "type": "Feature", "properties": {"fid": 563, "statefp": "18", "namelsad": "Westfield city", "municipalt": "Westfield", "placefp": "82700", "munic_typ": "City", "SHAPE__Length": 1.2021834698628695, "SHAPE__Area": 0.008773036077000002}}]}